market_id,question,confidence,ambiguity,market_type,flags,needs_review,model,prompt_version
578527,Will Aston Villa win the 2025-26 UEFA Europa League?,0.9000,0.5062,binary,"['Mathematical elimination condition', 'Cancellation condition', 'vague_deadline']",True,deepseek-r1:8b,market_semantics_v1
578530,Will Freiburg win the 2025-26 UEFA Europa League?,0.9000,0.5167,binary,"[""The market resolves to 'No' if the team is mathematically eliminated, which is a sufficient condition for 'No' but not necessarily the only way."", 'vague_deadline']",True,deepseek-r1:8b,market_semantics_v1
562190,Will Wesley Hunt win the 2026 Texas Republican Primary?,0.9500,0.5125,binary,"[""The market resolves to 'Other' if the primary does not occur, which is a separate outcome not covered by YES/NO."", 'vague_deadline']",True,deepseek-r1:8b,market_semantics_v1
562187,Will John Cornyn win the 2026 Texas Republican Primary?,0.9000,0.5167,binary,"[""The market resolves to 'Other' if no primary takes place."", 'vague_deadline']",True,deepseek-r1:8b,market_semantics_v1
562186,Will Ken Paxton win the 2026 Texas Republican Primary?,0.9000,0.5167,binary,"[""The market resolves to 'Other' if no primary takes place."", 'vague_deadline']",True,deepseek-r1:8b,market_semantics_v1
562189,Will Beth Van Duyne win the 2026 Texas Republican Primary?,0.9000,0.5062,binary,"['Primary date is fixed to 2026', 'Winner determination may depend on vote counting rules', 'vague_deadline']",True,deepseek-r1:8b,market_semantics_v1
562188,Will Dawn Buckingham win the 2026 Texas Republican Primary?,0.8500,0.2208,binary,"['Primary date is not fixed', 'Winner determination may depend on party rules']",True,deepseek-r1:8b,market_semantics_v1
577181,Will Bruno Fernandes be the top goal scorer in the 2025–26 English Premier League season?,0.9500,0.2125,binary,"['Tie-breaking rule based on last name alphabetical order.', ""Definition of 'completed' season (e.g., partial season).""]",False,deepseek-r1:8b,market_semantics_v1
577162,Will Viktor Gyokeres be the top goal scorer in the 2025–26 English Premier League season?,0.9000,0.2167,binary,"[""The market resolves to 'No' if there is a tie, but the winner is determined by alphabetical order of last names, which may not directly relate to the question."", ""The market resolves to 'Other' if the season is canceled or incomplete by August 1, 2026, which is a specific date constraint.""]",True,deepseek-r1:8b,market_semantics_v1
577161,Will Mohamed Salah be the top goal scorer in the 2025–26 English Premier League season?,0.9000,0.2167,binary,"['Tie-breaking rule based on last name alphabetical order.', ""Definition of 'completed' season.""]",True,deepseek-r1:8b,market_semantics_v1
572834,Will Burnley finish in last place in the 2025-26 English Premier League?,0.9000,0.2167,binary,"['Season cancellation', 'Mathematical impossibility']",True,deepseek-r1:8b,market_semantics_v1
572833,Will Wolves finish in last place in the 2025-26 English Premier League?,0.9500,0.5125,binary,"['Mathematical impossibility triggers No', 'vague_deadline']",True,deepseek-r1:8b,market_semantics_v1
572770,Will Manchester United finish in 3rd place in the 2025-26 English Premier League?,0.9500,0.1938,binary,"[""The market resolves to 'No' if it becomes impossible for Manchester United to finish 3rd, which is a sufficient condition for 'No' but not necessary.""]",False,deepseek-r1:8b,market_semantics_v1
582144,Will Bournemouth finish in the top 4 of the EPL 2025–26 standings?,0.9000,0.5062,binary,"['Tiebreaker procedures may vary and are not explicitly defined here.', 'Season cancellation condition is specific to October 1, 2026, which is vague.', 'vague_deadline']",True,deepseek-r1:8b,market_semantics_v1
577193,Will Igor Thiago be the top goal scorer in the 2025–26 English Premier League season?,0.9500,0.2125,binary,"['Tie-breaking rule based on alphabetical order of last names may be subjective.', ""Definition of 'sole top goal scorer' may be ambiguous in case of ties.""]",False,deepseek-r1:8b,market_semantics_v1
577178,Will Jarrod Bowen be the top goal scorer in the 2025–26 English Premier League season?,0.9000,0.2250,binary,"['Tie-breaking method based on last name alphabetical order.', ""Definition of 'sole top goal scorer' in case of ties."", 'Exclusion of goals from other competitions.']",True,deepseek-r1:8b,market_semantics_v1
572733,Will Arsenal finish in 2nd place in the 2025-26 English Premier League?,0.9000,0.2000,binary,"[""The market resolves to 'No' if the club is mathematically eliminated, which is a sufficient condition for 'No' but not necessary.""]",True,deepseek-r1:8b,market_semantics_v1
582139,Will Aston Villa finish in the top 4 of the EPL 2025–26 standings?,0.9000,0.5062,binary,"['Tie-breaking procedures may introduce ambiguity', 'Season cancellation condition is vague', 'vague_deadline']",True,deepseek-r1:8b,market_semantics_v1
577188,Will Cody Gakpo be the top goal scorer in the 2025–26 English Premier League season?,0.9000,0.2167,binary,"['Tie-breaking rule based on last name alphabetical order', ""Definition of 'finish as the sole top goal scorer' may be ambiguous if there are multiple players with the same highest goal count""]",True,deepseek-r1:8b,market_semantics_v1
577184,Will Thierno Barry be the top goal scorer in the 2025–26 English Premier League season?,0.9500,0.5031,binary,"['Tie-breaking based on alphabetical order of last names', ""Definition of 'sole top goal scorer' in case of ties"", 'vague_deadline']",True,deepseek-r1:8b,market_semantics_v1
577177,Will Bryan Mbeumo be the top goal scorer in the 2025–26 English Premier League season?,0.9000,0.2167,binary,"['Tie-breaking condition based on alphabetical order of last names.', ""Definition of 'sole top goal scorer' may be ambiguous in case of multiple players with the same goals.""]",True,deepseek-r1:8b,market_semantics_v1
577170,Will Dominic Solanke be the top goal scorer in the 2025–26 English Premier League season?,0.9000,0.2167,binary,"['Tie-breaking rule based on alphabetical order of last names.', ""Definition of 'season completed' is not explicitly defined beyond August 1, 2026 cutoff.""]",True,deepseek-r1:8b,market_semantics_v1
577168,Will Ollie Watkins be the top goal scorer in the 2025–26 English Premier League season?,0.9500,0.2125,binary,"['The market resolves to the player with the last name first alphabetically if there is a tie, which may affect the outcome for other players.', ""The definition of 'finish as the sole top goal scorer' is clear, but the tie-breaking rule might introduce ambiguity for other markets.""]",False,deepseek-r1:8b,market_semantics_v1
572765,Will Liverpool finish in 3rd place in the 2025-26 English Premier League?,0.9000,0.2167,binary,"['Season cancellation', 'Mathematical impossibility']",True,deepseek-r1:8b,market_semantics_v1
582146,Will Brighton finish in the top 4 of the EPL 2025–26 standings?,0.9500,0.5031,binary,"['Tiebreaker procedures', 'Season cancellation before October 2026', 'vague_deadline']",True,deepseek-r1:8b,market_semantics_v1
577172,Will Jean-Philippe Mateta be the top goal scorer in the 2025–26 English Premier League season?,0.9500,0.2125,binary,"['Tie-breaking condition based on last name alphabetical order.', ""Definition of 'sole top goal scorer' in case of ties.""]",False,deepseek-r1:8b,market_semantics_v1
577189,Will Kai Havertz be the top goal scorer in the 2025–26 English Premier League season?,0.9500,0.2219,binary,"['Tie-breaking rule based on last name alphabetical order.', ""Definition of 'completed' season in case of partial season due to events like strikes or COVID-like disruptions."", 'Possibility of multiple leagues or competitions affecting goal counts, but only EPL goals count.']",True,deepseek-r1:8b,market_semantics_v1
577173,Will Yoane Wissa be the top goal scorer in the 2025–26 English Premier League season?,0.9000,0.2167,binary,"['Tie-breaking method based on alphabetical order of last names.', ""Definition of 'sole top goal scorer' may be ambiguous in case of multiple players with the same score.""]",True,deepseek-r1:8b,market_semantics_v1
577182,Will Chris Wood be the top goal scorer in the 2025–26 English Premier League season?,0.9000,0.2167,binary,"['Tie-breaking method based on last name alphabetical order.', ""Definition of 'sole top goal scorer' may be ambiguous in case of multiple players with the same number of goals.""]",True,deepseek-r1:8b,market_semantics_v1
577174,Will Matheus Cunha be the top goal scorer in the 2025–26 English Premier League season?,0.9500,0.2125,binary,"['Tie-breaking rule based on last name alphabetical order may not directly affect this specific question but is part of the market resolution.', ""Definition of 'sole top goal scorer' requires no ties, which could be ambiguous if multiple players have the same goals.""]",False,deepseek-r1:8b,market_semantics_v1
577165,Will Hugo Ekitike be the top goal scorer in the 2025–26 English Premier League season?,0.9500,0.4975,binary,"['Tie-breaking rule based on alphabetical order of last names may be subjective.', ""Definition of 'sole top goal scorer' is clear, but 'other' resolution condition adds complexity."", 'Source of resolution may depend on official vs. reported data, which could introduce ambiguity.', 'vague_deadline']",True,deepseek-r1:8b,market_semantics_v1
577160,Will Erling Haaland be the top goal scorer in the 2025–26 English Premier League season?,0.9500,0.2125,binary,"['Tie-breaking rule based on last name alphabetical order.', ""Definition of 'completed' season if not finished by August 1, 2026.""]",False,deepseek-r1:8b,market_semantics_v1
577183,Will Morgan Rogers be the top goal scorer in the 2025–26 English Premier League season?,0.9500,0.2125,binary,"['Tie-breaking rule based on last name alphabetical order.', ""Definition of 'sole top goal scorer' in case of ties.""]",False,deepseek-r1:8b,market_semantics_v1
577180,Will Charalambos Kostoulas be the top goal scorer in the 2025–26 English Premier League season?,0.8500,0.2281,binary,"['Tie-breaking method based on alphabetical order of last names.', ""Definition of 'finish' may depend on season completion."", 'Source of resolution may include consensus, which could be ambiguous.']",True,deepseek-r1:8b,market_semantics_v1
577167,Will Benjamin Sesko be the top goal scorer in the 2025–26 English Premier League season?,0.9000,0.2167,binary,"['Tie-breaking by last name', ""Definition of 'sole top goal scorer' in case of tie""]",True,deepseek-r1:8b,market_semantics_v1
572847,Will Tottenham be relegated from the English Premier League after the 2025–26 season?,0.9000,0.2167,binary,"['Relegation is based on final league table', 'Cancellation of season']",True,deepseek-r1:8b,market_semantics_v1
577164,Will Joao Pedro be the top goal scorer in the 2025–26 English Premier League season?,0.9000,0.2167,binary,"['Tie-breaking method based on last name alphabetical order', ""Definition of 'finish' and 'scorer' may be ambiguous""]",True,deepseek-r1:8b,market_semantics_v1
572734,Will Manchester City finish in 2nd place in the 2025-26 English Premier League?,0.9000,0.2167,binary,"['Mathematical elimination criteria', 'Definition of final standings if season incomplete']",True,deepseek-r1:8b,market_semantics_v1
577192,Will Antoine Semenyo be the top goal scorer in the 2025–26 English Premier League season?,0.9500,0.2125,binary,"['Tie-breaking rule based on last name alphabetical order.', ""Definition of 'finish' in case of incomplete season.""]",True,deepseek-r1:8b,market_semantics_v1
577190,Will Florian Wirtz be the top goal scorer in the 2025–26 English Premier League season?,0.9000,0.2167,binary,"['Season cancellation condition is specific but not tied to a vague temporal phrase.', 'Tie-breaking condition may be ambiguous without a clear ordering.']",True,deepseek-r1:8b,market_semantics_v1
577175,Will Liam Delap be the top goal scorer in the 2025–26 English Premier League season?,0.9500,0.5125,binary,"['The market resolves to the player with the last name first alphabetically if there is a tie, which may affect the outcome for other players.', 'vague_deadline']",True,deepseek-r1:8b,market_semantics_v1
577186,Will Nicolas Jackson be the top goal scorer in the 2025–26 English Premier League season?,0.9000,0.2250,binary,"['Tie-breaking rule based on last name alphabetical order.', ""Definition of 'sole top goal scorer' in case of ties."", 'Cutoff date for season completion is August 1, 2026.']",True,deepseek-r1:8b,market_semantics_v1
577166,Will Cole Palmer be the top goal scorer in the 2025–26 English Premier League season?,0.9500,0.2125,binary,"['Tie-breaking rule based on last name alphabetical order.', ""Definition of 'sole top goal scorer' in case of ties.""]",False,deepseek-r1:8b,market_semantics_v1
572854,Will West Ham be relegated from the English Premier League after the 2025–26 season?,0.9000,0.2167,binary,"['Relegation criteria may vary', 'Season cancellation condition']",True,deepseek-r1:8b,market_semantics_v1
572772,Will Aston Villa finish in 3rd place in the 2025-26 English Premier League?,0.9000,0.2167,binary,"['Season cancellation', 'Mathematical impossibility']",True,deepseek-r1:8b,market_semantics_v1
577171,Will Omar Marmoush be the top goal scorer in the 2025–26 English Premier League season?,0.9000,0.2167,binary,"['Tie-breaking rule based on alphabetical order of last names.', ""Definition of 'season completed' is not explicitly defined beyond August 1, 2026 cutoff.""]",True,deepseek-r1:8b,market_semantics_v1
577169,Will Richarlison be the top goal scorer in the 2025–26 English Premier League season?,0.9000,0.2167,binary,"['Tie-breaking rule based on last name alphabetical order.', ""Definition of 'completed' season (e.g., if season is partially played).""]",True,deepseek-r1:8b,market_semantics_v1
566188,Will Manchester City win the 2025–26 English Premier League?,0.9000,0.5062,binary,"['Mathematical elimination condition may be ambiguous', 'Season cancellation condition', 'vague_deadline']",True,deepseek-r1:8b,market_semantics_v1
582138,Will Manchester United finish in the top 4 of the EPL 2025–26 standings?,0.9500,0.5031,binary,"['Tiebreaker procedures may introduce uncertainty', 'Season cancellation before October 1, 2026', 'vague_deadline']",True,deepseek-r1:8b,market_semantics_v1
582134,Will Liverpool finish in the top 4 of the EPL 2025–26 standings?,0.9500,0.5125,binary,"['Tie-breaking procedures', 'vague_deadline']",True,deepseek-r1:8b,market_semantics_v1
577179,Will Evanilson be the top goal scorer in the 2025–26 English Premier League season?,0.9500,0.2125,binary,"['Tie-breaking method based on last name alphabetical order.', ""Definition of 'sole top goal scorer' requires no ties.""]",False,deepseek-r1:8b,market_semantics_v1
577163,Will Alexander Isak be the top goal scorer in the 2025–26 English Premier League season?,0.9500,0.2219,binary,"['Tie-breaking method based on last name alphabetical order.', ""Definition of 'sole top goal scorer' includes no ties."", 'Cancellation condition is specific to season completion by August 1, 2026.']",False,deepseek-r1:8b,market_semantics_v1
577187,Will Brennan Johnson be the top goal scorer in the 2025–26 English Premier League season?,0.9500,0.2125,binary,"['Tie-breaking rule based on alphabetical order of last names.', ""Definition of 'season completed' in case of partial season due to cancellation or other reasons.""]",False,deepseek-r1:8b,market_semantics_v1
577185,Will Mohammed Kudus be the top goal scorer in the 2025–26 English Premier League season?,0.9000,0.2167,binary,"['Tie-breaking method based on last name alphabetical order.', ""Definition of 'sole top goal scorer' requires no ties.""]",True,deepseek-r1:8b,market_semantics_v1
577176,Will Bukayo Saka be the top goal scorer in the 2025–26 English Premier League season?,0.9500,0.2125,binary,"['Tie-breaking method based on alphabetical order of last names', ""Definition of 'top goal scorer' includes sole possession""]",False,deepseek-r1:8b,market_semantics_v1
577296,Will Yussuf Poulsen be the top goal scorer in the 2025–26 Bundesliga season?,0.9000,0.2167,binary,"['Tie-breaking mechanism based on alphabetical order of last names.', ""Definition of 'sole top goal scorer' in case of ties.""]",True,deepseek-r1:8b,market_semantics_v1
579399,Will Francesco Camarda be the top goal scorer in the 2025-26 Serie A season?,0.9000,0.2167,binary,"['Tie-breaking rule based on alphabetical order of last names', ""Definition of 'sole top goal scorer' in case of tie""]",True,deepseek-r1:8b,market_semantics_v1
579393,Will Christian Pulisic be the top goal scorer in the 2025-26 Serie A season?,0.9000,0.2167,binary,"['Tie-breaking rule based on last name alphabetical order', 'Season cancellation condition']",True,deepseek-r1:8b,market_semantics_v1
579388,Will Gianluca Scamacca be the top goal scorer in the 2025-26 Serie A season?,0.9000,0.2167,binary,"['Tie-breaking rule based on last name alphabetical order', ""Definition of 'sole top goal scorer' in case of tie""]",True,deepseek-r1:8b,market_semantics_v1
578398,Will Cremonese be relegated from Serie A after the 2025-26 season?,0.9000,0.2000,binary,['The market resolution depends on the completion of the season'],True,deepseek-r1:8b,market_semantics_v1
577284,Will Nick Woltemade be the top goal scorer in the 2025–26 Bundesliga season?,0.9500,0.2125,binary,"['Tie-breaking rule based on alphabetical order of last names', ""Definition of 'sole top goal scorer' in case of tie""]",True,deepseek-r1:8b,market_semantics_v1
576806,Will St. Pauli be relegated from the Bundesliga after the 2025–26 season?,0.8000,0.2250,binary,"['Relegation depends on other factors', ""Definition of 'officially' may vary""]",True,deepseek-r1:8b,market_semantics_v1
579390,Will Riccardo Orsolini be the top goal scorer in the 2025-26 Serie A season?,0.9000,0.2167,binary,"['Tie-breaking rule based on alphabetical order of last names', ""Definition of 'sole top goal scorer' in case of tie""]",True,deepseek-r1:8b,market_semantics_v1
579380,Will Marcus Thuram be the top goal scorer in the 2025-26 Serie A season?,0.9500,0.2125,binary,"['Tie-breaking rule based on alphabetical order of last names', ""Definition of 'sole top goal scorer' in case of ties""]",True,deepseek-r1:8b,market_semantics_v1
579401,Will Andrea Pinamonti be the top goal scorer in the 2025-26 Serie A season?,0.9000,0.2167,binary,"['Tie-breaking rule based on alphabetical order of last names.', ""Definition of 'sole top goal scorer' in case of ties.""]",True,deepseek-r1:8b,market_semantics_v1
579379,Will Jonathan David be the top goal scorer in the 2025-26 Serie A season?,0.9000,0.2167,binary,"['Tie-breaking rule based on last name alphabetical order.', ""Definition of 'sole top goal scorer' in case of tie.""]",True,deepseek-r1:8b,market_semantics_v1
577287,Will Tim Kleindienst be the top goal scorer in the 2025–26 Bundesliga season?,0.9500,0.2125,binary,"['Tie-breaking rule based on last name alphabetical order', ""Definition of 'sole top goal scorer' in case of tie""]",False,deepseek-r1:8b,market_semantics_v1
577281,Will Lois Openda be the top goal scorer in the 2025–26 Bundesliga season?,0.9000,0.5062,binary,"['Tie-breaking mechanism', 'Season cancellation', 'vague_deadline']",True,deepseek-r1:8b,market_semantics_v1
579396,Will Mehdi Taremi be the top goal scorer in the 2025-26 Serie A season?,0.9000,0.2167,binary,"['Tie-breaking based on last name alphabetical order', ""Definition of 'sole top goal scorer' in case of ties""]",True,deepseek-r1:8b,market_semantics_v1
577292,Will Robert Glatzel be the top goal scorer in the 2025–26 Bundesliga season?,0.9500,0.2125,binary,"['Season cancellation or incomplete season resolution', 'Tie-breaking method']",True,deepseek-r1:8b,market_semantics_v1
579398,Will Paulo Dybala be the top goal scorer in the 2025-26 Serie A season?,0.9000,0.2167,binary,"['The market resolves to the player with the last name first alphabetically if there is a tie, which may affect the outcome for Dybala.', ""The definition of 'sole top goal scorer' is clear, but the counting of goals excludes other competitions, which might be relevant if Dybala scores in other leagues but not Serie A.""]",False,deepseek-r1:8b,market_semantics_v1
579394,Will Kevin De Bruyne be the top goal scorer in the 2025-26 Serie A season?,0.9000,0.2167,binary,"['Tie-breaking rule based on last name alphabetical order.', ""Definition of 'sole top goal scorer' in case of ties.""]",True,deepseek-r1:8b,market_semantics_v1
577286,Will Maximilian Beier be the top goal scorer in the 2025–26 Bundesliga season?,0.9500,0.2125,binary,"['Tie-breaking rule based on last name alphabetical order', ""Definition of 'sole top goal scorer' in case of tie""]",False,deepseek-r1:8b,market_semantics_v1
577276,Will Harry Kane be the top goal scorer in the 2025–26 Bundesliga season?,0.9500,0.2219,binary,"['The market resolves to the alphabetically first player in case of a tie, which may not directly relate to Harry Kane.', ""The definition of 'top goal scorer' includes being sole, so ties are broken by alphabet."", ""The market may resolve to 'Other' if the season is canceled, which is a separate condition.""]",True,deepseek-r1:8b,market_semantics_v1
579392,Will Kenan Yildiz be the top goal scorer in the 2025-26 Serie A season?,0.9000,0.2167,binary,"[""The market resolves to 'No' if there is a tie, but the tie-breaker is alphabetical order of last names, which may not directly relate to Kenan Yildiz."", ""The market resolves to 'Other' if the season is canceled or not completed by August 1, 2026, but the season might still occur later, creating a temporal ambiguity.""]",True,deepseek-r1:8b,market_semantics_v1
577290,Will Ermedin Demirovic be the top goal scorer in the 2025–26 Bundesliga season?,0.9500,0.2125,binary,"[""The definition of 'top goal scorer' includes sole possession, so ties lead to alphabetical resolution."", ""The market resolves to 'Other' if the season is canceled or incomplete by August 1, 2026, but the exact date is not specified.""]",True,deepseek-r1:8b,market_semantics_v1
577289,Will Karim Adeyemi be the top goal scorer in the 2025–26 Bundesliga season?,0.9000,0.5062,binary,"[""The market does not specify what constitutes a 'credible reporting' source."", 'The market does not specify the exact date of resolution if the season is completed after August 1, 2026.', 'vague_deadline']",True,deepseek-r1:8b,market_semantics_v1
577280,Will Jonathan Burkardt be the top goal scorer in the 2025–26 Bundesliga season?,0.9000,0.2250,binary,"['Tie-breaking based on last name alphabetical order.', ""Definition of 'sole top goal scorer' in case of ties."", 'Cutoff date for season completion is August 1, 2026.']",True,deepseek-r1:8b,market_semantics_v1
579402,Will Santiago Castro be the top goal scorer in the 2025-26 Serie A season?,0.9000,0.2167,binary,"['Tie-breaking rule based on alphabetical order of last names', ""Definition of 'sole top goal scorer' in case of tie""]",True,deepseek-r1:8b,market_semantics_v1
579391,Will Romelu Lukaku be the top goal scorer in the 2025-26 Serie A season?,0.9000,0.2167,binary,"['Tie-breaking rule based on last name alphabetical order.', ""Definition of 'sole top goal scorer' in case of tie.""]",True,deepseek-r1:8b,market_semantics_v1
579387,Will Lorenzo Lucca be the top goal scorer in the 2025-26 Serie A season?,0.9500,0.1938,binary,"[""The market does not specify what constitutes a 'sole' top goal scorer if there are multiple players with the same highest score, but the description says it will resolve to the alphabetically first last name in case of a tie, which implies that a tie means multiple players share the top, so the market resolves to 'No' if Lorenzo Lucca is not the sole one, which includes ties or multiple players with the same score.""]",True,deepseek-r1:8b,market_semantics_v1
579377,Will Lautaro Martinez be the top goal scorer in the 2025-26 Serie A season?,0.9000,0.2250,binary,"['Tie-breaking condition based on alphabetical order of last names.', ""Definition of 'sole top goal scorer' in case of ties."", 'Temporal resolution ambiguity due to vague deadline.']",True,deepseek-r1:8b,market_semantics_v1
579366,Will Como finish in the top 4 in the 2025-26 Serie A season?,0.9500,0.2125,binary,"['Tie-breaking procedures', 'Season cancellation before October 1, 2026']",True,deepseek-r1:8b,market_semantics_v1
577279,Will Michael Olise be the top goal scorer in the 2025–26 Bundesliga season?,0.9500,0.1938,binary,"[""The market resolves to 'No' if there is a tie, but the tie-breaker is based on last name alphabetical order, which might be considered ambiguous in some contexts.""]",False,deepseek-r1:8b,market_semantics_v1
576805,Will FC Heidenheim be relegated from the Bundesliga after the 2025–26 season?,0.9500,0.1938,binary,['The market resolution depends on the completion of the season'],True,deepseek-r1:8b,market_semantics_v1
579395,Will Assane Diao be the top goal scorer in the 2025-26 Serie A season?,0.9500,0.2125,binary,"[""The market resolves to 'Other' if the season is canceled or not completed by August 1, 2026, but the condition for 'Yes' requires the season to be completed. This might be ambiguous if the season is canceled later than August 1, 2026."", ""The tie-breaking rule (alphabetical order of last names) does not directly affect this specific market since it's about Assane Diao, but it could affect the outcome if he is involved in a tie.""]",False,deepseek-r1:8b,market_semantics_v1
582184,Will Hoffenheim finish in the top 4 of the Bundesliga 2025–26 standings?,0.9500,0.5031,binary,"['Tie-breaking procedures', ""Definition of 'end of the season'"", 'vague_deadline']",True,deepseek-r1:8b,market_semantics_v1
579381,Will Ademola Lookman be the top goal scorer in the 2025-26 Serie A season?,0.9000,0.2167,binary,"['Tie-breaking condition based on last name alphabetical order', 'Season cancellation condition']",True,deepseek-r1:8b,market_semantics_v1
577291,Will Deniz Undav be the top goal scorer in the 2025–26 Bundesliga season?,0.9500,0.1938,binary,"[""The market does not specify what constitutes a 'sole' top goal scorer if there are ties, but the description clarifies that ties are resolved alphabetically.""]",False,deepseek-r1:8b,market_semantics_v1
577288,Will Michy Batshuayi be the top goal scorer in the 2025–26 Bundesliga season?,0.9000,0.2167,binary,"['Tie-breaking rule based on last name alphabetical order', ""Definition of 'top goal scorer' in case of ties""]",True,deepseek-r1:8b,market_semantics_v1
579389,Will Valentin Castellanos be the top goal scorer in the 2025-26 Serie A season?,0.9000,0.2250,binary,"['Tie-breaking rule based on alphabetical order of last names.', ""Definition of 'sole top goal scorer' in case of ties."", 'Cutoff date for season completion is August 1, 2026, which is vague without specific context.']",True,deepseek-r1:8b,market_semantics_v1
579378,Will Moise Kean be the top goal scorer in the 2025-26 Serie A season?,0.9500,0.2125,binary,"[""The market resolves to 'Other' if the season is canceled or not completed by August 1, 2026, but this is not a condition for the binary outcome."", 'The tie-breaking rule (alphabetical order of last names) does not directly affect the binary outcome unless Moise Kean is involved in a tie.']",False,deepseek-r1:8b,market_semantics_v1
579360,Will Juventus finish in the top 4 in the 2025-26 Serie A season?,0.9500,0.2125,binary,"['Tiebreaker procedures', 'Season cancellation date']",True,deepseek-r1:8b,market_semantics_v1
577293,Will Andrej Kramaric be the top goal scorer in the 2025–26 Bundesliga season?,0.9000,0.2167,binary,"['Tie-breaking rule based on alphabetical order of last names.', ""Definition of 'sole top goal scorer' may be ambiguous if there are multiple players with the same number of goals.""]",True,deepseek-r1:8b,market_semantics_v1
582174,Will Leverkusen finish in the top 4 of the Bundesliga 2025–26 standings?,0.9500,0.5031,binary,"['Tiebreaker procedures', 'Season cancellation', 'vague_deadline']",True,deepseek-r1:8b,market_semantics_v1
579384,Will Artem Dovbyk be the top goal scorer in the 2025-26 Serie A season?,0.9000,0.2167,binary,"['Tie-breaking rule based on last name alphabetical order', ""Definition of 'sole top goal scorer' in case of ties""]",True,deepseek-r1:8b,market_semantics_v1
578403,Will Cagliari be relegated from Serie A after the 2025-26 season?,0.9000,0.2000,binary,['The market resolution depends on the completion of the season'],True,deepseek-r1:8b,market_semantics_v1
577285,Will Jamal Musiala be the top goal scorer in the 2025–26 Bundesliga season?,0.9000,0.2250,binary,"['Tie-breaking rule based on alphabetical order of last names.', ""Definition of 'sole top goal scorer' in case of ties."", 'Resolution if season is canceled or incomplete before August 1, 2026.']",True,deepseek-r1:8b,market_semantics_v1
579400,Will Rafael Leao be the top goal scorer in the 2025-26 Serie A season?,0.9500,0.2125,binary,"['Tie-breaking rule based on alphabetical order of last names', ""Definition of 'sole top goal scorer' in case of ties""]",True,deepseek-r1:8b,market_semantics_v1
579397,Will Edin Dzeko be the top goal scorer in the 2025-26 Serie A season?,0.9000,0.2167,binary,"['Tie-breaking rule based on alphabetical order of last names.', ""Definition of 'sole top goal scorer' may be ambiguous if multiple players tie but not alphabetically first.""]",True,deepseek-r1:8b,market_semantics_v1
579383,Will Santiago Gimenez be the top goal scorer in the 2025-26 Serie A season?,0.9000,0.2167,binary,"['Tie-breaking rule based on alphabetical order of last names', ""Definition of 'sole top goal scorer' in case of tie""]",True,deepseek-r1:8b,market_semantics_v1
577295,Will Mohammed Amoura be the top goal scorer in the 2025–26 Bundesliga season?,0.9500,0.1938,binary,"[""The market resolves to 'No' if there is a tie, but the tie-breaker is based on last name alphabetically, which may not directly relate to the question.""]",False,deepseek-r1:8b,market_semantics_v1
579382,Will Dusan Vlahovic be the top goal scorer in the 2025-26 Serie A season?,0.9000,0.2167,binary,"['Tie-breaking mechanism based on alphabetical order of last names', ""Definition of 'sole top goal scorer' may be ambiguous if there are multiple players with the same highest score""]",True,deepseek-r1:8b,market_semantics_v1
579357,Will Napoli finish in the top 4 in the 2025-26 Serie A season?,0.9500,0.5031,binary,"['Season cancellation before October 1, 2026', 'Tiebreaker procedures', 'vague_deadline']",True,deepseek-r1:8b,market_semantics_v1
582177,Will Stuttgart finish in the top 4 of the Bundesliga 2025–26 standings?,0.9000,0.5062,binary,"['Tiebreaker procedures', 'Season cancellation before October 1, 2026', 'vague_deadline']",True,deepseek-r1:8b,market_semantics_v1
579385,Will Ciro Immobile be the top goal scorer in the 2025-26 Serie A season?,0.9000,0.2167,binary,"['Tie-breaking rule based on alphabetical order', 'Season cancellation condition']",True,deepseek-r1:8b,market_semantics_v1
579361,Will Roma finish in the top 4 in the 2025-26 Serie A season?,0.9000,0.2167,binary,"['Tiebreaker procedures may vary', ""Definition of 'official' source may be subjective""]",True,deepseek-r1:8b,market_semantics_v1
577294,Will Jonas Wind be the top goal scorer in the 2025–26 Bundesliga season?,0.9500,0.2125,binary,"['Tie-breaking based on last name alphabetical order', ""Definition of 'sole top goal scorer' in case of ties""]",True,deepseek-r1:8b,market_semantics_v1
579386,Will Evan Ferguson be the top goal scorer in the 2025-26 Serie A season?,0.9000,0.2167,binary,"['Tie-breaking rule based on last name alphabetical order.', ""Definition of 'sole top goal scorer' in case of tie.""]",True,deepseek-r1:8b,market_semantics_v1
578401,Will Lecce be relegated from Serie A after the 2025-26 season?,0.9500,0.1938,binary,['The market resolution depends on the completion of the season'],False,deepseek-r1:8b,market_semantics_v1
577283,Will Victor Boniface be the top goal scorer in the 2025–26 Bundesliga season?,0.9500,0.2219,binary,"['Tie-breaking rule based on alphabetical order of last names.', ""Definition of 'sole top goal scorer' in case of ties."", 'Source of resolution: official vs. consensus reporting.']",True,deepseek-r1:8b,market_semantics_v1
577282,Will Luis Diaz be the top goal scorer in the 2025–26 Bundesliga season?,0.9500,0.2125,binary,"['Tie-breaking based on last name alphabetical order.', ""Definition of 'sole top goal scorer' in case of ties.""]",True,deepseek-r1:8b,market_semantics_v1
577278,Will Patrik Schick be the top goal scorer in the 2025–26 Bundesliga season?,0.9000,0.2167,binary,"['Tie-breaking rule based on alphabetical order of last names', ""Definition of 'sole top goal scorer'""]",True,deepseek-r1:8b,market_semantics_v1
577277,Will Serhou Guirassy be the top goal scorer in the 2025–26 Bundesliga season?,0.9500,0.1938,binary,"[""The market resolves to 'Other' if the season is canceled or not completed by August 1, 2026, but this is a separate outcome not covered in the binary question.""]",False,deepseek-r1:8b,market_semantics_v1
578434,Will Frank Magri be the top goal scorer in the 2025-26 Ligue 1 season?,0.9500,0.2125,binary,"['Season cancellation or incomplete season resolution', 'Tie-breaking rule based on alphabetical order of last names']",False,deepseek-r1:8b,market_semantics_v1
578423,Will Breel Embolo be the top goal scorer in the 2025-26 Ligue 1 season?,0.9000,0.2167,binary,"['Tie-breaking rule based on alphabetical order of last names.', ""Definition of 'sole top goal scorer' in case of ties.""]",True,deepseek-r1:8b,market_semantics_v1
578422,Will Ludovic Ajorque be the top goal scorer in the 2025-26 Ligue 1 season?,0.9000,0.2167,binary,"[""The market does not specify what constitutes a 'sole' top goal scorer if there are multiple with the same number but not tied alphabetically."", 'The market does not specify the exact date for resolution if the season is completed after August 1, 2026.']",True,deepseek-r1:8b,market_semantics_v1
578421,Will Terem Moffi be the top goal scorer in the 2025-26 Ligue 1 season?,0.9000,0.2167,binary,"['Tie-breaking rule based on alphabetical order of last names', ""Definition of 'sole top goal scorer' may be ambiguous in case of multiple players with the same score""]",True,deepseek-r1:8b,market_semantics_v1
577238,Will Dani Olmo be the top goal scorer in the 2025–26 La Liga season?,0.9500,0.2125,binary,"['Tie-breaking rule based on last name alphabetical order', 'Season cancellation condition']",True,deepseek-r1:8b,market_semantics_v1
577236,Will Gorka Guruzeta be the top goal scorer in the 2025–26 La Liga season?,0.9000,0.2167,binary,"['Season cancellation or incomplete conditions', 'Tie-breaking rule based on last name']",True,deepseek-r1:8b,market_semantics_v1
577228,Will Marcus Rashford be the top goal scorer in the 2025–26 La Liga season?,0.9500,0.2125,binary,"['Tie-breaking rule based on last name alphabetical order', ""Definition of 'La Liga season' completion date""]",True,deepseek-r1:8b,market_semantics_v1
576812,Will Alavés be relegated from La Liga after the 2025–26 season?,0.9500,0.1938,binary,['The market resolution depends on the completion of the season'],False,deepseek-r1:8b,market_semantics_v1
578443,Will Martin Satriano be the top goal scorer in the 2025-26 Ligue 1 season?,0.9000,0.2167,binary,"['Tie-breaking rule based on alphabetical order of last names', ""Definition of 'sole top goal scorer' in case of tie""]",True,deepseek-r1:8b,market_semantics_v1
578437,Will Sambou Soumano be the top goal scorer in the 2025-26 Ligue 1 season?,0.9500,0.2125,binary,"['Tie-breaking rule based on alphabetical order of last names.', ""Definition of 'sole top goal scorer' in case of ties.""]",True,deepseek-r1:8b,market_semantics_v1
577248,Will Roberto Fernandez be the top goal scorer in the 2025–26 La Liga season?,0.9500,0.2125,binary,"['Tie-breaking mechanism', 'Season completion status']",True,deepseek-r1:8b,market_semantics_v1
577240,Will Iago Aspas be the top goal scorer in the 2025–26 La Liga season?,0.9000,0.2167,binary,"['Tie-breaking mechanism based on alphabetical order', 'Season cancellation or incomplete by August 1, 2026']",True,deepseek-r1:8b,market_semantics_v1
576811,Will Osasuna be relegated from La Liga after the 2025–26 season?,0.9000,0.2167,binary,"['Relegation depends on final standings', ""Definition of 'officially relegated' may vary""]",True,deepseek-r1:8b,market_semantics_v1
566737,Will Lens win the 2025–26 French Ligue 1?,0.8500,0.5094,binary,"['Mathematical elimination criteria', ""Definition of 'officially crowned'"", 'vague_deadline']",True,deepseek-r1:8b,market_semantics_v1
566731,Will PSG win the 2025–26 French Ligue 1?,0.9000,0.2167,binary,"['Mathematical elimination condition', 'Season cancellation condition']",True,deepseek-r1:8b,market_semantics_v1
578433,Will Cheikh Sabaly be the top goal scorer in the 2025-26 Ligue 1 season?,0.9500,0.2125,binary,"['Tie-breaking rule based on alphabetical order of last names.', ""Definition of 'sole top goal scorer' in case of ties.""]",False,deepseek-r1:8b,market_semantics_v1
578419,Will Olivier Giroud be the top goal scorer in the 2025-26 Ligue 1 season?,0.9500,0.2125,binary,"['Tie-breaking rule based on alphabetical order of last names', 'Season completion by August 1, 2026']",True,deepseek-r1:8b,market_semantics_v1
578412,Will Bradley Barcola be the top goal scorer in the 2025-26 Ligue 1 season?,0.9500,0.2125,binary,"['Season cancellation or incomplete season resolution', 'Tie-breaking method based on alphabetical order of last names']",False,deepseek-r1:8b,market_semantics_v1
577227,Will Lamine Yamal be the top goal scorer in the 2025–26 La Liga season?,0.9000,0.2167,binary,"[""The market resolves to 'Other' if the season is canceled or not completed by August 1, 2026, which is a specific date constraint."", ""The definition of 'sole top goal scorer' includes the condition that no ties occur, and if ties occur, the alphabetical order of last names determines the resolution, but this does not directly affect Lamine Yamal's outcome.""]",False,deepseek-r1:8b,market_semantics_v1
577220,Will Alexander Sorloth be the top goal scorer in the 2025–26 La Liga season?,0.9500,0.2125,binary,"['Tie-breaking rule based on last name alphabetical order', ""Definition of 'sole top goal scorer' in case of tie""]",True,deepseek-r1:8b,market_semantics_v1
582155,Will Atletico Madrid finish in the top 4 of the La Liga 2025–26 standings?,0.9500,0.5031,binary,"['Tiebreaker procedures may introduce complexity', 'Season cancellation before October 1, 2026, leads to automatic No', 'vague_deadline']",True,deepseek-r1:8b,market_semantics_v1
578430,Will Mostafa Mohamed be the top goal scorer in the 2025-26 Ligue 1 season?,0.9000,0.2167,binary,"[""The definition of 'sole top goal scorer' includes the tiebreaker condition."", 'The market does not specify what happens if the season is canceled after August 1, 2026.']",True,deepseek-r1:8b,market_semantics_v1
578425,Will Folarin Balogun be the top goal scorer in the 2025-26 Ligue 1 season?,0.9000,0.2167,binary,"['Tie-breaking rule based on alphabetical order of last names', ""Definition of 'sole top goal scorer' in case of tie""]",True,deepseek-r1:8b,market_semantics_v1
578409,Will Mason Greenwood be the top goal scorer in the 2025-26 Ligue 1 season?,0.9500,0.2125,binary,"['Tie-breaking rule based on alphabetical order of last names', 'Season cancellation or incomplete before August 1, 2026']",False,deepseek-r1:8b,market_semantics_v1
577239,Will Daniel Raba be the top goal scorer in the 2025–26 La Liga season?,0.9500,0.1938,binary,"[""The market resolves to 'Other' if the season is canceled or not completed by August 1, 2026, but the question is about the 2025–26 season. This might be confusing for users.""]",False,deepseek-r1:8b,market_semantics_v1
577232,Will Hugo Duro be the top goal scorer in the 2025–26 La Liga season?,0.9500,0.1938,binary,"[""The market resolves to 'Other' if the season is canceled or not completed by August 1, 2026, but the condition for 'Yes' requires the season to be completed.""]",False,deepseek-r1:8b,market_semantics_v1
577225,Will Oihan Sancet be the top goal scorer in the 2025–26 La Liga season?,0.9000,0.2167,binary,"['Tie-breaking based on last name alphabetical order', ""Definition of 'sole top goal scorer' in case of ties""]",True,deepseek-r1:8b,market_semantics_v1
577224,Will Gonzalo Garcia be the top goal scorer in the 2025–26 La Liga season?,0.9000,0.2167,binary,"['Tie-breaking rule based on last name alphabetical order', ""Definition of 'sole top goal scorer' in case of ties""]",True,deepseek-r1:8b,market_semantics_v1
576810,Will Getafe be relegated from La Liga after the 2025–26 season?,0.9000,0.2167,binary,"[""The definition of 'officially relegated' may vary"", 'The market resolution depends on the completion of the season']",True,deepseek-r1:8b,market_semantics_v1
578442,Will Santiago Hidalgo be the top goal scorer in the 2025-26 Ligue 1 season?,0.9500,0.2125,binary,"['Tie-breaking rule based on last name alphabetical order', ""Definition of 'sole top goal scorer' requires no ties""]",False,deepseek-r1:8b,market_semantics_v1
578435,Will Wesley Said be the top goal scorer in the 2025-26 Ligue 1 season?,0.9500,0.2125,binary,"['Tie-breaking rule based on alphabetical order of last names', ""Definition of 'sole top goal scorer' in case of ties""]",False,deepseek-r1:8b,market_semantics_v1
578420,Will Emanuel Emegha be the top goal scorer in the 2025-26 Ligue 1 season?,0.9500,0.2125,binary,"['Tie-breaking rule based on alphabetical order of last names.', ""Definition of 'sole top goal scorer' in case of ties.""]",False,deepseek-r1:8b,market_semantics_v1
578414,Will Mika Biereth be the top goal scorer in the 2025-26 Ligue 1 season?,0.9500,0.1938,binary,"[""The market resolves to 'Other' if the season is canceled or not completed by August 1, 2026, but the question is about Mika Biereth being the top scorer, so the condition for 'No' includes the possibility of the season not happening or being incomplete.""]",False,deepseek-r1:8b,market_semantics_v1
578413,Will Desire Doue be the top goal scorer in the 2025-26 Ligue 1 season?,0.9500,0.2125,binary,"['Tie-breaking method based on alphabetical order of last names', 'Season cancellation or incomplete before August 1, 2026']",False,deepseek-r1:8b,market_semantics_v1
577218,Will Kylian Mbappe be the top goal scorer in the 2025–26 La Liga season?,0.9000,0.2167,binary,"['Tie-breaking mechanism', 'Season cancellation condition']",True,deepseek-r1:8b,market_semantics_v1
578411,Will Matias Goncalo Ramos be the top goal scorer in the 2025-26 Ligue 1 season?,0.9500,0.2125,binary,"['Tie-breaking rule based on alphabetical order of last names', ""Definition of 'sole top goal scorer'""]",False,deepseek-r1:8b,market_semantics_v1
577246,Will Antoine Griezmann be the top goal scorer in the 2025–26 La Liga season?,0.9500,0.1938,binary,"[""The market resolves to 'Other' if the season is canceled or not completed by August 1, 2026, but the condition for 'Yes' requires the season to be completed without cancellation.""]",False,deepseek-r1:8b,market_semantics_v1
577234,Will Vedat Muriqi be the top goal scorer in the 2025–26 La Liga season?,0.9000,0.2250,binary,"['Season cancellation or incomplete season', 'Tie in goal scoring', ""Definition of 'sole top goal scorer'""]",True,deepseek-r1:8b,market_semantics_v1
577229,Will Broja Iglesias be the top goal scorer in the 2025–26 La Liga season?,0.9500,0.1938,binary,"[""The market resolves to 'Other' if the season is canceled or not completed by August 1, 2026, but the question is about Broja Iglesias being the top scorer. This might be confusing for users.""]",False,deepseek-r1:8b,market_semantics_v1
577221,Will Raphinha be the top goal scorer in the 2025–26 La Liga season?,0.9500,0.2125,binary,"['Tie-breaking condition based on alphabetical order of last names', ""Definition of 'sole top goal scorer' in case of tie""]",False,deepseek-r1:8b,market_semantics_v1
578432,Will Esteban Lepaul be the top goal scorer in the 2025-26 Ligue 1 season?,0.9000,0.2167,binary,"['Tie-breaking rule based on alphabetical order of last names', ""Definition of 'sole top goal scorer' in case of ties""]",True,deepseek-r1:8b,market_semantics_v1
578408,Will Ousmane Dembele be the top goal scorer in the 2025-26 Ligue 1 season?,0.9500,0.2125,binary,"['Season cancellation or incomplete season', 'Tie in goal scoring']",True,deepseek-r1:8b,market_semantics_v1
577243,Will Abel Ruiz be the top goal scorer in the 2025–26 La Liga season?,0.9500,0.2125,binary,"['Tie-breaking based on last name alphabetical order', ""Definition of 'sole top goal scorer' in case of ties""]",True,deepseek-r1:8b,market_semantics_v1
577226,Will Ferran Torres be the top goal scorer in the 2025–26 La Liga season?,0.9500,0.1938,binary,"[""The market resolves to 'Other' if the season is canceled or not completed by August 1, 2026, but this is a separate outcome not directly related to Ferran Torres.""]",False,deepseek-r1:8b,market_semantics_v1
577222,Will Ante Budimir be the top goal scorer in the 2025–26 La Liga season?,0.9000,0.2250,binary,"['Season cancellation or incomplete season', 'Tie in goal scoring', ""Definition of 'sole top goal scorer'""]",True,deepseek-r1:8b,market_semantics_v1
576814,Will Valencia be relegated from La Liga after the 2025–26 season?,0.9500,0.1938,binary,['The market resolution depends on the completion of the season'],True,deepseek-r1:8b,market_semantics_v1
576813,Will Oviedo be relegated from La Liga after the 2025–26 season?,0.8000,0.2250,binary,"[""The definition of 'officially relegated' may vary"", 'The condition for No includes a specific date']",True,deepseek-r1:8b,market_semantics_v1
582158,Will Betis finish in the top 4 of the La Liga 2025–26 standings?,0.9500,0.5031,binary,"['Tiebreak procedures', 'Season cancellation before October 1, 2026', 'vague_deadline']",True,deepseek-r1:8b,market_semantics_v1
577247,Will Jude Bellingham be the top goal scorer in the 2025–26 La Liga season?,0.9000,0.2250,binary,"['Season cancellation or incomplete season', 'Tie in goal scoring', ""Definition of 'sole top goal scorer'""]",True,deepseek-r1:8b,market_semantics_v1
578444,Will Abdoulaye Toure be the top goal scorer in the 2025-26 Ligue 1 season?,0.9500,0.2125,binary,"['Season cancellation or incomplete season resolution', 'Tie-breaking rule based on last name alphabetical order']",False,deepseek-r1:8b,market_semantics_v1
578441,Will Moses Simon be the top goal scorer in the 2025-26 Ligue 1 season?,0.9500,0.1938,binary,"[""The market resolves to 'Other' if the season is canceled or not completed by August 1, 2026, but this is not a condition for the Yes/No outcome.""]",False,deepseek-r1:8b,market_semantics_v1
578426,Will Matthis Abline be the top goal scorer in the 2025-26 Ligue 1 season?,0.9000,0.2167,binary,"['Tie-breaking rule based on alphabetical order of last names', ""Definition of 'sole top goal scorer' in case of tie""]",True,deepseek-r1:8b,market_semantics_v1
577223,Will Julian Alvarez be the top goal scorer in the 2025–26 La Liga season?,0.9500,0.2125,binary,"['Tie-breaking rule based on last name alphabetical order', ""Definition of 'sole top goal scorer' in case of tie""]",False,deepseek-r1:8b,market_semantics_v1
577219,Will Robert Lewandowski be the top goal scorer in the 2025–26 La Liga season?,0.9000,0.2250,binary,"['Tie-breaking rule based on alphabetical order of last names.', ""Definition of 'sole top goal scorer' in case of ties."", 'Source of resolution: official vs. consensus reporting.']",True,deepseek-r1:8b,market_semantics_v1
582320,Will Rennes finish in the top 4 of the Ligue 1 2025–26 standings?,0.9000,0.2167,binary,"['Tiebreaker procedures may vary', 'Season cancellation condition']",True,deepseek-r1:8b,market_semantics_v1
578427,Will Fabian Ruiz be the top goal scorer in the 2025-26 Ligue 1 season?,0.9500,0.2125,binary,"['Tie-breaking rule based on alphabetical order of last names.', ""Definition of 'sole top goal scorer' in case of ties.""]",False,deepseek-r1:8b,market_semantics_v1
578424,Will Achraf Hakimi be the top goal scorer in the 2025-26 Ligue 1 season?,0.9500,0.2125,binary,"[""The definition of 'top goal scorer' includes the possibility of ties, which are resolved by alphabetical order of last names."", ""The market resolves to 'Other' if the season is not completed by August 1, 2026, which is a separate outcome not covered in the binary 'Yes/No' for this condition.""]",False,deepseek-r1:8b,market_semantics_v1
578417,Will Pierre-Emerick Aubameyang be the top goal scorer in the 2025-26 Ligue 1 season?,0.9500,0.2125,binary,"['Season cancellation or incomplete season resolution condition.', 'Tie-breaking rule based on last name alphabetical order.']",False,deepseek-r1:8b,market_semantics_v1
578415,Will Georges Mikautadze be the top goal scorer in the 2025-26 Ligue 1 season?,0.9000,0.2167,binary,"['Tie-breaking rule based on alphabetical order of last names', ""Definition of 'sole top goal scorer' in case of tie""]",True,deepseek-r1:8b,market_semantics_v1
576816,Will Mallorca be relegated from La Liga after the 2025–26 season?,0.9000,0.2167,binary,"['The market resolution depends on the completion of the season', ""Definition of 'officially relegated' may vary""]",True,deepseek-r1:8b,market_semantics_v1
578439,Will Ferreira Vitinha be the top goal scorer in the 2025-26 Ligue 1 season?,0.9000,0.2167,binary,"['Tie-breaking rule based on alphabetical order of last names', ""Definition of 'sole top goal scorer' in case of tie""]",False,deepseek-r1:8b,market_semantics_v1
582318,Will Lille finish in the top 4 of the Ligue 1 2025–26 standings?,0.9000,0.2250,binary,"['Tiebreaker procedures', ""Definition of 'end of the season'"", 'Source of resolution']",True,deepseek-r1:8b,market_semantics_v1
578440,Will Gauthier Hein be the top goal scorer in the 2025-26 Ligue 1 season?,0.9000,0.2167,binary,"['Tie-breaking rule based on alphabetical order of last names', ""Definition of 'sole top goal scorer' in case of tie""]",True,deepseek-r1:8b,market_semantics_v1
578438,Will Lassine Sinayoko be the top goal scorer in the 2025-26 Ligue 1 season?,0.9500,0.2125,binary,"['Tie-breaking rule based on alphabetical order of last names.', ""Season cancellation or incomplete before August 1, 2026, resolves to 'Other'.""]",False,deepseek-r1:8b,market_semantics_v1
578429,Will Anssumane Fati be the top goal scorer in the 2025-26 Ligue 1 season?,0.9500,0.2125,binary,"['Tie-breaking rule based on alphabetical order of last names', ""Definition of 'sole top goal scorer' in case of tie""]",False,deepseek-r1:8b,market_semantics_v1
577244,Will Inaki Williams be the top goal scorer in the 2025–26 La Liga season?,0.9500,0.2125,binary,"['Tie-breaking rule based on alphabetical order of last names', ""Definition of 'sole top goal scorer' in case of ties""]",False,deepseek-r1:8b,market_semantics_v1
577241,Will Cristhian Stuani be the top goal scorer in the 2025–26 La Liga season?,0.9000,0.2250,binary,"[""The definition of 'La Liga season' includes the condition about being canceled by August 1, 2026"", 'The tie-breaking rule based on last name alphabetical order', 'The exclusion of goals from other competitions']",True,deepseek-r1:8b,market_semantics_v1
577235,Will Dodi Lukebakio be the top goal scorer in the 2025–26 La Liga season?,0.9000,0.2167,binary,"[""The definition of 'La Liga season' includes the condition about being canceled or not completed by August 1, 2026."", 'The tie-breaking rule based on last name alphabetically might introduce ambiguity if multiple players tie.']",True,deepseek-r1:8b,market_semantics_v1
578436,Will Joaquin Panichelli be the top goal scorer in the 2025-26 Ligue 1 season?,0.9000,0.2167,binary,"['Tie-breaking rule based on last name alphabetical order', ""Definition of 'sole top goal scorer' in case of tie""]",True,deepseek-r1:8b,market_semantics_v1
578416,Will Arnaud Kalimuendo be the top goal scorer in the 2025-26 Ligue 1 season?,0.9000,0.2167,binary,"['Tie-breaking by last name', ""Definition of 'sole top goal scorer'""]",True,deepseek-r1:8b,market_semantics_v1
577245,Will Alex Baena be the top goal scorer in the 2025–26 La Liga season?,0.9000,0.2167,binary,"['Season cancellation condition is vague', 'Tie-breaking condition may be ambiguous']",True,deepseek-r1:8b,market_semantics_v1
577242,Will Cyle Larin be the top goal scorer in the 2025–26 La Liga season?,0.9000,0.2167,binary,"['Season cancellation or incomplete season', 'Tie in goal scoring']",True,deepseek-r1:8b,market_semantics_v1
577231,Will Mikel Oyarzabal be the top goal scorer in the 2025–26 La Liga season?,0.9000,0.2167,binary,"['Tie-breaking rule based on last name alphabetical order', ""Definition of 'La Liga season' completion date""]",True,deepseek-r1:8b,market_semantics_v1
578431,Will Igor Paixao be the top goal scorer in the 2025-26 Ligue 1 season?,0.9500,0.2125,binary,"['Tie-breaking rule based on last name alphabetical order', ""Definition of 'sole top goal scorer'""]",False,deepseek-r1:8b,market_semantics_v1
577230,Will Vinicius Junior be the top goal scorer in the 2025–26 La Liga season?,0.9000,0.2250,binary,"['Season cancellation or incomplete season', 'Tie-breaking rule', ""Definition of 'sole top goal scorer'""]",True,deepseek-r1:8b,market_semantics_v1
576815,Will Sevilla be relegated from La Liga after the 2025–26 season?,0.8000,0.2250,binary,"['Relegation depends on final standings', ""Definition of 'officially relegated' may vary""]",True,deepseek-r1:8b,market_semantics_v1
578410,Will Khvicha Kvaratskhelia be the top goal scorer in the 2025-26 Ligue 1 season?,0.9500,0.2125,binary,"['Tie-breaking rule based on alphabetical order of last names', ""Definition of 'top goal scorer' in case of multiple players with same number of goals""]",False,deepseek-r1:8b,market_semantics_v1
576809,Will Espanyol be relegated from La Liga after the 2025–26 season?,0.9000,0.2167,binary,"['Season cancellation', ""Definition of 'officially relegated'""]",True,deepseek-r1:8b,market_semantics_v1
582317,Will Lyon finish in the top 4 of the Ligue 1 2025–26 standings?,0.9000,0.2167,binary,"['Tiebreaker procedures', 'Season cancellation condition']",True,deepseek-r1:8b,market_semantics_v1
578428,Will Jean Philippe Krasso be the top goal scorer in the 2025-26 Ligue 1 season?,0.9000,0.2167,binary,"['Tie-breaking rule based on alphabetical order of last names.', ""Definition of 'sole top goal scorer' in case of tie.""]",True,deepseek-r1:8b,market_semantics_v1
578418,Will Amine Gouiri be the top goal scorer in the 2025-26 Ligue 1 season?,0.9000,0.2167,binary,"['Tie-breaking rule based on alphabetical order of last names.', ""Definition of 'sole top goal scorer' in case of tie.""]",True,deepseek-r1:8b,market_semantics_v1
577237,Will Javi Puado be the top goal scorer in the 2025–26 La Liga season?,0.9000,0.2000,binary,"[""The market resolves to 'Other' if the season is canceled or not completed by August 1, 2025, which is before the season starts. This might be confusing as the season hasn't started yet. Also, the condition for 'Other' is tied to August 1, 2026, which is during the season, but the season hasn't started. Clarification needed on the exact timing of the condition check.""]",True,deepseek-r1:8b,market_semantics_v1
577233,Will Ayoze Perez be the top goal scorer in the 2025–26 La Liga season?,0.9500,0.2125,binary,"['Tie-breaking condition based on alphabetical order of last names.', ""Season cancellation or incomplete before August 1, 2026, resolves to 'Other'.""]",False,deepseek-r1:8b,market_semantics_v1
566140,Will Arsenal win the 2025–26 Champions League?,0.9000,0.5062,binary,"[""The market resolves to 'No' if the team is mathematically eliminated"", ""The market resolves to 'Other' if the tournament is canceled/not completed by October 1, 2026"", 'vague_deadline']",True,deepseek-r1:8b,market_semantics_v1
566136,Will PSG win the 2025–26 Champions League?,0.9000,0.5062,binary,"[""The market resolves to 'No' if the team is mathematically eliminated"", ""The market resolves to 'Other' if the tournament is canceled or not completed by October 1, 2026"", 'vague_deadline']",True,deepseek-r1:8b,market_semantics_v1
566170,Will Club Brugge win the 2025–26 Champions League?,0.9500,0.1938,binary,"[""The market resolves to 'Other' if the tournament is canceled or not completed by a specific date""]",False,deepseek-r1:8b,market_semantics_v1
569454,Will any presidential candidate win outright in the first round of the Colombia's election?,0.9500,0.1938,binary,"['The market resolves based on consensus or official results, but ambiguity is resolved by official sources.']",False,deepseek-r1:8b,market_semantics_v1
569347,Will Juan Carlos Pinzón win the 1st round of the 2026 Colombian presidential election?,0.9500,0.1938,binary,"[""The market may resolve to 'Other' if results are not known by the deadline.""]",False,deepseek-r1:8b,market_semantics_v1
569343,Will Iván Cepeda Castro win the 1st round of the 2026 Colombian presidential election?,0.9500,0.2125,binary,"['Temporal ambiguity due to potential second round', 'Dependency on election occurrence']",False,deepseek-r1:8b,market_semantics_v1
569333,Will Luis Gilberto Murillo win the 1st round of the 2026 Colombian presidential election?,0.9500,0.1938,binary,"[""The market may resolve to 'Other' if results are not known by the deadline.""]",False,deepseek-r1:8b,market_semantics_v1
569335,Will David Luna Sánchez win the 1st round of the 2026 Colombian presidential election?,0.9500,0.1938,binary,"[""The market resolves to 'Other' if results are not known by Dec 31, 2026, which could include scenarios where the election hasn't happened or is ongoing.""]",False,deepseek-r1:8b,market_semantics_v1
569336,Will Juan Daniel Oviedo win the 1st round of the 2026 Colombian presidential election?,0.9500,0.1938,binary,"[""The market resolves to 'Other' if results are not known by the deadline.""]",False,deepseek-r1:8b,market_semantics_v1
569334,Will Claudia López win the 1st round of the 2026 Colombian presidential election?,0.9500,0.1938,binary,"[""The market resolves to 'Other' if results not known by Dec 31, 2026""]",False,deepseek-r1:8b,market_semantics_v1
569349,Will Enrique Peñalosa win the 1st round of the 2026 Colombian presidential election?,0.9500,0.1938,binary,"['The market resolves based on the first round only, not the entire election process.']",False,deepseek-r1:8b,market_semantics_v1
569342,Will Paloma Valencia win the 1st round of the 2026 Colombian presidential election?,0.9500,0.1938,binary,"['The market resolves based on official results, but there might be delays or disputes affecting the deadline.']",False,deepseek-r1:8b,market_semantics_v1
569332,Will Vicky Dávila win the 1st round of the 2026 Colombian presidential election?,0.9500,0.1938,binary,"[""The market may resolve to 'Other' if results are not known by the deadline.""]",False,deepseek-r1:8b,market_semantics_v1
569345,Will Roy Barreras win the 1st round of the 2026 Colombian presidential election?,0.9500,0.1938,binary,"[""The market resolves to 'Other' if results are not known by the deadline.""]",False,deepseek-r1:8b,market_semantics_v1
569344,Will Abelardo de la Espriella win the 1st round of the 2026 Colombian presidential election?,0.9500,0.2125,binary,"['Temporal ambiguity due to election timing', 'Potential for second round but market only considers first round']",False,deepseek-r1:8b,market_semantics_v1
569338,Will Gustavo Bolívar win the 1st round of the 2026 Colombian presidential election?,0.9500,0.2125,binary,"['Temporal deadline specified', 'Requires consensus of credible reporting']",False,deepseek-r1:8b,market_semantics_v1
569348,Will Mauricio Cárdenas win the 1st round of the 2026 Colombian presidential election?,0.9500,0.1938,binary,"[""The market resolves to 'Other' if results not known by Dec 31, 2026. This might be ambiguous if results are delayed or contested.""]",False,deepseek-r1:8b,market_semantics_v1
569340,Will Juan Manuel Galán win the 1st round of the 2026 Colombian presidential election?,0.9500,0.1938,binary,"[""The market resolves to 'Other' if results not known by deadline""]",False,deepseek-r1:8b,market_semantics_v1
569346,Will Daniel Quintero win the 1st round of the 2026 Colombian presidential election?,0.9500,0.1938,binary,"[""The market resolves to 'Other' if results are not known by Dec 31, 2026.""]",False,deepseek-r1:8b,market_semantics_v1
569341,Will Germán Vargas Lleras win the 1st round of the 2026 Colombian presidential election?,0.9500,0.1938,binary,"[""The market may resolve to 'Other' if results are not known by the deadline.""]",False,deepseek-r1:8b,market_semantics_v1
569339,Will Sergio Fajardo win the 1st round of the 2026 Colombian presidential election?,0.9500,0.1938,binary,['Temporal ambiguity due to potential delay in result reporting'],False,deepseek-r1:8b,market_semantics_v1
564166,Will Victor Wembanyama win the 2025–2026 NBA MVP?,0.9000,0.2167,binary,"['Temporal resolution is vague', 'Definition of MVP award']",True,deepseek-r1:8b,market_semantics_v1
564162,Will Shai Gilgeous-Alexander win the 2025–2026 NBA MVP?,0.9500,0.5125,binary,"[""The market resolves based on MVP award, but the question says 'win' which might be interpreted as being MVP"", 'vague_deadline']",True,deepseek-r1:8b,market_semantics_v1
578157,Will any 2026 FIFA World Cup game scheduled in the U.S. be relocated abroad?,0.9000,0.2167,binary,"[""Definition of 'credible reporting'"", 'Possibility of multiple announcements']",True,deepseek-r1:8b,market_semantics_v1
564161,Will Nikola Jokic win the 2025–2026 NBA MVP?,0.9500,0.5125,binary,"['The market resolves based on the award being awarded, not necessarily the player being the best', 'vague_deadline']",True,deepseek-r1:8b,market_semantics_v1
564198,Will the Detroit Pistons win the NBA Eastern Conference Finals?,0.9500,0.1938,binary,"[""The market resolves to 'Other' if the winner is not announced by June 30, 2026""]",False,deepseek-r1:8b,market_semantics_v1
564195,Will the New York Knicks win the NBA Eastern Conference Finals?,0.9500,0.1938,binary,"[""The market resolves to 'Other' if the winner is not announced by June 30, 2026""]",False,deepseek-r1:8b,market_semantics_v1
564194,Will the Cleveland Cavaliers win the NBA Eastern Conference Finals?,0.9500,0.1938,binary,['Temporal resolution depends on NBA schedule'],False,deepseek-r1:8b,market_semantics_v1
564213,Will the Los Angeles Lakers win the NBA Western Conference Finals?,0.9500,0.1938,binary,"[""The market resolves to 'Other' if the winner is not announced by June 30, 2026.""]",False,deepseek-r1:8b,market_semantics_v1
564210,Will the Oklahoma City Thunder win the NBA Western Conference Finals?,0.9500,0.1938,binary,['Temporal deadline specified'],False,deepseek-r1:8b,market_semantics_v1
564218,Will the San Antonio Spurs win the NBA Western Conference Finals?,0.9500,0.1938,binary,"[""The market resolves to 'Other' if the winner is not announced by June 30, 2026.""]",False,deepseek-r1:8b,market_semantics_v1
564214,Will the Minnesota Timberwolves win the NBA Western Conference Finals?,0.9500,0.1938,binary,"[""The market resolves to 'Other' if the winner is not announced by June 30, 2026""]",False,deepseek-r1:8b,market_semantics_v1
569374,Will Carlos Felipe Córdoba win the 2026 Colombian presidential election?,0.9500,0.1938,binary,"[""The market may resolve to 'Other' if results are not known by the deadline""]",False,deepseek-r1:8b,market_semantics_v1
569367,Will Mauricio Cardenas win the 2026 Colombian presidential election?,0.9500,0.2125,binary,"['Potential for second round affecting outcome', ""Definition of 'win' in case of second round""]",False,deepseek-r1:8b,market_semantics_v1
569372,Will Juan Carlos Pinzón win the 2026 Colombian presidential election?,0.9500,0.2125,binary,"['Potential second round', 'Resolution based on official results']",False,deepseek-r1:8b,market_semantics_v1
569369,Will Daniel Quintero win the 2026 Colombian presidential election?,0.9500,0.2125,binary,"['Potential for second round', 'Resolution based on official results']",False,deepseek-r1:8b,market_semantics_v1
569364,Will Juan Manuel Galán win the 2026 Colombian presidential election?,0.9500,0.2125,binary,"['Potential for second round', 'Resolution based on consensus or official results']",False,deepseek-r1:8b,market_semantics_v1
569365,Will Germán Vargas Lleras win the 2026 Colombian presidential election?,0.9500,0.2125,binary,"['Potential for second round', 'Resolution based on consensus or official results']",False,deepseek-r1:8b,market_semantics_v1
569363,Will Sergio Fajardo win the 2026 Colombian presidential election?,0.9500,0.2125,binary,"['Potential for second round', 'Market resolution deadline is later than election']",False,deepseek-r1:8b,market_semantics_v1
569371,Will Enrique Peñalosa win the 2026 Colombian presidential election?,0.9000,0.2000,binary,['Potential for second round affecting the outcome'],True,deepseek-r1:8b,market_semantics_v1
569360,Will Juan Daniel Oviedo win the 2026 Colombian presidential election?,0.9500,0.2125,binary,"['Potential for second round', 'Market resolution deadline is later than election']",False,deepseek-r1:8b,market_semantics_v1
569356,Will Vicky Dávila win the 2026 Colombian presidential election?,0.9500,0.2125,binary,"['Potential for second round', 'Resolution based on credible reporting consensus']",False,deepseek-r1:8b,market_semantics_v1
569373,Will Paloma Valencia win the 2026 Colombian presidential election?,0.9500,0.1938,binary,['Temporal ambiguity due to market resolution deadline'],False,deepseek-r1:8b,market_semantics_v1
569370,Will Roy Barreras win the 2026 Colombian presidential election?,0.9500,0.2125,binary,"['Potential second round', 'Resolution based on credible reporting consensus']",False,deepseek-r1:8b,market_semantics_v1
569359,Will David Luna Sánchez win the 2026 Colombian presidential election?,0.9500,0.5031,binary,"['Potential for second round', 'Resolution based on official results', 'vague_deadline']",True,deepseek-r1:8b,market_semantics_v1
569362,Will Gustavo Bolívar win the 2026 Colombian presidential election?,0.9500,0.2125,binary,"['Potential for second round', 'Market resolution deadline']",False,deepseek-r1:8b,market_semantics_v1
569368,Will Ivan Cepeda Castro win the 2026 Colombian presidential election?,0.9500,0.2125,binary,"['Potential second round', 'Resolution based on credible reporting consensus']",False,deepseek-r1:8b,market_semantics_v1
569366,Will Abelardo de la Espriella  win the 2026 Colombian presidential election?,0.9500,0.2125,binary,"['Potential for second round', 'Resolution based on official results']",False,deepseek-r1:8b,market_semantics_v1
569358,Will Claudia López win the 2026 Colombian presidential election?,0.9500,0.2125,binary,"['Potential for second round', 'Market resolution deadline']",False,deepseek-r1:8b,market_semantics_v1
569357,Will Luis Gilberto Murillo win the 2026 Colombian presidential election?,0.9500,0.2125,binary,"['Potential for second round', 'Market resolution deadline is later than election']",False,deepseek-r1:8b,market_semantics_v1
572118,Tom Holland announced as next James Bond?,0.9500,0.2125,binary,"['Announcement must be official', 'Resolution based on first announcement']",False,deepseek-r1:8b,market_semantics_v1
572110,Aaron Taylor-Johnson announced as next James Bond?,0.9000,0.2250,binary,"['Announcement must be official', ""Definition of 'official' may vary"", 'Credible reporting consensus']",True,deepseek-r1:8b,market_semantics_v1
572125,Josh O'Connor announced as next James Bond?,0.9000,0.2167,binary,"['Announcement source ambiguity', ""Definition of 'official'""]",True,deepseek-r1:8b,market_semantics_v1
572112,Paul Mescal announced as next James Bond?,0.9500,0.2125,binary,"['Announcement must be official', 'Deadline is fixed']",False,deepseek-r1:8b,market_semantics_v1
553851,Will the Buffalo Sabres win the 2026 NHL Stanley Cup?,1.0000,0.0000,binary,[],False,deepseek-r1:8b,market_semantics_v1
572117,Pierce Brosnan announced as next James Bond?,0.9000,0.2167,binary,"['Announcement source ambiguity', ""Definition of 'official'""]",True,deepseek-r1:8b,market_semantics_v1
572111,James Norton announced as next James Bond?,0.9500,0.2125,binary,"['Announcement must be official', 'Credible reporting consensus may be used']",False,deepseek-r1:8b,market_semantics_v1
572122,Jack Lowdon announced as next James Bond?,0.9000,0.2167,binary,"['Announcement source ambiguity', ""Definition of 'official'""]",True,deepseek-r1:8b,market_semantics_v1
572123,Theo James announced as next James Bond?,0.9000,0.2167,binary,"['Announcement source ambiguity', ""Definition of 'official' may vary""]",True,deepseek-r1:8b,market_semantics_v1
572133,No one announced as next James Bond?,0.9000,0.2167,binary,"['Announcement must be official', ""Definition of 'official' may vary""]",True,deepseek-r1:8b,market_semantics_v1
572115,Harris Dickinson announced as next James Bond?,0.9500,0.2125,binary,"['Announcement must be official', 'Credible reporting consensus may be used']",False,deepseek-r1:8b,market_semantics_v1
572124,James Collier announced as next James Bond?,0.8500,0.2208,binary,"['The market allows for the possibility of no Bond being chosen, which is a separate outcome.', ""The definition of 'official announcement' may be subjective and depends on the source.""]",True,deepseek-r1:8b,market_semantics_v1
572119,Henry Cavill announced as next James Bond?,0.9000,0.2167,binary,"['Announcement source ambiguity', ""Definition of 'official' may vary""]",True,deepseek-r1:8b,market_semantics_v1
572114,Jacob Elordi announced as next James Bond?,0.9000,0.2167,binary,"['Announcement source ambiguity', ""Definition of 'official' may vary""]",True,deepseek-r1:8b,market_semantics_v1
572121,Callum Turner announced as next James Bond?,0.9000,0.2167,binary,"['Announcement must be official', 'Definition of official source']",True,deepseek-r1:8b,market_semantics_v1
572116,Tom Hardy announced as next James Bond?,0.9000,0.2167,binary,"['Announcement source credibility', ""Definition of 'official'""]",True,deepseek-r1:8b,market_semantics_v1
597967,"Starmer out by June 30, 2026?",0.9000,0.2167,binary,"[""Definition of 'ceases to be'"", 'Resolution source ambiguity']",True,deepseek-r1:8b,market_semantics_v1
597964,"Macron out by June 30, 2026?",0.9500,0.2125,binary,"['Temporal ambiguity due to specific dates', 'Potential for multiple terms if Macron is re-elected']",True,deepseek-r1:8b,market_semantics_v1
598936,"Will the next UK election be called by June 30, 2026?",0.9500,0.1938,binary,"['The market depends on the declaration of the election date, not the actual occurrence']",False,deepseek-r1:8b,market_semantics_v1
553859,Will the Minnesota Timberwolves win the 2026 NBA Finals?,0.9500,0.5031,binary,"['Temporal resolution is vague', 'NBA may change rules affecting team performance', 'vague_deadline']",True,deepseek-r1:8b,market_semantics_v1
553857,Will the Cleveland Cavaliers win the 2026 NBA Finals?,0.9500,0.5125,binary,"['The market resolution depends on the outcome of the 2026 NBA Finals, which is in the future', 'vague_deadline']",True,deepseek-r1:8b,market_semantics_v1
553856,Will the Oklahoma City Thunder win the 2026 NBA Finals?,1.0000,0.0000,binary,[],False,deepseek-r1:8b,market_semantics_v1
553871,Will the Detroit Pistons win the 2026 NBA Finals?,0.9500,0.5031,binary,"['Temporal resolution is vague', 'NBA rules may affect impossibility', 'vague_deadline']",True,deepseek-r1:8b,market_semantics_v1
553863,Will the Los Angeles Lakers win the 2026 NBA Finals?,0.9000,0.5062,binary,"['Temporal resolution is vague', 'NBA may change rules affecting team eligibility', 'vague_deadline']",True,deepseek-r1:8b,market_semantics_v1
553866,Will the San Antonio Spurs win the 2026 NBA Finals?,0.9500,0.5125,binary,"['The market resolution depends on the outcome of the 2026 NBA Finals, which is in the future.', 'vague_deadline']",True,deepseek-r1:8b,market_semantics_v1
553858,Will the New York Knicks win the 2026 NBA Finals?,0.9500,0.5125,binary,"['The market resolution depends on the outcome of the 2026 NBA season, which is future and uncertain.', 'vague_deadline']",True,deepseek-r1:8b,market_semantics_v1
573655,"Will Bitcoin hit $150k by June 30, 2026?",0.9500,0.2125,binary,"['The market depends on Binance data only', 'The resolution is based on the high of a single candle']",False,deepseek-r1:8b,market_semantics_v1
558975,Will Austria win the 2026 FIFA World Cup?,0.8500,0.2208,binary,"[""Temporal resolution depends on FIFA's decision"", 'Elimination condition is based on FIFA rules, which may change']",True,deepseek-r1:8b,market_semantics_v1
558971,Will Qatar win the 2026 FIFA World Cup?,0.9000,0.2000,binary,"[""The market resolves to 'No' if the team is eliminated, which is a specific condition not directly in the question""]",False,deepseek-r1:8b,market_semantics_v1
558969,Will Algeria win the 2026 FIFA World Cup?,0.9000,0.2167,binary,"['Elimination before knockout stage', 'Market resolution based on impossibility']",True,deepseek-r1:8b,market_semantics_v1
558968,Will Egypt win the 2026 FIFA World Cup?,0.9000,0.2167,binary,"[""Temporal resolution depends on FIFA's schedule"", ""Definition of 'win' may vary""]",True,deepseek-r1:8b,market_semantics_v1
558944,Will Uruguay win the 2026 FIFA World Cup?,0.8500,0.2208,binary,"[""Temporal resolution depends on FIFA's decision, which may be subject to change"", ""Definition of 'permanently canceled' is not explicitly defined""]",True,deepseek-r1:8b,market_semantics_v1
558983,Will Bosnia-Herzegovina win the 2026 FIFA World Cup?,0.9000,0.2167,binary,"[""Temporal resolution depends on FIFA's decision"", 'Resolution criteria may change based on tournament events']",True,deepseek-r1:8b,market_semantics_v1
558967,Will Ghana win the 2026 FIFA World Cup?,0.8500,0.2208,binary,"['Elimination criteria may be subjective', ""Definition of 'winning' may depend on tournament structure""]",True,deepseek-r1:8b,market_semantics_v1
558961,Will South Korea win the 2026 FIFA World Cup?,0.8500,0.2062,binary,"[""The market resolves to 'No' if South Korea is eliminated, but the condition for elimination is not explicitly defined in the market description""]",True,deepseek-r1:8b,market_semantics_v1
558978,Will Curaçao win the 2026 FIFA World Cup?,0.9000,0.2000,binary,"[""Temporal resolution depends on FIFA's decision""]",False,deepseek-r1:8b,market_semantics_v1
558954,Will Tunisia win the 2026 FIFA World Cup?,0.9500,0.1938,binary,['Temporal deadline specified'],False,deepseek-r1:8b,market_semantics_v1
558957,Will New Zealand win the 2026 FIFA World Cup?,0.8000,0.2250,binary,"[""Temporal resolution depends on FIFA's schedule"", ""Definition of 'win' may be ambiguous""]",True,deepseek-r1:8b,market_semantics_v1
558945,Will Mexico win the 2026 FIFA World Cup?,0.9500,0.1938,binary,"[""The market resolves to 'Other' if the event is permanently canceled or not completed by the deadline, which is a separate outcome""]",False,deepseek-r1:8b,market_semantics_v1
558985,Will Turkiye win the 2026 FIFA World Cup?,0.9000,0.2000,binary,"[""Temporal resolution depends on FIFA's decision""]",False,deepseek-r1:8b,market_semantics_v1
558966,Will Ivory Coast win the 2026 FIFA World Cup?,0.8500,0.2208,binary,"['Temporal ambiguity due to potential tournament delays', ""Definition of 'winning' may depend on tournament structure""]",True,deepseek-r1:8b,market_semantics_v1
558965,Will Senegal win the 2026 FIFA World Cup?,0.9500,0.1938,binary,"[""Temporal resolution depends on FIFA's decision""]",False,deepseek-r1:8b,market_semantics_v1
558939,Will Germany win the 2026 FIFA World Cup?,0.9000,0.2167,binary,"[""Temporal resolution depends on FIFA's decision"", 'Resolution criteria include elimination by FIFA rules']",True,deepseek-r1:8b,market_semantics_v1
558970,Will Cape Verde win the 2026 FIFA World Cup?,0.9500,0.1938,binary,"['Temporal resolution is specified to a specific date, but market may resolve earlier if the team is eliminated or the event canceled.']",False,deepseek-r1:8b,market_semantics_v1
558959,Will Iran win the 2026 FIFA World Cup?,0.9000,0.2167,binary,"[""The market resolves to 'No' if Iran is eliminated by FIFA rules"", ""The market resolves to 'Other' if the World Cup is canceled or not completed by the deadline""]",True,deepseek-r1:8b,market_semantics_v1
558952,Will Canada win the 2026 FIFA World Cup?,0.8500,0.2208,binary,"['Elimination criteria may be subjective', ""Definition of 'permanently canceled' is vague""]",True,deepseek-r1:8b,market_semantics_v1
558947,Will Colombia win the 2026 FIFA World Cup?,0.9500,0.1938,binary,['Temporal resolution is fixed by the market deadline'],False,deepseek-r1:8b,market_semantics_v1
558963,Will Morocco win the 2026 FIFA World Cup?,0.9500,0.1938,binary,['Temporal resolution is specified by an exact date'],False,deepseek-r1:8b,market_semantics_v1
558946,Will Belgium win the 2026 FIFA World Cup?,0.8500,0.2208,binary,"[""Temporal resolution depends on FIFA's decision, which may be subject to change"", 'Elimination criteria are not explicitly defined in the market description']",True,deepseek-r1:8b,market_semantics_v1
558943,Will USA win the 2026 FIFA World Cup?,0.9500,0.2125,binary,"[""The market resolves to 'Other' if the tournament is canceled or not completed by the deadline, which is a separate outcome."", 'The condition for immediate resolution if the team is eliminated is based on FIFA rules, which may be subjective.']",False,deepseek-r1:8b,market_semantics_v1
558938,Will Argentina win the 2026 FIFA World Cup?,0.9500,0.1938,binary,"[""The market resolves to 'Other' if the tournament is canceled or not completed, which is a separate outcome""]",False,deepseek-r1:8b,market_semantics_v1
558937,Will Brazil win the 2026 FIFA World Cup?,0.9500,0.2125,binary,"['Temporal deadline specified', 'Resolution based on FIFA rules and official sources']",False,deepseek-r1:8b,market_semantics_v1
558964,Will South Africa win the 2026 FIFA World Cup?,0.9000,0.2000,binary,"[""Temporal resolution depends on FIFA's decision""]",False,deepseek-r1:8b,market_semantics_v1
558934,Will Spain win the 2026 FIFA World Cup?,0.8500,0.2208,binary,"[""Temporal resolution depends on FIFA's definition of permanent cancellation"", 'Credible consensus may vary and is not explicitly defined']",True,deepseek-r1:8b,market_semantics_v1
558974,Will Switzerland win the 2026 FIFA World Cup?,0.8500,0.2208,binary,"[""Temporal resolution depends on FIFA's decision"", ""Definition of 'permanently canceled' is subjective""]",True,deepseek-r1:8b,market_semantics_v1
558941,Will Netherlands win the 2026 FIFA World Cup?,0.9500,0.2125,binary,"[""The market resolves to 'No' if the Netherlands is eliminated, but this is a sufficient condition for No, not a necessary one for Yes."", ""The market resolves to 'Other' if the World Cup is canceled or not completed, which is a separate outcome.""]",False,deepseek-r1:8b,market_semantics_v1
558980,Will Sweden win the 2026 FIFA World Cup?,0.8500,0.2208,binary,"['Temporal deadline specified but tournament outcome depends on many factors', 'Resolution condition depends on tournament progression which may be ambiguous']",True,deepseek-r1:8b,market_semantics_v1
558962,Will Jordan win the 2026 FIFA World Cup?,0.8500,0.2208,binary,"[""Temporal resolution depends on FIFA's decision, which may be influenced by external factors"", ""Resolution criteria include 'eliminated by FIFA rules', which is subjective""]",True,deepseek-r1:8b,market_semantics_v1
558982,Will Iraq win the 2026 FIFA World Cup?,0.9500,0.1938,binary,['Temporal resolution is specific but depends on tournament completion'],False,deepseek-r1:8b,market_semantics_v1
558972,Will Saudi Arabia win the 2026 FIFA World Cup?,0.9500,0.1938,binary,"[""Temporal resolution depends on FIFA's decision, which may be influenced by external factors""]",False,deepseek-r1:8b,market_semantics_v1
558955,Will Ecuador win the 2026 FIFA World Cup?,0.9500,0.1938,binary,"[""Temporal resolution is specific but depends on FIFA's rules""]",False,deepseek-r1:8b,market_semantics_v1
558940,Will Portugal win the 2026 FIFA World Cup?,0.9000,0.2000,binary,"[""Temporal resolution depends on FIFA's decision""]",False,deepseek-r1:8b,market_semantics_v1
558984,Will Czechia win the 2026 FIFA World Cup?,0.8500,0.2208,binary,"[""Temporal resolution depends on FIFA's decision"", 'Elimination condition is subjective']",True,deepseek-r1:8b,market_semantics_v1
558981,Will Congo DR win the 2026 FIFA World Cup?,0.8500,0.2208,binary,"['Temporal ambiguity due to potential cancellation or delays', 'Reliance on third-party evidence (FIFA or credible reporting)']",True,deepseek-r1:8b,market_semantics_v1
558951,Will Norway win the 2026 FIFA World Cup?,0.9000,0.2167,binary,"['Temporal deadline specified but market outcome depends on tournament completion', 'Elimination condition based on FIFA rules may be subjective']",True,deepseek-r1:8b,market_semantics_v1
558949,Will Japan win the 2026 FIFA World Cup?,0.9000,0.2000,binary,['Conditional resolution based on FIFA rules and elimination'],False,deepseek-r1:8b,market_semantics_v1
558960,Will Uzbekistan win the 2026 FIFA World Cup?,0.9000,0.2000,binary,['Temporal ambiguity due to tournament structure'],False,deepseek-r1:8b,market_semantics_v1
558958,Will Australia win the 2026 FIFA World Cup?,0.9500,0.1938,binary,"[""The market resolves to 'Other' if the event is canceled or not completed by the deadline""]",False,deepseek-r1:8b,market_semantics_v1
558936,Will France win the 2026 FIFA World Cup?,0.8500,0.2208,binary,"[""Temporal resolution depends on FIFA's decision, which may be ambiguous"", ""Resolution criteria depend on FIFA's interpretation of elimination or cancellation""]",True,deepseek-r1:8b,market_semantics_v1
558935,Will England win the 2026 FIFA World Cup?,0.9000,0.2167,binary,"[""Temporal resolution depends on FIFA's decision"", 'Elimination condition based on FIFA rules']",True,deepseek-r1:8b,market_semantics_v1
558979,Will Panama win the 2026 FIFA World Cup?,0.9000,0.2167,binary,"['Elimination before knockout stage', ""Market resolves to 'Other' if tournament canceled or not completed""]",True,deepseek-r1:8b,market_semantics_v1
558977,Will Haiti win the 2026 FIFA World Cup?,0.9000,0.2000,binary,"[""Temporal resolution depends on FIFA's decision, which may change""]",True,deepseek-r1:8b,market_semantics_v1
558976,Will Croatia win the 2026 FIFA World Cup?,0.8500,0.2208,binary,"[""Temporal resolution depends on FIFA's decision"", 'Elimination condition is subjective']",True,deepseek-r1:8b,market_semantics_v1
558973,Will Scotland win the 2026 FIFA World Cup?,0.9500,0.1938,binary,['Temporal resolution is fixed to a specific date'],False,deepseek-r1:8b,market_semantics_v1
558956,Will Paraguay win the 2026 FIFA World Cup?,0.9500,0.1938,binary,"[""The market resolution depends on FIFA's rules and may be resolved early if Paraguay is eliminated""]",False,deepseek-r1:8b,market_semantics_v1
563650,"SCOTUS accepts sports event contract case by July 31, 2026?",0.8500,0.2208,binary,"[""The definition of 'sports event contract' might be ambiguous."", ""The scope of 'explicitly concerning' the specified topics could be interpreted differently.""]",True,deepseek-r1:8b,market_semantics_v1
573647,Will GPT-6 be released before GTA VI?,0.8500,0.2208,binary,"[""Definition of 'publicly released' may vary"", ""Interpretation of 'successor' for GPT-6""]",True,deepseek-r1:8b,market_semantics_v1
599309,Will Kristen McDonald Rivet win the 2026 Michigan Democratic Primary?,0.9500,0.5125,binary,"[""The market resolves to 'Other' if no primary takes place, which is a separate outcome not covered by YES/NO."", 'vague_deadline']",True,deepseek-r1:8b,market_semantics_v1
599303,Will Mallory McMorrow win the 2026 Michigan Democratic Primary?,0.8500,0.5094,binary,"[""The definition of 'winner' may be ambiguous if there are close races or recounts"", 'The resolution source may be subjective', 'vague_deadline']",True,deepseek-r1:8b,market_semantics_v1
599306,Will Dana Nessel win the 2026 Michigan Democratic Primary?,0.9500,0.5125,binary,"[""The market resolves to 'Other' if no primary takes place, which is a separate outcome."", 'vague_deadline']",True,deepseek-r1:8b,market_semantics_v1
599304,Will Haley Stevens win the 2026 Michigan Democratic Primary?,0.9000,0.5167,binary,"[""The definition of 'winner' may depend on vote counting rules or tie-breaking procedures."", 'vague_deadline']",True,deepseek-r1:8b,market_semantics_v1
599307,Will Rashida Tlaib win the 2026 Michigan Democratic Primary?,0.8500,0.5094,binary,"[""The definition of 'winner' may be ambiguous if there are ties or recounts"", 'The source of resolution may be ambiguous if no official announcement but consensus', 'vague_deadline']",True,deepseek-r1:8b,market_semantics_v1
599305,Will Abdul El-Sayed win the 2026 Michigan Democratic Primary?,0.9000,0.5167,binary,"[""The definition of 'winner' in case of tie or contested results"", 'vague_deadline']",True,deepseek-r1:8b,market_semantics_v1
599308,Will Sarah Anthony win the 2026 Michigan Democratic Primary?,0.9000,0.5062,binary,"[""The market resolves to 'Other' if no primary takes place"", 'The resolution depends on the first announcement or consensus', 'vague_deadline']",True,deepseek-r1:8b,market_semantics_v1
582717,Taylor Swift pregnant before marriage?,0.8500,0.2208,binary,"['Ambiguity in determining the credibility of announcements', 'Possibility of multiple announcements or retraction']",True,deepseek-r1:8b,market_semantics_v1
562794,Will the Republican Party control the Senate after the 2026 Midterm elections?,0.9500,0.1938,binary,['Control may require more than just seat count if there is a tie or vice-presidential tie.'],True,deepseek-r1:8b,market_semantics_v1
562829,"2026 Balance of Power: D Senate, R House",0.9500,0.5031,binary,"['Control ambiguity in House or Senate may require fallback to Speaker/Majority Leader', 'Fallback resolution based on first Speaker/Majority Leader', 'vague_deadline']",True,deepseek-r1:8b,market_semantics_v1
562803,Will the Republican Party control the House after the 2026 Midterm elections?,0.9500,0.1938,binary,"['Election outcomes may be ambiguous initially, requiring final certification']",False,deepseek-r1:8b,market_semantics_v1
562802,Will the Democratic Party control the House after the 2026 Midterm elections?,0.9000,0.2167,binary,"['Speaker selection process', 'Definition of control']",True,deepseek-r1:8b,market_semantics_v1
562830,"2026 Balance of Power: R Senate, D House",0.9500,0.2125,binary,"['Control ambiguity resolution mechanism', 'Source consensus requirement']",True,deepseek-r1:8b,market_semantics_v1
562832,2026 Balance of Power: Other,0.8500,0.2208,binary,"['Control ambiguity resolution mechanism', 'Definition of control for House and Senate']",True,deepseek-r1:8b,market_semantics_v1
562828,"2026 Balance of Power: D Senate, D House",0.9500,0.2125,binary,"['Control ambiguity in House or Senate may require tie-breaking', 'Definition of party affiliation for unaffiliated candidates']",True,deepseek-r1:8b,market_semantics_v1
562793,Will the Democratic Party control the Senate after the 2026 Midterm elections?,0.9000,0.2167,binary,"['Definition of Senate control includes tie-breaking via Vice Presidency', 'Resolution may depend on subsequent selection of Majority Leader if initial outcome ambiguous']",True,deepseek-r1:8b,market_semantics_v1
562831,"2026 Balance of Power: R Senate, R House",0.9000,0.2167,binary,"['Control ambiguity resolution mechanism', 'Definition of control for House and Senate']",True,deepseek-r1:8b,market_semantics_v1
593988,Will Trump endorse Susan Collins for ME-Sen by Nov 2 2026 ET?,0.8500,0.2281,binary,"['Endorsement vs. vote', ""Definition of 'announce'"", 'Source credibility']",True,deepseek-r1:8b,market_semantics_v1
593984,Will Trump endorse Ken Paxton for TX-Sen by Nov 2 2026 ET?,0.8500,0.2281,binary,"['Endorsement vs. vote announcement', ""Definition of 'announce'"", 'Source credibility']",True,deepseek-r1:8b,market_semantics_v1
593983,Will Trump endorse John Cornyn for TX-Sen by Nov 2 2026 ET?,0.8500,0.2281,binary,"['Endorsement vs. vote', ""Definition of 'announce'"", 'Source credibility']",True,deepseek-r1:8b,market_semantics_v1
593972,Will Bernie endorse James Talarico for TX-Sen by Nov 2 2026 ET?,0.8000,0.2313,binary,"['Endorsement vs. vote announcement', ""Definition of 'announce'"", 'Credibility of reporting']",True,deepseek-r1:8b,market_semantics_v1
593974,Will Bernie endorse Dan Osborn for NE-Sen by Nov 2 2026 ET?,0.9000,0.2000,binary,['Announcement must be official or credible'],False,deepseek-r1:8b,market_semantics_v1
593975,Will Bernie endorse Antonio Delgado for NY-Gov by Nov 2 2026 ET?,0.9000,0.2167,binary,"['Announcement must be for the specific candidate', 'Announcement must be for the specific election']",True,deepseek-r1:8b,market_semantics_v1
593978,Will Bernie endorse Zach Wahls for IA-Sen Nov 2 2026 ET?,0.9000,0.2000,binary,['Announcement must be official or credible'],False,deepseek-r1:8b,market_semantics_v1
593973,Will Bernie endorse Kshama Sawant for WA-09 by Nov 2 2026 ET?,0.8500,0.2208,binary,"['Announcement must be specific to WA-09', ""Definition of 'announce' may vary""]",True,deepseek-r1:8b,market_semantics_v1
593977,Will Bernie endorse Alan Grayson for FL-Sen Nov 2 2026 ET?,0.8000,0.2313,binary,"['Endorsement vs. vote announcement', ""Definition of 'announce'"", 'Source credibility']",True,deepseek-r1:8b,market_semantics_v1
567688,Netanyahu out by end of 2026?,0.8500,0.5094,binary,"['Announcement vs. actual resignation', ""Definition of 'consensus of credible reporting'"", 'vague_deadline']",True,deepseek-r1:8b,market_semantics_v1
567621,Will China invade Taiwan by end of 2026?,0.8500,0.5025,binary,"['Military offensive definition', 'Intention to establish control', 'Resolution source ambiguity', 'vague_deadline']",True,deepseek-r1:8b,market_semantics_v1
568116,Will Trump be impeached by end of 2026?,0.9500,0.5031,binary,"['Impeachment process may involve multiple events, but only one is needed', ""Definition of 'articles of impeachment' may vary"", 'vague_deadline']",True,deepseek-r1:8b,market_semantics_v1
567690,"Erdoğan out by December 31, 2026?",0.8500,0.2208,binary,"[""Definition of 'cease to be President' (e.g., resignation, removal, incapacitation)"", ""Interpretation of 'permanent prevention' and 'detention'""]",True,deepseek-r1:8b,market_semantics_v1
568117,"Will Trump resign by December 31, 2026?",0.8500,0.2208,binary,"['Announcement vs. actual resignation', 'Definition of credible reporting']",True,deepseek-r1:8b,market_semantics_v1
567689,Zelenskyy out as Ukraine president by end of 2026?,0.9000,0.5062,binary,"['Temporal resolution is vague', 'Resolution depends on cessation of presidency, which may be ambiguous in certain scenarios', 'vague_deadline']",True,deepseek-r1:8b,market_semantics_v1
566760,Will Trump pardon Ghislaine Maxwell by end of 2026?,0.8500,0.5094,binary,"['Temporal resolution is vague', ""Definition of 'credible reporting' is not specified"", 'vague_deadline']",True,deepseek-r1:8b,market_semantics_v1
559651,Xi Jinping out before 2027?,0.8500,0.2208,binary,"[""Definition of 'credible reporting'"", ""Interpretation of 'removed from power'""]",True,deepseek-r1:8b,market_semantics_v1
560317,"Putin out as President of Russia by December 31, 2026?",0.8500,0.2208,binary,"[""Definition of 'cease to be President'"", ""What constitutes 'permanently prevented'""]",True,deepseek-r1:8b,market_semantics_v1
573656,"Will Bitcoin hit $150k by December 31, 2026?",0.9500,0.2125,binary,"['Price volatility', 'Market manipulation risk']",True,deepseek-r1:8b,market_semantics_v1
561994,Will Kristi Noem win the 2028 Republican presidential nomination?,0.8000,0.2250,binary,"['Acceptance of the nomination is not explicitly defined', ""Definition of 'win' may be ambiguous""]",True,deepseek-r1:8b,market_semantics_v1
561264,Will Pete Hegseth win the 2028 US Presidential Election?,0.8500,0.2208,binary,"[""The definition of 'winning' might depend on the sources' criteria"", 'The market resolution depends on multiple sources reaching consensus']",True,deepseek-r1:8b,market_semantics_v1
561263,Will Eric Trump win the 2028 US Presidential Election?,0.9000,0.2167,binary,"['Multiple sources required', 'Conditional on media declarations']",True,deepseek-r1:8b,market_semantics_v1
561254,Will Kim Kardashian win the 2028 US Presidential Election?,0.8000,0.2125,binary,"[""The market depends on media sources' calls, which may be delayed or incorrect""]",True,deepseek-r1:8b,market_semantics_v1
561234,Will Marco Rubio win the 2028 US Presidential Election?,0.9000,0.2000,binary,"['The market resolution depends on the three sources calling the race, not necessarily on the actual election outcome']",True,deepseek-r1:8b,market_semantics_v1
561232,Will Pete Buttigieg win the 2028 US Presidential Election?,0.8500,0.2208,binary,"[""The market resolution depends on media sources' calls, which may be delayed or incorrect"", ""The market may resolve based on inauguration if sources don't call""]",True,deepseek-r1:8b,market_semantics_v1
559664,Will Raphael Warnock win the 2028 Democratic presidential nomination?,0.8000,0.2250,binary,"[""The market does not specify what constitutes 'winning' the nomination"", ""The market does not specify what constitutes 'accepting' the nomination""]",True,deepseek-r1:8b,market_semantics_v1
559662,Will Mark Cuban win the 2028 Democratic presidential nomination?,0.9000,0.2000,binary,"['Temporal ambiguity: Nomination acceptance must be by a specific deadline, but not specified']",True,deepseek-r1:8b,market_semantics_v1
559661,Will Jon Ossoff win the 2028 Democratic presidential nomination?,0.8000,0.2250,binary,"[""The market does not specify what constitutes 'winning' the nomination"", 'The market does not specify the exact date for the nomination acceptance']",True,deepseek-r1:8b,market_semantics_v1
565065,Will the Democrats win the 2028 US Presidential Election?,0.9000,0.2000,binary,"['The market resolves based on source calls, not actual election outcome']",True,deepseek-r1:8b,market_semantics_v1
562002,Will Erika Kirk win the 2028 Republican presidential nomination?,0.8000,0.2250,binary,"[""The market does not specify what constitutes 'winning' the nomination before acceptance"", 'The market does not specify if the acceptance must be official or public']",True,deepseek-r1:8b,market_semantics_v1
561996,Will Tucker Carlson win the 2028 Republican presidential nomination?,0.8000,0.2250,binary,"['The market does not specify what constitutes an official source', 'Acceptance of the nomination may be ambiguous if it occurs after the convention but before the market resolves']",True,deepseek-r1:8b,market_semantics_v1
561250,Will Elon Musk win the 2028 US Presidential Election?,0.8500,0.2208,binary,"['Elon Musk may not be a candidate', 'Potential for multiple candidates or recounts']",True,deepseek-r1:8b,market_semantics_v1
561235,Will Wes Moore win the 2028 US Presidential Election?,0.8500,0.2062,binary,"['The market resolution depends on multiple news sources agreeing, which may introduce ambiguity if sources have different standards']",True,deepseek-r1:8b,market_semantics_v1
559666,Will Tim Walz win the 2028 Democratic presidential nomination?,0.8500,0.2208,binary,"['Temporal ambiguity: Nomination acceptance date not specified', ""Definition of 'win' not explicitly defined""]",True,deepseek-r1:8b,market_semantics_v1
561993,Will John Thune win the 2028 Republican presidential nomination?,0.8000,0.5125,binary,"['Acceptance of the nomination may be ambiguous', ""Definition of 'win' may be ambiguous"", 'vague_deadline']",True,deepseek-r1:8b,market_semantics_v1
559682,Will Hunter Biden win the 2028 Democratic presidential nomination?,0.9000,0.2167,binary,"['The market resolution depends on the individual winning and accepting the nomination', ""The definition of 'winning' and 'accepting' may be ambiguous""]",True,deepseek-r1:8b,market_semantics_v1
559668,Will Mark Kelly win the 2028 Democratic presidential nomination?,0.9000,0.2167,binary,"['Temporal ambiguity: Nomination acceptance may occur at different times', 'Acceptance condition may be interpreted strictly']",True,deepseek-r1:8b,market_semantics_v1
562000,Will Rand Paul win the 2028 Republican presidential nomination?,0.8000,0.2250,binary,"[""The market does not specify what constitutes 'winning' the nomination"", 'The market does not specify the exact date for the deadline']",True,deepseek-r1:8b,market_semantics_v1
561986,Will Byron Donalds win the 2028 Republican presidential nomination?,0.9000,0.2167,binary,"['Nomination acceptance timeline', ""Definition of 'win' in the context of the nomination process""]",True,deepseek-r1:8b,market_semantics_v1
561981,Will Vivek Ramaswamy win the 2028 Republican presidential nomination?,0.9000,0.2167,binary,"['Nomination acceptance is not explicitly defined', 'Replacement of nominee before election day does not affect resolution']",True,deepseek-r1:8b,market_semantics_v1
561979,Will Ron DeSantis win the 2028 Republican presidential nomination?,0.9000,0.2167,binary,"[""The market resolution depends on the Republican Party's nomination process"", 'The acceptance of the nomination is not explicitly defined']",True,deepseek-r1:8b,market_semantics_v1
561978,Will Donald Trump Jr. win the 2028 Republican presidential nomination?,0.8000,0.5050,binary,"[""The market does not specify what constitutes 'winning' the nomination before acceptance."", 'The market does not specify if the nomination is secured before or after acceptance.', 'The market does not specify the exact process of the nomination.', 'vague_deadline']",True,deepseek-r1:8b,market_semantics_v1
561976,Will Tulsi Gabbard win the 2028 Republican presidential nomination?,0.9000,0.2167,binary,"[""The market resolution depends on the Republican Party's nomination process"", 'The acceptance of the nomination is a separate condition']",True,deepseek-r1:8b,market_semantics_v1
561261,Will Jon Ossoff win the 2028 US Presidential Election?,0.8500,0.2062,binary,"['The market resolution depends on multiple news sources agreeing, which may introduce ambiguity']",True,deepseek-r1:8b,market_semantics_v1
561233,Will Josh Shapiro win the 2028 US Presidential Election?,0.8500,0.2208,binary,"['Multiple sources required for resolution', 'Resolution based on media declarations, not official results']",True,deepseek-r1:8b,market_semantics_v1
559663,Will J.B. Pritzker win the 2028 Democratic presidential nomination?,0.8000,0.2250,binary,"[""The market does not specify what constitutes 'winning' the nomination"", 'The market does not specify the exact date within 2028']",True,deepseek-r1:8b,market_semantics_v1
562006,Will Eric Trump win the 2028 Republican presidential nomination?,0.8000,0.2250,binary,"[""The market does not specify what constitutes 'winning' the nomination"", ""The market does not specify what constitutes 'accepting' the nomination""]",True,deepseek-r1:8b,market_semantics_v1
561999,Will Tom Brady win the 2028 Republican presidential nomination?,0.8500,0.2208,binary,"['Acceptance of nomination may be ambiguous', ""Definition of 'win' may be unclear""]",True,deepseek-r1:8b,market_semantics_v1
561259,Will Ro Khanna win the 2028 US Presidential Election?,0.9000,0.2167,binary,"['Multiple sources required', 'Resolution based on media declaration']",True,deepseek-r1:8b,market_semantics_v1
561256,Will Zohran Mamdani win the 2028 US Presidential Election?,0.9000,0.2167,binary,"['Multiple sources required for resolution', 'Resolution based on media declarations']",False,deepseek-r1:8b,market_semantics_v1
561238,Will Glenn Youngkin win the 2028 US Presidential Election?,0.9000,0.2000,binary,"['The market resolution depends on multiple news sources agreeing, which may introduce ambiguity if there are close calls or delays']",False,deepseek-r1:8b,market_semantics_v1
561230,Will Gavin Newsom win the 2028 US Presidential Election?,0.9500,0.2125,binary,"['Multiple news sources required', 'Resolution based on source declarations']",False,deepseek-r1:8b,market_semantics_v1
561229,Will JD Vance win the 2028 US Presidential Election?,0.9500,0.1938,binary,"['The market resolution depends on the three sources calling the race, not necessarily on the actual outcome']",False,deepseek-r1:8b,market_semantics_v1
559688,Will Andrew Yang win the 2028 Democratic presidential nomination?,0.9000,0.2167,binary,"['The market resolution depends on acceptance of the nomination', 'Replacement of nominee before election day does not change resolution']",True,deepseek-r1:8b,market_semantics_v1
559680,Will Phil Murphy win the 2028 Democratic presidential nomination?,0.8000,0.2250,binary,"[""The market does not specify what constitutes 'winning' the nomination"", ""The market does not specify what constitutes 'accepting' the nomination""]",True,deepseek-r1:8b,market_semantics_v1
559665,Will Cory Booker win the 2028 Democratic presidential nomination?,0.8000,0.2250,binary,"[""The market does not specify what constitutes 'winning' the nomination"", ""The market does not specify what constitutes 'accepting' the nomination""]",True,deepseek-r1:8b,market_semantics_v1
559654,Will Pete Buttigieg win the 2028 Democratic presidential nomination?,0.9000,0.2167,binary,"['Nomination acceptance timeline', ""Definition of 'win'""]",True,deepseek-r1:8b,market_semantics_v1
562003,Will Kim Kardashian win the 2028 Republican presidential nomination?,0.8000,0.2313,binary,"[""The market does not specify what constitutes 'winning' the nomination before acceptance"", 'The market does not specify if the nomination is for the party or for the election', 'The market does not specify the exact date of the nomination, only the year']",True,deepseek-r1:8b,market_semantics_v1
562001,Will Steve Bannon win the 2028 Republican presidential nomination?,0.8500,0.5094,binary,"['Acceptance of the nomination may be ambiguous', ""Definition of 'win' may be unclear if there are multiple candidates"", 'vague_deadline']",True,deepseek-r1:8b,market_semantics_v1
561991,Will Matt Gaetz win the 2028 Republican presidential nomination?,0.8500,0.2208,binary,"['Acceptance of the nomination may be ambiguous', ""Definition of 'win' may be ambiguous""]",True,deepseek-r1:8b,market_semantics_v1
561985,Will Brian Kemp win the 2028 Republican presidential nomination?,0.9000,0.2167,binary,"['Nomination acceptance may be ambiguous', 'Replacement of nominee before election day does not affect resolution']",True,deepseek-r1:8b,market_semantics_v1
559655,Will Josh Shapiro win the 2028 Democratic presidential nomination?,0.8000,0.5125,binary,"['Temporal resolution is vague', 'Acceptance condition may be subjective', 'vague_deadline']",True,deepseek-r1:8b,market_semantics_v1
562005,Will Thomas Massie win the 2028 Republican presidential nomination?,0.8000,0.2250,binary,"['Nomination acceptance timeline', ""Definition of 'win' in the context of the nomination process""]",True,deepseek-r1:8b,market_semantics_v1
561982,Will Sarah Huckabee Sanders win the 2028 Republican presidential nomination?,0.8500,0.2208,binary,"['Acceptance of the nomination may be ambiguous', ""Definition of 'win' may be unclear if there are multiple candidates or party rules change""]",True,deepseek-r1:8b,market_semantics_v1
561243,Will Donald Trump win the 2028 US Presidential Election?,0.9000,0.2167,binary,"['Multiple sources required', 'Resolution based on media declaration']",True,deepseek-r1:8b,market_semantics_v1
561231,Will Alexandria Ocasio-Cortez win the 2028 US Presidential Election?,0.8500,0.2208,binary,"[""The market depends on media sources' calls"", 'The resolution is based on media consensus, not official results']",True,deepseek-r1:8b,market_semantics_v1
559683,Will George Clooney win the 2028 Democratic presidential nomination?,0.8000,0.5125,binary,"[""The market does not specify what constitutes 'winning' the nomination"", 'The market does not specify if accepting the nomination is required for the outcome', 'vague_deadline']",True,deepseek-r1:8b,market_semantics_v1
559669,Will Rahm Emanuel win the 2028 Democratic presidential nomination?,0.8000,0.5125,binary,"[""The market does not specify what constitutes 'winning' the nomination"", ""The market does not specify what constitutes 'accepting' the nomination"", 'vague_deadline']",True,deepseek-r1:8b,market_semantics_v1
561995,Will Mike Pence win the 2028 Republican presidential nomination?,0.8000,0.2250,binary,"[""The market does not specify what constitutes 'winning' the nomination"", ""The market does not specify what constitutes 'accepting' the nomination""]",True,deepseek-r1:8b,market_semantics_v1
561983,Will Greg Abbott win the 2028 Republican presidential nomination?,0.8000,0.2250,binary,"['Acceptance of the nomination may be ambiguous', ""Definition of 'win' may be ambiguous""]",True,deepseek-r1:8b,market_semantics_v1
561973,Will Donald Trump win the 2028 Republican presidential nomination?,0.8000,0.5125,binary,"['Acceptance of the nomination is not explicitly defined', ""Definition of 'wins' may be ambiguous"", 'vague_deadline']",True,deepseek-r1:8b,market_semantics_v1
561252,Will Dwayne 'The Rock' Johnson win the 2028 US Presidential Election?,0.9000,0.2000,binary,"['The market resolution depends on the inauguration date, not necessarily on the election outcome being confirmed by multiple sources']",True,deepseek-r1:8b,market_semantics_v1
561998,Will Ivanka Trump win the 2028 Republican presidential nomination?,0.8000,0.2313,binary,"[""The market does not specify what constitutes 'winning' the nomination before acceptance"", 'The market does not specify if the nomination is for the party or for the election', 'The market does not specify the exact date of the nomination acceptance']",True,deepseek-r1:8b,market_semantics_v1
561257,Will Michelle Obama win the 2028 US Presidential Election?,0.9000,0.2167,binary,"['The market resolution depends on three specific sources', 'The market may resolve before the election if sources call the race early']",True,deepseek-r1:8b,market_semantics_v1
561255,Will Ivanka Trump win the 2028 US Presidential Election?,0.9000,0.2167,binary,"['Multiple sources required', 'Resolution based on media declarations']",True,deepseek-r1:8b,market_semantics_v1
561245,Will Nikki Haley win the 2028 US Presidential Election?,0.8500,0.2062,binary,"['The market resolution depends on media sources declaring the winner, which may be subjective']",True,deepseek-r1:8b,market_semantics_v1
561237,Will Andy Beshear win the 2028 US Presidential Election?,0.9000,0.2167,binary,"['Election outcomes depend on vote counting and certification processes', 'Potential for recounts or legal challenges']",True,deepseek-r1:8b,market_semantics_v1
559694,Will Ro Khanna win the 2028 Democratic presidential nomination?,0.9000,0.2167,binary,"['Temporal ambiguity: Nomination acceptance may occur after the date specified', 'Acceptance condition may be interpreted broadly']",True,deepseek-r1:8b,market_semantics_v1
559675,Will Jon Stewart win the 2028 Democratic presidential nomination?,0.8000,0.2250,binary,"[""The market does not specify what constitutes 'winning' the nomination"", ""The market does not specify what constitutes 'accepting' the nomination""]",True,deepseek-r1:8b,market_semantics_v1
559656,Will Wes Moore win the 2028 Democratic presidential nomination?,0.8000,0.2250,binary,"[""The market does not specify what constitutes 'winning' the nomination"", 'The market does not specify the exact date for the nomination acceptance']",True,deepseek-r1:8b,market_semantics_v1
562004,Will Marjorie Taylor Greene win the 2028 Republican presidential nomination?,0.9000,0.2167,binary,"['Nomination acceptance is not explicitly defined', 'Replacement of nominee before election day does not affect resolution']",True,deepseek-r1:8b,market_semantics_v1
561253,Will Tucker Carlson win the 2028 US Presidential Election?,0.8000,0.2125,binary,"['The market resolution depends on media sources declaring the winner, which may not reflect the actual election outcome']",True,deepseek-r1:8b,market_semantics_v1
561246,Will Ron DeSantis win the 2028 US Presidential Election?,0.9500,0.2125,binary,"['Multiple sources required', 'Resolution based on source declarations']",False,deepseek-r1:8b,market_semantics_v1
559690,Will Kim Kardashian win the 2028 Democratic presidential nomination?,0.8000,0.5125,binary,"['Temporal resolution is vague', 'Acceptance condition may be subjective', 'vague_deadline']",True,deepseek-r1:8b,market_semantics_v1
559674,Will Jared Polis win the 2028 Democratic presidential nomination?,0.8000,0.2250,binary,"['Acceptance of the nomination is not explicitly defined', ""Definition of 'win' may be ambiguous""]",True,deepseek-r1:8b,market_semantics_v1
559660,Will Andy Beshear win the 2028 Democratic presidential nomination?,0.9000,0.5062,binary,"['Temporal resolution is vague beyond the year', 'Acceptance condition may be ambiguous', 'vague_deadline']",True,deepseek-r1:8b,market_semantics_v1
559657,Will Stephen A. Smith win the 2028 Democratic presidential nomination?,0.8000,0.5050,binary,"[""The market does not specify what constitutes 'winning' the nomination"", 'The market does not specify if the nomination is for the general election', 'The market does not specify if the nominee is confirmed at the national convention', 'vague_deadline']",True,deepseek-r1:8b,market_semantics_v1
565064,Will the Republicans win the 2028 US Presidential Election?,0.9000,0.2167,binary,"['Multiple candidates possible', 'Third-party candidate could affect outcome']",True,deepseek-r1:8b,market_semantics_v1
561984,Will Robert F. Kennedy Jr. win the 2028 Republican presidential nomination?,0.8500,0.2208,binary,"['Nomination acceptance timeline', ""Definition of 'win' in the context of the nomination process""]",True,deepseek-r1:8b,market_semantics_v1
561975,Will Marco Rubio win the 2028 Republican presidential nomination?,0.8000,0.5125,binary,"[""The market does not specify what constitutes 'winning' the nomination if there are multiple candidates or if the nomination is contested"", 'The market does not specify what happens if Marco Rubio wins but does not accept the nomination, but the description says otherwise', 'vague_deadline']",True,deepseek-r1:8b,market_semantics_v1
561262,Will James Talarico win the 2028 US Presidential Election?,0.9000,0.2000,binary,"['The market resolution depends on the three sources calling the race, not on the actual election outcome']",True,deepseek-r1:8b,market_semantics_v1
559679,Will Bernie Sanders win the 2028 Democratic presidential nomination?,0.8000,0.2250,binary,"[""The market does not specify what constitutes 'winning' the nomination before acceptance"", 'The market does not specify if the nomination is for the general election or if there are multiple elections']",True,deepseek-r1:8b,market_semantics_v1
559658,Will Kamala Harris win the 2028 Democratic presidential nomination?,0.9000,0.5062,binary,"['Nomination acceptance timeline', 'Replacement of nominee', 'vague_deadline']",True,deepseek-r1:8b,market_semantics_v1
561992,Will Katie Britt win the 2028 Republican presidential nomination?,0.8000,0.2125,binary,['Acceptance of the nomination is not explicitly defined'],True,deepseek-r1:8b,market_semantics_v1
561240,Will Stephen Smith win the 2028 US Presidential Election?,0.9500,0.1938,binary,"['The market resolution depends on the three sources calling the race, not necessarily on the actual election outcome']",False,deepseek-r1:8b,market_semantics_v1
561236,Will Gretchen Whitmer win the 2028 US Presidential Election?,0.8000,0.2125,binary,"['The market depends on media sources declaring the winner, which may be influenced by biases']",True,deepseek-r1:8b,market_semantics_v1
559678,Will Liz Cheney win the 2028 Democratic presidential nomination?,0.9500,0.5125,binary,"['The market does not resolve if the nominee is replaced before election day', 'vague_deadline']",True,deepseek-r1:8b,market_semantics_v1
559667,Will Michelle Obama win the 2028 Democratic presidential nomination?,0.8000,0.2250,binary,"[""The market does not specify what constitutes 'winning' the nomination before acceptance"", 'The market does not specify if the nomination is for the party or for president']",True,deepseek-r1:8b,market_semantics_v1
561990,Will Elon Musk win the 2028 Republican presidential nomination?,0.8000,0.5125,binary,"['Acceptance of the nomination may be ambiguous', ""Definition of 'win' may be unclear"", 'vague_deadline']",True,deepseek-r1:8b,market_semantics_v1
561260,Will Thomas Massie win the 2028 US Presidential Election?,0.8000,0.2250,binary,"['Election outcome depends on multiple sources', 'Resolution based on media calls, not necessarily on actual votes']",True,deepseek-r1:8b,market_semantics_v1
559692,Will Jasmine Crockett win the 2028 Democratic presidential nomination?,0.9000,0.5062,binary,"['Temporal resolution is vague beyond the year', 'Acceptance condition may require additional verification', 'vague_deadline']",True,deepseek-r1:8b,market_semantics_v1
559685,Will MrBeast win the 2028 Democratic presidential nomination?,0.9000,0.2167,binary,"['Temporal resolution is exact date', 'Acceptance condition may be ambiguous']",True,deepseek-r1:8b,market_semantics_v1
559673,Will John Fetterman win the 2028 Democratic presidential nomination?,0.8000,0.2250,binary,"[""The market does not specify what constitutes 'winning' the nomination"", 'The market does not specify the exact date for the nomination acceptance']",True,deepseek-r1:8b,market_semantics_v1
559672,Will Roy Cooper win the 2028 Democratic presidential nomination?,0.9500,0.1938,binary,['The market does not resolve if the nomination is replaced before election day'],True,deepseek-r1:8b,market_semantics_v1
559653,Will Alexandria Ocasio-Cortez win the 2028 Democratic presidential nomination?,0.9500,0.2125,binary,"['Temporal resolution is exact date', 'Acceptance condition may require additional verification']",True,deepseek-r1:8b,market_semantics_v1
559652,Will Gavin Newsom win the 2028 Democratic presidential nomination?,0.9000,0.2167,binary,"['Nomination acceptance may be ambiguous', ""Definition of 'win' in primary process""]",True,deepseek-r1:8b,market_semantics_v1
562008,Will Pete Hegsetd win the 2028 Republican presidential nomination?,0.8000,0.2313,binary,"[""The market does not specify what constitutes 'winning' the nomination before acceptance"", 'The market does not specify if the nomination is secured before or after the convention', 'The market does not specify if the acceptance is formal or informal']",True,deepseek-r1:8b,market_semantics_v1
561974,Will J.D. Vance win the 2028 Republican presidential nomination?,0.8000,0.2250,binary,"['Acceptance of the nomination is not explicitly defined', ""Definition of 'win' may be ambiguous""]",True,deepseek-r1:8b,market_semantics_v1
561248,Will Vivek Ramaswamy win the 2028 US Presidential Election?,0.9000,0.2167,binary,"['Election resolution depends on multiple sources', 'Possibility of no clear winner']",True,deepseek-r1:8b,market_semantics_v1
561244,Will Donald Trump Jr. win the 2028 US Presidential Election?,0.8500,0.2062,binary,"[""The market resolution depends on media sources' calls, which may be delayed or biased""]",True,deepseek-r1:8b,market_semantics_v1
561242,Will Tulsi Gabbard win the 2028 US Presidential Election?,0.8000,0.2125,binary,"['The market resolution depends on the three sources calling the race, which may not reflect the actual election outcome']",True,deepseek-r1:8b,market_semantics_v1
559695,Will James Talarico win the 2028 Democratic presidential nomination?,0.9000,0.2000,binary,"[""The market does not specify what constitutes 'winning' the nomination before acceptance""]",True,deepseek-r1:8b,market_semantics_v1
559689,Will Beto O’Rourke win the 2028 Democratic presidential nomination?,0.9500,0.2125,binary,"['Temporal resolution is fixed to 2028', 'Acceptance condition may require explicit action']",True,deepseek-r1:8b,market_semantics_v1
559686,Will Dwayne 'The Rock' Johnson win the 2028 Democratic presidential nomination?,0.9000,0.2167,binary,"['Nomination acceptance by Johnson', ""Definition of 'win' in the context of the nomination process""]",True,deepseek-r1:8b,market_semantics_v1
559677,Will Hillary Clinton win the 2028 Democratic presidential nomination?,0.9000,0.5062,binary,"['The market does not resolve if the nomination is replaced before election day', 'The resolution depends on the acceptance of the nomination', 'vague_deadline']",True,deepseek-r1:8b,market_semantics_v1
559670,Will Gina Raimondo win the 2028 Democratic presidential nomination?,0.8000,0.2250,binary,"[""The market does not specify what constitutes 'winning' the nomination before acceptance"", 'The market does not specify if the nomination is for the party or for president']",True,deepseek-r1:8b,market_semantics_v1
559659,Will Gretchen Whitmer win the 2028 Democratic presidential nomination?,0.8000,0.2250,binary,"[""The market does not specify what constitutes 'winning' the nomination before acceptance"", 'The market does not specify if the nomination is for the general election or if there are multiple candidates']",True,deepseek-r1:8b,market_semantics_v1
561988,Will Josh Hawley win the 2028 Republican presidential nomination?,0.9000,0.5062,binary,"['Temporal resolution is vague due to unspecified timing within 2028', 'Acceptance condition may be interpreted as formal acceptance', 'vague_deadline']",True,deepseek-r1:8b,market_semantics_v1
561980,Will Nikki Haley win the 2028 Republican presidential nomination?,0.8000,0.2250,binary,"['Acceptance of the nomination may be ambiguous', ""Definition of 'win' may be ambiguous""]",True,deepseek-r1:8b,market_semantics_v1
561251,Will LeBron James win the 2028 US Presidential Election?,0.8000,0.2125,binary,"['The market resolution depends on multiple news sources, which may introduce ambiguity']",True,deepseek-r1:8b,market_semantics_v1
561249,Will Greg Abbott win the 2028 US Presidential Election?,0.8500,0.2062,binary,"['The market resolution depends on the three sources calling the race, which may introduce ambiguity if there are close calls or delays']",False,deepseek-r1:8b,market_semantics_v1
561241,Will JB Pritzker win the 2028 US Presidential Election?,0.8500,0.2208,binary,"['Election resolution depends on media sources', ""Potential for different definitions of 'call the race'""]",True,deepseek-r1:8b,market_semantics_v1
559684,Will Chelsea Clinton win the 2028 Democratic presidential nomination?,0.9500,0.5125,binary,"['Nominee replacement does not affect resolution', 'vague_deadline']",True,deepseek-r1:8b,market_semantics_v1
559681,Will LeBron James win the 2028 Democratic presidential nomination?,0.8000,0.5050,binary,"[""The market does not specify what constitutes 'winning' the nomination"", 'The market does not specify if the nomination is for the general election', 'The market does not specify if the nominee is the candidate for president', 'vague_deadline']",True,deepseek-r1:8b,market_semantics_v1
562007,Will Joe Kent win the 2028 Republican presidential nomination?,0.8000,0.2250,binary,"['Acceptance of nomination may be ambiguous', ""Definition of 'win' may be ambiguous""]",True,deepseek-r1:8b,market_semantics_v1
561989,Will Ted Cruz win the 2028 Republican presidential nomination?,0.9500,0.5031,binary,"[""The market resolution depends on Ted Cruz's acceptance of the nomination"", 'The market does not consider changes in the nominee before election day', 'vague_deadline']",True,deepseek-r1:8b,market_semantics_v1
561987,Will Elise Stefanik win the 2028 Republican presidential nomination?,0.8000,0.2250,binary,"['Acceptance of the nomination may be ambiguous', ""Definition of 'win' may be ambiguous""]",True,deepseek-r1:8b,market_semantics_v1
561977,Will Glenn Youngkin win the 2028 Republican presidential nomination?,0.8000,0.5125,binary,"['Acceptance of the nomination may be ambiguous', ""Definition of 'win' may be ambiguous"", 'vague_deadline']",True,deepseek-r1:8b,market_semantics_v1
561258,Will Jamie Dimon win the 2028 US Presidential Election?,0.8500,0.2062,binary,"['The market resolution depends on media sources declaring the winner, which may be subjective']",True,deepseek-r1:8b,market_semantics_v1
561247,Will Tim Walz win the 2028 US Presidential Election?,0.8500,0.2208,binary,"['Multiple news sources required for resolution', 'Resolution based on media calls, not official results']",True,deepseek-r1:8b,market_semantics_v1
561239,Will Kamala Harris win the 2028 US Presidential Election?,0.8500,0.2208,binary,"['The market resolution depends on media sources, which may introduce bias', 'The condition for resolution is based on multiple sources calling the race, not necessarily on the actual election outcome']",True,deepseek-r1:8b,market_semantics_v1
559693,Will Ruben Gallego win the 2028 Democratic presidential nomination?,0.9000,0.2167,binary,"['Nominee acceptance is not explicitly defined', 'Replacement before election day does not affect resolution']",True,deepseek-r1:8b,market_semantics_v1
559691,Will Chris Murphy win the 2028 Democratic presidential nomination?,0.8500,0.2208,binary,"['Acceptance of nomination may be ambiguous', ""Definition of 'win' may be unclear""]",True,deepseek-r1:8b,market_semantics_v1
559687,Will Oprah Winfrey win the 2028 Democratic presidential nomination?,0.9000,0.2167,binary,"['Temporal resolution is exact date but event is future', 'Acceptance of nomination may be ambiguous']",True,deepseek-r1:8b,market_semantics_v1
559676,Will Barack Obama win the 2028 Democratic presidential nomination?,0.8000,0.2250,binary,"[""The market does not specify what constitutes 'winning' the nomination"", ""The market does not specify what constitutes 'accepting' the nomination""]",True,deepseek-r1:8b,market_semantics_v1
559671,Will Zohran Mamdani win the 2028 Democratic presidential nomination?,0.9500,0.2125,binary,"['Temporal resolution is exact date', 'Acceptance condition may be ambiguous']",True,deepseek-r1:8b,market_semantics_v1
553838,Will the Minnesota Wild win the 2026 NHL Stanley Cup?,0.9000,0.2167,binary,"[""The market resolution depends on the NHL's determination of impossibility"", 'The exact date of the Stanley Cup final is not specified']",True,deepseek-r1:8b,market_semantics_v1
553829,Will the Vegas Golden Knights win the 2026 NHL Stanley Cup?,1.0000,0.0000,binary,[],False,deepseek-r1:8b,market_semantics_v1
553848,Will the Anaheim Ducks win the 2026 NHL Stanley Cup?,0.9500,0.1938,binary,['Temporal resolution is specific date'],False,deepseek-r1:8b,market_semantics_v1
540820,Trump out as President before GTA VI?,0.8500,0.2281,binary,"[""Definition of 'cease to be President' (e.g., resignation, removal, death)"", ""Credibility of reporting sources for Trump's departure"", ""Interpretation of 'official release' for GTA VI""]",True,deepseek-r1:8b,market_semantics_v1
553824,Will the Carolina Hurricanes win the 2026 NHL Stanley Cup?,0.9500,0.2125,binary,"['Temporal resolution is specific to 2026', 'NHL rules may affect impossibility']",False,deepseek-r1:8b,market_semantics_v1
540844,Will bitcoin hit $1m before GTA VI?,0.9000,0.2167,binary,"['Temporal resolution is vague', 'Release definition may be ambiguous']",True,deepseek-r1:8b,market_semantics_v1
553849,Will the Montreal Canadiens win the 2026 NHL Stanley Cup?,1.0000,0.0000,binary,[],False,deepseek-r1:8b,market_semantics_v1
540819,Will Jesus Christ return before GTA VI?,0.7000,0.2333,binary,"[""Temporal ambiguity due to vague definition of 'return'"", ""Source ambiguity for Jesus' return""]",True,deepseek-r1:8b,market_semantics_v1
540818,New Playboi Carti Album before GTA VI?,0.8500,0.2208,binary,"['Release definitions may vary (e.g., what constitutes an official release)', 'Potential for multiple albums or re-releases to be considered']",True,deepseek-r1:8b,market_semantics_v1
553828,Will the Colorado Avalanche win the 2026 NHL Stanley Cup?,0.9000,0.2167,binary,"['Temporal resolution depends on NHL schedule', ""Definition of 'win' may include playoffs""]",True,deepseek-r1:8b,market_semantics_v1
540843,Will China invades Taiwan before GTA VI?,0.8500,0.2281,binary,"['Military offensive definition', 'GTA VI release definition', 'Deadline interpretation']",True,deepseek-r1:8b,market_semantics_v1
540881,GTA VI released before June 2026?,0.9500,0.5125,binary,"['Release definition includes only official sources', 'vague_deadline']",True,deepseek-r1:8b,market_semantics_v1
540817,New Rihanna Album before GTA VI?,0.8500,0.2208,binary,"[""Definition of 'new' album is not explicitly defined (could be interpreted as any new release)"", 'Potential for multiple releases or editions to be considered']",True,deepseek-r1:8b,market_semantics_v1
553843,Will the Philadelphia Flyers win the 2026 NHL Stanley Cup?,1.0000,0.0000,binary,[],False,deepseek-r1:8b,market_semantics_v1
