relationship_id,market_id_a,market_id_b,type,family,status,strategy_eligibility,question_a,question_b,final_confidence,entity_score,time_score,threshold,candidate_a,candidate_b,shared_event
a237a82eb5e49e4258fb6f32e2882c1b,561229,561240,rejected,,rejected,eligible,Will JD Vance win the 2028 US Presidential Election?,Will Stephen Smith win the 2028 US Presidential Election?,0.4946,0.1,1.0,,,,
cf955cb37683a77c4d85462540b7130f,561229,561256,rejected,,rejected,eligible,Will JD Vance win the 2028 US Presidential Election?,Will Zohran Mamdani win the 2028 US Presidential Election?,0.4946,0.1,1.0,,,,
d6152646920368053919880ef9cc0e99,561240,561256,rejected,,rejected,eligible,Will Stephen Smith win the 2028 US Presidential Election?,Will Zohran Mamdani win the 2028 US Presidential Election?,0.4829,0.1,1.0,,,,
55c8d7a3a3335be7035a440e6f09e3b1,553829,553849,rejected,,rejected,ineligible,Will the Vegas Golden Knights win the 2026 NHL Stanley Cup?,Will the Montreal Canadiens win the 2026 NHL Stanley Cup?,0.481,0.1,1.0,,,,
da08936403dcb16544112584ec0c6470,553824,553843,rejected,,rejected,ineligible,Will the Carolina Hurricanes win the 2026 NHL Stanley Cup?,Will the Philadelphia Flyers win the 2026 NHL Stanley Cup?,0.4465,0.1,1.0,,,,
264e1eeed6a160fb8c1849d99ff66811,553824,553843,rejected,,rejected,,Will the Carolina Hurricanes win the 2026 NHL Stanley Cup?,Will the Philadelphia Flyers win the 2026 NHL Stanley Cup?,0.4447,0.1,1.0,,,,
293e63d1c23f105dfa038c44204c8686,561229,561230,rejected,,rejected,eligible,Will JD Vance win the 2028 US Presidential Election?,Will Gavin Newsom win the 2028 US Presidential Election?,0.4348,0.1,1.0,,,,
d93e0a270f440f3425306cfd02111b7f,561230,561238,rejected,,rejected,eligible,Will Gavin Newsom win the 2028 US Presidential Election?,Will Glenn Youngkin win the 2028 US Presidential Election?,0.4312,0.1,1.0,,,,
56a06ab41442602fee005f0e0f6a78ef,561229,561238,rejected,,rejected,eligible,Will JD Vance win the 2028 US Presidential Election?,Will Glenn Youngkin win the 2028 US Presidential Election?,0.4282,0.1,1.0,,,,
91906d12948e2cf92e9eeb531907db31,561230,561256,rejected,,rejected,eligible,Will Gavin Newsom win the 2028 US Presidential Election?,Will Zohran Mamdani win the 2028 US Presidential Election?,0.4282,0.1,1.0,,,,
6cf51ca51de11d5500cc7b081f666737,561230,561240,rejected,,rejected,eligible,Will Gavin Newsom win the 2028 US Presidential Election?,Will Stephen Smith win the 2028 US Presidential Election?,0.4282,0.1,1.0,,,,
eb66b083f30999da745925718af3f4e9,553824,553848,rejected,,rejected,ineligible,Will the Carolina Hurricanes win the 2026 NHL Stanley Cup?,Will the Anaheim Ducks win the 2026 NHL Stanley Cup?,0.4231,0.1,1.0,,,,
aaa7cdf94f0c0a0ba502fcfd80834b8f,553843,553848,rejected,,rejected,ineligible,Will the Philadelphia Flyers win the 2026 NHL Stanley Cup?,Will the Anaheim Ducks win the 2026 NHL Stanley Cup?,0.4231,0.1,1.0,,,,
f971424445442c9ba6950cd4501d9656,561238,561240,rejected,,rejected,eligible,Will Glenn Youngkin win the 2028 US Presidential Election?,Will Stephen Smith win the 2028 US Presidential Election?,0.4221,0.1,1.0,,,,
a5db3fc962bf80a989856ec4a4676663,561238,561256,rejected,,rejected,eligible,Will Glenn Youngkin win the 2028 US Presidential Election?,Will Zohran Mamdani win the 2028 US Presidential Election?,0.4221,0.1,1.0,,,,
daedba2562be16404299da9e930645ff,561238,561246,rejected,,rejected,eligible,Will Glenn Youngkin win the 2028 US Presidential Election?,Will Ron DeSantis win the 2028 US Presidential Election?,0.4156,0.1,1.0,,,,
9e0f1dfe4585dbd87507e91b40824874,559664,559692,rejected,,rejected,eligible,Will Raphael Warnock win the 2028 Democratic presidential nomination?,Will Jasmine Crockett win the 2028 Democratic presidential nomination?,0.4087,0.293,1.0,,,,
4a7edc372855264331bddc9b1b7798f7,559662,559668,rejected,,rejected,eligible,Will Mark Cuban win the 2028 Democratic presidential nomination?,Will Mark Kelly win the 2028 Democratic presidential nomination?,0.4065,0.15,1.0,,,,
210fbb4f8b616bb4da4239900e8feff9,559661,559675,rejected,,rejected,eligible,Will Jon Ossoff win the 2028 Democratic presidential nomination?,Will Jon Stewart win the 2028 Democratic presidential nomination?,0.4033,0.15,1.0,,,,
3ded6c09ce12018a6d06c211f1e5dc4a,559680,559691,rejected,,rejected,eligible,Will Phil Murphy win the 2028 Democratic presidential nomination?,Will Chris Murphy win the 2028 Democratic presidential nomination?,0.4033,0.15,1.0,,,,
3746b3cfa79b27fc03a3904eb43090a0,561229,561246,rejected,,rejected,eligible,Will JD Vance win the 2028 US Presidential Election?,Will Ron DeSantis win the 2028 US Presidential Election?,0.4022,0.1,1.0,,,,
03944fc624d90f63bf7334623cedd179,561243,561263,rejected,,rejected,ineligible,Will Donald Trump win the 2028 US Presidential Election?,Will Eric Trump win the 2028 US Presidential Election?,0.4,0.1,1.0,,,,
8cd78a1977f5200ff342e072bdd6bf15,559667,561257,same_topic_no_trade,unknown,rejected,eligible,Will Michelle Obama win the 2028 Democratic presidential nomination?,Will Michelle Obama win the 2028 US Presidential Election?,0.4,0.8,1.0,,,,
e5267754e49a11237e3cd6f4d4a5eda2,559671,561256,same_topic_no_trade,unknown,rejected,eligible,Will Zohran Mamdani win the 2028 Democratic presidential nomination?,Will Zohran Mamdani win the 2028 US Presidential Election?,0.4,0.8,1.0,,,,
88ece0b06812ee7e9bf19d7b9b686232,561243,561255,rejected,,rejected,eligible,Will Donald Trump win the 2028 US Presidential Election?,Will Ivanka Trump win the 2028 US Presidential Election?,0.4,0.1,1.0,,,,
ce31d61be71e2c1c5c022fefcb65cec6,561255,561263,rejected,,rejected,ineligible,Will Ivanka Trump win the 2028 US Presidential Election?,Will Eric Trump win the 2028 US Presidential Election?,0.4,0.1,1.0,,,,
671c63a001cfdfe037255346d48f4dd6,559660,561237,same_topic_no_trade,unknown,rejected,eligible,Will Andy Beshear win the 2028 Democratic presidential nomination?,Will Andy Beshear win the 2028 US Presidential Election?,0.3989,0.8,1.0,,,,
67702d888fa0ce85614d831561f2d55b,559653,561231,same_topic_no_trade,unknown,rejected,eligible,Will Alexandria Ocasio-Cortez win the 2028 Democratic presidential nomination?,Will Alexandria Ocasio-Cortez win the 2028 US Presidential Election?,0.3989,0.8,1.0,,,,
45fd5e6fef3c8eb97150eadd3620d712,561246,561256,rejected,,rejected,eligible,Will Ron DeSantis win the 2028 US Presidential Election?,Will Zohran Mamdani win the 2028 US Presidential Election?,0.3981,0.1,1.0,,,,
3383a8fb77a9b2c0c908afc55c5e65d0,561240,561246,rejected,,rejected,eligible,Will Stephen Smith win the 2028 US Presidential Election?,Will Ron DeSantis win the 2028 US Presidential Election?,0.3981,0.1,1.0,,,,
9814f0b1f2c1e137cdd0f01081c9d79d,561248,561981,same_topic_no_trade,unknown,rejected,eligible,Will Vivek Ramaswamy win the 2028 US Presidential Election?,Will Vivek Ramaswamy win the 2028 Republican presidential nomination?,0.3959,0.8,1.0,,,,
5184b8ec86e00363b1ae708c47147f3c,561230,561246,rejected,,rejected,eligible,Will Gavin Newsom win the 2028 US Presidential Election?,Will Ron DeSantis win the 2028 US Presidential Election?,0.3954,0.1,1.0,,,,
03e74183de3610738e4c7192a904db11,559668,559694,rejected,,rejected,eligible,Will Mark Kelly win the 2028 Democratic presidential nomination?,Will Ro Khanna win the 2028 Democratic presidential nomination?,0.3947,0.15,1.0,,,,
cbf9ef26534e42ebee547ec6fa7b7b76,559662,559694,rejected,,rejected,eligible,Will Mark Cuban win the 2028 Democratic presidential nomination?,Will Ro Khanna win the 2028 Democratic presidential nomination?,0.3947,0.15,1.0,,,,
7b13eefd6d90d2688ac31722ff8efe17,561260,562005,same_topic_no_trade,unknown,rejected,eligible,Will Thomas Massie win the 2028 US Presidential Election?,Will Thomas Massie win the 2028 Republican presidential nomination?,0.394,0.775,1.0,,,,
6d862d73d1e0fdaf6175f376226e9342,559677,559684,rejected,,rejected,eligible,Will Hillary Clinton win the 2028 Democratic presidential nomination?,Will Chelsea Clinton win the 2028 Democratic presidential nomination?,0.3933,0.1,1.0,,,,
5b9170e0c89e0e7ad7bb127a5796d918,559666,561247,same_topic_no_trade,unknown,rejected,eligible,Will Tim Walz win the 2028 Democratic presidential nomination?,Will Tim Walz win the 2028 US Presidential Election?,0.3933,0.8,1.0,,,,
1c302d09aad4deb9ff7250e3c822df1d,561238,561977,same_topic_no_trade,unknown,rejected,eligible,Will Glenn Youngkin win the 2028 US Presidential Election?,Will Glenn Youngkin win the 2028 Republican presidential nomination?,0.3923,0.8,1.0,,,,
d1665f8688af505f6969f6abefb096d6,559694,561259,same_topic_no_trade,unknown,rejected,eligible,Will Ro Khanna win the 2028 Democratic presidential nomination?,Will Ro Khanna win the 2028 US Presidential Election?,0.3914,0.775,1.0,,,,
2d911c0905127bffd7fd430f4b610760,559654,561232,same_topic_no_trade,unknown,rejected,eligible,Will Pete Buttigieg win the 2028 Democratic presidential nomination?,Will Pete Buttigieg win the 2028 US Presidential Election?,0.3914,0.775,1.0,,,,
3c4c4d4734389fadaed96d4f40e0c654,561250,561990,same_topic_no_trade,unknown,rejected,eligible,Will Elon Musk win the 2028 US Presidential Election?,Will Elon Musk win the 2028 Republican presidential nomination?,0.3903,0.8,1.0,,,,
a32d8d6605c4ff9fc8381752bb637f2e,559655,561233,same_topic_no_trade,unknown,rejected,eligible,Will Josh Shapiro win the 2028 Democratic presidential nomination?,Will Josh Shapiro win the 2028 US Presidential Election?,0.3903,0.8,1.0,,,,
0757dba0a05e54599e481c229b5c61cf,561242,561976,same_topic_no_trade,unknown,rejected,eligible,Will Tulsi Gabbard win the 2028 US Presidential Election?,Will Tulsi Gabbard win the 2028 Republican presidential nomination?,0.3903,0.775,1.0,,,,
3bb6bcbd0abfb4df2b75823d080d9584,559659,559685,rejected,,rejected,eligible,Will Gretchen Whitmer win the 2028 Democratic presidential nomination?,Will MrBeast win the 2028 Democratic presidential nomination?,0.39,0.15,1.0,,,,
91781c6814d54ad30bd2b0442b0f2a82,559658,559685,rejected,,rejected,eligible,Will Kamala Harris win the 2028 Democratic presidential nomination?,Will MrBeast win the 2028 Democratic presidential nomination?,0.39,0.15,1.0,,,,
f7aa029056858a7d61b62a8de8c6db83,559665,559685,rejected,,rejected,eligible,Will Cory Booker win the 2028 Democratic presidential nomination?,Will MrBeast win the 2028 Democratic presidential nomination?,0.39,0.15,1.0,,,,
e472832acd7c6f09caaac105a3e4f01f,559670,559685,rejected,,rejected,eligible,Will Gina Raimondo win the 2028 Democratic presidential nomination?,Will MrBeast win the 2028 Democratic presidential nomination?,0.39,0.15,1.0,,,,
1a0658a5181b41cda09c5b160d6b01e9,559672,559685,rejected,,rejected,eligible,Will Roy Cooper win the 2028 Democratic presidential nomination?,Will MrBeast win the 2028 Democratic presidential nomination?,0.39,0.15,1.0,,,,
42094d38224ee0d0557108e71dc331a2,559673,559685,rejected,,rejected,eligible,Will John Fetterman win the 2028 Democratic presidential nomination?,Will MrBeast win the 2028 Democratic presidential nomination?,0.39,0.15,1.0,,,,
5a2a278444df7af94c9eb121ed79c5ee,559674,559685,rejected,,rejected,eligible,Will Jared Polis win the 2028 Democratic presidential nomination?,Will MrBeast win the 2028 Democratic presidential nomination?,0.39,0.15,1.0,,,,
1679ec6ef3dd32d0020e6c277ca55fad,559675,559685,rejected,,rejected,eligible,Will Jon Stewart win the 2028 Democratic presidential nomination?,Will MrBeast win the 2028 Democratic presidential nomination?,0.39,0.15,1.0,,,,
f4665bac361b8d7c4cff622177e7fa97,559676,559685,rejected,,rejected,eligible,Will Barack Obama win the 2028 Democratic presidential nomination?,Will MrBeast win the 2028 Democratic presidential nomination?,0.39,0.15,1.0,,,,
988dfac7efd546f72713a3ac10ed16f2,559679,559685,rejected,,rejected,eligible,Will Bernie Sanders win the 2028 Democratic presidential nomination?,Will MrBeast win the 2028 Democratic presidential nomination?,0.39,0.15,1.0,,,,
b5d69ae0b29a9ee8e109065650aef40d,559680,559685,rejected,,rejected,eligible,Will Phil Murphy win the 2028 Democratic presidential nomination?,Will MrBeast win the 2028 Democratic presidential nomination?,0.39,0.15,1.0,,,,
b5204c7778da5b1d5c4db2ea465ae1dc,559682,559685,rejected,,rejected,eligible,Will Hunter Biden win the 2028 Democratic presidential nomination?,Will MrBeast win the 2028 Democratic presidential nomination?,0.39,0.15,1.0,,,,
04b4e2073f8d552ff38835d845f56855,559685,559687,rejected,,rejected,eligible,Will MrBeast win the 2028 Democratic presidential nomination?,Will Oprah Winfrey win the 2028 Democratic presidential nomination?,0.39,0.15,1.0,,,,
ded179019bd03654b9fb0f6eb2a60128,559685,559689,rejected,,rejected,eligible,Will MrBeast win the 2028 Democratic presidential nomination?,Will Beto O’Rourke win the 2028 Democratic presidential nomination?,0.39,0.15,1.0,,,,
7344cebc91202d6299c474a379be65ca,559656,559685,rejected,,rejected,eligible,Will Wes Moore win the 2028 Democratic presidential nomination?,Will MrBeast win the 2028 Democratic presidential nomination?,0.39,0.15,1.0,,,,
973ddd37f6aefdbbb580499bedd6f936,559685,559691,rejected,,rejected,eligible,Will MrBeast win the 2028 Democratic presidential nomination?,Will Chris Murphy win the 2028 Democratic presidential nomination?,0.39,0.15,1.0,,,,
8aca787a9e1cbd1bc32df816a01b7722,561974,561995,rejected,,rejected,eligible,Will J.D. Vance win the 2028 Republican presidential nomination?,Will Mike Pence win the 2028 Republican presidential nomination?,0.39,0.15,1.0,,,,
97587714cf788570f7cdb31a7c93be86,559661,559685,rejected,,rejected,eligible,Will Jon Ossoff win the 2028 Democratic presidential nomination?,Will MrBeast win the 2028 Democratic presidential nomination?,0.39,0.15,1.0,,,,
8d74d8b4a8ef0f5ccfe55a83f8af3f13,561973,561974,rejected,,rejected,eligible,Will Donald Trump win the 2028 Republican presidential nomination?,Will J.D. Vance win the 2028 Republican presidential nomination?,0.39,0.15,1.0,,,,
f0079a1fd8ce28c2c51a9908e1d4794e,561974,561983,rejected,,rejected,eligible,Will J.D. Vance win the 2028 Republican presidential nomination?,Will Greg Abbott win the 2028 Republican presidential nomination?,0.39,0.15,1.0,,,,
4e9fa9145a929cefff2a6adafdf0e8c9,561974,561985,rejected,,rejected,eligible,Will J.D. Vance win the 2028 Republican presidential nomination?,Will Brian Kemp win the 2028 Republican presidential nomination?,0.39,0.15,1.0,,,,
c1b69c8ab2df63d9173357cc5b838ee7,561974,561996,rejected,,rejected,eligible,Will J.D. Vance win the 2028 Republican presidential nomination?,Will Tucker Carlson win the 2028 Republican presidential nomination?,0.39,0.15,1.0,,,,
d83ea6ad30dbdbf28a07297bbba46ff2,559695,561262,same_topic_no_trade,unknown,rejected,eligible,Will James Talarico win the 2028 Democratic presidential nomination?,Will James Talarico win the 2028 US Presidential Election?,0.3886,0.8,1.0,,,,
cec0db338843fe1406f15edb794b2acd,561246,561979,same_topic_no_trade,unknown,rejected,eligible,Will Ron DeSantis win the 2028 US Presidential Election?,Will Ron DeSantis win the 2028 Republican presidential nomination?,0.3886,0.8,1.0,,,,
f910bd97650b0bd92bcdf52de7b40059,559667,559676,rejected,,rejected,eligible,Will Michelle Obama win the 2028 Democratic presidential nomination?,Will Barack Obama win the 2028 Democratic presidential nomination?,0.3883,0.075,1.0,,,,
9e29fc621d43dea534c0a6e4fcc17b9b,561998,562006,rejected,,rejected,eligible,Will Ivanka Trump win the 2028 Republican presidential nomination?,Will Eric Trump win the 2028 Republican presidential nomination?,0.3883,0.075,1.0,,,,
3149098dbe6b313262d91ed4ac193781,561973,561998,rejected,,rejected,eligible,Will Donald Trump win the 2028 Republican presidential nomination?,Will Ivanka Trump win the 2028 Republican presidential nomination?,0.3883,0.075,1.0,,,,
2de26bc261398987df16efb1545e1843,561264,562008,same_topic_no_trade,unknown,rejected,ineligible,Will Pete Hegseth win the 2028 US Presidential Election?,Will Pete Hegseth win the 2028 Republican presidential nomination?,0.3883,0.775,1.0,,,,
81bc17f1290a94cdc67b3f9e0af9ecea,561255,561998,same_topic_no_trade,unknown,rejected,eligible,Will Ivanka Trump win the 2028 US Presidential Election?,Will Ivanka Trump win the 2028 Republican presidential nomination?,0.3876,0.8,1.0,,,,
418590bdf1fce3b701b0dbf876edeb79,559652,561230,same_topic_no_trade,unknown,rejected,eligible,Will Gavin Newsom win the 2028 Democratic presidential nomination?,Will Gavin Newsom win the 2028 US Presidential Election?,0.3873,0.775,1.0,,,,
55c2d8572e14422eb9d47ccfd590a2e7,559659,561236,same_topic_no_trade,unknown,rejected,eligible,Will Gretchen Whitmer win the 2028 Democratic presidential nomination?,Will Gretchen Whitmer win the 2028 US Presidential Election?,0.3862,0.775,1.0,,,,
e602b8cb88b133424c34496b91dcd2b7,561249,561983,same_topic_no_trade,unknown,rejected,eligible,Will Greg Abbott win the 2028 US Presidential Election?,Will Greg Abbott win the 2028 Republican presidential nomination?,0.3862,0.775,1.0,,,,
eb3a5dbeda50cda3d8ebb7efb0ec27ac,559681,561251,same_topic_no_trade,unknown,rejected,eligible,Will LeBron James win the 2028 Democratic presidential nomination?,Will LeBron James win the 2028 US Presidential Election?,0.385,0.8,1.0,,,,
d05915e5bc330ac8425757d70807351d,559654,559688,rejected,,rejected,eligible,Will Pete Buttigieg win the 2028 Democratic presidential nomination?,Will Andrew Yang win the 2028 Democratic presidential nomination?,0.3845,0.15,1.0,,,,
efff93b3309cbec4b2db7533a8e1eccf,561235,561261,rejected,,rejected,eligible,Will Wes Moore win the 2028 US Presidential Election?,Will Jon Ossoff win the 2028 US Presidential Election?,0.3836,0.1,1.0,,,,
c16c87976c39bf32c46a238058a19da0,561243,561973,same_topic_no_trade,unknown,rejected,eligible,Will Donald Trump win the 2028 US Presidential Election?,Will Donald Trump win the 2028 Republican presidential nomination?,0.3826,0.775,1.0,,,,
afbb888cff6a11db64add1dcbd907460,561263,562006,same_topic_no_trade,unknown,rejected,ineligible,Will Eric Trump win the 2028 US Presidential Election?,Will Eric Trump win the 2028 Republican presidential nomination?,0.3826,0.775,1.0,,,,
0b8744f8016fd17a66b13a85725f460a,559681,559695,rejected,,rejected,eligible,Will LeBron James win the 2028 Democratic presidential nomination?,Will James Talarico win the 2028 Democratic presidential nomination?,0.3825,0.1,1.0,,,,
e0438cf9d9f6fe0f058961a8c336d7ba,561235,561254,rejected,,rejected,ineligible,Will Wes Moore win the 2028 US Presidential Election?,Will Kim Kardashian win the 2028 US Presidential Election?,0.3825,0.1,1.0,,,,
af75071d3691d07f3a40912b37d87202,561254,561261,rejected,,rejected,ineligible,Will Kim Kardashian win the 2028 US Presidential Election?,Will Jon Ossoff win the 2028 US Presidential Election?,0.3825,0.1,1.0,,,,
dd9612cec1a2b849a174209b8fc7ab64,561230,561249,rejected,,rejected,eligible,Will Gavin Newsom win the 2028 US Presidential Election?,Will Greg Abbott win the 2028 US Presidential Election?,0.3824,0.1,1.0,,,,
f91baba31c7cbd931f2ad3a8ce640780,559690,561254,same_topic_no_trade,unknown,rejected,ineligible,Will Kim Kardashian win the 2028 Democratic presidential nomination?,Will Kim Kardashian win the 2028 US Presidential Election?,0.3811,0.8,1.0,,,,
3d634456c3026c071a0457c05dc4f462,561253,561996,same_topic_no_trade,unknown,rejected,eligible,Will Tucker Carlson win the 2028 US Presidential Election?,Will Tucker Carlson win the 2028 Republican presidential nomination?,0.3808,0.775,1.0,,,,
c30a8da72e76b3fbb882e493f3e647a9,559656,561235,same_topic_no_trade,unknown,rejected,eligible,Will Wes Moore win the 2028 Democratic presidential nomination?,Will Wes Moore win the 2028 US Presidential Election?,0.3806,0.775,1.0,,,,
9003ce2e15bbe67795cee885e20fcca1,559661,561261,same_topic_no_trade,unknown,rejected,eligible,Will Jon Ossoff win the 2028 Democratic presidential nomination?,Will Jon Ossoff win the 2028 US Presidential Election?,0.3806,0.775,1.0,,,,
995ba56218292b86b031194616e39001,559658,559682,rejected,,rejected,eligible,Will Kamala Harris win the 2028 Democratic presidential nomination?,Will Hunter Biden win the 2028 Democratic presidential nomination?,0.38,0.15,1.0,,,,
50d865855c9161b7897f8ed036d898a3,559656,559658,rejected,,rejected,eligible,Will Wes Moore win the 2028 Democratic presidential nomination?,Will Kamala Harris win the 2028 Democratic presidential nomination?,0.38,0.15,1.0,,,,
7f83db90dccb3610488ffdbf658b634a,559659,559687,rejected,,rejected,eligible,Will Gretchen Whitmer win the 2028 Democratic presidential nomination?,Will Oprah Winfrey win the 2028 Democratic presidential nomination?,0.38,0.15,1.0,,,,
dd652515e04437fb91cc49d6bc2ee8c2,559659,559689,rejected,,rejected,eligible,Will Gretchen Whitmer win the 2028 Democratic presidential nomination?,Will Beto O’Rourke win the 2028 Democratic presidential nomination?,0.38,0.15,1.0,,,,
666af805d041aec5320ab925acf73816,559659,559691,rejected,,rejected,eligible,Will Gretchen Whitmer win the 2028 Democratic presidential nomination?,Will Chris Murphy win the 2028 Democratic presidential nomination?,0.38,0.15,1.0,,,,
a15adaa0152276f4f67095902cb79439,559656,559659,rejected,,rejected,eligible,Will Wes Moore win the 2028 Democratic presidential nomination?,Will Gretchen Whitmer win the 2028 Democratic presidential nomination?,0.38,0.15,1.0,,,,
50d1e9fd837d7f5c97b46a6b96ca2989,559665,559670,rejected,,rejected,eligible,Will Cory Booker win the 2028 Democratic presidential nomination?,Will Gina Raimondo win the 2028 Democratic presidential nomination?,0.38,0.15,1.0,,,,
0165644be5370996c32df9e4e0cfe623,559665,559672,rejected,,rejected,eligible,Will Cory Booker win the 2028 Democratic presidential nomination?,Will Roy Cooper win the 2028 Democratic presidential nomination?,0.38,0.15,1.0,,,,
3ebb3e23d90dc966af4db9c757941bd9,559665,559673,rejected,,rejected,eligible,Will Cory Booker win the 2028 Democratic presidential nomination?,Will John Fetterman win the 2028 Democratic presidential nomination?,0.38,0.15,1.0,,,,
72cba49b85038383a233b76becc83d87,559665,559674,rejected,,rejected,eligible,Will Cory Booker win the 2028 Democratic presidential nomination?,Will Jared Polis win the 2028 Democratic presidential nomination?,0.38,0.15,1.0,,,,
a09b06c48e5e51f771670735c561fbd9,559665,559675,rejected,,rejected,eligible,Will Cory Booker win the 2028 Democratic presidential nomination?,Will Jon Stewart win the 2028 Democratic presidential nomination?,0.38,0.15,1.0,,,,
39f59d8316715b60fcc4cd66be8b9469,559665,559676,rejected,,rejected,eligible,Will Cory Booker win the 2028 Democratic presidential nomination?,Will Barack Obama win the 2028 Democratic presidential nomination?,0.38,0.15,1.0,,,,
d683cc4f034648a16d73de4d799b7ccc,559665,559679,rejected,,rejected,eligible,Will Cory Booker win the 2028 Democratic presidential nomination?,Will Bernie Sanders win the 2028 Democratic presidential nomination?,0.38,0.15,1.0,,,,
cbb99f68059c3e12ddb23ae723b06c35,559665,559680,rejected,,rejected,eligible,Will Cory Booker win the 2028 Democratic presidential nomination?,Will Phil Murphy win the 2028 Democratic presidential nomination?,0.38,0.15,1.0,,,,
cd43fc90c7faa70a542d5a9874ccd5e6,559665,559682,rejected,,rejected,eligible,Will Cory Booker win the 2028 Democratic presidential nomination?,Will Hunter Biden win the 2028 Democratic presidential nomination?,0.38,0.15,1.0,,,,
21e79f44de553225a0b45e347f9355bc,559656,559661,rejected,,rejected,eligible,Will Wes Moore win the 2028 Democratic presidential nomination?,Will Jon Ossoff win the 2028 Democratic presidential nomination?,0.38,0.15,1.0,,,,
8897e891c4902de5f8176accc912b6ae,559665,559687,rejected,,rejected,eligible,Will Cory Booker win the 2028 Democratic presidential nomination?,Will Oprah Winfrey win the 2028 Democratic presidential nomination?,0.38,0.15,1.0,,,,
7761d8cdfa3e73fc5e7abf57f4020cd0,559665,559689,rejected,,rejected,eligible,Will Cory Booker win the 2028 Democratic presidential nomination?,Will Beto O’Rourke win the 2028 Democratic presidential nomination?,0.38,0.15,1.0,,,,
225315e6b6da4d2c7c20460d5173900c,559665,559691,rejected,,rejected,eligible,Will Cory Booker win the 2028 Democratic presidential nomination?,Will Chris Murphy win the 2028 Democratic presidential nomination?,0.38,0.15,1.0,,,,
dd69a90ab93eab3acd0f506a7f5c4bae,559658,559674,rejected,,rejected,eligible,Will Kamala Harris win the 2028 Democratic presidential nomination?,Will Jared Polis win the 2028 Democratic presidential nomination?,0.38,0.15,1.0,,,,
310fdb5aca5566c232ece8aaea59d29d,559670,559672,rejected,,rejected,eligible,Will Gina Raimondo win the 2028 Democratic presidential nomination?,Will Roy Cooper win the 2028 Democratic presidential nomination?,0.38,0.15,1.0,,,,
a948c241ba83bcd17d99f5b15a9f9205,559670,559673,rejected,,rejected,eligible,Will Gina Raimondo win the 2028 Democratic presidential nomination?,Will John Fetterman win the 2028 Democratic presidential nomination?,0.38,0.15,1.0,,,,
72340742bca09bd7aa05fafa177809d9,559670,559674,rejected,,rejected,eligible,Will Gina Raimondo win the 2028 Democratic presidential nomination?,Will Jared Polis win the 2028 Democratic presidential nomination?,0.38,0.15,1.0,,,,
c8659c546136e71d06a561c6ab5f7c0b,559670,559675,rejected,,rejected,eligible,Will Gina Raimondo win the 2028 Democratic presidential nomination?,Will Jon Stewart win the 2028 Democratic presidential nomination?,0.38,0.15,1.0,,,,
64aeab29eda402c43d4b313ac89fea23,559670,559676,rejected,,rejected,eligible,Will Gina Raimondo win the 2028 Democratic presidential nomination?,Will Barack Obama win the 2028 Democratic presidential nomination?,0.38,0.15,1.0,,,,
0a5cee9fe3a005fb277204c7ea2303fa,559670,559679,rejected,,rejected,eligible,Will Gina Raimondo win the 2028 Democratic presidential nomination?,Will Bernie Sanders win the 2028 Democratic presidential nomination?,0.38,0.15,1.0,,,,
99291dc97a12126c17f0a93ca7558b75,559670,559680,rejected,,rejected,eligible,Will Gina Raimondo win the 2028 Democratic presidential nomination?,Will Phil Murphy win the 2028 Democratic presidential nomination?,0.38,0.15,1.0,,,,
d6354c8c603538e830fc0e9a5fcf76d2,559670,559682,rejected,,rejected,eligible,Will Gina Raimondo win the 2028 Democratic presidential nomination?,Will Hunter Biden win the 2028 Democratic presidential nomination?,0.38,0.15,1.0,,,,
4654d88356376fd3b351ee38ee358abf,559656,559665,rejected,,rejected,eligible,Will Wes Moore win the 2028 Democratic presidential nomination?,Will Cory Booker win the 2028 Democratic presidential nomination?,0.38,0.15,1.0,,,,
3c7d700a2e89bfc6de478da7022750e0,559670,559687,rejected,,rejected,eligible,Will Gina Raimondo win the 2028 Democratic presidential nomination?,Will Oprah Winfrey win the 2028 Democratic presidential nomination?,0.38,0.15,1.0,,,,
ac7d2b6f3553bc754f89778ce122f6bc,559670,559689,rejected,,rejected,eligible,Will Gina Raimondo win the 2028 Democratic presidential nomination?,Will Beto O’Rourke win the 2028 Democratic presidential nomination?,0.38,0.15,1.0,,,,
012e43c9ae5cc020580cc15bc62d84a6,559670,559691,rejected,,rejected,eligible,Will Gina Raimondo win the 2028 Democratic presidential nomination?,Will Chris Murphy win the 2028 Democratic presidential nomination?,0.38,0.15,1.0,,,,
1ce49764c55609f7855ac8942c93d74f,559672,559673,rejected,,rejected,eligible,Will Roy Cooper win the 2028 Democratic presidential nomination?,Will John Fetterman win the 2028 Democratic presidential nomination?,0.38,0.15,1.0,,,,
997b603834b654cd2ca765905f7ca3f2,559672,559674,rejected,,rejected,eligible,Will Roy Cooper win the 2028 Democratic presidential nomination?,Will Jared Polis win the 2028 Democratic presidential nomination?,0.38,0.15,1.0,,,,
526e8953d99b595fa1cbabf9b3ac8a10,559672,559675,rejected,,rejected,eligible,Will Roy Cooper win the 2028 Democratic presidential nomination?,Will Jon Stewart win the 2028 Democratic presidential nomination?,0.38,0.15,1.0,,,,
647173d5f2dd40568e6170499e7deba2,559672,559676,rejected,,rejected,eligible,Will Roy Cooper win the 2028 Democratic presidential nomination?,Will Barack Obama win the 2028 Democratic presidential nomination?,0.38,0.15,1.0,,,,
e6131a0346a29169f7f689671f04375b,559672,559679,rejected,,rejected,eligible,Will Roy Cooper win the 2028 Democratic presidential nomination?,Will Bernie Sanders win the 2028 Democratic presidential nomination?,0.38,0.15,1.0,,,,
4d650d05b569504b539f747cf9015eb0,559672,559680,rejected,,rejected,eligible,Will Roy Cooper win the 2028 Democratic presidential nomination?,Will Phil Murphy win the 2028 Democratic presidential nomination?,0.38,0.15,1.0,,,,
9f30845ddb6b348ca522a143635969c0,559672,559682,rejected,,rejected,eligible,Will Roy Cooper win the 2028 Democratic presidential nomination?,Will Hunter Biden win the 2028 Democratic presidential nomination?,0.38,0.15,1.0,,,,
7571cd89de799a8920a789e99f34e2fc,559656,559670,rejected,,rejected,eligible,Will Wes Moore win the 2028 Democratic presidential nomination?,Will Gina Raimondo win the 2028 Democratic presidential nomination?,0.38,0.15,1.0,,,,
d91727517f1cb675afd70b254a59822b,559672,559687,rejected,,rejected,eligible,Will Roy Cooper win the 2028 Democratic presidential nomination?,Will Oprah Winfrey win the 2028 Democratic presidential nomination?,0.38,0.15,1.0,,,,
30a3c1cef910519328394411d1ab5fd3,559672,559689,rejected,,rejected,eligible,Will Roy Cooper win the 2028 Democratic presidential nomination?,Will Beto O’Rourke win the 2028 Democratic presidential nomination?,0.38,0.15,1.0,,,,
4670b2089ffb59bcf766a0fba54357e0,559672,559691,rejected,,rejected,eligible,Will Roy Cooper win the 2028 Democratic presidential nomination?,Will Chris Murphy win the 2028 Democratic presidential nomination?,0.38,0.15,1.0,,,,
b9c5e95b65af4839a1725fa0f55ae3bd,559673,559674,rejected,,rejected,eligible,Will John Fetterman win the 2028 Democratic presidential nomination?,Will Jared Polis win the 2028 Democratic presidential nomination?,0.38,0.15,1.0,,,,
5c64aa310791e215ce7b3a8f04d21879,559673,559675,rejected,,rejected,eligible,Will John Fetterman win the 2028 Democratic presidential nomination?,Will Jon Stewart win the 2028 Democratic presidential nomination?,0.38,0.15,1.0,,,,
03d225d71e430f40052bdc9aa663dd23,559673,559676,rejected,,rejected,eligible,Will John Fetterman win the 2028 Democratic presidential nomination?,Will Barack Obama win the 2028 Democratic presidential nomination?,0.38,0.15,1.0,,,,
0d95661a0baef383404cdbbe7a1ae7a0,559673,559679,rejected,,rejected,eligible,Will John Fetterman win the 2028 Democratic presidential nomination?,Will Bernie Sanders win the 2028 Democratic presidential nomination?,0.38,0.15,1.0,,,,
0081f49e3f9c8718e145aa6ad97fd21e,559673,559680,rejected,,rejected,eligible,Will John Fetterman win the 2028 Democratic presidential nomination?,Will Phil Murphy win the 2028 Democratic presidential nomination?,0.38,0.15,1.0,,,,
f29a98eb2eb5d65ee05a6be56419df4f,559673,559682,rejected,,rejected,eligible,Will John Fetterman win the 2028 Democratic presidential nomination?,Will Hunter Biden win the 2028 Democratic presidential nomination?,0.38,0.15,1.0,,,,
8ca7dbba2050434117e400854ae1d4ab,559656,559672,rejected,,rejected,eligible,Will Wes Moore win the 2028 Democratic presidential nomination?,Will Roy Cooper win the 2028 Democratic presidential nomination?,0.38,0.15,1.0,,,,
74201bb3b73d2fb477a3afba32e20d88,559673,559687,rejected,,rejected,eligible,Will John Fetterman win the 2028 Democratic presidential nomination?,Will Oprah Winfrey win the 2028 Democratic presidential nomination?,0.38,0.15,1.0,,,,
beccc7cdd909ce5a10c9df34a784083f,559673,559689,rejected,,rejected,eligible,Will John Fetterman win the 2028 Democratic presidential nomination?,Will Beto O’Rourke win the 2028 Democratic presidential nomination?,0.38,0.15,1.0,,,,
d662ab0adce3d0261d1d0b2c394e4308,559673,559691,rejected,,rejected,eligible,Will John Fetterman win the 2028 Democratic presidential nomination?,Will Chris Murphy win the 2028 Democratic presidential nomination?,0.38,0.15,1.0,,,,
d948965e418c00df2186a5468e034f1d,559674,559675,rejected,,rejected,eligible,Will Jared Polis win the 2028 Democratic presidential nomination?,Will Jon Stewart win the 2028 Democratic presidential nomination?,0.38,0.15,1.0,,,,
dfc83d1ab146a0bd550b8ae5600a4886,559674,559676,rejected,,rejected,eligible,Will Jared Polis win the 2028 Democratic presidential nomination?,Will Barack Obama win the 2028 Democratic presidential nomination?,0.38,0.15,1.0,,,,
cd0526923c51543f176ad4e0bc045dd6,559674,559679,rejected,,rejected,eligible,Will Jared Polis win the 2028 Democratic presidential nomination?,Will Bernie Sanders win the 2028 Democratic presidential nomination?,0.38,0.15,1.0,,,,
2ac85152d00ccd24e461b3d83c65d28e,559674,559680,rejected,,rejected,eligible,Will Jared Polis win the 2028 Democratic presidential nomination?,Will Phil Murphy win the 2028 Democratic presidential nomination?,0.38,0.15,1.0,,,,
c17588ae8a18901ec3df009d6cf7f579,559674,559682,rejected,,rejected,eligible,Will Jared Polis win the 2028 Democratic presidential nomination?,Will Hunter Biden win the 2028 Democratic presidential nomination?,0.38,0.15,1.0,,,,
90b127843c48958580e3d07e3408c5c6,559656,559673,rejected,,rejected,eligible,Will Wes Moore win the 2028 Democratic presidential nomination?,Will John Fetterman win the 2028 Democratic presidential nomination?,0.38,0.15,1.0,,,,
85165843b13e2b504654ec74eda584e0,559674,559687,rejected,,rejected,eligible,Will Jared Polis win the 2028 Democratic presidential nomination?,Will Oprah Winfrey win the 2028 Democratic presidential nomination?,0.38,0.15,1.0,,,,
212321dd84eed189696c3d1c52e77a19,559674,559689,rejected,,rejected,eligible,Will Jared Polis win the 2028 Democratic presidential nomination?,Will Beto O’Rourke win the 2028 Democratic presidential nomination?,0.38,0.15,1.0,,,,
99c072f35a33856c74d7c5c1410692fa,559674,559691,rejected,,rejected,eligible,Will Jared Polis win the 2028 Democratic presidential nomination?,Will Chris Murphy win the 2028 Democratic presidential nomination?,0.38,0.15,1.0,,,,
2e17d8419e3d44917555d4dfa4adc6ea,559675,559676,rejected,,rejected,eligible,Will Jon Stewart win the 2028 Democratic presidential nomination?,Will Barack Obama win the 2028 Democratic presidential nomination?,0.38,0.15,1.0,,,,
40658ebdc1965029763f6fe5686ecddb,559675,559679,rejected,,rejected,eligible,Will Jon Stewart win the 2028 Democratic presidential nomination?,Will Bernie Sanders win the 2028 Democratic presidential nomination?,0.38,0.15,1.0,,,,
3ea2390b84312b401d81cfdf2cc24f1e,559675,559680,rejected,,rejected,eligible,Will Jon Stewart win the 2028 Democratic presidential nomination?,Will Phil Murphy win the 2028 Democratic presidential nomination?,0.38,0.15,1.0,,,,
7d761ca01ffd091e9af58580e99912a4,559675,559682,rejected,,rejected,eligible,Will Jon Stewart win the 2028 Democratic presidential nomination?,Will Hunter Biden win the 2028 Democratic presidential nomination?,0.38,0.15,1.0,,,,
5399fe22c54cd4fe4f492fec6c1b4c16,559656,559674,rejected,,rejected,eligible,Will Wes Moore win the 2028 Democratic presidential nomination?,Will Jared Polis win the 2028 Democratic presidential nomination?,0.38,0.15,1.0,,,,
7d2185896f18f2f3ca550dcc1bacc576,559675,559687,rejected,,rejected,eligible,Will Jon Stewart win the 2028 Democratic presidential nomination?,Will Oprah Winfrey win the 2028 Democratic presidential nomination?,0.38,0.15,1.0,,,,
c87f7add43125d676958476b574a8bda,559675,559689,rejected,,rejected,eligible,Will Jon Stewart win the 2028 Democratic presidential nomination?,Will Beto O’Rourke win the 2028 Democratic presidential nomination?,0.38,0.15,1.0,,,,
b8e8a90eae20e59f3624e8cedbeb6cc0,559675,559691,rejected,,rejected,eligible,Will Jon Stewart win the 2028 Democratic presidential nomination?,Will Chris Murphy win the 2028 Democratic presidential nomination?,0.38,0.15,1.0,,,,
5d7061c005c30f7c0b66b1a837d5ac22,559676,559679,rejected,,rejected,eligible,Will Barack Obama win the 2028 Democratic presidential nomination?,Will Bernie Sanders win the 2028 Democratic presidential nomination?,0.38,0.15,1.0,,,,
e966f4fd07d0eef67a2c6b6ba6de7257,559676,559680,rejected,,rejected,eligible,Will Barack Obama win the 2028 Democratic presidential nomination?,Will Phil Murphy win the 2028 Democratic presidential nomination?,0.38,0.15,1.0,,,,
413003e8f7ef8c2fe72ec0dad9031413,559676,559682,rejected,,rejected,eligible,Will Barack Obama win the 2028 Democratic presidential nomination?,Will Hunter Biden win the 2028 Democratic presidential nomination?,0.38,0.15,1.0,,,,
240da4b39291348a9e0ad74e9cbe36e3,559656,559675,rejected,,rejected,eligible,Will Wes Moore win the 2028 Democratic presidential nomination?,Will Jon Stewart win the 2028 Democratic presidential nomination?,0.38,0.15,1.0,,,,
4f4cd7fa6ac00b50a20747bba23de6f0,559676,559687,rejected,,rejected,eligible,Will Barack Obama win the 2028 Democratic presidential nomination?,Will Oprah Winfrey win the 2028 Democratic presidential nomination?,0.38,0.15,1.0,,,,
99e767bc3cccac6ae3fe4da4b3536763,559676,559689,rejected,,rejected,eligible,Will Barack Obama win the 2028 Democratic presidential nomination?,Will Beto O’Rourke win the 2028 Democratic presidential nomination?,0.38,0.15,1.0,,,,
f3e5ecb68c92efe2d240b60d11f208c2,559676,559691,rejected,,rejected,eligible,Will Barack Obama win the 2028 Democratic presidential nomination?,Will Chris Murphy win the 2028 Democratic presidential nomination?,0.38,0.15,1.0,,,,
d42b6cc59c9f54fa6d04a9527dcfd1ac,559679,559680,rejected,,rejected,eligible,Will Bernie Sanders win the 2028 Democratic presidential nomination?,Will Phil Murphy win the 2028 Democratic presidential nomination?,0.38,0.15,1.0,,,,
27f3b57ef56958e5bafcc256b2585625,559679,559682,rejected,,rejected,eligible,Will Bernie Sanders win the 2028 Democratic presidential nomination?,Will Hunter Biden win the 2028 Democratic presidential nomination?,0.38,0.15,1.0,,,,
0ff97ac191ea47a9dff07f1dff18cc75,559656,559676,rejected,,rejected,eligible,Will Wes Moore win the 2028 Democratic presidential nomination?,Will Barack Obama win the 2028 Democratic presidential nomination?,0.38,0.15,1.0,,,,
0f58c6e60c410454190c5762e789458a,559679,559687,rejected,,rejected,eligible,Will Bernie Sanders win the 2028 Democratic presidential nomination?,Will Oprah Winfrey win the 2028 Democratic presidential nomination?,0.38,0.15,1.0,,,,
6b32ff15a960c187988474f5eefedab1,559679,559689,rejected,,rejected,eligible,Will Bernie Sanders win the 2028 Democratic presidential nomination?,Will Beto O’Rourke win the 2028 Democratic presidential nomination?,0.38,0.15,1.0,,,,
7239e2989164e51da19bda63b4d72167,559679,559691,rejected,,rejected,eligible,Will Bernie Sanders win the 2028 Democratic presidential nomination?,Will Chris Murphy win the 2028 Democratic presidential nomination?,0.38,0.15,1.0,,,,
2cb114982b07e58c031560aa2f85ad63,559680,559682,rejected,,rejected,eligible,Will Phil Murphy win the 2028 Democratic presidential nomination?,Will Hunter Biden win the 2028 Democratic presidential nomination?,0.38,0.15,1.0,,,,
42b69883bb0d01f500bc8de06988a6bd,559656,559679,rejected,,rejected,eligible,Will Wes Moore win the 2028 Democratic presidential nomination?,Will Bernie Sanders win the 2028 Democratic presidential nomination?,0.38,0.15,1.0,,,,
d87c5e842e6a8387dbf8126bd2a31d63,559680,559687,rejected,,rejected,eligible,Will Phil Murphy win the 2028 Democratic presidential nomination?,Will Oprah Winfrey win the 2028 Democratic presidential nomination?,0.38,0.15,1.0,,,,
ed6537935e39da293cb5c8fd166b7dd7,559680,559689,rejected,,rejected,eligible,Will Phil Murphy win the 2028 Democratic presidential nomination?,Will Beto O’Rourke win the 2028 Democratic presidential nomination?,0.38,0.15,1.0,,,,
da69a07a84e976b4eea59c7d041adb54,559659,559672,rejected,,rejected,eligible,Will Gretchen Whitmer win the 2028 Democratic presidential nomination?,Will Roy Cooper win the 2028 Democratic presidential nomination?,0.38,0.15,1.0,,,,
775b95c387d16eb889e740d94a03b6e5,559658,559689,rejected,,rejected,eligible,Will Kamala Harris win the 2028 Democratic presidential nomination?,Will Beto O’Rourke win the 2028 Democratic presidential nomination?,0.38,0.15,1.0,,,,
d5e2b86c38e829522dcca7589fbf413f,559656,559680,rejected,,rejected,eligible,Will Wes Moore win the 2028 Democratic presidential nomination?,Will Phil Murphy win the 2028 Democratic presidential nomination?,0.38,0.15,1.0,,,,
f0d1d16abcac0349548cb4f84fd9150b,559682,559687,rejected,,rejected,eligible,Will Hunter Biden win the 2028 Democratic presidential nomination?,Will Oprah Winfrey win the 2028 Democratic presidential nomination?,0.38,0.15,1.0,,,,
fc1c6c8ac1809d23f6158bf44272726e,559682,559689,rejected,,rejected,eligible,Will Hunter Biden win the 2028 Democratic presidential nomination?,Will Beto O’Rourke win the 2028 Democratic presidential nomination?,0.38,0.15,1.0,,,,
e1732a3639ed02b9b78ca222116f2545,559682,559691,rejected,,rejected,eligible,Will Hunter Biden win the 2028 Democratic presidential nomination?,Will Chris Murphy win the 2028 Democratic presidential nomination?,0.38,0.15,1.0,,,,
c99f86e3f753ed5d6f4675e23350f264,559656,559682,rejected,,rejected,eligible,Will Wes Moore win the 2028 Democratic presidential nomination?,Will Hunter Biden win the 2028 Democratic presidential nomination?,0.38,0.15,1.0,,,,
350393548c891a18d7d68b899f9aa07f,559656,559687,rejected,,rejected,eligible,Will Wes Moore win the 2028 Democratic presidential nomination?,Will Oprah Winfrey win the 2028 Democratic presidential nomination?,0.38,0.15,1.0,,,,
334ea067e2535fd4b0ca3797d4961b8c,559656,559689,rejected,,rejected,eligible,Will Wes Moore win the 2028 Democratic presidential nomination?,Will Beto O’Rourke win the 2028 Democratic presidential nomination?,0.38,0.15,1.0,,,,
739f8097961ff59054d5b5c7512af241,559685,559694,rejected,,rejected,eligible,Will MrBeast win the 2028 Democratic presidential nomination?,Will Ro Khanna win the 2028 Democratic presidential nomination?,0.38,0.15,1.0,,,,
276b2206c2405d91e23e49b452832faa,559687,559689,rejected,,rejected,eligible,Will Oprah Winfrey win the 2028 Democratic presidential nomination?,Will Beto O’Rourke win the 2028 Democratic presidential nomination?,0.38,0.15,1.0,,,,
fa556591459dd7d58aacdabe418bf10a,559687,559691,rejected,,rejected,eligible,Will Oprah Winfrey win the 2028 Democratic presidential nomination?,Will Chris Murphy win the 2028 Democratic presidential nomination?,0.38,0.15,1.0,,,,
e5c91f35385bd90283905fd67c950ee3,559689,559691,rejected,,rejected,eligible,Will Beto O’Rourke win the 2028 Democratic presidential nomination?,Will Chris Murphy win the 2028 Democratic presidential nomination?,0.38,0.15,1.0,,,,
007587539feda6e6920bfee79295ec02,559659,559676,rejected,,rejected,eligible,Will Gretchen Whitmer win the 2028 Democratic presidential nomination?,Will Barack Obama win the 2028 Democratic presidential nomination?,0.38,0.15,1.0,,,,
5122926f6e7f79e8e5f9be0886c1ca6e,559658,559672,rejected,,rejected,eligible,Will Kamala Harris win the 2028 Democratic presidential nomination?,Will Roy Cooper win the 2028 Democratic presidential nomination?,0.38,0.15,1.0,,,,
f06ef5fd2e977655afe89ba023d0b3fb,559659,559673,rejected,,rejected,eligible,Will Gretchen Whitmer win the 2028 Democratic presidential nomination?,Will John Fetterman win the 2028 Democratic presidential nomination?,0.38,0.15,1.0,,,,
235336a8c00facd1839d41fae2b9ab3a,559659,559661,rejected,,rejected,eligible,Will Gretchen Whitmer win the 2028 Democratic presidential nomination?,Will Jon Ossoff win the 2028 Democratic presidential nomination?,0.38,0.15,1.0,,,,
a2711a3fe56853d3b4639da2772feefd,559656,559691,rejected,,rejected,eligible,Will Wes Moore win the 2028 Democratic presidential nomination?,Will Chris Murphy win the 2028 Democratic presidential nomination?,0.38,0.15,1.0,,,,
e439b0a3bde63be66c0327d1529ad5a8,559658,559687,rejected,,rejected,eligible,Will Kamala Harris win the 2028 Democratic presidential nomination?,Will Oprah Winfrey win the 2028 Democratic presidential nomination?,0.38,0.15,1.0,,,,
d4a8b2d94201e57bc43756a56445e283,559658,559691,rejected,,rejected,eligible,Will Kamala Harris win the 2028 Democratic presidential nomination?,Will Chris Murphy win the 2028 Democratic presidential nomination?,0.38,0.15,1.0,,,,
3c4ccb5b0422cc4df807fd6569901005,559659,559679,rejected,,rejected,eligible,Will Gretchen Whitmer win the 2028 Democratic presidential nomination?,Will Bernie Sanders win the 2028 Democratic presidential nomination?,0.38,0.15,1.0,,,,
afe0cb68b40747bcd4184e4223798f8d,559659,559674,rejected,,rejected,eligible,Will Gretchen Whitmer win the 2028 Democratic presidential nomination?,Will Jared Polis win the 2028 Democratic presidential nomination?,0.38,0.15,1.0,,,,
d1321d47cd1d4e7f149b74eef036c07a,562002,562006,rejected,,rejected,eligible,Will Erika Kirk win the 2028 Republican presidential nomination?,Will Eric Trump win the 2028 Republican presidential nomination?,0.38,0.15,1.0,,,,
21f9bee500928a77107487f4cc6b08f7,559658,559680,rejected,,rejected,eligible,Will Kamala Harris win the 2028 Democratic presidential nomination?,Will Phil Murphy win the 2028 Democratic presidential nomination?,0.38,0.15,1.0,,,,
8c0578c10d567c8e259a591ec17e8a86,561995,561996,rejected,,rejected,eligible,Will Mike Pence win the 2028 Republican presidential nomination?,Will Tucker Carlson win the 2028 Republican presidential nomination?,0.38,0.15,1.0,,,,
96fb3cf5d1ad565da311052f6aabd861,561996,562002,rejected,,rejected,eligible,Will Tucker Carlson win the 2028 Republican presidential nomination?,Will Erika Kirk win the 2028 Republican presidential nomination?,0.38,0.15,1.0,,,,
2ce6db09dbabe03566762fbdf78a5f94,561996,562003,rejected,,rejected,eligible,Will Tucker Carlson win the 2028 Republican presidential nomination?,Will Kim Kardashian win the 2028 Republican presidential nomination?,0.38,0.15,1.0,,,,
2bdb6432ab872d4d1b4e61e403e0d132,561996,562005,rejected,,rejected,eligible,Will Tucker Carlson win the 2028 Republican presidential nomination?,Will Thomas Massie win the 2028 Republican presidential nomination?,0.38,0.15,1.0,,,,
673f629a2ac7f13ea0e1e81ee68917a1,561996,562006,rejected,,rejected,eligible,Will Tucker Carlson win the 2028 Republican presidential nomination?,Will Eric Trump win the 2028 Republican presidential nomination?,0.38,0.15,1.0,,,,
f2ae9aecfaeb4961a65c73dba5ecc28c,559658,559675,rejected,,rejected,eligible,Will Kamala Harris win the 2028 Democratic presidential nomination?,Will Jon Stewart win the 2028 Democratic presidential nomination?,0.38,0.15,1.0,,,,
0e9785bc6d9bfbfd25ac5ec41444f210,562005,562006,rejected,,rejected,eligible,Will Thomas Massie win the 2028 Republican presidential nomination?,Will Eric Trump win the 2028 Republican presidential nomination?,0.38,0.15,1.0,,,,
bb5b57efae4c01b999c1e2e107c41856,562005,562008,rejected,,rejected,eligible,Will Thomas Massie win the 2028 Republican presidential nomination?,Will Pete Hegseth win the 2028 Republican presidential nomination?,0.38,0.15,1.0,,,,
df07fe5f20dd58eb622d808625903736,562006,562008,rejected,,rejected,eligible,Will Eric Trump win the 2028 Republican presidential nomination?,Will Pete Hegseth win the 2028 Republican presidential nomination?,0.38,0.15,1.0,,,,
7075d83327fc433603fb220dd0106458,559659,559675,rejected,,rejected,eligible,Will Gretchen Whitmer win the 2028 Democratic presidential nomination?,Will Jon Stewart win the 2028 Democratic presidential nomination?,0.38,0.15,1.0,,,,
c9dd46d8acb3c2c9313346020188c5a4,559659,559680,rejected,,rejected,eligible,Will Gretchen Whitmer win the 2028 Democratic presidential nomination?,Will Phil Murphy win the 2028 Democratic presidential nomination?,0.38,0.15,1.0,,,,
d4724fa18d71ab38bd7786544205a7d8,559658,559659,rejected,,rejected,eligible,Will Kamala Harris win the 2028 Democratic presidential nomination?,Will Gretchen Whitmer win the 2028 Democratic presidential nomination?,0.38,0.15,1.0,,,,
ecf86b3fc3c4b721293efd807390be5c,559661,559687,rejected,,rejected,eligible,Will Jon Ossoff win the 2028 Democratic presidential nomination?,Will Oprah Winfrey win the 2028 Democratic presidential nomination?,0.38,0.15,1.0,,,,
c7155a8f7f52208fe724a143cb8df48b,559661,559689,rejected,,rejected,eligible,Will Jon Ossoff win the 2028 Democratic presidential nomination?,Will Beto O’Rourke win the 2028 Democratic presidential nomination?,0.38,0.15,1.0,,,,
4ec6acd018bcb3ae0d6252945c4d22b6,559661,559691,rejected,,rejected,eligible,Will Jon Ossoff win the 2028 Democratic presidential nomination?,Will Chris Murphy win the 2028 Democratic presidential nomination?,0.38,0.15,1.0,,,,
f1227f98bbaa081f3b275599e40957d6,559658,559661,rejected,,rejected,eligible,Will Kamala Harris win the 2028 Democratic presidential nomination?,Will Jon Ossoff win the 2028 Democratic presidential nomination?,0.38,0.15,1.0,,,,
2c8ff1e7123ce88a522a8f6c2477dc32,561985,561996,rejected,,rejected,eligible,Will Brian Kemp win the 2028 Republican presidential nomination?,Will Tucker Carlson win the 2028 Republican presidential nomination?,0.38,0.15,1.0,,,,
0938ae9cfa3a36222097237e4916e077,559659,559665,rejected,,rejected,eligible,Will Gretchen Whitmer win the 2028 Democratic presidential nomination?,Will Cory Booker win the 2028 Democratic presidential nomination?,0.38,0.15,1.0,,,,
b05a7866498999b692378baebbb69e8b,559661,559665,rejected,,rejected,eligible,Will Jon Ossoff win the 2028 Democratic presidential nomination?,Will Cory Booker win the 2028 Democratic presidential nomination?,0.38,0.15,1.0,,,,
b34648214e0358681674204c7d55b4ff,559661,559670,rejected,,rejected,eligible,Will Jon Ossoff win the 2028 Democratic presidential nomination?,Will Gina Raimondo win the 2028 Democratic presidential nomination?,0.38,0.15,1.0,,,,
73a80654868cff74bd2abebecba196e7,559658,559673,rejected,,rejected,eligible,Will Kamala Harris win the 2028 Democratic presidential nomination?,Will John Fetterman win the 2028 Democratic presidential nomination?,0.38,0.15,1.0,,,,
73175489d5a878ab2a45bc34b1dbdff4,559661,559672,rejected,,rejected,eligible,Will Jon Ossoff win the 2028 Democratic presidential nomination?,Will Roy Cooper win the 2028 Democratic presidential nomination?,0.38,0.15,1.0,,,,
75b2cf5e64e95215fe61de57cd310f77,561973,561995,rejected,,rejected,eligible,Will Donald Trump win the 2028 Republican presidential nomination?,Will Mike Pence win the 2028 Republican presidential nomination?,0.38,0.15,1.0,,,,
6605bf9f1222a632a24000f9cf9f6eca,561973,561996,rejected,,rejected,eligible,Will Donald Trump win the 2028 Republican presidential nomination?,Will Tucker Carlson win the 2028 Republican presidential nomination?,0.38,0.15,1.0,,,,
bcb44d1e3f58e4fbaca0c14c26195578,559658,559676,rejected,,rejected,eligible,Will Kamala Harris win the 2028 Democratic presidential nomination?,Will Barack Obama win the 2028 Democratic presidential nomination?,0.38,0.15,1.0,,,,
296003c4adb0f98af5d04fbc09bbc69a,559661,559673,rejected,,rejected,eligible,Will Jon Ossoff win the 2028 Democratic presidential nomination?,Will John Fetterman win the 2028 Democratic presidential nomination?,0.38,0.15,1.0,,,,
35da268b779089adf76bbf513a9ed3e1,559661,559674,rejected,,rejected,eligible,Will Jon Ossoff win the 2028 Democratic presidential nomination?,Will Jared Polis win the 2028 Democratic presidential nomination?,0.38,0.15,1.0,,,,
30ef45c0ed868f6c3c8bec1a4c7d6d0c,561974,561982,rejected,,rejected,eligible,Will J.D. Vance win the 2028 Republican presidential nomination?,Will Sarah Huckabee Sanders win the 2028 Republican presidential nomination?,0.38,0.15,1.0,,,,
8ba3c761c0b7640528253d4dec7a8a30,559658,559665,rejected,,rejected,eligible,Will Kamala Harris win the 2028 Democratic presidential nomination?,Will Cory Booker win the 2028 Democratic presidential nomination?,0.38,0.15,1.0,,,,
0eca6d73e9cea04ec17d69d1eda12c3d,561974,561984,rejected,,rejected,eligible,Will J.D. Vance win the 2028 Republican presidential nomination?,Will Robert F. Kennedy Jr. win the 2028 Republican presidential nomination?,0.38,0.15,1.0,,,,
c3ae5b8b5574da331c65d892269acf0d,559658,559670,rejected,,rejected,eligible,Will Kamala Harris win the 2028 Democratic presidential nomination?,Will Gina Raimondo win the 2028 Democratic presidential nomination?,0.38,0.15,1.0,,,,
b3cbed8aab2a1723896a810c7d08b965,561983,561995,rejected,,rejected,eligible,Will Greg Abbott win the 2028 Republican presidential nomination?,Will Mike Pence win the 2028 Republican presidential nomination?,0.38,0.15,1.0,,,,
f385c3d2e1e111dd8cc813f68fb92f56,561983,561996,rejected,,rejected,eligible,Will Greg Abbott win the 2028 Republican presidential nomination?,Will Tucker Carlson win the 2028 Republican presidential nomination?,0.38,0.15,1.0,,,,
da4ad25bdf7fe24cb9fda3c8540b6129,562002,562003,rejected,,rejected,eligible,Will Erika Kirk win the 2028 Republican presidential nomination?,Will Kim Kardashian win the 2028 Republican presidential nomination?,0.38,0.15,1.0,,,,
2ffc3708a77d8c9892b92aff8ce0265c,562003,562005,rejected,,rejected,eligible,Will Kim Kardashian win the 2028 Republican presidential nomination?,Will Thomas Massie win the 2028 Republican presidential nomination?,0.38,0.15,1.0,,,,
d8e2e0f53494c82fc2eb5d2fc622d100,559661,559679,rejected,,rejected,eligible,Will Jon Ossoff win the 2028 Democratic presidential nomination?,Will Bernie Sanders win the 2028 Democratic presidential nomination?,0.38,0.15,1.0,,,,
cddb71853e92fe2529a4ebd3b9894f16,562003,562006,rejected,,rejected,eligible,Will Kim Kardashian win the 2028 Republican presidential nomination?,Will Eric Trump win the 2028 Republican presidential nomination?,0.38,0.15,1.0,,,,
aa9c262488e4e4a3611a5da17a333ee6,562003,562008,rejected,,rejected,eligible,Will Kim Kardashian win the 2028 Republican presidential nomination?,Will Pete Hegseth win the 2028 Republican presidential nomination?,0.38,0.15,1.0,,,,
38c3f879d8b14fe39c1ea4d38c330b08,562002,562005,rejected,,rejected,eligible,Will Erika Kirk win the 2028 Republican presidential nomination?,Will Thomas Massie win the 2028 Republican presidential nomination?,0.38,0.15,1.0,,,,
a39c82d8ca3a44127d920ccc2d540767,559658,559679,rejected,,rejected,eligible,Will Kamala Harris win the 2028 Democratic presidential nomination?,Will Bernie Sanders win the 2028 Democratic presidential nomination?,0.38,0.15,1.0,,,,
5262f1d2d87d838f0fdac5bfed271fb4,559659,559670,rejected,,rejected,eligible,Will Gretchen Whitmer win the 2028 Democratic presidential nomination?,Will Gina Raimondo win the 2028 Democratic presidential nomination?,0.38,0.15,1.0,,,,
1da2a3377b19d7a65c4ad270033a6aba,561974,562000,rejected,,rejected,eligible,Will J.D. Vance win the 2028 Republican presidential nomination?,Will Rand Paul win the 2028 Republican presidential nomination?,0.38,0.15,1.0,,,,
6e66ae000b2446f3322ea74566a08231,561973,561985,rejected,,rejected,eligible,Will Donald Trump win the 2028 Republican presidential nomination?,Will Brian Kemp win the 2028 Republican presidential nomination?,0.38,0.15,1.0,,,,
826a43e35062864edb621c672567602d,559661,559680,rejected,,rejected,eligible,Will Jon Ossoff win the 2028 Democratic presidential nomination?,Will Phil Murphy win the 2028 Democratic presidential nomination?,0.38,0.15,1.0,,,,
a245eb62a42f8238fa66b4db4678a31d,561983,561985,rejected,,rejected,eligible,Will Greg Abbott win the 2028 Republican presidential nomination?,Will Brian Kemp win the 2028 Republican presidential nomination?,0.38,0.15,1.0,,,,
51437b115acc34e50e9753780f4a3e54,559661,559682,rejected,,rejected,eligible,Will Jon Ossoff win the 2028 Democratic presidential nomination?,Will Hunter Biden win the 2028 Democratic presidential nomination?,0.38,0.15,1.0,,,,
56a661cfb02a3aa8fa3e983bd0700308,559659,559682,rejected,,rejected,eligible,Will Gretchen Whitmer win the 2028 Democratic presidential nomination?,Will Hunter Biden win the 2028 Democratic presidential nomination?,0.38,0.15,1.0,,,,
46e5b4948ba661021720fd88ba22ea3d,562002,562008,rejected,,rejected,eligible,Will Erika Kirk win the 2028 Republican presidential nomination?,Will Pete Hegseth win the 2028 Republican presidential nomination?,0.38,0.15,1.0,,,,
5565bf8808bd144000163bbe5ff32198,561973,561983,rejected,,rejected,eligible,Will Donald Trump win the 2028 Republican presidential nomination?,Will Greg Abbott win the 2028 Republican presidential nomination?,0.38,0.15,1.0,,,,
ed538ba584d67e830fd444697a880adf,561985,561995,rejected,,rejected,eligible,Will Brian Kemp win the 2028 Republican presidential nomination?,Will Mike Pence win the 2028 Republican presidential nomination?,0.38,0.15,1.0,,,,
0e193c8d4207b68976d55e80206ff940,559661,559676,rejected,,rejected,eligible,Will Jon Ossoff win the 2028 Democratic presidential nomination?,Will Barack Obama win the 2028 Democratic presidential nomination?,0.38,0.15,1.0,,,,
e9d7bc6daae17a822829b5b209e676cb,561232,561237,rejected,,rejected,eligible,Will Pete Buttigieg win the 2028 US Presidential Election?,Will Andy Beshear win the 2028 US Presidential Election?,0.3788,0.1,1.0,,,,
3aae3cb1b2ec3730bfac0f54ce120dc9,561254,562003,same_topic_no_trade,unknown,rejected,ineligible,Will Kim Kardashian win the 2028 US Presidential Election?,Will Kim Kardashian win the 2028 Republican presidential nomination?,0.3761,0.775,1.0,,,,
f22bcd69b378a04a9b330f63cdeec4a6,561236,561262,rejected,,rejected,eligible,Will Gretchen Whitmer win the 2028 US Presidential Election?,Will James Talarico win the 2028 US Presidential Election?,0.3756,0.1,1.0,,,,
8e6a5dac448183a3b432cb7eacb83ffa,559677,559685,rejected,,rejected,eligible,Will Hillary Clinton win the 2028 Democratic presidential nomination?,Will MrBeast win the 2028 Democratic presidential nomination?,0.375,0.075,1.0,,,,
431c4e9c1ccf75fc6e1c68727afdef0e,561974,561994,rejected,,rejected,ineligible,Will J.D. Vance win the 2028 Republican presidential nomination?,Will Kristi Noem win the 2028 Republican presidential nomination?,0.375,0.075,1.0,,,,
1aa4c20f00f3b612deaacc474d3e6c24,559681,559685,rejected,,rejected,eligible,Will LeBron James win the 2028 Democratic presidential nomination?,Will MrBeast win the 2028 Democratic presidential nomination?,0.375,0.075,1.0,,,,
b249994ed58f44f5d71db1ed3b281880,559657,559685,rejected,,rejected,eligible,Will Stephen A. Smith win the 2028 Democratic presidential nomination?,Will MrBeast win the 2028 Democratic presidential nomination?,0.375,0.075,1.0,,,,
d93781b1127d5be7a41b1c7a4bf68750,559683,559685,rejected,,rejected,eligible,Will George Clooney win the 2028 Democratic presidential nomination?,Will MrBeast win the 2028 Democratic presidential nomination?,0.375,0.075,1.0,,,,
87333c80e7fb3067c298a7ef14f8758d,561974,561998,rejected,,rejected,eligible,Will J.D. Vance win the 2028 Republican presidential nomination?,Will Ivanka Trump win the 2028 Republican presidential nomination?,0.375,0.075,1.0,,,,
e002ef401fe635883551f207a63e483d,559684,559685,rejected,,rejected,eligible,Will Chelsea Clinton win the 2028 Democratic presidential nomination?,Will MrBeast win the 2028 Democratic presidential nomination?,0.375,0.075,1.0,,,,
db0598dc17211199d6b8c4babf0c3dc1,559678,559685,rejected,,rejected,eligible,Will Liz Cheney win the 2028 Democratic presidential nomination?,Will MrBeast win the 2028 Democratic presidential nomination?,0.375,0.075,1.0,,,,
c5f691256934912133205e0549ce977a,561974,561993,rejected,,rejected,eligible,Will J.D. Vance win the 2028 Republican presidential nomination?,Will John Thune win the 2028 Republican presidential nomination?,0.375,0.075,1.0,,,,
15e7df3e12b78f404471242370912d8b,561974,561992,rejected,,rejected,eligible,Will J.D. Vance win the 2028 Republican presidential nomination?,Will Katie Britt win the 2028 Republican presidential nomination?,0.375,0.075,1.0,,,,
84a2e38c59b5f5f0c2de2c70ab6f827b,559666,559685,rejected,,rejected,eligible,Will Tim Walz win the 2028 Democratic presidential nomination?,Will MrBeast win the 2028 Democratic presidential nomination?,0.375,0.075,1.0,,,,
9caa01847dfa0c0275366063f8171696,559667,559685,rejected,,rejected,eligible,Will Michelle Obama win the 2028 Democratic presidential nomination?,Will MrBeast win the 2028 Democratic presidential nomination?,0.375,0.075,1.0,,,,
77189e0f2ff446288beb6306a0ba5517,559655,559685,rejected,,rejected,eligible,Will Josh Shapiro win the 2028 Democratic presidential nomination?,Will MrBeast win the 2028 Democratic presidential nomination?,0.375,0.075,1.0,,,,
786cd000c7a210af2fca08e4740bf545,559660,559685,rejected,,rejected,eligible,Will Andy Beshear win the 2028 Democratic presidential nomination?,Will MrBeast win the 2028 Democratic presidential nomination?,0.375,0.075,1.0,,,,
fb3a662d3f9565cadb49275d36fe08a5,559663,559685,rejected,,rejected,eligible,Will J.B. Pritzker win the 2028 Democratic presidential nomination?,Will MrBeast win the 2028 Democratic presidential nomination?,0.375,0.075,1.0,,,,
38cfc7ae6d02512eda806291523d18d1,559669,559685,rejected,,rejected,eligible,Will Rahm Emanuel win the 2028 Democratic presidential nomination?,Will MrBeast win the 2028 Democratic presidential nomination?,0.375,0.075,1.0,,,,
538c5a985860a9d3d79e92913cd95412,561974,561975,rejected,,rejected,eligible,Will J.D. Vance win the 2028 Republican presidential nomination?,Will Marco Rubio win the 2028 Republican presidential nomination?,0.375,0.075,1.0,,,,
471cf136a20d6c60bec448589f4b2681,561974,561979,rejected,,rejected,eligible,Will J.D. Vance win the 2028 Republican presidential nomination?,Will Ron DeSantis win the 2028 Republican presidential nomination?,0.375,0.075,1.0,,,,
41d4856ce99baa41cb57bcab0bc8ab1f,561974,561980,rejected,,rejected,eligible,Will J.D. Vance win the 2028 Republican presidential nomination?,Will Nikki Haley win the 2028 Republican presidential nomination?,0.375,0.075,1.0,,,,
1d21a5df48dd3a7e14378ed4de7a8333,561974,561981,rejected,,rejected,eligible,Will J.D. Vance win the 2028 Republican presidential nomination?,Will Vivek Ramaswamy win the 2028 Republican presidential nomination?,0.375,0.075,1.0,,,,
b988445f1cb8ce4790bcd0c1ea5a261c,561974,561986,rejected,,rejected,eligible,Will J.D. Vance win the 2028 Republican presidential nomination?,Will Byron Donalds win the 2028 Republican presidential nomination?,0.375,0.075,1.0,,,,
f26ad2880b1f99518cddd947d257389d,561974,561987,rejected,,rejected,eligible,Will J.D. Vance win the 2028 Republican presidential nomination?,Will Elise Stefanik win the 2028 Republican presidential nomination?,0.375,0.075,1.0,,,,
23c89bab3027b878f7fc03dbbaa1ca2a,559671,559685,rejected,,rejected,eligible,Will Zohran Mamdani win the 2028 Democratic presidential nomination?,Will MrBeast win the 2028 Democratic presidential nomination?,0.375,0.075,1.0,,,,
3ab0d87f9760bcc3972804b79622808d,561974,561988,rejected,,rejected,eligible,Will J.D. Vance win the 2028 Republican presidential nomination?,Will Josh Hawley win the 2028 Republican presidential nomination?,0.375,0.075,1.0,,,,
b4039d29dbf0419b6e9fd6bd6a1998e1,561974,561989,rejected,,rejected,eligible,Will J.D. Vance win the 2028 Republican presidential nomination?,Will Ted Cruz win the 2028 Republican presidential nomination?,0.375,0.075,1.0,,,,
0c917ba6434ec9b5c456cc38ddba5b3b,561974,561990,rejected,,rejected,eligible,Will J.D. Vance win the 2028 Republican presidential nomination?,Will Elon Musk win the 2028 Republican presidential nomination?,0.375,0.075,1.0,,,,
6d53ea972f08c25d6c712c2ccac8ea24,561974,561991,rejected,,rejected,eligible,Will J.D. Vance win the 2028 Republican presidential nomination?,Will Matt Gaetz win the 2028 Republican presidential nomination?,0.375,0.075,1.0,,,,
b6d3212bbca2de7913dae5232b151a51,559685,559690,rejected,,rejected,eligible,Will MrBeast win the 2028 Democratic presidential nomination?,Will Kim Kardashian win the 2028 Democratic presidential nomination?,0.375,0.075,1.0,,,,
f36f71ab84e1bd7d31f0447f7a83c8e3,561229,561249,rejected,,rejected,eligible,Will JD Vance win the 2028 US Presidential Election?,Will Greg Abbott win the 2028 US Presidential Election?,0.3747,0.1,1.0,,,,
c09a40d6c6f3d7f7d221d6d179b6526d,559693,559694,rejected,,rejected,eligible,Will Ruben Gallego win the 2028 Democratic presidential nomination?,Will Ro Khanna win the 2028 Democratic presidential nomination?,0.3744,0.15,1.0,,,,
799cb9b855fee4c9ed48e9700444d55e,561232,561260,rejected,,rejected,eligible,Will Pete Buttigieg win the 2028 US Presidential Election?,Will Thomas Massie win the 2028 US Presidential Election?,0.3726,0.1,1.0,,,,
ff247f6a5f561a36ead805d157ff5fc5,561240,561249,rejected,,rejected,eligible,Will Stephen Smith win the 2028 US Presidential Election?,Will Greg Abbott win the 2028 US Presidential Election?,0.3715,0.1,1.0,,,,
eb05fa2a128aa68989409e19847a8571,561249,561256,rejected,,rejected,eligible,Will Greg Abbott win the 2028 US Presidential Election?,Will Zohran Mamdani win the 2028 US Presidential Election?,0.3715,0.1,1.0,,,,
641ed19d15fa3280d19dc20689e8e6ac,559673,559694,rejected,,rejected,eligible,Will John Fetterman win the 2028 Democratic presidential nomination?,Will Ro Khanna win the 2028 Democratic presidential nomination?,0.3712,0.15,1.0,,,,
3cb02c9338f08661ce32469d16af5dd3,562003,562004,rejected,,rejected,eligible,Will Kim Kardashian win the 2028 Republican presidential nomination?,Will Marjorie Taylor Greene win the 2028 Republican presidential nomination?,0.3712,0.15,1.0,,,,
61eba4ffe6d2e4cf47edd60b76505280,559675,559694,rejected,,rejected,eligible,Will Jon Stewart win the 2028 Democratic presidential nomination?,Will Ro Khanna win the 2028 Democratic presidential nomination?,0.3712,0.15,1.0,,,,
357471265494e11cbea142816722e476,559676,559694,rejected,,rejected,eligible,Will Barack Obama win the 2028 Democratic presidential nomination?,Will Ro Khanna win the 2028 Democratic presidential nomination?,0.3712,0.15,1.0,,,,
9a61856f787ed5b68f2283c24f464292,559656,559694,rejected,,rejected,eligible,Will Wes Moore win the 2028 Democratic presidential nomination?,Will Ro Khanna win the 2028 Democratic presidential nomination?,0.3712,0.15,1.0,,,,
9cc842cb85c26ee5f31b51c6c6e5c20f,559679,559694,rejected,,rejected,eligible,Will Bernie Sanders win the 2028 Democratic presidential nomination?,Will Ro Khanna win the 2028 Democratic presidential nomination?,0.3712,0.15,1.0,,,,
d753fd1f769c96f68117497ecee282cf,562004,562005,rejected,,rejected,eligible,Will Marjorie Taylor Greene win the 2028 Republican presidential nomination?,Will Thomas Massie win the 2028 Republican presidential nomination?,0.3712,0.15,1.0,,,,
dce506ef621638dda3c372498b990049,559680,559694,rejected,,rejected,eligible,Will Phil Murphy win the 2028 Democratic presidential nomination?,Will Ro Khanna win the 2028 Democratic presidential nomination?,0.3712,0.15,1.0,,,,
63602f7e29c158d2c65d52636cff2830,559682,559694,rejected,,rejected,eligible,Will Hunter Biden win the 2028 Democratic presidential nomination?,Will Ro Khanna win the 2028 Democratic presidential nomination?,0.3712,0.15,1.0,,,,
65120da9376c4680bebaddf919e8c57b,561983,561984,rejected,,rejected,eligible,Will Greg Abbott win the 2028 Republican presidential nomination?,Will Robert F. Kennedy Jr. win the 2028 Republican presidential nomination?,0.3712,0.15,1.0,,,,
c136c93eec331e80281bbb63c81efc66,559662,559685,rejected,,rejected,eligible,Will Mark Cuban win the 2028 Democratic presidential nomination?,Will MrBeast win the 2028 Democratic presidential nomination?,0.3712,0.15,1.0,,,,
86d7f61ddb0fbef09d43d63843cabec1,559685,559693,rejected,,rejected,eligible,Will MrBeast win the 2028 Democratic presidential nomination?,Will Ruben Gallego win the 2028 Democratic presidential nomination?,0.3712,0.15,1.0,,,,
5d5bfa2b9084c894e43a0fc78de7a646,559674,559694,rejected,,rejected,eligible,Will Jared Polis win the 2028 Democratic presidential nomination?,Will Ro Khanna win the 2028 Democratic presidential nomination?,0.3712,0.15,1.0,,,,
e5923fe5d51af55b999f241d48a11f9b,559687,559694,rejected,,rejected,eligible,Will Oprah Winfrey win the 2028 Democratic presidential nomination?,Will Ro Khanna win the 2028 Democratic presidential nomination?,0.3712,0.15,1.0,,,,
d925e9ec2ddf8ff1dcc62ec69cd7206c,559689,559694,rejected,,rejected,eligible,Will Beto O’Rourke win the 2028 Democratic presidential nomination?,Will Ro Khanna win the 2028 Democratic presidential nomination?,0.3712,0.15,1.0,,,,
532128100fec35411f5c98f978412878,559691,559694,rejected,,rejected,eligible,Will Chris Murphy win the 2028 Democratic presidential nomination?,Will Ro Khanna win the 2028 Democratic presidential nomination?,0.3712,0.15,1.0,,,,
a2d992051860467ab776ccf0a712bad6,559661,559694,rejected,,rejected,eligible,Will Jon Ossoff win the 2028 Democratic presidential nomination?,Will Ro Khanna win the 2028 Democratic presidential nomination?,0.3712,0.15,1.0,,,,
6499f0f50606ba09ef53492b322cd4f5,561982,561996,rejected,,rejected,eligible,Will Sarah Huckabee Sanders win the 2028 Republican presidential nomination?,Will Tucker Carlson win the 2028 Republican presidential nomination?,0.3712,0.15,1.0,,,,
b22d17780f4040b7473057ebbb7b7957,562000,562008,rejected,,rejected,eligible,Will Rand Paul win the 2028 Republican presidential nomination?,Will Pete Hegseth win the 2028 Republican presidential nomination?,0.3712,0.15,1.0,,,,
14209e6e446f42af44a1be2a2d62dd62,559672,559694,rejected,,rejected,eligible,Will Roy Cooper win the 2028 Democratic presidential nomination?,Will Ro Khanna win the 2028 Democratic presidential nomination?,0.3712,0.15,1.0,,,,
6d8e0009be59076ceddbd4e32d5851b4,559658,559694,rejected,,rejected,eligible,Will Kamala Harris win the 2028 Democratic presidential nomination?,Will Ro Khanna win the 2028 Democratic presidential nomination?,0.3712,0.15,1.0,,,,
88d751e9d00f3022d835a4a15e4162ed,559659,559694,rejected,,rejected,eligible,Will Gretchen Whitmer win the 2028 Democratic presidential nomination?,Will Ro Khanna win the 2028 Democratic presidential nomination?,0.3712,0.15,1.0,,,,
60eabb0781a43950a1e2780f674c0fd0,561973,561984,rejected,,rejected,eligible,Will Donald Trump win the 2028 Republican presidential nomination?,Will Robert F. Kennedy Jr. win the 2028 Republican presidential nomination?,0.3712,0.15,1.0,,,,
131af269f0a3f289bada0cffbc7f55f4,559665,559694,rejected,,rejected,eligible,Will Cory Booker win the 2028 Democratic presidential nomination?,Will Ro Khanna win the 2028 Democratic presidential nomination?,0.3712,0.15,1.0,,,,
e51a6880742e24f61e0b9c5f0353f373,561982,561983,rejected,,rejected,eligible,Will Sarah Huckabee Sanders win the 2028 Republican presidential nomination?,Will Greg Abbott win the 2028 Republican presidential nomination?,0.3712,0.15,1.0,,,,
a79cd6a1f7f9bf0e58fa5f2c6007b7fe,561995,562000,rejected,,rejected,eligible,Will Mike Pence win the 2028 Republican presidential nomination?,Will Rand Paul win the 2028 Republican presidential nomination?,0.3712,0.15,1.0,,,,
34d7b02f837e4eb2cbc9ec896511e7c9,561996,562000,rejected,,rejected,eligible,Will Tucker Carlson win the 2028 Republican presidential nomination?,Will Rand Paul win the 2028 Republican presidential nomination?,0.3712,0.15,1.0,,,,
6c2b417f962c376b403f379c1998d899,561996,562004,rejected,,rejected,eligible,Will Tucker Carlson win the 2028 Republican presidential nomination?,Will Marjorie Taylor Greene win the 2028 Republican presidential nomination?,0.3712,0.15,1.0,,,,
133993a03d3675cb1b4893e1dd52d09c,562000,562002,rejected,,rejected,eligible,Will Rand Paul win the 2028 Republican presidential nomination?,Will Erika Kirk win the 2028 Republican presidential nomination?,0.3712,0.15,1.0,,,,
0020d0eea05b45bdd71a098690ec8d57,559668,559685,rejected,,rejected,eligible,Will Mark Kelly win the 2028 Democratic presidential nomination?,Will MrBeast win the 2028 Democratic presidential nomination?,0.3712,0.15,1.0,,,,
30698d1c7c74840708cb23bcccb90948,561973,561982,rejected,,rejected,eligible,Will Donald Trump win the 2028 Republican presidential nomination?,Will Sarah Huckabee Sanders win the 2028 Republican presidential nomination?,0.3712,0.15,1.0,,,,
f6601b91801295d39770af0319f981f9,562004,562006,rejected,,rejected,eligible,Will Marjorie Taylor Greene win the 2028 Republican presidential nomination?,Will Eric Trump win the 2028 Republican presidential nomination?,0.3712,0.15,1.0,,,,
c1123f25a62b8f95dbaaa1410a603165,562004,562008,rejected,,rejected,eligible,Will Marjorie Taylor Greene win the 2028 Republican presidential nomination?,Will Pete Hegseth win the 2028 Republican presidential nomination?,0.3712,0.15,1.0,,,,
05b616f666a81f6a380fff5f52be792c,559652,559685,rejected,,rejected,eligible,Will Gavin Newsom win the 2028 Democratic presidential nomination?,Will MrBeast win the 2028 Democratic presidential nomination?,0.3712,0.15,1.0,,,,
153eb54f0e61f02450836536fdd6d3c3,561985,562000,rejected,,rejected,eligible,Will Brian Kemp win the 2028 Republican presidential nomination?,Will Rand Paul win the 2028 Republican presidential nomination?,0.3712,0.15,1.0,,,,
2108458a103b27e4bdd8a2775cb51720,562000,562005,rejected,,rejected,eligible,Will Rand Paul win the 2028 Republican presidential nomination?,Will Thomas Massie win the 2028 Republican presidential nomination?,0.3712,0.15,1.0,,,,
fb092bbf293a16dd9e5aeb94df34e60d,562000,562006,rejected,,rejected,eligible,Will Rand Paul win the 2028 Republican presidential nomination?,Will Eric Trump win the 2028 Republican presidential nomination?,0.3712,0.15,1.0,,,,
7a4f6e384555a5810e06f8ad0cd257e0,559670,559694,rejected,,rejected,eligible,Will Gina Raimondo win the 2028 Democratic presidential nomination?,Will Ro Khanna win the 2028 Democratic presidential nomination?,0.3712,0.15,1.0,,,,
52ad73a0b59319a16e24514b7b2ed9f0,561984,561985,rejected,,rejected,eligible,Will Robert F. Kennedy Jr. win the 2028 Republican presidential nomination?,Will Brian Kemp win the 2028 Republican presidential nomination?,0.3712,0.15,1.0,,,,
7eb41d79d173a4ab572e1ee912f70d14,561984,561995,rejected,,rejected,eligible,Will Robert F. Kennedy Jr. win the 2028 Republican presidential nomination?,Will Mike Pence win the 2028 Republican presidential nomination?,0.3712,0.15,1.0,,,,
b5d49185ea18a9901dc42d678e195471,561984,561996,rejected,,rejected,eligible,Will Robert F. Kennedy Jr. win the 2028 Republican presidential nomination?,Will Tucker Carlson win the 2028 Republican presidential nomination?,0.3712,0.15,1.0,,,,
76450c1c04796276f07c8098e87009da,562000,562003,rejected,,rejected,eligible,Will Rand Paul win the 2028 Republican presidential nomination?,Will Kim Kardashian win the 2028 Republican presidential nomination?,0.3712,0.15,1.0,,,,
b85b39a1dc478c7afc93cdbda0e5b6bc,562002,562004,rejected,,rejected,eligible,Will Erika Kirk win the 2028 Republican presidential nomination?,Will Marjorie Taylor Greene win the 2028 Republican presidential nomination?,0.3712,0.15,1.0,,,,
fea341bd5a0ad1308dc7a5afdf605dcf,561982,561985,rejected,,rejected,eligible,Will Sarah Huckabee Sanders win the 2028 Republican presidential nomination?,Will Brian Kemp win the 2028 Republican presidential nomination?,0.3712,0.15,1.0,,,,
06d1310c1b6bcb9f0c6b546f44e417e4,561982,561995,rejected,,rejected,eligible,Will Sarah Huckabee Sanders win the 2028 Republican presidential nomination?,Will Mike Pence win the 2028 Republican presidential nomination?,0.3712,0.15,1.0,,,,
66d215ca24a79c07c21a9b2a2a95719a,561983,562000,rejected,,rejected,eligible,Will Greg Abbott win the 2028 Republican presidential nomination?,Will Rand Paul win the 2028 Republican presidential nomination?,0.3712,0.15,1.0,,,,
96c517c62b9743efb8320d5724f436c6,561986,561989,rejected,,rejected,eligible,Will Byron Donalds win the 2028 Republican presidential nomination?,Will Ted Cruz win the 2028 Republican presidential nomination?,0.37,0.1,1.0,,,,
20d4c00ddce671a5cecde85818a7b796,561986,561990,rejected,,rejected,eligible,Will Byron Donalds win the 2028 Republican presidential nomination?,Will Elon Musk win the 2028 Republican presidential nomination?,0.37,0.1,1.0,,,,
9b74158065eb2d5f87df1749afda7221,561986,561991,rejected,,rejected,eligible,Will Byron Donalds win the 2028 Republican presidential nomination?,Will Matt Gaetz win the 2028 Republican presidential nomination?,0.37,0.1,1.0,,,,
5d839a1c13abb9c98506eeade6bbf6d0,561986,561992,rejected,,rejected,eligible,Will Byron Donalds win the 2028 Republican presidential nomination?,Will Katie Britt win the 2028 Republican presidential nomination?,0.37,0.1,1.0,,,,
05bd94650058cfe597bf69e348819793,559677,559678,rejected,,rejected,eligible,Will Hillary Clinton win the 2028 Democratic presidential nomination?,Will Liz Cheney win the 2028 Democratic presidential nomination?,0.37,0.1,1.0,,,,
e1d625347c4d9a5dd4da792ce8e1c033,559677,559681,rejected,,rejected,eligible,Will Hillary Clinton win the 2028 Democratic presidential nomination?,Will LeBron James win the 2028 Democratic presidential nomination?,0.37,0.1,1.0,,,,
8a193671bb465d986092cfc15dc613e0,559677,559683,rejected,,rejected,eligible,Will Hillary Clinton win the 2028 Democratic presidential nomination?,Will George Clooney win the 2028 Democratic presidential nomination?,0.37,0.1,1.0,,,,
26ba543b1c9de4237aa9172ea8f48e7c,559655,559657,rejected,,rejected,eligible,Will Josh Shapiro win the 2028 Democratic presidential nomination?,Will Stephen A. Smith win the 2028 Democratic presidential nomination?,0.37,0.1,1.0,,,,
5b075192f523f360a0df93e71ac54ff3,559677,559690,rejected,,rejected,eligible,Will Hillary Clinton win the 2028 Democratic presidential nomination?,Will Kim Kardashian win the 2028 Democratic presidential nomination?,0.37,0.1,1.0,,,,
8ab945469338905e5ae8d64d3bb856bf,559678,559681,rejected,,rejected,eligible,Will Liz Cheney win the 2028 Democratic presidential nomination?,Will LeBron James win the 2028 Democratic presidential nomination?,0.37,0.1,1.0,,,,
b88a02f4a6a094fcae7c04c71c9c9eb2,559657,559660,rejected,,rejected,eligible,Will Stephen A. Smith win the 2028 Democratic presidential nomination?,Will Andy Beshear win the 2028 Democratic presidential nomination?,0.37,0.1,1.0,,,,
eff2f334711051dc8c0e3cf369d93a2f,559678,559683,rejected,,rejected,eligible,Will Liz Cheney win the 2028 Democratic presidential nomination?,Will George Clooney win the 2028 Democratic presidential nomination?,0.37,0.1,1.0,,,,
f0782985a9b33b1f89b94f0d5fb4ba44,559657,559663,rejected,,rejected,eligible,Will Stephen A. Smith win the 2028 Democratic presidential nomination?,Will J.B. Pritzker win the 2028 Democratic presidential nomination?,0.37,0.1,1.0,,,,
6514542ec15531749ca85a2f5b115c7a,559678,559684,rejected,,rejected,eligible,Will Liz Cheney win the 2028 Democratic presidential nomination?,Will Chelsea Clinton win the 2028 Democratic presidential nomination?,0.37,0.1,1.0,,,,
4de749bf0e007e15c22edbc1c11a27ea,559657,559666,rejected,,rejected,eligible,Will Stephen A. Smith win the 2028 Democratic presidential nomination?,Will Tim Walz win the 2028 Democratic presidential nomination?,0.37,0.1,1.0,,,,
76ae98065f9420035cb5eadb50b7eab4,559657,559667,rejected,,rejected,eligible,Will Stephen A. Smith win the 2028 Democratic presidential nomination?,Will Michelle Obama win the 2028 Democratic presidential nomination?,0.37,0.1,1.0,,,,
1efe78e2bb44a0f9b98f158025342dbf,559657,559669,rejected,,rejected,eligible,Will Stephen A. Smith win the 2028 Democratic presidential nomination?,Will Rahm Emanuel win the 2028 Democratic presidential nomination?,0.37,0.1,1.0,,,,
35bcb7ce09716cfeee7e9ef5e56a8f06,559678,559690,rejected,,rejected,eligible,Will Liz Cheney win the 2028 Democratic presidential nomination?,Will Kim Kardashian win the 2028 Democratic presidential nomination?,0.37,0.1,1.0,,,,
71decc6d00468f583d609d82f82518f9,559657,559671,rejected,,rejected,eligible,Will Stephen A. Smith win the 2028 Democratic presidential nomination?,Will Zohran Mamdani win the 2028 Democratic presidential nomination?,0.37,0.1,1.0,,,,
0e64c3527a4f280ae2b990b068f78b9b,559663,559669,rejected,,rejected,eligible,Will J.B. Pritzker win the 2028 Democratic presidential nomination?,Will Rahm Emanuel win the 2028 Democratic presidential nomination?,0.37,0.1,1.0,,,,
c24f597c2e609de429c340dd33cb8ad4,561986,561993,rejected,,rejected,eligible,Will Byron Donalds win the 2028 Republican presidential nomination?,Will John Thune win the 2028 Republican presidential nomination?,0.37,0.1,1.0,,,,
2c2027f2403080e01b6dd301a9a4d7bf,559655,559660,rejected,,rejected,eligible,Will Josh Shapiro win the 2028 Democratic presidential nomination?,Will Andy Beshear win the 2028 Democratic presidential nomination?,0.37,0.1,1.0,,,,
ce7a3708ba6e029856bbea6448d82916,559681,559683,rejected,,rejected,eligible,Will LeBron James win the 2028 Democratic presidential nomination?,Will George Clooney win the 2028 Democratic presidential nomination?,0.37,0.1,1.0,,,,
12e41a2462cbe661bc818e0ca157bc4f,559681,559684,rejected,,rejected,eligible,Will LeBron James win the 2028 Democratic presidential nomination?,Will Chelsea Clinton win the 2028 Democratic presidential nomination?,0.37,0.1,1.0,,,,
4b21d9d61ba7171b4bb6d0e888d54d25,559657,559677,rejected,,rejected,eligible,Will Stephen A. Smith win the 2028 Democratic presidential nomination?,Will Hillary Clinton win the 2028 Democratic presidential nomination?,0.37,0.1,1.0,,,,
9bd22ae539722d9912597932023184b2,559657,559678,rejected,,rejected,eligible,Will Stephen A. Smith win the 2028 Democratic presidential nomination?,Will Liz Cheney win the 2028 Democratic presidential nomination?,0.37,0.1,1.0,,,,
b601b03d097147957c3ddee2860f735b,561986,561994,rejected,,rejected,ineligible,Will Byron Donalds win the 2028 Republican presidential nomination?,Will Kristi Noem win the 2028 Republican presidential nomination?,0.37,0.1,1.0,,,,
dd973cdc1b900fa94a9f3f31c252cb11,559681,559690,rejected,,rejected,eligible,Will LeBron James win the 2028 Democratic presidential nomination?,Will Kim Kardashian win the 2028 Democratic presidential nomination?,0.37,0.1,1.0,,,,
e452f65f06cae11d6ae193437ba296bd,559657,559681,rejected,,rejected,eligible,Will Stephen A. Smith win the 2028 Democratic presidential nomination?,Will LeBron James win the 2028 Democratic presidential nomination?,0.37,0.1,1.0,,,,
436dddf9b849cbbebd2eb409740765d0,559683,559684,rejected,,rejected,eligible,Will George Clooney win the 2028 Democratic presidential nomination?,Will Chelsea Clinton win the 2028 Democratic presidential nomination?,0.37,0.1,1.0,,,,
9a87307b652502f0912efc9e0fac027a,559657,559683,rejected,,rejected,eligible,Will Stephen A. Smith win the 2028 Democratic presidential nomination?,Will George Clooney win the 2028 Democratic presidential nomination?,0.37,0.1,1.0,,,,
9ee82edf46ae21ad1fcc6dfff4ed8d52,559657,559684,rejected,,rejected,eligible,Will Stephen A. Smith win the 2028 Democratic presidential nomination?,Will Chelsea Clinton win the 2028 Democratic presidential nomination?,0.37,0.1,1.0,,,,
bc265ece2303db3a58ac65c492ba966d,559683,559690,rejected,,rejected,eligible,Will George Clooney win the 2028 Democratic presidential nomination?,Will Kim Kardashian win the 2028 Democratic presidential nomination?,0.37,0.1,1.0,,,,
db3dbe3ce71cc2ddd606fd5ba3ecd638,559655,559663,rejected,,rejected,eligible,Will Josh Shapiro win the 2028 Democratic presidential nomination?,Will J.B. Pritzker win the 2028 Democratic presidential nomination?,0.37,0.1,1.0,,,,
7a6044e03c6a6c0624c2ceea56f7b9d9,561981,561992,rejected,,rejected,eligible,Will Vivek Ramaswamy win the 2028 Republican presidential nomination?,Will Katie Britt win the 2028 Republican presidential nomination?,0.37,0.1,1.0,,,,
35c3c341517af582b509cfbd076aa553,559657,559690,rejected,,rejected,eligible,Will Stephen A. Smith win the 2028 Democratic presidential nomination?,Will Kim Kardashian win the 2028 Democratic presidential nomination?,0.37,0.1,1.0,,,,
606a93116fa9d32c892be5188bb5ec05,559684,559690,rejected,,rejected,eligible,Will Chelsea Clinton win the 2028 Democratic presidential nomination?,Will Kim Kardashian win the 2028 Democratic presidential nomination?,0.37,0.1,1.0,,,,
2b9c660ce742aae15abaf37109c5f9fd,559655,559666,rejected,,rejected,eligible,Will Josh Shapiro win the 2028 Democratic presidential nomination?,Will Tim Walz win the 2028 Democratic presidential nomination?,0.37,0.1,1.0,,,,
a7d0ac6fe3ae78dad7791679bbfae68e,561991,561993,rejected,,rejected,eligible,Will Matt Gaetz win the 2028 Republican presidential nomination?,Will John Thune win the 2028 Republican presidential nomination?,0.37,0.1,1.0,,,,
93380d33ac9654895eaa8ad67c92dcf7,559655,559667,rejected,,rejected,eligible,Will Josh Shapiro win the 2028 Democratic presidential nomination?,Will Michelle Obama win the 2028 Democratic presidential nomination?,0.37,0.1,1.0,,,,
c4cfd98dcc35a47c63cb6b2137499af6,559655,559669,rejected,,rejected,eligible,Will Josh Shapiro win the 2028 Democratic presidential nomination?,Will Rahm Emanuel win the 2028 Democratic presidential nomination?,0.37,0.1,1.0,,,,
3b268917b12da959104b02e406fd5684,559655,559671,rejected,,rejected,eligible,Will Josh Shapiro win the 2028 Democratic presidential nomination?,Will Zohran Mamdani win the 2028 Democratic presidential nomination?,0.37,0.1,1.0,,,,
c31727d36fc9d31d6657d1cb8b2ade92,561236,561258,rejected,,rejected,eligible,Will Gretchen Whitmer win the 2028 US Presidential Election?,Will Jamie Dimon win the 2028 US Presidential Election?,0.37,0.1,1.0,,,,
4fe1b74b021b97cc5b80113461ef9870,561981,561991,rejected,,rejected,eligible,Will Vivek Ramaswamy win the 2028 Republican presidential nomination?,Will Matt Gaetz win the 2028 Republican presidential nomination?,0.37,0.1,1.0,,,,
95b68f5f5e5e2e40b26e9184c11f354a,561981,561988,rejected,,rejected,eligible,Will Vivek Ramaswamy win the 2028 Republican presidential nomination?,Will Josh Hawley win the 2028 Republican presidential nomination?,0.37,0.1,1.0,,,,
f3903e96cef11b457d7e1a59c91eb6d6,559660,559666,rejected,,rejected,eligible,Will Andy Beshear win the 2028 Democratic presidential nomination?,Will Tim Walz win the 2028 Democratic presidential nomination?,0.37,0.1,1.0,,,,
85bbd961cf42bec7aa908891c604d6bb,559663,559667,rejected,,rejected,eligible,Will J.B. Pritzker win the 2028 Democratic presidential nomination?,Will Michelle Obama win the 2028 Democratic presidential nomination?,0.37,0.1,1.0,,,,
c99e01a5f51a2eb631e267c0b5a60184,561975,561979,rejected,,rejected,eligible,Will Marco Rubio win the 2028 Republican presidential nomination?,Will Ron DeSantis win the 2028 Republican presidential nomination?,0.37,0.1,1.0,,,,
4574c3004ecc3005cf3ac4dc3b670e62,561979,561980,rejected,,rejected,eligible,Will Ron DeSantis win the 2028 Republican presidential nomination?,Will Nikki Haley win the 2028 Republican presidential nomination?,0.37,0.1,1.0,,,,
9635f9b64e23760b663564d70a32ee41,561979,561981,rejected,,rejected,eligible,Will Ron DeSantis win the 2028 Republican presidential nomination?,Will Vivek Ramaswamy win the 2028 Republican presidential nomination?,0.37,0.1,1.0,,,,
0593f3d0911eedf16ca560f5da3bd8eb,561979,561986,rejected,,rejected,eligible,Will Ron DeSantis win the 2028 Republican presidential nomination?,Will Byron Donalds win the 2028 Republican presidential nomination?,0.37,0.1,1.0,,,,
ca8c9c9cb739132b66952e00af8f30cd,561979,561987,rejected,,rejected,eligible,Will Ron DeSantis win the 2028 Republican presidential nomination?,Will Elise Stefanik win the 2028 Republican presidential nomination?,0.37,0.1,1.0,,,,
c7fa9eef6ffd2b7d05b1ba686b06b341,561979,561988,rejected,,rejected,eligible,Will Ron DeSantis win the 2028 Republican presidential nomination?,Will Josh Hawley win the 2028 Republican presidential nomination?,0.37,0.1,1.0,,,,
06e7e96a19d119fb38e438d34f7df1f4,561979,561989,rejected,,rejected,eligible,Will Ron DeSantis win the 2028 Republican presidential nomination?,Will Ted Cruz win the 2028 Republican presidential nomination?,0.37,0.1,1.0,,,,
568c32ec3532d97505c2db0ef9b5eb22,561979,561990,rejected,,rejected,eligible,Will Ron DeSantis win the 2028 Republican presidential nomination?,Will Elon Musk win the 2028 Republican presidential nomination?,0.37,0.1,1.0,,,,
3a7fe662a12f2e9c78bfe6af61b27ea3,561979,561991,rejected,,rejected,eligible,Will Ron DeSantis win the 2028 Republican presidential nomination?,Will Matt Gaetz win the 2028 Republican presidential nomination?,0.37,0.1,1.0,,,,
683af219dfdbefb531b420d249ad567d,561979,561992,rejected,,rejected,eligible,Will Ron DeSantis win the 2028 Republican presidential nomination?,Will Katie Britt win the 2028 Republican presidential nomination?,0.37,0.1,1.0,,,,
de6c33df8544e0db6dd7890ea7d35488,561979,561993,rejected,,rejected,eligible,Will Ron DeSantis win the 2028 Republican presidential nomination?,Will John Thune win the 2028 Republican presidential nomination?,0.37,0.1,1.0,,,,
8a81dce86bc3beecd5dcd71edb1e7843,561979,561994,rejected,,rejected,ineligible,Will Ron DeSantis win the 2028 Republican presidential nomination?,Will Kristi Noem win the 2028 Republican presidential nomination?,0.37,0.1,1.0,,,,
b9c42b793dadd90c4c9d0cda74d676fc,561979,561998,rejected,,rejected,eligible,Will Ron DeSantis win the 2028 Republican presidential nomination?,Will Ivanka Trump win the 2028 Republican presidential nomination?,0.37,0.1,1.0,,,,
55203e2ab4dd0e5446ebba492478fa51,561979,562007,rejected,,rejected,eligible,Will Ron DeSantis win the 2028 Republican presidential nomination?,Will Joe Kent win the 2028 Republican presidential nomination?,0.37,0.1,1.0,,,,
26a7681f7fa636f7defae8b5dc6185a2,561980,561981,rejected,,rejected,eligible,Will Nikki Haley win the 2028 Republican presidential nomination?,Will Vivek Ramaswamy win the 2028 Republican presidential nomination?,0.37,0.1,1.0,,,,
fa8e48dffb5a577d57c1b55ccb9c487b,561980,561986,rejected,,rejected,eligible,Will Nikki Haley win the 2028 Republican presidential nomination?,Will Byron Donalds win the 2028 Republican presidential nomination?,0.37,0.1,1.0,,,,
c708379a9bf5f9ecc2012c7d8e8df8b1,561980,561987,rejected,,rejected,eligible,Will Nikki Haley win the 2028 Republican presidential nomination?,Will Elise Stefanik win the 2028 Republican presidential nomination?,0.37,0.1,1.0,,,,
978c476af4b0e7ed89b29bbc70f7cabf,561980,561988,rejected,,rejected,eligible,Will Nikki Haley win the 2028 Republican presidential nomination?,Will Josh Hawley win the 2028 Republican presidential nomination?,0.37,0.1,1.0,,,,
8605aa385f489c40be3a10abac0ded3c,561980,561989,rejected,,rejected,eligible,Will Nikki Haley win the 2028 Republican presidential nomination?,Will Ted Cruz win the 2028 Republican presidential nomination?,0.37,0.1,1.0,,,,
76b98b85fa92210167133418973ddb2a,561980,561990,rejected,,rejected,eligible,Will Nikki Haley win the 2028 Republican presidential nomination?,Will Elon Musk win the 2028 Republican presidential nomination?,0.37,0.1,1.0,,,,
b4ef74b0443d0de4be7707af7d49c2d8,561980,561991,rejected,,rejected,eligible,Will Nikki Haley win the 2028 Republican presidential nomination?,Will Matt Gaetz win the 2028 Republican presidential nomination?,0.37,0.1,1.0,,,,
f8cb49e9dea2a93116cd7738452fabd5,561990,562007,rejected,,rejected,eligible,Will Elon Musk win the 2028 Republican presidential nomination?,Will Joe Kent win the 2028 Republican presidential nomination?,0.37,0.1,1.0,,,,
ba698b656cf248ff1757a0944259f97a,559655,559677,rejected,,rejected,eligible,Will Josh Shapiro win the 2028 Democratic presidential nomination?,Will Hillary Clinton win the 2028 Democratic presidential nomination?,0.37,0.1,1.0,,,,
1570fc40f43d61f94839814ce9577de1,561980,561992,rejected,,rejected,eligible,Will Nikki Haley win the 2028 Republican presidential nomination?,Will Katie Britt win the 2028 Republican presidential nomination?,0.37,0.1,1.0,,,,
90de8312c73cb674b602b208408ccf38,561980,561993,rejected,,rejected,eligible,Will Nikki Haley win the 2028 Republican presidential nomination?,Will John Thune win the 2028 Republican presidential nomination?,0.37,0.1,1.0,,,,
ee32c8ab439a735bfa1a060aecae333c,559655,559678,rejected,,rejected,eligible,Will Josh Shapiro win the 2028 Democratic presidential nomination?,Will Liz Cheney win the 2028 Democratic presidential nomination?,0.37,0.1,1.0,,,,
1575793f4e22f3a2daf617590e223726,561980,561994,rejected,,rejected,ineligible,Will Nikki Haley win the 2028 Republican presidential nomination?,Will Kristi Noem win the 2028 Republican presidential nomination?,0.37,0.1,1.0,,,,
6c1fd2df437b842e1be046c4d6b1c334,561980,561998,rejected,,rejected,eligible,Will Nikki Haley win the 2028 Republican presidential nomination?,Will Ivanka Trump win the 2028 Republican presidential nomination?,0.37,0.1,1.0,,,,
60dcfa756fc79b5f3cbfb97bff83e483,561980,562007,rejected,,rejected,eligible,Will Nikki Haley win the 2028 Republican presidential nomination?,Will Joe Kent win the 2028 Republican presidential nomination?,0.37,0.1,1.0,,,,
c91dd0928d864cddf274f274af47c087,561986,561998,rejected,,rejected,eligible,Will Byron Donalds win the 2028 Republican presidential nomination?,Will Ivanka Trump win the 2028 Republican presidential nomination?,0.37,0.1,1.0,,,,
47b5a9846dd227cd7ff56f6bfdd1957c,561986,562007,rejected,,rejected,eligible,Will Byron Donalds win the 2028 Republican presidential nomination?,Will Joe Kent win the 2028 Republican presidential nomination?,0.37,0.1,1.0,,,,
dccc3f38eb9753227c6eb61fb0ed267b,561987,561988,rejected,,rejected,eligible,Will Elise Stefanik win the 2028 Republican presidential nomination?,Will Josh Hawley win the 2028 Republican presidential nomination?,0.37,0.1,1.0,,,,
6add60dfdca233abce19bd5dd09022a5,561987,561989,rejected,,rejected,eligible,Will Elise Stefanik win the 2028 Republican presidential nomination?,Will Ted Cruz win the 2028 Republican presidential nomination?,0.37,0.1,1.0,,,,
59e3265bc3376329b17d801a7bc24f1d,561987,561990,rejected,,rejected,eligible,Will Elise Stefanik win the 2028 Republican presidential nomination?,Will Elon Musk win the 2028 Republican presidential nomination?,0.37,0.1,1.0,,,,
62451dbe6fef37aeba0195cc58e015a4,561987,561991,rejected,,rejected,eligible,Will Elise Stefanik win the 2028 Republican presidential nomination?,Will Matt Gaetz win the 2028 Republican presidential nomination?,0.37,0.1,1.0,,,,
91d49ac6f2d1d795842855734a05d594,561987,561992,rejected,,rejected,eligible,Will Elise Stefanik win the 2028 Republican presidential nomination?,Will Katie Britt win the 2028 Republican presidential nomination?,0.37,0.1,1.0,,,,
83a8499a1d5ec7489484f0ed7e0bd9aa,561987,561993,rejected,,rejected,eligible,Will Elise Stefanik win the 2028 Republican presidential nomination?,Will John Thune win the 2028 Republican presidential nomination?,0.37,0.1,1.0,,,,
204cec3368082cdcb50921ec9ac5903f,561991,561994,rejected,,rejected,ineligible,Will Matt Gaetz win the 2028 Republican presidential nomination?,Will Kristi Noem win the 2028 Republican presidential nomination?,0.37,0.1,1.0,,,,
10582a0b6e831d0c1eb04684b71fc1ba,561987,561994,rejected,,rejected,ineligible,Will Elise Stefanik win the 2028 Republican presidential nomination?,Will Kristi Noem win the 2028 Republican presidential nomination?,0.37,0.1,1.0,,,,
37ed4b6d4976160ef804c6e14f043878,559666,559667,rejected,,rejected,eligible,Will Tim Walz win the 2028 Democratic presidential nomination?,Will Michelle Obama win the 2028 Democratic presidential nomination?,0.37,0.1,1.0,,,,
1f0e6fcac2b61033980b58ec6fc6254d,559666,559669,rejected,,rejected,eligible,Will Tim Walz win the 2028 Democratic presidential nomination?,Will Rahm Emanuel win the 2028 Democratic presidential nomination?,0.37,0.1,1.0,,,,
22c6cc14898be4bc1e709b43ab67f317,561987,561998,rejected,,rejected,eligible,Will Elise Stefanik win the 2028 Republican presidential nomination?,Will Ivanka Trump win the 2028 Republican presidential nomination?,0.37,0.1,1.0,,,,
b88dcae62195442b6da53189a228b310,559666,559671,rejected,,rejected,eligible,Will Tim Walz win the 2028 Democratic presidential nomination?,Will Zohran Mamdani win the 2028 Democratic presidential nomination?,0.37,0.1,1.0,,,,
e12429aa372fe49af4d44604b96f289b,561987,562007,rejected,,rejected,eligible,Will Elise Stefanik win the 2028 Republican presidential nomination?,Will Joe Kent win the 2028 Republican presidential nomination?,0.37,0.1,1.0,,,,
9159ba60c34ac0756cfe0e236cc81374,561988,561989,rejected,,rejected,eligible,Will Josh Hawley win the 2028 Republican presidential nomination?,Will Ted Cruz win the 2028 Republican presidential nomination?,0.37,0.1,1.0,,,,
4c58e14486aa2619af95debfd5dd58f7,561988,561990,rejected,,rejected,eligible,Will Josh Hawley win the 2028 Republican presidential nomination?,Will Elon Musk win the 2028 Republican presidential nomination?,0.37,0.1,1.0,,,,
12a3f906d79fe960fb75ea05a6de5996,561988,561991,rejected,,rejected,eligible,Will Josh Hawley win the 2028 Republican presidential nomination?,Will Matt Gaetz win the 2028 Republican presidential nomination?,0.37,0.1,1.0,,,,
e9ecebcb57186e409861d2aff93d9e0a,561988,561992,rejected,,rejected,eligible,Will Josh Hawley win the 2028 Republican presidential nomination?,Will Katie Britt win the 2028 Republican presidential nomination?,0.37,0.1,1.0,,,,
74033cfddee149c9ca31ccbe9e544fb5,559666,559677,rejected,,rejected,eligible,Will Tim Walz win the 2028 Democratic presidential nomination?,Will Hillary Clinton win the 2028 Democratic presidential nomination?,0.37,0.1,1.0,,,,
d8d27f8db47b3e39065749a895712d26,559666,559678,rejected,,rejected,eligible,Will Tim Walz win the 2028 Democratic presidential nomination?,Will Liz Cheney win the 2028 Democratic presidential nomination?,0.37,0.1,1.0,,,,
b40d5936c21ccf201bcc292dccdec956,561988,561993,rejected,,rejected,eligible,Will Josh Hawley win the 2028 Republican presidential nomination?,Will John Thune win the 2028 Republican presidential nomination?,0.37,0.1,1.0,,,,
75530125299bb2bfa562ae0fa5a6c500,561988,561994,rejected,,rejected,ineligible,Will Josh Hawley win the 2028 Republican presidential nomination?,Will Kristi Noem win the 2028 Republican presidential nomination?,0.37,0.1,1.0,,,,
7861996bde63eb7a2c26766fc2853e65,559666,559681,rejected,,rejected,eligible,Will Tim Walz win the 2028 Democratic presidential nomination?,Will LeBron James win the 2028 Democratic presidential nomination?,0.37,0.1,1.0,,,,
fcaea85f1962fc8649593dec4a83663f,561988,561998,rejected,,rejected,eligible,Will Josh Hawley win the 2028 Republican presidential nomination?,Will Ivanka Trump win the 2028 Republican presidential nomination?,0.37,0.1,1.0,,,,
4b07f92b8755b35acd7f7db5579b27c3,559666,559683,rejected,,rejected,eligible,Will Tim Walz win the 2028 Democratic presidential nomination?,Will George Clooney win the 2028 Democratic presidential nomination?,0.37,0.1,1.0,,,,
e94583641ee69269c829b1f963f94532,559666,559684,rejected,,rejected,eligible,Will Tim Walz win the 2028 Democratic presidential nomination?,Will Chelsea Clinton win the 2028 Democratic presidential nomination?,0.37,0.1,1.0,,,,
77475ad7fb7f72148d5b143f4c8e9c10,561988,562007,rejected,,rejected,eligible,Will Josh Hawley win the 2028 Republican presidential nomination?,Will Joe Kent win the 2028 Republican presidential nomination?,0.37,0.1,1.0,,,,
ce6fb8f9f15bf74ec69dc70805652b31,561989,561990,rejected,,rejected,eligible,Will Ted Cruz win the 2028 Republican presidential nomination?,Will Elon Musk win the 2028 Republican presidential nomination?,0.37,0.1,1.0,,,,
0a8c3c5f12b30d1fa86b3963c7bd6a8a,561989,561991,rejected,,rejected,eligible,Will Ted Cruz win the 2028 Republican presidential nomination?,Will Matt Gaetz win the 2028 Republican presidential nomination?,0.37,0.1,1.0,,,,
08672f45cd84ea342d4fea32c0eff06e,559666,559690,rejected,,rejected,eligible,Will Tim Walz win the 2028 Democratic presidential nomination?,Will Kim Kardashian win the 2028 Democratic presidential nomination?,0.37,0.1,1.0,,,,
c552680b73acf36d1531938ce6cf6fdc,561989,561992,rejected,,rejected,eligible,Will Ted Cruz win the 2028 Republican presidential nomination?,Will Katie Britt win the 2028 Republican presidential nomination?,0.37,0.1,1.0,,,,
0b6d3fdbd40cf6dd8fb931b8802af960,561989,561993,rejected,,rejected,eligible,Will Ted Cruz win the 2028 Republican presidential nomination?,Will John Thune win the 2028 Republican presidential nomination?,0.37,0.1,1.0,,,,
56375a693664417bf72f3db0d54fce1d,559667,559669,rejected,,rejected,eligible,Will Michelle Obama win the 2028 Democratic presidential nomination?,Will Rahm Emanuel win the 2028 Democratic presidential nomination?,0.37,0.1,1.0,,,,
2f01e35e3a283669ca443db65b6d7011,561989,561994,rejected,,rejected,ineligible,Will Ted Cruz win the 2028 Republican presidential nomination?,Will Kristi Noem win the 2028 Republican presidential nomination?,0.37,0.1,1.0,,,,
d1fe7f12733a09a6fe4cf96af8994921,559667,559671,rejected,,rejected,eligible,Will Michelle Obama win the 2028 Democratic presidential nomination?,Will Zohran Mamdani win the 2028 Democratic presidential nomination?,0.37,0.1,1.0,,,,
37768cf6242b70a36d18fb6a3cc0c94c,561989,561998,rejected,,rejected,eligible,Will Ted Cruz win the 2028 Republican presidential nomination?,Will Ivanka Trump win the 2028 Republican presidential nomination?,0.37,0.1,1.0,,,,
4818c45c7a5a277725eb8e336231a8ad,561989,562007,rejected,,rejected,eligible,Will Ted Cruz win the 2028 Republican presidential nomination?,Will Joe Kent win the 2028 Republican presidential nomination?,0.37,0.1,1.0,,,,
d70c2999136b35776bd3f842845fd60f,561990,561991,rejected,,rejected,eligible,Will Elon Musk win the 2028 Republican presidential nomination?,Will Matt Gaetz win the 2028 Republican presidential nomination?,0.37,0.1,1.0,,,,
3633bc42132f57ea30f8fc51900ecb2a,561990,561992,rejected,,rejected,eligible,Will Elon Musk win the 2028 Republican presidential nomination?,Will Katie Britt win the 2028 Republican presidential nomination?,0.37,0.1,1.0,,,,
45a3d21cb67050cb631a45b5c87bb34a,559667,559677,rejected,,rejected,eligible,Will Michelle Obama win the 2028 Democratic presidential nomination?,Will Hillary Clinton win the 2028 Democratic presidential nomination?,0.37,0.1,1.0,,,,
da2e917c3eacec8eb286abdfba222143,559667,559678,rejected,,rejected,eligible,Will Michelle Obama win the 2028 Democratic presidential nomination?,Will Liz Cheney win the 2028 Democratic presidential nomination?,0.37,0.1,1.0,,,,
8e7a96d9917c7d301a7a7829b81bf6a1,561990,561993,rejected,,rejected,eligible,Will Elon Musk win the 2028 Republican presidential nomination?,Will John Thune win the 2028 Republican presidential nomination?,0.37,0.1,1.0,,,,
780b9f113685f668d2f4e8ccb21e11c5,561990,561994,rejected,,rejected,ineligible,Will Elon Musk win the 2028 Republican presidential nomination?,Will Kristi Noem win the 2028 Republican presidential nomination?,0.37,0.1,1.0,,,,
6703158623dfe0cceea271d1539721b0,559667,559681,rejected,,rejected,eligible,Will Michelle Obama win the 2028 Democratic presidential nomination?,Will LeBron James win the 2028 Democratic presidential nomination?,0.37,0.1,1.0,,,,
91ac5d34af317116f638a9c433064c3c,561990,561998,rejected,,rejected,eligible,Will Elon Musk win the 2028 Republican presidential nomination?,Will Ivanka Trump win the 2028 Republican presidential nomination?,0.37,0.1,1.0,,,,
cb36c2882206edc25c757c323a51e895,559667,559683,rejected,,rejected,eligible,Will Michelle Obama win the 2028 Democratic presidential nomination?,Will George Clooney win the 2028 Democratic presidential nomination?,0.37,0.1,1.0,,,,
914f3748a67c1201498e8eea9c28fcdb,559667,559684,rejected,,rejected,eligible,Will Michelle Obama win the 2028 Democratic presidential nomination?,Will Chelsea Clinton win the 2028 Democratic presidential nomination?,0.37,0.1,1.0,,,,
c170060ed4420a417ca7935987b0da7d,559660,559663,rejected,,rejected,eligible,Will Andy Beshear win the 2028 Democratic presidential nomination?,Will J.B. Pritzker win the 2028 Democratic presidential nomination?,0.37,0.1,1.0,,,,
206a76b5ea62b360ebc81d2400350e1e,561992,562007,rejected,,rejected,eligible,Will Katie Britt win the 2028 Republican presidential nomination?,Will Joe Kent win the 2028 Republican presidential nomination?,0.37,0.1,1.0,,,,
d17771027364d0ed9623b82a021a4260,561993,561994,rejected,,rejected,ineligible,Will John Thune win the 2028 Republican presidential nomination?,Will Kristi Noem win the 2028 Republican presidential nomination?,0.37,0.1,1.0,,,,
2aad176f7cb50f9ccb47cb29219ba1ab,559667,559690,rejected,,rejected,eligible,Will Michelle Obama win the 2028 Democratic presidential nomination?,Will Kim Kardashian win the 2028 Democratic presidential nomination?,0.37,0.1,1.0,,,,
e2423629ce80a74c010b875ecf87164c,561993,561998,rejected,,rejected,eligible,Will John Thune win the 2028 Republican presidential nomination?,Will Ivanka Trump win the 2028 Republican presidential nomination?,0.37,0.1,1.0,,,,
c2871eb2299af72eb60b733fe03d88b0,561993,562007,rejected,,rejected,eligible,Will John Thune win the 2028 Republican presidential nomination?,Will Joe Kent win the 2028 Republican presidential nomination?,0.37,0.1,1.0,,,,
eb3069edfa1d84de3e5780f1edcb81c9,561994,561998,rejected,,rejected,ineligible,Will Kristi Noem win the 2028 Republican presidential nomination?,Will Ivanka Trump win the 2028 Republican presidential nomination?,0.37,0.1,1.0,,,,
f1f2ed6a2021dd6d2b5289f978eb621e,559660,559669,rejected,,rejected,eligible,Will Andy Beshear win the 2028 Democratic presidential nomination?,Will Rahm Emanuel win the 2028 Democratic presidential nomination?,0.37,0.1,1.0,,,,
1a872ccb7cd96b3e68abe2d4e52c04b0,559660,559671,rejected,,rejected,eligible,Will Andy Beshear win the 2028 Democratic presidential nomination?,Will Zohran Mamdani win the 2028 Democratic presidential nomination?,0.37,0.1,1.0,,,,
618484ecea9d0a91d4a180e266cc85c6,561975,561980,rejected,,rejected,eligible,Will Marco Rubio win the 2028 Republican presidential nomination?,Will Nikki Haley win the 2028 Republican presidential nomination?,0.37,0.1,1.0,,,,
32f789e1aa48cb1c7cace79e031a27a3,561994,562007,rejected,,rejected,ineligible,Will Kristi Noem win the 2028 Republican presidential nomination?,Will Joe Kent win the 2028 Republican presidential nomination?,0.37,0.1,1.0,,,,
3265e5859ac410d6fb6db77945f2ab72,559655,559681,rejected,,rejected,eligible,Will Josh Shapiro win the 2028 Democratic presidential nomination?,Will LeBron James win the 2028 Democratic presidential nomination?,0.37,0.1,1.0,,,,
cf397896a711a0799057ef784c086a43,559655,559683,rejected,,rejected,eligible,Will Josh Shapiro win the 2028 Democratic presidential nomination?,Will George Clooney win the 2028 Democratic presidential nomination?,0.37,0.1,1.0,,,,
f8d6eb95f669edcd2e39e04f8c957a99,561998,562007,rejected,,rejected,eligible,Will Ivanka Trump win the 2028 Republican presidential nomination?,Will Joe Kent win the 2028 Republican presidential nomination?,0.37,0.1,1.0,,,,
b8fed0692c340bf93cda058b91842d42,559655,559684,rejected,,rejected,eligible,Will Josh Shapiro win the 2028 Democratic presidential nomination?,Will Chelsea Clinton win the 2028 Democratic presidential nomination?,0.37,0.1,1.0,,,,
e21f3a157af69ce15a33a2cd7ff06b2d,559655,559690,rejected,,rejected,eligible,Will Josh Shapiro win the 2028 Democratic presidential nomination?,Will Kim Kardashian win the 2028 Democratic presidential nomination?,0.37,0.1,1.0,,,,
5babdcdba19ba7ea552ebc90ec8ad20e,559660,559677,rejected,,rejected,eligible,Will Andy Beshear win the 2028 Democratic presidential nomination?,Will Hillary Clinton win the 2028 Democratic presidential nomination?,0.37,0.1,1.0,,,,
8db341a1b96dca9a5a5099bae86c807c,559660,559678,rejected,,rejected,eligible,Will Andy Beshear win the 2028 Democratic presidential nomination?,Will Liz Cheney win the 2028 Democratic presidential nomination?,0.37,0.1,1.0,,,,
28a6e9aadc48e93229d5b50e8909ec80,561991,561992,rejected,,rejected,eligible,Will Matt Gaetz win the 2028 Republican presidential nomination?,Will Katie Britt win the 2028 Republican presidential nomination?,0.37,0.1,1.0,,,,
6010843aab711460100f35f60b356167,559660,559681,rejected,,rejected,eligible,Will Andy Beshear win the 2028 Democratic presidential nomination?,Will LeBron James win the 2028 Democratic presidential nomination?,0.37,0.1,1.0,,,,
cc014b74f81bde6ba7b7c2c7efe11652,559660,559683,rejected,,rejected,eligible,Will Andy Beshear win the 2028 Democratic presidential nomination?,Will George Clooney win the 2028 Democratic presidential nomination?,0.37,0.1,1.0,,,,
7438ddc9e27785c2ff4da60c467b65a3,559669,559671,rejected,,rejected,eligible,Will Rahm Emanuel win the 2028 Democratic presidential nomination?,Will Zohran Mamdani win the 2028 Democratic presidential nomination?,0.37,0.1,1.0,,,,
f2362f3d0df070be39a5771fbdc88788,559660,559684,rejected,,rejected,eligible,Will Andy Beshear win the 2028 Democratic presidential nomination?,Will Chelsea Clinton win the 2028 Democratic presidential nomination?,0.37,0.1,1.0,,,,
8cc97a24f7f2c7e8cbd4e2619534a018,559660,559690,rejected,,rejected,eligible,Will Andy Beshear win the 2028 Democratic presidential nomination?,Will Kim Kardashian win the 2028 Democratic presidential nomination?,0.37,0.1,1.0,,,,
dd8f0d547bcf2b9647b862f54ec03e7e,559663,559677,rejected,,rejected,eligible,Will J.B. Pritzker win the 2028 Democratic presidential nomination?,Will Hillary Clinton win the 2028 Democratic presidential nomination?,0.37,0.1,1.0,,,,
1ec734d433b3d23b92a93a78687d05ce,559663,559678,rejected,,rejected,eligible,Will J.B. Pritzker win the 2028 Democratic presidential nomination?,Will Liz Cheney win the 2028 Democratic presidential nomination?,0.37,0.1,1.0,,,,
2ef1eac418a326df839f52db535ab312,559663,559681,rejected,,rejected,eligible,Will J.B. Pritzker win the 2028 Democratic presidential nomination?,Will LeBron James win the 2028 Democratic presidential nomination?,0.37,0.1,1.0,,,,
fe3c4eaa2602018e3a7089758e8e2308,559669,559677,rejected,,rejected,eligible,Will Rahm Emanuel win the 2028 Democratic presidential nomination?,Will Hillary Clinton win the 2028 Democratic presidential nomination?,0.37,0.1,1.0,,,,
0c747834a1d33c8fbbfbf262a5286b4d,559669,559678,rejected,,rejected,eligible,Will Rahm Emanuel win the 2028 Democratic presidential nomination?,Will Liz Cheney win the 2028 Democratic presidential nomination?,0.37,0.1,1.0,,,,
80d2307207f6c2aab67fd37689ad9d81,559663,559683,rejected,,rejected,eligible,Will J.B. Pritzker win the 2028 Democratic presidential nomination?,Will George Clooney win the 2028 Democratic presidential nomination?,0.37,0.1,1.0,,,,
699603f55f8a6ae572ab5762f3650435,559663,559684,rejected,,rejected,eligible,Will J.B. Pritzker win the 2028 Democratic presidential nomination?,Will Chelsea Clinton win the 2028 Democratic presidential nomination?,0.37,0.1,1.0,,,,
15b9b16560b2100065ebd3175c96bfe8,559669,559681,rejected,,rejected,eligible,Will Rahm Emanuel win the 2028 Democratic presidential nomination?,Will LeBron James win the 2028 Democratic presidential nomination?,0.37,0.1,1.0,,,,
e6e2b00c50e330126ce1691eceda4986,561981,561986,rejected,,rejected,eligible,Will Vivek Ramaswamy win the 2028 Republican presidential nomination?,Will Byron Donalds win the 2028 Republican presidential nomination?,0.37,0.1,1.0,,,,
a998a1f110a30abbc4fc1e373cf7e0a3,559669,559683,rejected,,rejected,eligible,Will Rahm Emanuel win the 2028 Democratic presidential nomination?,Will George Clooney win the 2028 Democratic presidential nomination?,0.37,0.1,1.0,,,,
de10cc220aac7f411eed049326105f25,559669,559684,rejected,,rejected,eligible,Will Rahm Emanuel win the 2028 Democratic presidential nomination?,Will Chelsea Clinton win the 2028 Democratic presidential nomination?,0.37,0.1,1.0,,,,
bd723673af58bb8e84392930f2db93bd,559663,559690,rejected,,rejected,eligible,Will J.B. Pritzker win the 2028 Democratic presidential nomination?,Will Kim Kardashian win the 2028 Democratic presidential nomination?,0.37,0.1,1.0,,,,
4d71f72c327c6b2a12709df63d436db9,561981,561987,rejected,,rejected,eligible,Will Vivek Ramaswamy win the 2028 Republican presidential nomination?,Will Elise Stefanik win the 2028 Republican presidential nomination?,0.37,0.1,1.0,,,,
24f5c991d688f19a591c87b1a28a9a2a,559663,559671,rejected,,rejected,eligible,Will J.B. Pritzker win the 2028 Democratic presidential nomination?,Will Zohran Mamdani win the 2028 Democratic presidential nomination?,0.37,0.1,1.0,,,,
449e04f61673696c323ed786069d894d,559669,559690,rejected,,rejected,eligible,Will Rahm Emanuel win the 2028 Democratic presidential nomination?,Will Kim Kardashian win the 2028 Democratic presidential nomination?,0.37,0.1,1.0,,,,
b2dcfc995e1f5f9c7e568bd29dc75e29,559663,559666,rejected,,rejected,eligible,Will J.B. Pritzker win the 2028 Democratic presidential nomination?,Will Tim Walz win the 2028 Democratic presidential nomination?,0.37,0.1,1.0,,,,
519309931d784388ab6617bdbd645709,561981,561993,rejected,,rejected,eligible,Will Vivek Ramaswamy win the 2028 Republican presidential nomination?,Will John Thune win the 2028 Republican presidential nomination?,0.37,0.1,1.0,,,,
f37c0381a1aa27a975fc6de60a99fc20,561981,561994,rejected,,rejected,ineligible,Will Vivek Ramaswamy win the 2028 Republican presidential nomination?,Will Kristi Noem win the 2028 Republican presidential nomination?,0.37,0.1,1.0,,,,
004edb906cd82dc162edf89cee126f73,561981,561998,rejected,,rejected,eligible,Will Vivek Ramaswamy win the 2028 Republican presidential nomination?,Will Ivanka Trump win the 2028 Republican presidential nomination?,0.37,0.1,1.0,,,,
b07c94d26957fdda4f165c70385a1c8f,559660,559667,rejected,,rejected,eligible,Will Andy Beshear win the 2028 Democratic presidential nomination?,Will Michelle Obama win the 2028 Democratic presidential nomination?,0.37,0.1,1.0,,,,
6de0e3301f5c9f9832d450d05b985373,561975,561987,rejected,,rejected,eligible,Will Marco Rubio win the 2028 Republican presidential nomination?,Will Elise Stefanik win the 2028 Republican presidential nomination?,0.37,0.1,1.0,,,,
11df365e63982c66d0aac4d23d3f0d47,561981,561989,rejected,,rejected,eligible,Will Vivek Ramaswamy win the 2028 Republican presidential nomination?,Will Ted Cruz win the 2028 Republican presidential nomination?,0.37,0.1,1.0,,,,
f45a560090dff682f65da898935844e4,561986,561988,rejected,,rejected,eligible,Will Byron Donalds win the 2028 Republican presidential nomination?,Will Josh Hawley win the 2028 Republican presidential nomination?,0.37,0.1,1.0,,,,
c1bd0217d89478694c69b52182ebb485,561981,561990,rejected,,rejected,eligible,Will Vivek Ramaswamy win the 2028 Republican presidential nomination?,Will Elon Musk win the 2028 Republican presidential nomination?,0.37,0.1,1.0,,,,
3390e576f42d6e973d3aab00b4ef4870,561975,561981,rejected,,rejected,eligible,Will Marco Rubio win the 2028 Republican presidential nomination?,Will Vivek Ramaswamy win the 2028 Republican presidential nomination?,0.37,0.1,1.0,,,,
dfe748e0ba04dccf03fbe9c790d9675d,561975,561988,rejected,,rejected,eligible,Will Marco Rubio win the 2028 Republican presidential nomination?,Will Josh Hawley win the 2028 Republican presidential nomination?,0.37,0.1,1.0,,,,
a956bff507eaa7e9f0e4592e71b7a0ea,561981,562007,rejected,,rejected,eligible,Will Vivek Ramaswamy win the 2028 Republican presidential nomination?,Will Joe Kent win the 2028 Republican presidential nomination?,0.37,0.1,1.0,,,,
7e8c2324dc68f738a553c7ca57b4e70b,561975,561986,rejected,,rejected,eligible,Will Marco Rubio win the 2028 Republican presidential nomination?,Will Byron Donalds win the 2028 Republican presidential nomination?,0.37,0.1,1.0,,,,
a89b8b813f20d09f98d0d63156f88943,561975,561990,rejected,,rejected,eligible,Will Marco Rubio win the 2028 Republican presidential nomination?,Will Elon Musk win the 2028 Republican presidential nomination?,0.37,0.1,1.0,,,,
994e72e085b04f6e78f1f03ead6d33a9,561975,561991,rejected,,rejected,eligible,Will Marco Rubio win the 2028 Republican presidential nomination?,Will Matt Gaetz win the 2028 Republican presidential nomination?,0.37,0.1,1.0,,,,
6f128865165e399b622a4400e19fa7f0,561991,561998,rejected,,rejected,eligible,Will Matt Gaetz win the 2028 Republican presidential nomination?,Will Ivanka Trump win the 2028 Republican presidential nomination?,0.37,0.1,1.0,,,,
5353d453d7530f058eebc2eb4448823c,559671,559677,rejected,,rejected,eligible,Will Zohran Mamdani win the 2028 Democratic presidential nomination?,Will Hillary Clinton win the 2028 Democratic presidential nomination?,0.37,0.1,1.0,,,,
b06860bc3675927d8965545146f07c10,559671,559678,rejected,,rejected,eligible,Will Zohran Mamdani win the 2028 Democratic presidential nomination?,Will Liz Cheney win the 2028 Democratic presidential nomination?,0.37,0.1,1.0,,,,
34a2b023484bc9153d3f7fde44cdd2ad,561975,561992,rejected,,rejected,eligible,Will Marco Rubio win the 2028 Republican presidential nomination?,Will Katie Britt win the 2028 Republican presidential nomination?,0.37,0.1,1.0,,,,
c638547a754681f694ba3d4141faa053,561975,561993,rejected,,rejected,eligible,Will Marco Rubio win the 2028 Republican presidential nomination?,Will John Thune win the 2028 Republican presidential nomination?,0.37,0.1,1.0,,,,
a5b8affc1209dd024b048c8665ab05db,559671,559681,rejected,,rejected,eligible,Will Zohran Mamdani win the 2028 Democratic presidential nomination?,Will LeBron James win the 2028 Democratic presidential nomination?,0.37,0.1,1.0,,,,
592b3a57be6d23eeec453bf773916460,561975,561994,rejected,,rejected,ineligible,Will Marco Rubio win the 2028 Republican presidential nomination?,Will Kristi Noem win the 2028 Republican presidential nomination?,0.37,0.1,1.0,,,,
20451e632543466ba11ebb5802b6af8c,559671,559683,rejected,,rejected,eligible,Will Zohran Mamdani win the 2028 Democratic presidential nomination?,Will George Clooney win the 2028 Democratic presidential nomination?,0.37,0.1,1.0,,,,
5d454bfd0997ec18b3364a104e55dbb4,559671,559684,rejected,,rejected,eligible,Will Zohran Mamdani win the 2028 Democratic presidential nomination?,Will Chelsea Clinton win the 2028 Democratic presidential nomination?,0.37,0.1,1.0,,,,
35a44d9018089d3eca27031d9fdfee4b,561975,561998,rejected,,rejected,eligible,Will Marco Rubio win the 2028 Republican presidential nomination?,Will Ivanka Trump win the 2028 Republican presidential nomination?,0.37,0.1,1.0,,,,
63c1bca47ff47b7dc290cf8a41a229d1,561975,561989,rejected,,rejected,eligible,Will Marco Rubio win the 2028 Republican presidential nomination?,Will Ted Cruz win the 2028 Republican presidential nomination?,0.37,0.1,1.0,,,,
00c5b1bb912d5162c3dcdf8cc5cf4322,561991,562007,rejected,,rejected,eligible,Will Matt Gaetz win the 2028 Republican presidential nomination?,Will Joe Kent win the 2028 Republican presidential nomination?,0.37,0.1,1.0,,,,
a78cff75ced3e954d226cbdf2941f586,559671,559690,rejected,,rejected,eligible,Will Zohran Mamdani win the 2028 Democratic presidential nomination?,Will Kim Kardashian win the 2028 Democratic presidential nomination?,0.37,0.1,1.0,,,,
b2d5b5f1a34d05488a0415db42b4ece9,561992,561993,rejected,,rejected,eligible,Will Katie Britt win the 2028 Republican presidential nomination?,Will John Thune win the 2028 Republican presidential nomination?,0.37,0.1,1.0,,,,
7dbe20040f978981fb7bffa88c6f7c69,561992,561994,rejected,,rejected,ineligible,Will Katie Britt win the 2028 Republican presidential nomination?,Will Kristi Noem win the 2028 Republican presidential nomination?,0.37,0.1,1.0,,,,
2e908008b4431a157c6b24108a82d2a8,561975,562007,rejected,,rejected,eligible,Will Marco Rubio win the 2028 Republican presidential nomination?,Will Joe Kent win the 2028 Republican presidential nomination?,0.37,0.1,1.0,,,,
11455961e56dd3cff345fe8795f210e3,561986,561987,rejected,,rejected,eligible,Will Byron Donalds win the 2028 Republican presidential nomination?,Will Elise Stefanik win the 2028 Republican presidential nomination?,0.37,0.1,1.0,,,,
19c03b773325a111991fcb4102ca4938,561992,561998,rejected,,rejected,eligible,Will Katie Britt win the 2028 Republican presidential nomination?,Will Ivanka Trump win the 2028 Republican presidential nomination?,0.37,0.1,1.0,,,,
705859689221533aac5c412872af2313,561238,561249,rejected,,rejected,eligible,Will Glenn Youngkin win the 2028 US Presidential Election?,Will Greg Abbott win the 2028 US Presidential Election?,0.3686,0.1,1.0,,,,
7057d5ab2d1819ce2fec90221f28fe07,561236,561245,rejected,,rejected,eligible,Will Gretchen Whitmer win the 2028 US Presidential Election?,Will Nikki Haley win the 2028 US Presidential Election?,0.3681,0.1,1.0,,,,
05cfc17b5a0c3e03a7ecbda323a90c33,559652,559663,rejected,,rejected,eligible,Will Gavin Newsom win the 2028 Democratic presidential nomination?,Will J.B. Pritzker win the 2028 Democratic presidential nomination?,0.3679,0.075,1.0,,,,
912bed955c0e2c572adf315d2cbb398a,561977,562000,rejected,,rejected,eligible,Will Glenn Youngkin win the 2028 Republican presidential nomination?,Will Rand Paul win the 2028 Republican presidential nomination?,0.3679,0.075,1.0,,,,
168bf877feb2c889466e7ce8dd9785e1,559663,559693,rejected,,rejected,eligible,Will J.B. Pritzker win the 2028 Democratic presidential nomination?,Will Ruben Gallego win the 2028 Democratic presidential nomination?,0.3679,0.075,1.0,,,,
11bd72ee35a06271d84e6df65bace2ca,559662,559693,rejected,,rejected,eligible,Will Mark Cuban win the 2028 Democratic presidential nomination?,Will Ruben Gallego win the 2028 Democratic presidential nomination?,0.3668,0.15,1.0,,,,
0684b0fc0761be7a1cfb5e594e897d5c,559668,559693,rejected,,rejected,eligible,Will Mark Kelly win the 2028 Democratic presidential nomination?,Will Ruben Gallego win the 2028 Democratic presidential nomination?,0.3668,0.15,1.0,,,,
44b256aea6f19f6b3aa8e4ac6e2119cf,559652,559693,rejected,,rejected,eligible,Will Gavin Newsom win the 2028 Democratic presidential nomination?,Will Ruben Gallego win the 2028 Democratic presidential nomination?,0.3668,0.15,1.0,,,,
1fcc4739433141406faee450df5aaabe,561246,561249,rejected,,rejected,eligible,Will Ron DeSantis win the 2028 US Presidential Election?,Will Greg Abbott win the 2028 US Presidential Election?,0.3663,0.1,1.0,,,,
bf690dcd53ed9137c89dd034d7987a30,559656,559678,rejected,,rejected,eligible,Will Wes Moore win the 2028 Democratic presidential nomination?,Will Liz Cheney win the 2028 Democratic presidential nomination?,0.365,0.075,1.0,,,,
ab2c2717773d272cd3d71f64bca19909,559673,559690,rejected,,rejected,eligible,Will John Fetterman win the 2028 Democratic presidential nomination?,Will Kim Kardashian win the 2028 Democratic presidential nomination?,0.365,0.075,1.0,,,,
7e355b670504bdbb9e45f1ac2bbc4796,559656,559681,rejected,,rejected,eligible,Will Wes Moore win the 2028 Democratic presidential nomination?,Will LeBron James win the 2028 Democratic presidential nomination?,0.365,0.075,1.0,,,,
0e2ad9f9afb27a9106dcb18c4f92c1cb,559660,559676,rejected,,rejected,eligible,Will Andy Beshear win the 2028 Democratic presidential nomination?,Will Barack Obama win the 2028 Democratic presidential nomination?,0.365,0.075,1.0,,,,
26dff4237d7ef2af7bba18093ae106e6,559674,559677,rejected,,rejected,eligible,Will Jared Polis win the 2028 Democratic presidential nomination?,Will Hillary Clinton win the 2028 Democratic presidential nomination?,0.365,0.075,1.0,,,,
5359be150f8438b470603230bfcadae5,559674,559678,rejected,,rejected,eligible,Will Jared Polis win the 2028 Democratic presidential nomination?,Will Liz Cheney win the 2028 Democratic presidential nomination?,0.365,0.075,1.0,,,,
7cc991c53502fdd3fc112f598673e624,559674,559681,rejected,,rejected,eligible,Will Jared Polis win the 2028 Democratic presidential nomination?,Will LeBron James win the 2028 Democratic presidential nomination?,0.365,0.075,1.0,,,,
09a5d0a65f779a956dd012afd4b1528c,559674,559683,rejected,,rejected,eligible,Will Jared Polis win the 2028 Democratic presidential nomination?,Will George Clooney win the 2028 Democratic presidential nomination?,0.365,0.075,1.0,,,,
04993cd45c3595e730abde299c9b07bd,559674,559684,rejected,,rejected,eligible,Will Jared Polis win the 2028 Democratic presidential nomination?,Will Chelsea Clinton win the 2028 Democratic presidential nomination?,0.365,0.075,1.0,,,,
8af14b79d957269cae19773a7c53d8ff,559674,559690,rejected,,rejected,eligible,Will Jared Polis win the 2028 Democratic presidential nomination?,Will Kim Kardashian win the 2028 Democratic presidential nomination?,0.365,0.075,1.0,,,,
a08db14baeb86af97c38557c2f084c8d,559656,559683,rejected,,rejected,eligible,Will Wes Moore win the 2028 Democratic presidential nomination?,Will George Clooney win the 2028 Democratic presidential nomination?,0.365,0.075,1.0,,,,
2720a28dd5a44df281414f416fd3192e,559653,559685,rejected,,rejected,eligible,Will Alexandria Ocasio-Cortez win the 2028 Democratic presidential nomination?,Will MrBeast win the 2028 Democratic presidential nomination?,0.365,0.075,1.0,,,,
0f23fa283ad7e7ecbad4f182ea1efff4,559675,559677,rejected,,rejected,eligible,Will Jon Stewart win the 2028 Democratic presidential nomination?,Will Hillary Clinton win the 2028 Democratic presidential nomination?,0.365,0.075,1.0,,,,
2d7b7e359ee6e1baa447113f6b70f6c1,559675,559678,rejected,,rejected,eligible,Will Jon Stewart win the 2028 Democratic presidential nomination?,Will Liz Cheney win the 2028 Democratic presidential nomination?,0.365,0.075,1.0,,,,
fb9e3d96db80fd71de879ad4639a04cf,559675,559681,rejected,,rejected,eligible,Will Jon Stewart win the 2028 Democratic presidential nomination?,Will LeBron James win the 2028 Democratic presidential nomination?,0.365,0.075,1.0,,,,
94a7159769ba2523d6bb95cd57a29af1,559675,559683,rejected,,rejected,eligible,Will Jon Stewart win the 2028 Democratic presidential nomination?,Will George Clooney win the 2028 Democratic presidential nomination?,0.365,0.075,1.0,,,,
934b2a2107195abc8e1c66cfa8b88ed4,559675,559684,rejected,,rejected,eligible,Will Jon Stewart win the 2028 Democratic presidential nomination?,Will Chelsea Clinton win the 2028 Democratic presidential nomination?,0.365,0.075,1.0,,,,
ad4549d365e59dd164a879dc3ba1242f,559675,559690,rejected,,rejected,eligible,Will Jon Stewart win the 2028 Democratic presidential nomination?,Will Kim Kardashian win the 2028 Democratic presidential nomination?,0.365,0.075,1.0,,,,
d22efc3b8246dfaf1b1912cfb460bbd9,561992,562002,rejected,,rejected,eligible,Will Katie Britt win the 2028 Republican presidential nomination?,Will Erika Kirk win the 2028 Republican presidential nomination?,0.365,0.075,1.0,,,,
0198272f858a9a11d96961da181a3387,559656,559684,rejected,,rejected,eligible,Will Wes Moore win the 2028 Democratic presidential nomination?,Will Chelsea Clinton win the 2028 Democratic presidential nomination?,0.365,0.075,1.0,,,,
0a713d3a0e4f9697e354e6d2e24ab2f8,559676,559677,rejected,,rejected,eligible,Will Barack Obama win the 2028 Democratic presidential nomination?,Will Hillary Clinton win the 2028 Democratic presidential nomination?,0.365,0.075,1.0,,,,
008602165593428be0479345f7d704c0,559676,559678,rejected,,rejected,eligible,Will Barack Obama win the 2028 Democratic presidential nomination?,Will Liz Cheney win the 2028 Democratic presidential nomination?,0.365,0.075,1.0,,,,
e8640b0d3a0bc7d7cddeab928bbd2c39,559676,559681,rejected,,rejected,eligible,Will Barack Obama win the 2028 Democratic presidential nomination?,Will LeBron James win the 2028 Democratic presidential nomination?,0.365,0.075,1.0,,,,
9ba400b43c359e0ca97667cda759a543,559676,559683,rejected,,rejected,eligible,Will Barack Obama win the 2028 Democratic presidential nomination?,Will George Clooney win the 2028 Democratic presidential nomination?,0.365,0.075,1.0,,,,
3a54bdfbed02ce115ef0e247c82cc8ec,559676,559684,rejected,,rejected,eligible,Will Barack Obama win the 2028 Democratic presidential nomination?,Will Chelsea Clinton win the 2028 Democratic presidential nomination?,0.365,0.075,1.0,,,,
1a1e78497d9f8d2415fda47aee97f54f,559676,559690,rejected,,rejected,eligible,Will Barack Obama win the 2028 Democratic presidential nomination?,Will Kim Kardashian win the 2028 Democratic presidential nomination?,0.365,0.075,1.0,,,,
09eb0029752988dbe9442faf6b60a848,562003,562007,rejected,,rejected,eligible,Will Kim Kardashian win the 2028 Republican presidential nomination?,Will Joe Kent win the 2028 Republican presidential nomination?,0.365,0.075,1.0,,,,
16a237de66c65377638f230736723593,559655,559656,rejected,,rejected,eligible,Will Josh Shapiro win the 2028 Democratic presidential nomination?,Will Wes Moore win the 2028 Democratic presidential nomination?,0.365,0.075,1.0,,,,
3d640ce3a56bf65c1f51ffa7dbdfb5a1,559656,559690,rejected,,rejected,eligible,Will Wes Moore win the 2028 Democratic presidential nomination?,Will Kim Kardashian win the 2028 Democratic presidential nomination?,0.365,0.075,1.0,,,,
2a5da7a1a2d7ac697af40005d47c40dc,559677,559679,rejected,,rejected,eligible,Will Hillary Clinton win the 2028 Democratic presidential nomination?,Will Bernie Sanders win the 2028 Democratic presidential nomination?,0.365,0.075,1.0,,,,
d23a07c309b4cd526052c7ea2709cc29,559677,559680,rejected,,rejected,eligible,Will Hillary Clinton win the 2028 Democratic presidential nomination?,Will Phil Murphy win the 2028 Democratic presidential nomination?,0.365,0.075,1.0,,,,
029257d75da483db9d376f8d7ad2acbf,561985,561993,rejected,,rejected,eligible,Will Brian Kemp win the 2028 Republican presidential nomination?,Will John Thune win the 2028 Republican presidential nomination?,0.365,0.075,1.0,,,,
20813df0aade02b529fe9595f76a0cea,559677,559682,rejected,,rejected,eligible,Will Hillary Clinton win the 2028 Democratic presidential nomination?,Will Hunter Biden win the 2028 Democratic presidential nomination?,0.365,0.075,1.0,,,,
66f69d2cb9fd54122e66d95cad234021,559657,559658,rejected,,rejected,eligible,Will Stephen A. Smith win the 2028 Democratic presidential nomination?,Will Kamala Harris win the 2028 Democratic presidential nomination?,0.365,0.075,1.0,,,,
8d0831802c472037661994b6d2e9c840,561985,561994,rejected,,rejected,ineligible,Will Brian Kemp win the 2028 Republican presidential nomination?,Will Kristi Noem win the 2028 Republican presidential nomination?,0.365,0.075,1.0,,,,
ddd54db90d7e618b66da104a84142325,559677,559687,rejected,,rejected,eligible,Will Hillary Clinton win the 2028 Democratic presidential nomination?,Will Oprah Winfrey win the 2028 Democratic presidential nomination?,0.365,0.075,1.0,,,,
7afc1ae491e6e3ceeafbfef8b142f5d5,559677,559689,rejected,,rejected,eligible,Will Hillary Clinton win the 2028 Democratic presidential nomination?,Will Beto O’Rourke win the 2028 Democratic presidential nomination?,0.365,0.075,1.0,,,,
41a070dd6d061323a0282a3f85fb492f,559657,559659,rejected,,rejected,eligible,Will Stephen A. Smith win the 2028 Democratic presidential nomination?,Will Gretchen Whitmer win the 2028 Democratic presidential nomination?,0.365,0.075,1.0,,,,
3e73195c288c580191481393d6a16399,559677,559691,rejected,,rejected,eligible,Will Hillary Clinton win the 2028 Democratic presidential nomination?,Will Chris Murphy win the 2028 Democratic presidential nomination?,0.365,0.075,1.0,,,,
f9d9a8beb44f5af8885b1f33b991ecc5,561983,561992,rejected,,rejected,eligible,Will Greg Abbott win the 2028 Republican presidential nomination?,Will Katie Britt win the 2028 Republican presidential nomination?,0.365,0.075,1.0,,,,
98542f87553e5d6028fe943978a8be92,559678,559679,rejected,,rejected,eligible,Will Liz Cheney win the 2028 Democratic presidential nomination?,Will Bernie Sanders win the 2028 Democratic presidential nomination?,0.365,0.075,1.0,,,,
d9d5a49dd5580904bd5930172d278cf4,559678,559680,rejected,,rejected,eligible,Will Liz Cheney win the 2028 Democratic presidential nomination?,Will Phil Murphy win the 2028 Democratic presidential nomination?,0.365,0.075,1.0,,,,
9538243914a340d0c4e1a65c1aea42d6,559657,559661,rejected,,rejected,eligible,Will Stephen A. Smith win the 2028 Democratic presidential nomination?,Will Jon Ossoff win the 2028 Democratic presidential nomination?,0.365,0.075,1.0,,,,
031174f317838de0308ffd47e425a91d,559678,559682,rejected,,rejected,eligible,Will Liz Cheney win the 2028 Democratic presidential nomination?,Will Hunter Biden win the 2028 Democratic presidential nomination?,0.365,0.075,1.0,,,,
315a5dd61d1629e95149ed2bd085842c,559657,559665,rejected,,rejected,eligible,Will Stephen A. Smith win the 2028 Democratic presidential nomination?,Will Cory Booker win the 2028 Democratic presidential nomination?,0.365,0.075,1.0,,,,
deb16ed8b6d9c95bfd91c48b71a948dd,559657,559670,rejected,,rejected,eligible,Will Stephen A. Smith win the 2028 Democratic presidential nomination?,Will Gina Raimondo win the 2028 Democratic presidential nomination?,0.365,0.075,1.0,,,,
f2a27d6eaf5b70d13276ca0588bec041,561992,562003,rejected,,rejected,eligible,Will Katie Britt win the 2028 Republican presidential nomination?,Will Kim Kardashian win the 2028 Republican presidential nomination?,0.365,0.075,1.0,,,,
bd71b4a320dc7adb2522d6881fef4970,559678,559687,rejected,,rejected,eligible,Will Liz Cheney win the 2028 Democratic presidential nomination?,Will Oprah Winfrey win the 2028 Democratic presidential nomination?,0.365,0.075,1.0,,,,
6a28d7411f761362eaf65b1d1536b4a9,559678,559689,rejected,,rejected,eligible,Will Liz Cheney win the 2028 Democratic presidential nomination?,Will Beto O’Rourke win the 2028 Democratic presidential nomination?,0.365,0.075,1.0,,,,
5dec99178515d835949dcb68abfbbcff,559657,559672,rejected,,rejected,eligible,Will Stephen A. Smith win the 2028 Democratic presidential nomination?,Will Roy Cooper win the 2028 Democratic presidential nomination?,0.365,0.075,1.0,,,,
ef43fec3600795b28c1b9d7255b86492,559678,559691,rejected,,rejected,eligible,Will Liz Cheney win the 2028 Democratic presidential nomination?,Will Chris Murphy win the 2028 Democratic presidential nomination?,0.365,0.075,1.0,,,,
40f891a815df31eb5ccc60dfc8693dd6,559657,559673,rejected,,rejected,eligible,Will Stephen A. Smith win the 2028 Democratic presidential nomination?,Will John Fetterman win the 2028 Democratic presidential nomination?,0.365,0.075,1.0,,,,
5faefa5e4c0d408ab6cbb768fbcb1dea,559679,559681,rejected,,rejected,eligible,Will Bernie Sanders win the 2028 Democratic presidential nomination?,Will LeBron James win the 2028 Democratic presidential nomination?,0.365,0.075,1.0,,,,
8ff92b85f16d57731315f4fc7eb1f71c,559679,559683,rejected,,rejected,eligible,Will Bernie Sanders win the 2028 Democratic presidential nomination?,Will George Clooney win the 2028 Democratic presidential nomination?,0.365,0.075,1.0,,,,
de975259e620f8a3e52152b9adc570bb,559679,559684,rejected,,rejected,eligible,Will Bernie Sanders win the 2028 Democratic presidential nomination?,Will Chelsea Clinton win the 2028 Democratic presidential nomination?,0.365,0.075,1.0,,,,
59931d10cecd3d3e71e72887c6dadce3,559679,559690,rejected,,rejected,eligible,Will Bernie Sanders win the 2028 Democratic presidential nomination?,Will Kim Kardashian win the 2028 Democratic presidential nomination?,0.365,0.075,1.0,,,,
4a4511a6b0a99136cfbe29c07b028a59,559657,559674,rejected,,rejected,eligible,Will Stephen A. Smith win the 2028 Democratic presidential nomination?,Will Jared Polis win the 2028 Democratic presidential nomination?,0.365,0.075,1.0,,,,
5151b4deadf7f9c85c7e843b15732c13,559655,559658,rejected,,rejected,eligible,Will Josh Shapiro win the 2028 Democratic presidential nomination?,Will Kamala Harris win the 2028 Democratic presidential nomination?,0.365,0.075,1.0,,,,
9b793501c19bffc701c27a8ca8c9f1b5,559680,559681,rejected,,rejected,eligible,Will Phil Murphy win the 2028 Democratic presidential nomination?,Will LeBron James win the 2028 Democratic presidential nomination?,0.365,0.075,1.0,,,,
3cb5720e35ace8ea60cff15c7f411163,559680,559683,rejected,,rejected,eligible,Will Phil Murphy win the 2028 Democratic presidential nomination?,Will George Clooney win the 2028 Democratic presidential nomination?,0.365,0.075,1.0,,,,
7717f99f617073c8e70dc92b2c328c8b,559680,559684,rejected,,rejected,eligible,Will Phil Murphy win the 2028 Democratic presidential nomination?,Will Chelsea Clinton win the 2028 Democratic presidential nomination?,0.365,0.075,1.0,,,,
2ca01cd78f449b58be9c6dcf41d67381,559680,559690,rejected,,rejected,eligible,Will Phil Murphy win the 2028 Democratic presidential nomination?,Will Kim Kardashian win the 2028 Democratic presidential nomination?,0.365,0.075,1.0,,,,
1bb6acc5416ee1e9ded6a1dd24848406,559655,559659,rejected,,rejected,eligible,Will Josh Shapiro win the 2028 Democratic presidential nomination?,Will Gretchen Whitmer win the 2028 Democratic presidential nomination?,0.365,0.075,1.0,,,,
75a5764cc9d3604f1ccbe27093305f5c,559657,559675,rejected,,rejected,eligible,Will Stephen A. Smith win the 2028 Democratic presidential nomination?,Will Jon Stewart win the 2028 Democratic presidential nomination?,0.365,0.075,1.0,,,,
c17ebe5c4752c4054541045266d579cf,559681,559682,rejected,,rejected,eligible,Will LeBron James win the 2028 Democratic presidential nomination?,Will Hunter Biden win the 2028 Democratic presidential nomination?,0.365,0.075,1.0,,,,
a4290d28327defe62b2994916d07d3a8,559657,559676,rejected,,rejected,eligible,Will Stephen A. Smith win the 2028 Democratic presidential nomination?,Will Barack Obama win the 2028 Democratic presidential nomination?,0.365,0.075,1.0,,,,
741fde740695854e9b5214463487fc1a,559657,559679,rejected,,rejected,eligible,Will Stephen A. Smith win the 2028 Democratic presidential nomination?,Will Bernie Sanders win the 2028 Democratic presidential nomination?,0.365,0.075,1.0,,,,
de64202a241d8a45cbe7e1ab08f062c9,559657,559680,rejected,,rejected,eligible,Will Stephen A. Smith win the 2028 Democratic presidential nomination?,Will Phil Murphy win the 2028 Democratic presidential nomination?,0.365,0.075,1.0,,,,
84b4b2f1316cbf7d2eb761f77fa856e9,559681,559687,rejected,,rejected,eligible,Will LeBron James win the 2028 Democratic presidential nomination?,Will Oprah Winfrey win the 2028 Democratic presidential nomination?,0.365,0.075,1.0,,,,
1cdf549a4e2a67d39ee63dda6e5df717,559681,559689,rejected,,rejected,eligible,Will LeBron James win the 2028 Democratic presidential nomination?,Will Beto O’Rourke win the 2028 Democratic presidential nomination?,0.365,0.075,1.0,,,,
94564ae04f11af4ad28cd668bc798896,559657,559682,rejected,,rejected,eligible,Will Stephen A. Smith win the 2028 Democratic presidential nomination?,Will Hunter Biden win the 2028 Democratic presidential nomination?,0.365,0.075,1.0,,,,
e672357c4757c56ac2011d3e9cce7562,559681,559691,rejected,,rejected,eligible,Will LeBron James win the 2028 Democratic presidential nomination?,Will Chris Murphy win the 2028 Democratic presidential nomination?,0.365,0.075,1.0,,,,
265b454521bb67bdb647d37858d5f65a,559682,559683,rejected,,rejected,eligible,Will Hunter Biden win the 2028 Democratic presidential nomination?,Will George Clooney win the 2028 Democratic presidential nomination?,0.365,0.075,1.0,,,,
3e48c69fe2f0185ee998d01af3d770b0,559682,559684,rejected,,rejected,eligible,Will Hunter Biden win the 2028 Democratic presidential nomination?,Will Chelsea Clinton win the 2028 Democratic presidential nomination?,0.365,0.075,1.0,,,,
d8edb37361d587766ec5805fefe93c6e,559682,559690,rejected,,rejected,eligible,Will Hunter Biden win the 2028 Democratic presidential nomination?,Will Kim Kardashian win the 2028 Democratic presidential nomination?,0.365,0.075,1.0,,,,
3f4f50c5fbb58c855fd8d27d77a30ac7,561986,561995,rejected,,rejected,eligible,Will Byron Donalds win the 2028 Republican presidential nomination?,Will Mike Pence win the 2028 Republican presidential nomination?,0.365,0.075,1.0,,,,
f580780340950623661f9f81f91ddaaf,559655,559661,rejected,,rejected,eligible,Will Josh Shapiro win the 2028 Democratic presidential nomination?,Will Jon Ossoff win the 2028 Democratic presidential nomination?,0.365,0.075,1.0,,,,
e31d928a5ca6374493aaf0cde3e3b087,561986,561996,rejected,,rejected,eligible,Will Byron Donalds win the 2028 Republican presidential nomination?,Will Tucker Carlson win the 2028 Republican presidential nomination?,0.365,0.075,1.0,,,,
4e768528c1ce178f5e4576bd9f36a626,561981,562008,rejected,,rejected,eligible,Will Vivek Ramaswamy win the 2028 Republican presidential nomination?,Will Pete Hegseth win the 2028 Republican presidential nomination?,0.365,0.075,1.0,,,,
1d047d94c7e06de0c793761008ab1a66,559683,559687,rejected,,rejected,eligible,Will George Clooney win the 2028 Democratic presidential nomination?,Will Oprah Winfrey win the 2028 Democratic presidential nomination?,0.365,0.075,1.0,,,,
1f452ee999d0e62b4b38068d2a2614f7,559683,559689,rejected,,rejected,eligible,Will George Clooney win the 2028 Democratic presidential nomination?,Will Beto O’Rourke win the 2028 Democratic presidential nomination?,0.365,0.075,1.0,,,,
751a45bb44c4a6aa30039694c145e651,559657,559687,rejected,,rejected,eligible,Will Stephen A. Smith win the 2028 Democratic presidential nomination?,Will Oprah Winfrey win the 2028 Democratic presidential nomination?,0.365,0.075,1.0,,,,
05e22c68e18f5bb646a31f7a87afe21c,559683,559691,rejected,,rejected,eligible,Will George Clooney win the 2028 Democratic presidential nomination?,Will Chris Murphy win the 2028 Democratic presidential nomination?,0.365,0.075,1.0,,,,
6997b1ee4d1224cf5fa0f5ee4babd94c,559657,559689,rejected,,rejected,eligible,Will Stephen A. Smith win the 2028 Democratic presidential nomination?,Will Beto O’Rourke win the 2028 Democratic presidential nomination?,0.365,0.075,1.0,,,,
d8e5933e973a684ab29b5e54a4aafe94,559657,559691,rejected,,rejected,eligible,Will Stephen A. Smith win the 2028 Democratic presidential nomination?,Will Chris Murphy win the 2028 Democratic presidential nomination?,0.365,0.075,1.0,,,,
63cf8fc7fde2201648cf443bb158ff41,559684,559687,rejected,,rejected,eligible,Will Chelsea Clinton win the 2028 Democratic presidential nomination?,Will Oprah Winfrey win the 2028 Democratic presidential nomination?,0.365,0.075,1.0,,,,
0e36f0629b7fec57fc338596acec470e,559684,559689,rejected,,rejected,eligible,Will Chelsea Clinton win the 2028 Democratic presidential nomination?,Will Beto O’Rourke win the 2028 Democratic presidential nomination?,0.365,0.075,1.0,,,,
41389565a50a07525e6bb819e6841618,559655,559665,rejected,,rejected,eligible,Will Josh Shapiro win the 2028 Democratic presidential nomination?,Will Cory Booker win the 2028 Democratic presidential nomination?,0.365,0.075,1.0,,,,
5172ab37fb4dbf29dd577fddaf4ff542,559684,559691,rejected,,rejected,eligible,Will Chelsea Clinton win the 2028 Democratic presidential nomination?,Will Chris Murphy win the 2028 Democratic presidential nomination?,0.365,0.075,1.0,,,,
8a94c77664f67b672526be9a4bb43fef,559660,559670,rejected,,rejected,eligible,Will Andy Beshear win the 2028 Democratic presidential nomination?,Will Gina Raimondo win the 2028 Democratic presidential nomination?,0.365,0.075,1.0,,,,
3b81aa1ce6b0372ddd64973e78a68e8c,561975,562008,rejected,,rejected,eligible,Will Marco Rubio win the 2028 Republican presidential nomination?,Will Pete Hegseth win the 2028 Republican presidential nomination?,0.365,0.075,1.0,,,,
0475042d091b45f10347560b4756a9a1,559658,559660,rejected,,rejected,eligible,Will Kamala Harris win the 2028 Democratic presidential nomination?,Will Andy Beshear win the 2028 Democratic presidential nomination?,0.365,0.075,1.0,,,,
d84b8bce18f4786213f57f400cb81858,559685,559695,rejected,,rejected,eligible,Will MrBeast win the 2028 Democratic presidential nomination?,Will James Talarico win the 2028 Democratic presidential nomination?,0.365,0.075,1.0,,,,
c90b79851435aac0132438898376d900,559687,559690,rejected,,rejected,eligible,Will Oprah Winfrey win the 2028 Democratic presidential nomination?,Will Kim Kardashian win the 2028 Democratic presidential nomination?,0.365,0.075,1.0,,,,
0e81f00f5ef014cc47c9241e91119c6f,559658,559663,rejected,,rejected,eligible,Will Kamala Harris win the 2028 Democratic presidential nomination?,Will J.B. Pritzker win the 2028 Democratic presidential nomination?,0.365,0.075,1.0,,,,
995bdca20d5252545213f53a4f9b51fe,559658,559666,rejected,,rejected,eligible,Will Kamala Harris win the 2028 Democratic presidential nomination?,Will Tim Walz win the 2028 Democratic presidential nomination?,0.365,0.075,1.0,,,,
536a537eb94cb44ab12006eae11ccfe4,559689,559690,rejected,,rejected,eligible,Will Beto O’Rourke win the 2028 Democratic presidential nomination?,Will Kim Kardashian win the 2028 Democratic presidential nomination?,0.365,0.075,1.0,,,,
ce06d13558961c66b25268debf538108,561973,561987,rejected,,rejected,eligible,Will Donald Trump win the 2028 Republican presidential nomination?,Will Elise Stefanik win the 2028 Republican presidential nomination?,0.365,0.075,1.0,,,,
955d34a5d6bb041f8e08290ecac7f0f1,559655,559670,rejected,,rejected,eligible,Will Josh Shapiro win the 2028 Democratic presidential nomination?,Will Gina Raimondo win the 2028 Democratic presidential nomination?,0.365,0.075,1.0,,,,
cafe90fa5410e0431ac422f98820cc39,559690,559691,rejected,,rejected,eligible,Will Kim Kardashian win the 2028 Democratic presidential nomination?,Will Chris Murphy win the 2028 Democratic presidential nomination?,0.365,0.075,1.0,,,,
b5b8ccfb1bf6d7fab90c870ff3d7ff22,561983,561988,rejected,,rejected,eligible,Will Greg Abbott win the 2028 Republican presidential nomination?,Will Josh Hawley win the 2028 Republican presidential nomination?,0.365,0.075,1.0,,,,
4997d8059a709b19b6e5b03033a29d39,559661,559677,rejected,,rejected,eligible,Will Jon Ossoff win the 2028 Democratic presidential nomination?,Will Hillary Clinton win the 2028 Democratic presidential nomination?,0.365,0.075,1.0,,,,
b126edc1aab62f18ef91e529e7272f4a,559658,559667,rejected,,rejected,eligible,Will Kamala Harris win the 2028 Democratic presidential nomination?,Will Michelle Obama win the 2028 Democratic presidential nomination?,0.365,0.075,1.0,,,,
7754ea0807a17fc1bba2a24ec4ed57a1,561985,561991,rejected,,rejected,eligible,Will Brian Kemp win the 2028 Republican presidential nomination?,Will Matt Gaetz win the 2028 Republican presidential nomination?,0.365,0.075,1.0,,,,
f0c5b34cbdf3512669163440ecea1b47,559655,559672,rejected,,rejected,eligible,Will Josh Shapiro win the 2028 Democratic presidential nomination?,Will Roy Cooper win the 2028 Democratic presidential nomination?,0.365,0.075,1.0,,,,
4c5e34d44764d58ec8a75ea729f9b240,559672,559690,rejected,,rejected,eligible,Will Roy Cooper win the 2028 Democratic presidential nomination?,Will Kim Kardashian win the 2028 Democratic presidential nomination?,0.365,0.075,1.0,,,,
bec71082a096057c7654e5584aca6d2c,559655,559673,rejected,,rejected,eligible,Will Josh Shapiro win the 2028 Democratic presidential nomination?,Will John Fetterman win the 2028 Democratic presidential nomination?,0.365,0.075,1.0,,,,
1e969295c7502fe908a32b96eafaac66,559672,559684,rejected,,rejected,eligible,Will Roy Cooper win the 2028 Democratic presidential nomination?,Will Chelsea Clinton win the 2028 Democratic presidential nomination?,0.365,0.075,1.0,,,,
42bbc9211514a482d7b55c2a2d8c8afb,559673,559678,rejected,,rejected,eligible,Will John Fetterman win the 2028 Democratic presidential nomination?,Will Liz Cheney win the 2028 Democratic presidential nomination?,0.365,0.075,1.0,,,,
060502c6f4203de8c09d75ceb545a3b9,559655,559674,rejected,,rejected,eligible,Will Josh Shapiro win the 2028 Democratic presidential nomination?,Will Jared Polis win the 2028 Democratic presidential nomination?,0.365,0.075,1.0,,,,
e335666ed8b36b285879b44798065409,561973,561981,rejected,,rejected,eligible,Will Donald Trump win the 2028 Republican presidential nomination?,Will Vivek Ramaswamy win the 2028 Republican presidential nomination?,0.365,0.075,1.0,,,,
562bfcb2c3e5b7b4d428b34ba8065b6c,561981,561985,rejected,,rejected,eligible,Will Vivek Ramaswamy win the 2028 Republican presidential nomination?,Will Brian Kemp win the 2028 Republican presidential nomination?,0.365,0.075,1.0,,,,
a27abdd8134a633954732c88ef679a4b,561990,562006,rejected,,rejected,eligible,Will Elon Musk win the 2028 Republican presidential nomination?,Will Eric Trump win the 2028 Republican presidential nomination?,0.365,0.075,1.0,,,,
ff8827589acf07d6632ae95074d4400f,561983,561990,rejected,,rejected,eligible,Will Greg Abbott win the 2028 Republican presidential nomination?,Will Elon Musk win the 2028 Republican presidential nomination?,0.365,0.075,1.0,,,,
5f449c5d9d24cc92b699e12da6c29ec9,559658,559669,rejected,,rejected,eligible,Will Kamala Harris win the 2028 Democratic presidential nomination?,Will Rahm Emanuel win the 2028 Democratic presidential nomination?,0.365,0.075,1.0,,,,
cafc9c7a676b1272cc4c4046111e0fa8,559660,559672,rejected,,rejected,eligible,Will Andy Beshear win the 2028 Democratic presidential nomination?,Will Roy Cooper win the 2028 Democratic presidential nomination?,0.365,0.075,1.0,,,,
14b0780c9e60628bba1ed286b5caeb64,559658,559671,rejected,,rejected,eligible,Will Kamala Harris win the 2028 Democratic presidential nomination?,Will Zohran Mamdani win the 2028 Democratic presidential nomination?,0.365,0.075,1.0,,,,
deb606c74e354fb5a056d7e079f2d757,561983,561993,rejected,,rejected,eligible,Will Greg Abbott win the 2028 Republican presidential nomination?,Will John Thune win the 2028 Republican presidential nomination?,0.365,0.075,1.0,,,,
4a1c58a572735242e965ecd506a9cafd,559658,559677,rejected,,rejected,eligible,Will Kamala Harris win the 2028 Democratic presidential nomination?,Will Hillary Clinton win the 2028 Democratic presidential nomination?,0.365,0.075,1.0,,,,
5390ad0fd895775bccdf0d043d1ec26e,559658,559678,rejected,,rejected,eligible,Will Kamala Harris win the 2028 Democratic presidential nomination?,Will Liz Cheney win the 2028 Democratic presidential nomination?,0.365,0.075,1.0,,,,
7cbb74990d3b44eae8ad489fadce253b,561983,561991,rejected,,rejected,eligible,Will Greg Abbott win the 2028 Republican presidential nomination?,Will Matt Gaetz win the 2028 Republican presidential nomination?,0.365,0.075,1.0,,,,
19b716eab00b8d4a3dfb493c7c870405,561991,561996,rejected,,rejected,eligible,Will Matt Gaetz win the 2028 Republican presidential nomination?,Will Tucker Carlson win the 2028 Republican presidential nomination?,0.365,0.075,1.0,,,,
1981ec5bf36ce16edd6db9377234f9a3,559658,559681,rejected,,rejected,eligible,Will Kamala Harris win the 2028 Democratic presidential nomination?,Will LeBron James win the 2028 Democratic presidential nomination?,0.365,0.075,1.0,,,,
b7545fd9d61d0ba04590d8384920eda6,559655,559675,rejected,,rejected,eligible,Will Josh Shapiro win the 2028 Democratic presidential nomination?,Will Jon Stewart win the 2028 Democratic presidential nomination?,0.365,0.075,1.0,,,,
228ae12a64323e0426b42abe39651287,559661,559678,rejected,,rejected,eligible,Will Jon Ossoff win the 2028 Democratic presidential nomination?,Will Liz Cheney win the 2028 Democratic presidential nomination?,0.365,0.075,1.0,,,,
602525e46f5bea53b78f47bbabea17ed,559658,559683,rejected,,rejected,eligible,Will Kamala Harris win the 2028 Democratic presidential nomination?,Will George Clooney win the 2028 Democratic presidential nomination?,0.365,0.075,1.0,,,,
6f2ce8831a9a10c27db1d19fa711d5a4,559658,559684,rejected,,rejected,eligible,Will Kamala Harris win the 2028 Democratic presidential nomination?,Will Chelsea Clinton win the 2028 Democratic presidential nomination?,0.365,0.075,1.0,,,,
a2928aab5e282280fbb0c8130bd467b7,561979,561983,rejected,,rejected,eligible,Will Ron DeSantis win the 2028 Republican presidential nomination?,Will Greg Abbott win the 2028 Republican presidential nomination?,0.365,0.075,1.0,,,,
127da0dfff317d5c044c565a54ef916e,561979,561985,rejected,,rejected,eligible,Will Ron DeSantis win the 2028 Republican presidential nomination?,Will Brian Kemp win the 2028 Republican presidential nomination?,0.365,0.075,1.0,,,,
f1020314266bc34e277b84e8e1a9b121,559658,559690,rejected,,rejected,eligible,Will Kamala Harris win the 2028 Democratic presidential nomination?,Will Kim Kardashian win the 2028 Democratic presidential nomination?,0.365,0.075,1.0,,,,
a8cb960d6aa130e36211e7d666ae53dd,561973,561989,rejected,,rejected,eligible,Will Donald Trump win the 2028 Republican presidential nomination?,Will Ted Cruz win the 2028 Republican presidential nomination?,0.365,0.075,1.0,,,,
9e85fada7512249151390f0f05f0850f,559655,559676,rejected,,rejected,eligible,Will Josh Shapiro win the 2028 Democratic presidential nomination?,Will Barack Obama win the 2028 Democratic presidential nomination?,0.365,0.075,1.0,,,,
7afc377b0a3a874ce8a53b7ed91a3f9b,559659,559660,rejected,,rejected,eligible,Will Gretchen Whitmer win the 2028 Democratic presidential nomination?,Will Andy Beshear win the 2028 Democratic presidential nomination?,0.365,0.075,1.0,,,,
d2752e1e82e2be2d64bea6074e42448f,559661,559681,rejected,,rejected,eligible,Will Jon Ossoff win the 2028 Democratic presidential nomination?,Will LeBron James win the 2028 Democratic presidential nomination?,0.365,0.075,1.0,,,,
532bae4418fb1ddba6ea86923b2029d3,559659,559663,rejected,,rejected,eligible,Will Gretchen Whitmer win the 2028 Democratic presidential nomination?,Will J.B. Pritzker win the 2028 Democratic presidential nomination?,0.365,0.075,1.0,,,,
22458cf17366b98b1380d50850fef89e,559659,559666,rejected,,rejected,eligible,Will Gretchen Whitmer win the 2028 Democratic presidential nomination?,Will Tim Walz win the 2028 Democratic presidential nomination?,0.365,0.075,1.0,,,,
ecbecc29d368f82d313709864c80050d,559659,559667,rejected,,rejected,eligible,Will Gretchen Whitmer win the 2028 Democratic presidential nomination?,Will Michelle Obama win the 2028 Democratic presidential nomination?,0.365,0.075,1.0,,,,
51485c6088303e2a3a52a4addac72d26,559663,559672,rejected,,rejected,eligible,Will J.B. Pritzker win the 2028 Democratic presidential nomination?,Will Roy Cooper win the 2028 Democratic presidential nomination?,0.365,0.075,1.0,,,,
d1fcafc751de807823e7f46d6e868937,561979,561995,rejected,,rejected,eligible,Will Ron DeSantis win the 2028 Republican presidential nomination?,Will Mike Pence win the 2028 Republican presidential nomination?,0.365,0.075,1.0,,,,
9551fcfd99cfe0b779b8f1f98e9c678e,561979,561996,rejected,,rejected,eligible,Will Ron DeSantis win the 2028 Republican presidential nomination?,Will Tucker Carlson win the 2028 Republican presidential nomination?,0.365,0.075,1.0,,,,
3821fe72549a9252cdf432248f568c02,559659,559669,rejected,,rejected,eligible,Will Gretchen Whitmer win the 2028 Democratic presidential nomination?,Will Rahm Emanuel win the 2028 Democratic presidential nomination?,0.365,0.075,1.0,,,,
c498f6c28a304dab4460a186cce60ca7,561979,562002,rejected,,rejected,eligible,Will Ron DeSantis win the 2028 Republican presidential nomination?,Will Erika Kirk win the 2028 Republican presidential nomination?,0.365,0.075,1.0,,,,
f81db64ffd6805d9b35d63e7e9310f7f,561979,562003,rejected,,rejected,eligible,Will Ron DeSantis win the 2028 Republican presidential nomination?,Will Kim Kardashian win the 2028 Republican presidential nomination?,0.365,0.075,1.0,,,,
1f059b8bd8c809f4b501460a9061f3d5,561979,562005,rejected,,rejected,eligible,Will Ron DeSantis win the 2028 Republican presidential nomination?,Will Thomas Massie win the 2028 Republican presidential nomination?,0.365,0.075,1.0,,,,
9b9368696cfbf2918d55fe0e5c854298,561979,562006,rejected,,rejected,eligible,Will Ron DeSantis win the 2028 Republican presidential nomination?,Will Eric Trump win the 2028 Republican presidential nomination?,0.365,0.075,1.0,,,,
fa371d6fbb92ccc63302f0b6fdefe8bd,559659,559671,rejected,,rejected,eligible,Will Gretchen Whitmer win the 2028 Democratic presidential nomination?,Will Zohran Mamdani win the 2028 Democratic presidential nomination?,0.365,0.075,1.0,,,,
9e1eab838aaa45e09c191f4776d6c2c9,561979,562008,rejected,,rejected,eligible,Will Ron DeSantis win the 2028 Republican presidential nomination?,Will Pete Hegseth win the 2028 Republican presidential nomination?,0.365,0.075,1.0,,,,
0630adb07b1ac907ab1cc1823c4b6049,559659,559677,rejected,,rejected,eligible,Will Gretchen Whitmer win the 2028 Democratic presidential nomination?,Will Hillary Clinton win the 2028 Democratic presidential nomination?,0.365,0.075,1.0,,,,
2e3957976ab0b845d062ef3c3b2b2ecc,561980,561983,rejected,,rejected,eligible,Will Nikki Haley win the 2028 Republican presidential nomination?,Will Greg Abbott win the 2028 Republican presidential nomination?,0.365,0.075,1.0,,,,
46ed0d6d0c49976bb3e989215ffd5318,561980,561985,rejected,,rejected,eligible,Will Nikki Haley win the 2028 Republican presidential nomination?,Will Brian Kemp win the 2028 Republican presidential nomination?,0.365,0.075,1.0,,,,
e66557e14864d3574967b65df9874a8b,559659,559678,rejected,,rejected,eligible,Will Gretchen Whitmer win the 2028 Democratic presidential nomination?,Will Liz Cheney win the 2028 Democratic presidential nomination?,0.365,0.075,1.0,,,,
63afb377ed2f36d7192a1780af4a6dde,559659,559681,rejected,,rejected,eligible,Will Gretchen Whitmer win the 2028 Democratic presidential nomination?,Will LeBron James win the 2028 Democratic presidential nomination?,0.365,0.075,1.0,,,,
06716fee7a9d6eb39a763d1bb427a5bc,559659,559683,rejected,,rejected,eligible,Will Gretchen Whitmer win the 2028 Democratic presidential nomination?,Will George Clooney win the 2028 Democratic presidential nomination?,0.365,0.075,1.0,,,,
d45c8598891bf30a55674e1547c70e93,559659,559684,rejected,,rejected,eligible,Will Gretchen Whitmer win the 2028 Democratic presidential nomination?,Will Chelsea Clinton win the 2028 Democratic presidential nomination?,0.365,0.075,1.0,,,,
a18e589d9ea0d3fd0ec2ed86b2be13ef,559659,559690,rejected,,rejected,eligible,Will Gretchen Whitmer win the 2028 Democratic presidential nomination?,Will Kim Kardashian win the 2028 Democratic presidential nomination?,0.365,0.075,1.0,,,,
4bf37767ba382236a5c13f9b191d0ea0,559663,559691,rejected,,rejected,eligible,Will J.B. Pritzker win the 2028 Democratic presidential nomination?,Will Chris Murphy win the 2028 Democratic presidential nomination?,0.365,0.075,1.0,,,,
5572faadefd7cc06557cbfbf8d9b040e,559673,559677,rejected,,rejected,eligible,Will John Fetterman win the 2028 Democratic presidential nomination?,Will Hillary Clinton win the 2028 Democratic presidential nomination?,0.365,0.075,1.0,,,,
07c5d98a9c0a25f7767ba0eca700ec68,559665,559666,rejected,,rejected,eligible,Will Cory Booker win the 2028 Democratic presidential nomination?,Will Tim Walz win the 2028 Democratic presidential nomination?,0.365,0.075,1.0,,,,
1278dfdc7686d489b54c807600693a5d,559665,559667,rejected,,rejected,eligible,Will Cory Booker win the 2028 Democratic presidential nomination?,Will Michelle Obama win the 2028 Democratic presidential nomination?,0.365,0.075,1.0,,,,
11f1396c87fe3650e34e37dcbfa6f975,561980,561995,rejected,,rejected,eligible,Will Nikki Haley win the 2028 Republican presidential nomination?,Will Mike Pence win the 2028 Republican presidential nomination?,0.365,0.075,1.0,,,,
5e588dc037d003e616eb8171739ba489,561980,561996,rejected,,rejected,eligible,Will Nikki Haley win the 2028 Republican presidential nomination?,Will Tucker Carlson win the 2028 Republican presidential nomination?,0.365,0.075,1.0,,,,
262b0bbeeea99083226408fe33060dbf,561983,561986,rejected,,rejected,eligible,Will Greg Abbott win the 2028 Republican presidential nomination?,Will Byron Donalds win the 2028 Republican presidential nomination?,0.365,0.075,1.0,,,,
c64decc24a4614f3752832ef7b6d866a,561980,562002,rejected,,rejected,eligible,Will Nikki Haley win the 2028 Republican presidential nomination?,Will Erika Kirk win the 2028 Republican presidential nomination?,0.365,0.075,1.0,,,,
ef11ecd3d11d16394f2c7b4dd9eeb7e7,561980,562003,rejected,,rejected,eligible,Will Nikki Haley win the 2028 Republican presidential nomination?,Will Kim Kardashian win the 2028 Republican presidential nomination?,0.365,0.075,1.0,,,,
d74659b51c0c1973cf111ba059f180ec,561980,562005,rejected,,rejected,eligible,Will Nikki Haley win the 2028 Republican presidential nomination?,Will Thomas Massie win the 2028 Republican presidential nomination?,0.365,0.075,1.0,,,,
a4d7c31499380842ace20b927d23e25b,561980,562006,rejected,,rejected,eligible,Will Nikki Haley win the 2028 Republican presidential nomination?,Will Eric Trump win the 2028 Republican presidential nomination?,0.365,0.075,1.0,,,,
65c8826f80b40ba2eaa2c149ee8e3f10,559665,559669,rejected,,rejected,eligible,Will Cory Booker win the 2028 Democratic presidential nomination?,Will Rahm Emanuel win the 2028 Democratic presidential nomination?,0.365,0.075,1.0,,,,
9948083769ba3fed0d819f539a230375,561980,562008,rejected,,rejected,eligible,Will Nikki Haley win the 2028 Republican presidential nomination?,Will Pete Hegseth win the 2028 Republican presidential nomination?,0.365,0.075,1.0,,,,
06d484c15b3cfdbdbe41467b1d19c67f,561981,561983,rejected,,rejected,eligible,Will Vivek Ramaswamy win the 2028 Republican presidential nomination?,Will Greg Abbott win the 2028 Republican presidential nomination?,0.365,0.075,1.0,,,,
0c841c86b1efb27c369fc8061deb17f9,559665,559671,rejected,,rejected,eligible,Will Cory Booker win the 2028 Democratic presidential nomination?,Will Zohran Mamdani win the 2028 Democratic presidential nomination?,0.365,0.075,1.0,,,,
48139dce1ff84ea2c7bcfa57ac2e6c2c,561986,562002,rejected,,rejected,eligible,Will Byron Donalds win the 2028 Republican presidential nomination?,Will Erika Kirk win the 2028 Republican presidential nomination?,0.365,0.075,1.0,,,,
3294c362da8e6d48e9d379c40cd2fa7f,561986,562003,rejected,,rejected,eligible,Will Byron Donalds win the 2028 Republican presidential nomination?,Will Kim Kardashian win the 2028 Republican presidential nomination?,0.365,0.075,1.0,,,,
561c90e2cf591222e78211d47fdd69eb,561986,562005,rejected,,rejected,eligible,Will Byron Donalds win the 2028 Republican presidential nomination?,Will Thomas Massie win the 2028 Republican presidential nomination?,0.365,0.075,1.0,,,,
6c624a765124f587573dc4429539b048,561986,562006,rejected,,rejected,eligible,Will Byron Donalds win the 2028 Republican presidential nomination?,Will Eric Trump win the 2028 Republican presidential nomination?,0.365,0.075,1.0,,,,
32f61a682930c4b6def48b6324bc72b5,559665,559677,rejected,,rejected,eligible,Will Cory Booker win the 2028 Democratic presidential nomination?,Will Hillary Clinton win the 2028 Democratic presidential nomination?,0.365,0.075,1.0,,,,
8f252de1a9790fa9e7502b56333b18ef,561986,562008,rejected,,rejected,eligible,Will Byron Donalds win the 2028 Republican presidential nomination?,Will Pete Hegseth win the 2028 Republican presidential nomination?,0.365,0.075,1.0,,,,
918055bddbc33d75b8eafa7886640f8d,559665,559678,rejected,,rejected,eligible,Will Cory Booker win the 2028 Democratic presidential nomination?,Will Liz Cheney win the 2028 Democratic presidential nomination?,0.365,0.075,1.0,,,,
ce0a07afb23b60d57b3b6dd5927b1a99,559665,559681,rejected,,rejected,eligible,Will Cory Booker win the 2028 Democratic presidential nomination?,Will LeBron James win the 2028 Democratic presidential nomination?,0.365,0.075,1.0,,,,
54e1f9edd53f0228ae5d25cddb4e2598,559665,559683,rejected,,rejected,eligible,Will Cory Booker win the 2028 Democratic presidential nomination?,Will George Clooney win the 2028 Democratic presidential nomination?,0.365,0.075,1.0,,,,
c096e8d9d7a23fab29d348f3e8dae312,559665,559684,rejected,,rejected,eligible,Will Cory Booker win the 2028 Democratic presidential nomination?,Will Chelsea Clinton win the 2028 Democratic presidential nomination?,0.365,0.075,1.0,,,,
474f821670a3a5f71c9584f8660b79d7,559665,559690,rejected,,rejected,eligible,Will Cory Booker win the 2028 Democratic presidential nomination?,Will Kim Kardashian win the 2028 Democratic presidential nomination?,0.365,0.075,1.0,,,,
6790b3468f05e3cdfa56e3a67a6f7403,559655,559679,rejected,,rejected,eligible,Will Josh Shapiro win the 2028 Democratic presidential nomination?,Will Bernie Sanders win the 2028 Democratic presidential nomination?,0.365,0.075,1.0,,,,
c265cf6c66bbd82e007bc426dbe7cb81,559666,559670,rejected,,rejected,eligible,Will Tim Walz win the 2028 Democratic presidential nomination?,Will Gina Raimondo win the 2028 Democratic presidential nomination?,0.365,0.075,1.0,,,,
a1d90bed7a9b96855664d7122ee0f1cc,561987,561995,rejected,,rejected,eligible,Will Elise Stefanik win the 2028 Republican presidential nomination?,Will Mike Pence win the 2028 Republican presidential nomination?,0.365,0.075,1.0,,,,
7893e797b6cfa8bdd6650930228bccb1,561987,561996,rejected,,rejected,eligible,Will Elise Stefanik win the 2028 Republican presidential nomination?,Will Tucker Carlson win the 2028 Republican presidential nomination?,0.365,0.075,1.0,,,,
003cbcc22065fb223e8cfe5926ce660c,559666,559672,rejected,,rejected,eligible,Will Tim Walz win the 2028 Democratic presidential nomination?,Will Roy Cooper win the 2028 Democratic presidential nomination?,0.365,0.075,1.0,,,,
eb5ecaf7b0426f7252162909f3a05aab,561987,562002,rejected,,rejected,eligible,Will Elise Stefanik win the 2028 Republican presidential nomination?,Will Erika Kirk win the 2028 Republican presidential nomination?,0.365,0.075,1.0,,,,
aa10d5e2d69d19f1dbd973871ea96146,561987,562003,rejected,,rejected,eligible,Will Elise Stefanik win the 2028 Republican presidential nomination?,Will Kim Kardashian win the 2028 Republican presidential nomination?,0.365,0.075,1.0,,,,
e07f6276a771ce5201c669b63783267d,561987,562005,rejected,,rejected,eligible,Will Elise Stefanik win the 2028 Republican presidential nomination?,Will Thomas Massie win the 2028 Republican presidential nomination?,0.365,0.075,1.0,,,,
e7e2676d902ea69705e15be5eb9f5bcb,561987,562006,rejected,,rejected,eligible,Will Elise Stefanik win the 2028 Republican presidential nomination?,Will Eric Trump win the 2028 Republican presidential nomination?,0.365,0.075,1.0,,,,
da5e6264679df16d76e793457d73e8c6,559666,559673,rejected,,rejected,eligible,Will Tim Walz win the 2028 Democratic presidential nomination?,Will John Fetterman win the 2028 Democratic presidential nomination?,0.365,0.075,1.0,,,,
50a33022212e87d562ad4ea02b1e7e07,561987,562008,rejected,,rejected,eligible,Will Elise Stefanik win the 2028 Republican presidential nomination?,Will Pete Hegseth win the 2028 Republican presidential nomination?,0.365,0.075,1.0,,,,
5299890ec6c19903d693b0c8b64c09b5,559666,559674,rejected,,rejected,eligible,Will Tim Walz win the 2028 Democratic presidential nomination?,Will Jared Polis win the 2028 Democratic presidential nomination?,0.365,0.075,1.0,,,,
d5fd7c2c9ceb626159feae1c54a1eaf9,559666,559675,rejected,,rejected,eligible,Will Tim Walz win the 2028 Democratic presidential nomination?,Will Jon Stewart win the 2028 Democratic presidential nomination?,0.365,0.075,1.0,,,,
cd9c1f2b9e5835b39f1c08a8fffb5e3a,559666,559676,rejected,,rejected,eligible,Will Tim Walz win the 2028 Democratic presidential nomination?,Will Barack Obama win the 2028 Democratic presidential nomination?,0.365,0.075,1.0,,,,
6e4cfd708507d00fbd9c457b17749605,559666,559679,rejected,,rejected,eligible,Will Tim Walz win the 2028 Democratic presidential nomination?,Will Bernie Sanders win the 2028 Democratic presidential nomination?,0.365,0.075,1.0,,,,
8e5a815a99c4353e38ff9fc2d915a7b4,559666,559680,rejected,,rejected,eligible,Will Tim Walz win the 2028 Democratic presidential nomination?,Will Phil Murphy win the 2028 Democratic presidential nomination?,0.365,0.075,1.0,,,,
ea752bccec0a7daef09e21f2bcc3da0b,559666,559682,rejected,,rejected,eligible,Will Tim Walz win the 2028 Democratic presidential nomination?,Will Hunter Biden win the 2028 Democratic presidential nomination?,0.365,0.075,1.0,,,,
4f2f303793dda5a978d55f185b60aabd,561988,561995,rejected,,rejected,eligible,Will Josh Hawley win the 2028 Republican presidential nomination?,Will Mike Pence win the 2028 Republican presidential nomination?,0.365,0.075,1.0,,,,
7142a2d13cec5e8d2574563c813b8b25,561988,561996,rejected,,rejected,eligible,Will Josh Hawley win the 2028 Republican presidential nomination?,Will Tucker Carlson win the 2028 Republican presidential nomination?,0.365,0.075,1.0,,,,
12e49c8e64eb7af5e8de9105a5a0cbb7,561975,561983,rejected,,rejected,eligible,Will Marco Rubio win the 2028 Republican presidential nomination?,Will Greg Abbott win the 2028 Republican presidential nomination?,0.365,0.075,1.0,,,,
f2a62b78f5d0a749c7f623088b3e4b61,561988,562002,rejected,,rejected,eligible,Will Josh Hawley win the 2028 Republican presidential nomination?,Will Erika Kirk win the 2028 Republican presidential nomination?,0.365,0.075,1.0,,,,
172364591feea3014ee5f62afb998de1,561988,562003,rejected,,rejected,eligible,Will Josh Hawley win the 2028 Republican presidential nomination?,Will Kim Kardashian win the 2028 Republican presidential nomination?,0.365,0.075,1.0,,,,
323965116e8c42033dcd0716942f049d,561988,562005,rejected,,rejected,eligible,Will Josh Hawley win the 2028 Republican presidential nomination?,Will Thomas Massie win the 2028 Republican presidential nomination?,0.365,0.075,1.0,,,,
070d6fadd0e06101f472f037efbd5913,561988,562006,rejected,,rejected,eligible,Will Josh Hawley win the 2028 Republican presidential nomination?,Will Eric Trump win the 2028 Republican presidential nomination?,0.365,0.075,1.0,,,,
099d187483f3226a28ec6fc7b1095e6c,559666,559687,rejected,,rejected,eligible,Will Tim Walz win the 2028 Democratic presidential nomination?,Will Oprah Winfrey win the 2028 Democratic presidential nomination?,0.365,0.075,1.0,,,,
589e1d270916612e22d38dc28b3fe34d,561988,562008,rejected,,rejected,eligible,Will Josh Hawley win the 2028 Republican presidential nomination?,Will Pete Hegseth win the 2028 Republican presidential nomination?,0.365,0.075,1.0,,,,
c6517e5e2933804f8512e7f7ce4e7dde,559666,559689,rejected,,rejected,eligible,Will Tim Walz win the 2028 Democratic presidential nomination?,Will Beto O’Rourke win the 2028 Democratic presidential nomination?,0.365,0.075,1.0,,,,
0196fd22ad7c15796658e524b563d227,559666,559691,rejected,,rejected,eligible,Will Tim Walz win the 2028 Democratic presidential nomination?,Will Chris Murphy win the 2028 Democratic presidential nomination?,0.365,0.075,1.0,,,,
63ca9582ed7f733247094ad570080cbc,559655,559680,rejected,,rejected,eligible,Will Josh Shapiro win the 2028 Democratic presidential nomination?,Will Phil Murphy win the 2028 Democratic presidential nomination?,0.365,0.075,1.0,,,,
8329edd022e1a08a73deea219542245d,559667,559670,rejected,,rejected,eligible,Will Michelle Obama win the 2028 Democratic presidential nomination?,Will Gina Raimondo win the 2028 Democratic presidential nomination?,0.365,0.075,1.0,,,,
73ebef8d97568db357a3161d3ea9a18b,559667,559672,rejected,,rejected,eligible,Will Michelle Obama win the 2028 Democratic presidential nomination?,Will Roy Cooper win the 2028 Democratic presidential nomination?,0.365,0.075,1.0,,,,
71451219b6d8e5a2f9bfbd0fb8b5781e,561989,561995,rejected,,rejected,eligible,Will Ted Cruz win the 2028 Republican presidential nomination?,Will Mike Pence win the 2028 Republican presidential nomination?,0.365,0.075,1.0,,,,
d8d248247c015383e67af22bdbf2acf2,561989,561996,rejected,,rejected,eligible,Will Ted Cruz win the 2028 Republican presidential nomination?,Will Tucker Carlson win the 2028 Republican presidential nomination?,0.365,0.075,1.0,,,,
8b96f60e97b48ce9daea69974260b7a1,559667,559673,rejected,,rejected,eligible,Will Michelle Obama win the 2028 Democratic presidential nomination?,Will John Fetterman win the 2028 Democratic presidential nomination?,0.365,0.075,1.0,,,,
ffb0173f0e3e46c72cc7a71e9563395d,561989,562002,rejected,,rejected,eligible,Will Ted Cruz win the 2028 Republican presidential nomination?,Will Erika Kirk win the 2028 Republican presidential nomination?,0.365,0.075,1.0,,,,
dca448b339a98e865a45c502d3083384,561989,562003,rejected,,rejected,eligible,Will Ted Cruz win the 2028 Republican presidential nomination?,Will Kim Kardashian win the 2028 Republican presidential nomination?,0.365,0.075,1.0,,,,
77a1c843c2317126fb15bdb41e68bd5e,561989,562005,rejected,,rejected,eligible,Will Ted Cruz win the 2028 Republican presidential nomination?,Will Thomas Massie win the 2028 Republican presidential nomination?,0.365,0.075,1.0,,,,
b7c36233ed99fc03f478cd1b398b0467,561989,562006,rejected,,rejected,eligible,Will Ted Cruz win the 2028 Republican presidential nomination?,Will Eric Trump win the 2028 Republican presidential nomination?,0.365,0.075,1.0,,,,
06f5a5fb6e272cf46d4df4d40e6bebec,559667,559674,rejected,,rejected,eligible,Will Michelle Obama win the 2028 Democratic presidential nomination?,Will Jared Polis win the 2028 Democratic presidential nomination?,0.365,0.075,1.0,,,,
b331d14d688046b6ea61422295ce5fcb,561989,562008,rejected,,rejected,eligible,Will Ted Cruz win the 2028 Republican presidential nomination?,Will Pete Hegseth win the 2028 Republican presidential nomination?,0.365,0.075,1.0,,,,
795dd5a6a4e44ed7702c03568c9740a3,559667,559675,rejected,,rejected,eligible,Will Michelle Obama win the 2028 Democratic presidential nomination?,Will Jon Stewart win the 2028 Democratic presidential nomination?,0.365,0.075,1.0,,,,
3f9a38030763e9549d6d409e25b4ec81,559667,559679,rejected,,rejected,eligible,Will Michelle Obama win the 2028 Democratic presidential nomination?,Will Bernie Sanders win the 2028 Democratic presidential nomination?,0.365,0.075,1.0,,,,
8816acef440758ea5c2daf02f63b109a,559667,559680,rejected,,rejected,eligible,Will Michelle Obama win the 2028 Democratic presidential nomination?,Will Phil Murphy win the 2028 Democratic presidential nomination?,0.365,0.075,1.0,,,,
28b5ea84413fd177cd590610f39f6661,559667,559682,rejected,,rejected,eligible,Will Michelle Obama win the 2028 Democratic presidential nomination?,Will Hunter Biden win the 2028 Democratic presidential nomination?,0.365,0.075,1.0,,,,
ef832478bdc7ff45060a2c5225429df8,561990,561995,rejected,,rejected,eligible,Will Elon Musk win the 2028 Republican presidential nomination?,Will Mike Pence win the 2028 Republican presidential nomination?,0.365,0.075,1.0,,,,
03f40935e89b4ced887bc065333f6004,561990,561996,rejected,,rejected,eligible,Will Elon Musk win the 2028 Republican presidential nomination?,Will Tucker Carlson win the 2028 Republican presidential nomination?,0.365,0.075,1.0,,,,
82cfe403d08e60165a516ebdbc586960,559667,559687,rejected,,rejected,eligible,Will Michelle Obama win the 2028 Democratic presidential nomination?,Will Oprah Winfrey win the 2028 Democratic presidential nomination?,0.365,0.075,1.0,,,,
86d43d09ff94534356058d1283937ad7,561992,562005,rejected,,rejected,eligible,Will Katie Britt win the 2028 Republican presidential nomination?,Will Thomas Massie win the 2028 Republican presidential nomination?,0.365,0.075,1.0,,,,
f25bf5a772232f3b2ad21dfaf45859b7,561992,562006,rejected,,rejected,eligible,Will Katie Britt win the 2028 Republican presidential nomination?,Will Eric Trump win the 2028 Republican presidential nomination?,0.365,0.075,1.0,,,,
c7fd58f8a7086b731e22bf86a7464e14,559667,559689,rejected,,rejected,eligible,Will Michelle Obama win the 2028 Democratic presidential nomination?,Will Beto O’Rourke win the 2028 Democratic presidential nomination?,0.365,0.075,1.0,,,,
06fc87deda96937dfaa3805013037e76,561992,562008,rejected,,rejected,eligible,Will Katie Britt win the 2028 Republican presidential nomination?,Will Pete Hegseth win the 2028 Republican presidential nomination?,0.365,0.075,1.0,,,,
19593864dc41cf2a7ab658d95445f454,559667,559691,rejected,,rejected,eligible,Will Michelle Obama win the 2028 Democratic presidential nomination?,Will Chris Murphy win the 2028 Democratic presidential nomination?,0.365,0.075,1.0,,,,
75bb394c38ad4b0c301f6feaa87b7f0a,561993,561995,rejected,,rejected,eligible,Will John Thune win the 2028 Republican presidential nomination?,Will Mike Pence win the 2028 Republican presidential nomination?,0.365,0.075,1.0,,,,
208ec60d86f7e0c0a908331e9fa30265,561993,561996,rejected,,rejected,eligible,Will John Thune win the 2028 Republican presidential nomination?,Will Tucker Carlson win the 2028 Republican presidential nomination?,0.365,0.075,1.0,,,,
0c65cb1e16054f3e49b74d12ab6a66dc,561973,561980,rejected,,rejected,eligible,Will Donald Trump win the 2028 Republican presidential nomination?,Will Nikki Haley win the 2028 Republican presidential nomination?,0.365,0.075,1.0,,,,
a723a13686f1247493b4de0a76e8db86,561993,562002,rejected,,rejected,eligible,Will John Thune win the 2028 Republican presidential nomination?,Will Erika Kirk win the 2028 Republican presidential nomination?,0.365,0.075,1.0,,,,
c1951e6a62257ba8235f2a5dc2fd336e,561993,562003,rejected,,rejected,eligible,Will John Thune win the 2028 Republican presidential nomination?,Will Kim Kardashian win the 2028 Republican presidential nomination?,0.365,0.075,1.0,,,,
c22dc90b6e9ffd0e53c4e811d6bcb835,561993,562005,rejected,,rejected,eligible,Will John Thune win the 2028 Republican presidential nomination?,Will Thomas Massie win the 2028 Republican presidential nomination?,0.365,0.075,1.0,,,,
5ee0ffb88c9b510825831eb26c6e11e5,561993,562006,rejected,,rejected,eligible,Will John Thune win the 2028 Republican presidential nomination?,Will Eric Trump win the 2028 Republican presidential nomination?,0.365,0.075,1.0,,,,
549f8733cb2ebafeb9849bfbae8728b9,559660,559665,rejected,,rejected,eligible,Will Andy Beshear win the 2028 Democratic presidential nomination?,Will Cory Booker win the 2028 Democratic presidential nomination?,0.365,0.075,1.0,,,,
e811d03c209f4ee3c69d3e8dc97a99c9,561993,562008,rejected,,rejected,eligible,Will John Thune win the 2028 Republican presidential nomination?,Will Pete Hegseth win the 2028 Republican presidential nomination?,0.365,0.075,1.0,,,,
8d5888e54cb2c223691e976193534cd7,561994,561995,rejected,,rejected,ineligible,Will Kristi Noem win the 2028 Republican presidential nomination?,Will Mike Pence win the 2028 Republican presidential nomination?,0.365,0.075,1.0,,,,
ddd58ce20c0cc335c6c234f82cd974a0,561994,561996,rejected,,rejected,ineligible,Will Kristi Noem win the 2028 Republican presidential nomination?,Will Tucker Carlson win the 2028 Republican presidential nomination?,0.365,0.075,1.0,,,,
92e7b630ff5bdc41bd58ae226207940b,561991,561995,rejected,,rejected,eligible,Will Matt Gaetz win the 2028 Republican presidential nomination?,Will Mike Pence win the 2028 Republican presidential nomination?,0.365,0.075,1.0,,,,
f288ae023110469887f0cabaaca29711,561994,562002,rejected,,rejected,ineligible,Will Kristi Noem win the 2028 Republican presidential nomination?,Will Erika Kirk win the 2028 Republican presidential nomination?,0.365,0.075,1.0,,,,
90a3198ae07a4827e85a34769f6cfceb,561994,562003,rejected,,rejected,ineligible,Will Kristi Noem win the 2028 Republican presidential nomination?,Will Kim Kardashian win the 2028 Republican presidential nomination?,0.365,0.075,1.0,,,,
4f2603d07d7e3ba2d4f398161d18f1a4,561994,562005,rejected,,rejected,ineligible,Will Kristi Noem win the 2028 Republican presidential nomination?,Will Thomas Massie win the 2028 Republican presidential nomination?,0.365,0.075,1.0,,,,
77430824e2842d35887fb2f4b52bfb95,561994,562006,rejected,,rejected,ineligible,Will Kristi Noem win the 2028 Republican presidential nomination?,Will Eric Trump win the 2028 Republican presidential nomination?,0.365,0.075,1.0,,,,
cf6964c9a96089e07131949549fc1241,561973,561990,rejected,,rejected,eligible,Will Donald Trump win the 2028 Republican presidential nomination?,Will Elon Musk win the 2028 Republican presidential nomination?,0.365,0.075,1.0,,,,
109c048a485f23d41ae65eaf4c642ec3,561994,562008,rejected,,rejected,ineligible,Will Kristi Noem win the 2028 Republican presidential nomination?,Will Pete Hegseth win the 2028 Republican presidential nomination?,0.365,0.075,1.0,,,,
ade15d19ad17584c95953d5888ed43e2,561995,561998,rejected,,rejected,eligible,Will Mike Pence win the 2028 Republican presidential nomination?,Will Ivanka Trump win the 2028 Republican presidential nomination?,0.365,0.075,1.0,,,,
913d2ae0d3b011d2619a5ea4bbf5a072,562002,562007,rejected,,rejected,eligible,Will Erika Kirk win the 2028 Republican presidential nomination?,Will Joe Kent win the 2028 Republican presidential nomination?,0.365,0.075,1.0,,,,
dd164cbbd292d8d78d4d172863c213d0,561996,561998,rejected,,rejected,eligible,Will Tucker Carlson win the 2028 Republican presidential nomination?,Will Ivanka Trump win the 2028 Republican presidential nomination?,0.365,0.075,1.0,,,,
e5a2c1a6e2b58f338f455c98aac45f26,559655,559682,rejected,,rejected,eligible,Will Josh Shapiro win the 2028 Democratic presidential nomination?,Will Hunter Biden win the 2028 Democratic presidential nomination?,0.365,0.075,1.0,,,,
e065aa5bb2d3391cc9a60ed28c886b3a,559663,559674,rejected,,rejected,eligible,Will J.B. Pritzker win the 2028 Democratic presidential nomination?,Will Jared Polis win the 2028 Democratic presidential nomination?,0.365,0.075,1.0,,,,
8519fd6607d662ef732bce25736c88bd,561998,562002,rejected,,rejected,eligible,Will Ivanka Trump win the 2028 Republican presidential nomination?,Will Erika Kirk win the 2028 Republican presidential nomination?,0.365,0.075,1.0,,,,
143275af74bdb327b55e65fccb241003,561998,562003,rejected,,rejected,eligible,Will Ivanka Trump win the 2028 Republican presidential nomination?,Will Kim Kardashian win the 2028 Republican presidential nomination?,0.365,0.075,1.0,,,,
4a405c477b4fd243d59d825fd7d81b9d,561998,562005,rejected,,rejected,eligible,Will Ivanka Trump win the 2028 Republican presidential nomination?,Will Thomas Massie win the 2028 Republican presidential nomination?,0.365,0.075,1.0,,,,
d8ef57c676d6ebe85e6c9b9731628b1d,561983,561989,rejected,,rejected,eligible,Will Greg Abbott win the 2028 Republican presidential nomination?,Will Ted Cruz win the 2028 Republican presidential nomination?,0.365,0.075,1.0,,,,
1b6f10a299d641226cdff3c3a5617a7a,561998,562008,rejected,,rejected,eligible,Will Ivanka Trump win the 2028 Republican presidential nomination?,Will Pete Hegseth win the 2028 Republican presidential nomination?,0.365,0.075,1.0,,,,
1a4f87492595777e6ec5aa4279b2f5bb,559655,559687,rejected,,rejected,eligible,Will Josh Shapiro win the 2028 Democratic presidential nomination?,Will Oprah Winfrey win the 2028 Democratic presidential nomination?,0.365,0.075,1.0,,,,
b76b32e0b146102c6e576128e482a6bc,559655,559689,rejected,,rejected,eligible,Will Josh Shapiro win the 2028 Democratic presidential nomination?,Will Beto O’Rourke win the 2028 Democratic presidential nomination?,0.365,0.075,1.0,,,,
61ff84cba06b1672b040d3d99de545b4,559660,559675,rejected,,rejected,eligible,Will Andy Beshear win the 2028 Democratic presidential nomination?,Will Jon Stewart win the 2028 Democratic presidential nomination?,0.365,0.075,1.0,,,,
502df6189a1889dfc88e20b5b0ef2b16,562005,562007,rejected,,rejected,eligible,Will Thomas Massie win the 2028 Republican presidential nomination?,Will Joe Kent win the 2028 Republican presidential nomination?,0.365,0.075,1.0,,,,
502b73c2c9aa5a11908fa45ab8e1d6a0,562006,562007,rejected,,rejected,eligible,Will Eric Trump win the 2028 Republican presidential nomination?,Will Joe Kent win the 2028 Republican presidential nomination?,0.365,0.075,1.0,,,,
91df8073296d4be4b80c410e12dc5872,562007,562008,rejected,,rejected,eligible,Will Joe Kent win the 2028 Republican presidential nomination?,Will Pete Hegseth win the 2028 Republican presidential nomination?,0.365,0.075,1.0,,,,
74ad792d8b2ee397ed4be565ded997a8,559660,559661,rejected,,rejected,eligible,Will Andy Beshear win the 2028 Democratic presidential nomination?,Will Jon Ossoff win the 2028 Democratic presidential nomination?,0.365,0.075,1.0,,,,
a7e158c6f7072734dd20ab6071cdc860,559673,559681,rejected,,rejected,eligible,Will John Fetterman win the 2028 Democratic presidential nomination?,Will LeBron James win the 2028 Democratic presidential nomination?,0.365,0.075,1.0,,,,
11cd88f82d308e10d335fb4bf543cf0c,559660,559679,rejected,,rejected,eligible,Will Andy Beshear win the 2028 Democratic presidential nomination?,Will Bernie Sanders win the 2028 Democratic presidential nomination?,0.365,0.075,1.0,,,,
7eb248ed2a4afe3cf6a253450f2137e7,559660,559680,rejected,,rejected,eligible,Will Andy Beshear win the 2028 Democratic presidential nomination?,Will Phil Murphy win the 2028 Democratic presidential nomination?,0.365,0.075,1.0,,,,
bec56e2b6058a8e7d633bba43d12666e,559669,559670,rejected,,rejected,eligible,Will Rahm Emanuel win the 2028 Democratic presidential nomination?,Will Gina Raimondo win the 2028 Democratic presidential nomination?,0.365,0.075,1.0,,,,
4dece4f313e2f06a1c13cd571b9be968,559660,559682,rejected,,rejected,eligible,Will Andy Beshear win the 2028 Democratic presidential nomination?,Will Hunter Biden win the 2028 Democratic presidential nomination?,0.365,0.075,1.0,,,,
e86adc020e0071f69e5711f11bcc91e7,559669,559672,rejected,,rejected,eligible,Will Rahm Emanuel win the 2028 Democratic presidential nomination?,Will Roy Cooper win the 2028 Democratic presidential nomination?,0.365,0.075,1.0,,,,
07542f0a26d52f79c859faa596c91601,559669,559673,rejected,,rejected,eligible,Will Rahm Emanuel win the 2028 Democratic presidential nomination?,Will John Fetterman win the 2028 Democratic presidential nomination?,0.365,0.075,1.0,,,,
0dd1e41ace95eed6ac8a4d425e02d1e7,561975,561985,rejected,,rejected,eligible,Will Marco Rubio win the 2028 Republican presidential nomination?,Will Brian Kemp win the 2028 Republican presidential nomination?,0.365,0.075,1.0,,,,
efeda4bc6aebf9794ea11e2bc86a3a75,559660,559687,rejected,,rejected,eligible,Will Andy Beshear win the 2028 Democratic presidential nomination?,Will Oprah Winfrey win the 2028 Democratic presidential nomination?,0.365,0.075,1.0,,,,
10520c5b2eb9eee60a284650d1c95a27,559660,559689,rejected,,rejected,eligible,Will Andy Beshear win the 2028 Democratic presidential nomination?,Will Beto O’Rourke win the 2028 Democratic presidential nomination?,0.365,0.075,1.0,,,,
fc4e3ba4f903347e3d96035d57712540,559669,559674,rejected,,rejected,eligible,Will Rahm Emanuel win the 2028 Democratic presidential nomination?,Will Jared Polis win the 2028 Democratic presidential nomination?,0.365,0.075,1.0,,,,
bbd4005dfd31f1398a81f74106d77a57,559663,559675,rejected,,rejected,eligible,Will J.B. Pritzker win the 2028 Democratic presidential nomination?,Will Jon Stewart win the 2028 Democratic presidential nomination?,0.365,0.075,1.0,,,,
a996780f6baf5818fde4bf6578d0e048,559661,559683,rejected,,rejected,eligible,Will Jon Ossoff win the 2028 Democratic presidential nomination?,Will George Clooney win the 2028 Democratic presidential nomination?,0.365,0.075,1.0,,,,
ab9799e60309b6b55e9ba360bda0b0b6,559663,559676,rejected,,rejected,eligible,Will J.B. Pritzker win the 2028 Democratic presidential nomination?,Will Barack Obama win the 2028 Democratic presidential nomination?,0.365,0.075,1.0,,,,
10f058296fcfb505f3b63ece3e2a00ef,559669,559675,rejected,,rejected,eligible,Will Rahm Emanuel win the 2028 Democratic presidential nomination?,Will Jon Stewart win the 2028 Democratic presidential nomination?,0.365,0.075,1.0,,,,
2070ad78a400ee7342f6e17e83318985,559661,559684,rejected,,rejected,eligible,Will Jon Ossoff win the 2028 Democratic presidential nomination?,Will Chelsea Clinton win the 2028 Democratic presidential nomination?,0.365,0.075,1.0,,,,
c84c77605d5ec2d4471d6f0cab1306d7,559669,559676,rejected,,rejected,eligible,Will Rahm Emanuel win the 2028 Democratic presidential nomination?,Will Barack Obama win the 2028 Democratic presidential nomination?,0.365,0.075,1.0,,,,
8b89b47f10c2149bc36d60504b49c7ea,559663,559679,rejected,,rejected,eligible,Will J.B. Pritzker win the 2028 Democratic presidential nomination?,Will Bernie Sanders win the 2028 Democratic presidential nomination?,0.365,0.075,1.0,,,,
c0c9515764dfa1c02bbd42c4695f9a18,559663,559680,rejected,,rejected,eligible,Will J.B. Pritzker win the 2028 Democratic presidential nomination?,Will Phil Murphy win the 2028 Democratic presidential nomination?,0.365,0.075,1.0,,,,
0b11984c61fb46cc4e9078eb83719685,559669,559679,rejected,,rejected,eligible,Will Rahm Emanuel win the 2028 Democratic presidential nomination?,Will Bernie Sanders win the 2028 Democratic presidential nomination?,0.365,0.075,1.0,,,,
e00be836dea53f5b8c2aebe20d4ecee6,559663,559682,rejected,,rejected,eligible,Will J.B. Pritzker win the 2028 Democratic presidential nomination?,Will Hunter Biden win the 2028 Democratic presidential nomination?,0.365,0.075,1.0,,,,
fc4e535fbb1227fab090558bd20887c3,559669,559680,rejected,,rejected,eligible,Will Rahm Emanuel win the 2028 Democratic presidential nomination?,Will Phil Murphy win the 2028 Democratic presidential nomination?,0.365,0.075,1.0,,,,
d8e4223912ba5c9998801751e2d4b153,559669,559682,rejected,,rejected,eligible,Will Rahm Emanuel win the 2028 Democratic presidential nomination?,Will Hunter Biden win the 2028 Democratic presidential nomination?,0.365,0.075,1.0,,,,
46718cddbc4417d6d586f94aa1e4df58,559655,559691,rejected,,rejected,eligible,Will Josh Shapiro win the 2028 Democratic presidential nomination?,Will Chris Murphy win the 2028 Democratic presidential nomination?,0.365,0.075,1.0,,,,
be33f20a4aa8c2a3001a1daf89e87099,559663,559687,rejected,,rejected,eligible,Will J.B. Pritzker win the 2028 Democratic presidential nomination?,Will Oprah Winfrey win the 2028 Democratic presidential nomination?,0.365,0.075,1.0,,,,
e66c014f7f338fc1a99d58cb000d1392,559661,559690,rejected,,rejected,eligible,Will Jon Ossoff win the 2028 Democratic presidential nomination?,Will Kim Kardashian win the 2028 Democratic presidential nomination?,0.365,0.075,1.0,,,,
8e1d177a6cccd23f27cd0d1f524cc2be,561973,561988,rejected,,rejected,eligible,Will Donald Trump win the 2028 Republican presidential nomination?,Will Josh Hawley win the 2028 Republican presidential nomination?,0.365,0.075,1.0,,,,
88cbb77714f05fb6cc6415d43e30796e,559663,559689,rejected,,rejected,eligible,Will J.B. Pritzker win the 2028 Democratic presidential nomination?,Will Beto O’Rourke win the 2028 Democratic presidential nomination?,0.365,0.075,1.0,,,,
236af416b2caad29769a6737c8b015de,559669,559687,rejected,,rejected,eligible,Will Rahm Emanuel win the 2028 Democratic presidential nomination?,Will Oprah Winfrey win the 2028 Democratic presidential nomination?,0.365,0.075,1.0,,,,
a585c338ecc06418c7a9604f7656c046,559669,559689,rejected,,rejected,eligible,Will Rahm Emanuel win the 2028 Democratic presidential nomination?,Will Beto O’Rourke win the 2028 Democratic presidential nomination?,0.365,0.075,1.0,,,,
eac45a28ee2b7240086b301a38f1e79b,561973,561991,rejected,,rejected,eligible,Will Donald Trump win the 2028 Republican presidential nomination?,Will Matt Gaetz win the 2028 Republican presidential nomination?,0.365,0.075,1.0,,,,
004d925e27e343562472c3838dc18e5c,559673,559684,rejected,,rejected,eligible,Will John Fetterman win the 2028 Democratic presidential nomination?,Will Chelsea Clinton win the 2028 Democratic presidential nomination?,0.365,0.075,1.0,,,,
810f149ef65bb28b890631c59216219c,559669,559691,rejected,,rejected,eligible,Will Rahm Emanuel win the 2028 Democratic presidential nomination?,Will Chris Murphy win the 2028 Democratic presidential nomination?,0.365,0.075,1.0,,,,
bd5f4319d1214d50c93ce05605da0246,559661,559669,rejected,,rejected,eligible,Will Jon Ossoff win the 2028 Democratic presidential nomination?,Will Rahm Emanuel win the 2028 Democratic presidential nomination?,0.365,0.075,1.0,,,,
f38ba669e7537b06ac9712916f94165a,561973,561992,rejected,,rejected,eligible,Will Donald Trump win the 2028 Republican presidential nomination?,Will Katie Britt win the 2028 Republican presidential nomination?,0.365,0.075,1.0,,,,
0bf6a67a0d375bee8aa146af4588d624,561983,561987,rejected,,rejected,eligible,Will Greg Abbott win the 2028 Republican presidential nomination?,Will Elise Stefanik win the 2028 Republican presidential nomination?,0.365,0.075,1.0,,,,
f4ef06a3ebc146e43bc63d1a836d8dd5,559661,559666,rejected,,rejected,eligible,Will Jon Ossoff win the 2028 Democratic presidential nomination?,Will Tim Walz win the 2028 Democratic presidential nomination?,0.365,0.075,1.0,,,,
4ff8feec9ef9ce364815b613fdbb039a,559663,559665,rejected,,rejected,eligible,Will J.B. Pritzker win the 2028 Democratic presidential nomination?,Will Cory Booker win the 2028 Democratic presidential nomination?,0.365,0.075,1.0,,,,
5aad9678cc6d333c590da80154d48583,559661,559663,rejected,,rejected,eligible,Will Jon Ossoff win the 2028 Democratic presidential nomination?,Will J.B. Pritzker win the 2028 Democratic presidential nomination?,0.365,0.075,1.0,,,,
2eb22ec1f7eddede3cf6b7e2aea7549f,561973,561975,rejected,,rejected,eligible,Will Donald Trump win the 2028 Republican presidential nomination?,Will Marco Rubio win the 2028 Republican presidential nomination?,0.365,0.075,1.0,,,,
1b017d5b3c43c88055671b80ac327b70,561973,561993,rejected,,rejected,eligible,Will Donald Trump win the 2028 Republican presidential nomination?,Will John Thune win the 2028 Republican presidential nomination?,0.365,0.075,1.0,,,,
5d49d016d65eccbaa57bc02723b896ec,561973,561994,rejected,,rejected,ineligible,Will Donald Trump win the 2028 Republican presidential nomination?,Will Kristi Noem win the 2028 Republican presidential nomination?,0.365,0.075,1.0,,,,
af8055206c87b41c06c1498c8451397d,559661,559671,rejected,,rejected,eligible,Will Jon Ossoff win the 2028 Democratic presidential nomination?,Will Zohran Mamdani win the 2028 Democratic presidential nomination?,0.365,0.075,1.0,,,,
d8d870b585a78efbaaca7b666c778c8b,559670,559671,rejected,,rejected,eligible,Will Gina Raimondo win the 2028 Democratic presidential nomination?,Will Zohran Mamdani win the 2028 Democratic presidential nomination?,0.365,0.075,1.0,,,,
050e281c6e3204c98f5852e03eef5a2a,559670,559677,rejected,,rejected,eligible,Will Gina Raimondo win the 2028 Democratic presidential nomination?,Will Hillary Clinton win the 2028 Democratic presidential nomination?,0.365,0.075,1.0,,,,
f0d73119ddaf02127e9d8cef7058c03b,561981,561995,rejected,,rejected,eligible,Will Vivek Ramaswamy win the 2028 Republican presidential nomination?,Will Mike Pence win the 2028 Republican presidential nomination?,0.365,0.075,1.0,,,,
fec84fda5ba8334de95cd53c47234dd3,561981,561996,rejected,,rejected,eligible,Will Vivek Ramaswamy win the 2028 Republican presidential nomination?,Will Tucker Carlson win the 2028 Republican presidential nomination?,0.365,0.075,1.0,,,,
2f2db2c11c7880626e2cb35b62abe748,559670,559678,rejected,,rejected,eligible,Will Gina Raimondo win the 2028 Democratic presidential nomination?,Will Liz Cheney win the 2028 Democratic presidential nomination?,0.365,0.075,1.0,,,,
5ccd3654282c6a0c99baa7991fdd9daa,559661,559667,rejected,,rejected,eligible,Will Jon Ossoff win the 2028 Democratic presidential nomination?,Will Michelle Obama win the 2028 Democratic presidential nomination?,0.365,0.075,1.0,,,,
cb917969d8dd1243731cedfbd4ce8826,559670,559681,rejected,,rejected,eligible,Will Gina Raimondo win the 2028 Democratic presidential nomination?,Will LeBron James win the 2028 Democratic presidential nomination?,0.365,0.075,1.0,,,,
a034974f4a7653819bf707e0bc81ff8f,561973,561979,rejected,,rejected,eligible,Will Donald Trump win the 2028 Republican presidential nomination?,Will Ron DeSantis win the 2028 Republican presidential nomination?,0.365,0.075,1.0,,,,
29381a3e0dfc8b0e72492e8a30dd5922,561985,561998,rejected,,rejected,eligible,Will Brian Kemp win the 2028 Republican presidential nomination?,Will Ivanka Trump win the 2028 Republican presidential nomination?,0.365,0.075,1.0,,,,
f36669cfec7dce3070facda3a119bbae,561974,561977,rejected,,rejected,eligible,Will J.D. Vance win the 2028 Republican presidential nomination?,Will Glenn Youngkin win the 2028 Republican presidential nomination?,0.365,0.075,1.0,,,,
a8e31c9aef21db514a70a6a630918133,559670,559683,rejected,,rejected,eligible,Will Gina Raimondo win the 2028 Democratic presidential nomination?,Will George Clooney win the 2028 Democratic presidential nomination?,0.365,0.075,1.0,,,,
1e4d6dc41d70bcc0a65ca58d9a4dedf2,559670,559684,rejected,,rejected,eligible,Will Gina Raimondo win the 2028 Democratic presidential nomination?,Will Chelsea Clinton win the 2028 Democratic presidential nomination?,0.365,0.075,1.0,,,,
3c40ae3ae42595588107e2bf405ee743,559673,559683,rejected,,rejected,eligible,Will John Fetterman win the 2028 Democratic presidential nomination?,Will George Clooney win the 2028 Democratic presidential nomination?,0.365,0.075,1.0,,,,
5df5bcc5d17c0c72e03edc5483e98d24,559670,559690,rejected,,rejected,eligible,Will Gina Raimondo win the 2028 Democratic presidential nomination?,Will Kim Kardashian win the 2028 Democratic presidential nomination?,0.365,0.075,1.0,,,,
bcc7ac2e736da153705e6ccc3b98cf97,559660,559673,rejected,,rejected,eligible,Will Andy Beshear win the 2028 Democratic presidential nomination?,Will John Fetterman win the 2028 Democratic presidential nomination?,0.365,0.075,1.0,,,,
085514c5a0f09021e93b0cdc06b20ea7,561973,561986,rejected,,rejected,eligible,Will Donald Trump win the 2028 Republican presidential nomination?,Will Byron Donalds win the 2028 Republican presidential nomination?,0.365,0.075,1.0,,,,
478d09d5fdcc3b1d24fbea6aef84d3a6,559656,559657,rejected,,rejected,eligible,Will Wes Moore win the 2028 Democratic presidential nomination?,Will Stephen A. Smith win the 2028 Democratic presidential nomination?,0.365,0.075,1.0,,,,
453f688f72f9b2b014e3348cb5de317e,559663,559673,rejected,,rejected,eligible,Will J.B. Pritzker win the 2028 Democratic presidential nomination?,Will John Fetterman win the 2028 Democratic presidential nomination?,0.365,0.075,1.0,,,,
910b210ab3d22741843ecc8458737ba8,561981,562002,rejected,,rejected,eligible,Will Vivek Ramaswamy win the 2028 Republican presidential nomination?,Will Erika Kirk win the 2028 Republican presidential nomination?,0.365,0.075,1.0,,,,
271e42ec3ddb70c227758b563f8bfc90,561990,562008,rejected,,rejected,eligible,Will Elon Musk win the 2028 Republican presidential nomination?,Will Pete Hegseth win the 2028 Republican presidential nomination?,0.365,0.075,1.0,,,,
9458155811951884f6ae6dedc26a0120,559656,559660,rejected,,rejected,eligible,Will Wes Moore win the 2028 Democratic presidential nomination?,Will Andy Beshear win the 2028 Democratic presidential nomination?,0.365,0.075,1.0,,,,
e0f5bce0bc45e263b9021b5152e5e998,561981,562003,rejected,,rejected,eligible,Will Vivek Ramaswamy win the 2028 Republican presidential nomination?,Will Kim Kardashian win the 2028 Republican presidential nomination?,0.365,0.075,1.0,,,,
442439d43102969b37586299a7374917,559660,559674,rejected,,rejected,eligible,Will Andy Beshear win the 2028 Democratic presidential nomination?,Will Jared Polis win the 2028 Democratic presidential nomination?,0.365,0.075,1.0,,,,
628dc6a35a7f6edce1fff7cfffb76a39,559671,559672,rejected,,rejected,eligible,Will Zohran Mamdani win the 2028 Democratic presidential nomination?,Will Roy Cooper win the 2028 Democratic presidential nomination?,0.365,0.075,1.0,,,,
1060ae6e361add601492718f069934a4,561990,562002,rejected,,rejected,eligible,Will Elon Musk win the 2028 Republican presidential nomination?,Will Erika Kirk win the 2028 Republican presidential nomination?,0.365,0.075,1.0,,,,
ac95b4f7ab73bb3a5c2fa6cb1fb4d893,561990,562003,rejected,,rejected,eligible,Will Elon Musk win the 2028 Republican presidential nomination?,Will Kim Kardashian win the 2028 Republican presidential nomination?,0.365,0.075,1.0,,,,
17a18e324ab3112c838d32d0708ea82a,561981,562005,rejected,,rejected,eligible,Will Vivek Ramaswamy win the 2028 Republican presidential nomination?,Will Thomas Massie win the 2028 Republican presidential nomination?,0.365,0.075,1.0,,,,
a3f335ad9b5636e176a07583517f278f,561981,562006,rejected,,rejected,eligible,Will Vivek Ramaswamy win the 2028 Republican presidential nomination?,Will Eric Trump win the 2028 Republican presidential nomination?,0.365,0.075,1.0,,,,
69c117466f8b831cb8e29b99dde4b243,559660,559691,rejected,,rejected,eligible,Will Andy Beshear win the 2028 Democratic presidential nomination?,Will Chris Murphy win the 2028 Democratic presidential nomination?,0.365,0.075,1.0,,,,
2a0803d933d61d9797c7ecc3af69ebf4,559671,559673,rejected,,rejected,eligible,Will Zohran Mamdani win the 2028 Democratic presidential nomination?,Will John Fetterman win the 2028 Democratic presidential nomination?,0.365,0.075,1.0,,,,
e23b1bb62921c54243d48a409c4ed309,559671,559674,rejected,,rejected,eligible,Will Zohran Mamdani win the 2028 Democratic presidential nomination?,Will Jared Polis win the 2028 Democratic presidential nomination?,0.365,0.075,1.0,,,,
19b224f6c295a4ac31db054f8d2ff91e,561990,562005,rejected,,rejected,eligible,Will Elon Musk win the 2028 Republican presidential nomination?,Will Thomas Massie win the 2028 Republican presidential nomination?,0.365,0.075,1.0,,,,
f568959377e98450b18bad8972fac091,559671,559675,rejected,,rejected,eligible,Will Zohran Mamdani win the 2028 Democratic presidential nomination?,Will Jon Stewart win the 2028 Democratic presidential nomination?,0.365,0.075,1.0,,,,
f29257fa50cd75cb6701d5117f269e20,559671,559676,rejected,,rejected,eligible,Will Zohran Mamdani win the 2028 Democratic presidential nomination?,Will Barack Obama win the 2028 Democratic presidential nomination?,0.365,0.075,1.0,,,,
f0c11a775618d906b23cd4dd53591b54,559671,559679,rejected,,rejected,eligible,Will Zohran Mamdani win the 2028 Democratic presidential nomination?,Will Bernie Sanders win the 2028 Democratic presidential nomination?,0.365,0.075,1.0,,,,
5a714a42e53203af0ea94624f4a4dbdf,559671,559680,rejected,,rejected,eligible,Will Zohran Mamdani win the 2028 Democratic presidential nomination?,Will Phil Murphy win the 2028 Democratic presidential nomination?,0.365,0.075,1.0,,,,
49f4f2c215730ba7e67439cc42bc98f7,561983,561998,rejected,,rejected,eligible,Will Greg Abbott win the 2028 Republican presidential nomination?,Will Ivanka Trump win the 2028 Republican presidential nomination?,0.365,0.075,1.0,,,,
b1edd47029e9b920e289d119d5aca45e,559671,559682,rejected,,rejected,eligible,Will Zohran Mamdani win the 2028 Democratic presidential nomination?,Will Hunter Biden win the 2028 Democratic presidential nomination?,0.365,0.075,1.0,,,,
24cbaddc7c0756d66560ba0a31f1039c,559656,559663,rejected,,rejected,eligible,Will Wes Moore win the 2028 Democratic presidential nomination?,Will J.B. Pritzker win the 2028 Democratic presidential nomination?,0.365,0.075,1.0,,,,
d149bc6d27f165e7946a24ff23839760,561975,561995,rejected,,rejected,eligible,Will Marco Rubio win the 2028 Republican presidential nomination?,Will Mike Pence win the 2028 Republican presidential nomination?,0.365,0.075,1.0,,,,
2d5e6f30765af5590cc74bf38c0e562f,561975,561996,rejected,,rejected,eligible,Will Marco Rubio win the 2028 Republican presidential nomination?,Will Tucker Carlson win the 2028 Republican presidential nomination?,0.365,0.075,1.0,,,,
d31cca9e2fc005aea8bbf215fd27a3f8,559656,559666,rejected,,rejected,eligible,Will Wes Moore win the 2028 Democratic presidential nomination?,Will Tim Walz win the 2028 Democratic presidential nomination?,0.365,0.075,1.0,,,,
a57712a9b491567887302d9648b54a96,559671,559687,rejected,,rejected,eligible,Will Zohran Mamdani win the 2028 Democratic presidential nomination?,Will Oprah Winfrey win the 2028 Democratic presidential nomination?,0.365,0.075,1.0,,,,
5aa96d1aafd5e4c9aab8564621038ea8,561991,562002,rejected,,rejected,eligible,Will Matt Gaetz win the 2028 Republican presidential nomination?,Will Erika Kirk win the 2028 Republican presidential nomination?,0.365,0.075,1.0,,,,
0a5d0731168a48f83162f671baf9dd69,561991,562003,rejected,,rejected,eligible,Will Matt Gaetz win the 2028 Republican presidential nomination?,Will Kim Kardashian win the 2028 Republican presidential nomination?,0.365,0.075,1.0,,,,
44cd06cda347f307caec12da4e649681,559656,559667,rejected,,rejected,eligible,Will Wes Moore win the 2028 Democratic presidential nomination?,Will Michelle Obama win the 2028 Democratic presidential nomination?,0.365,0.075,1.0,,,,
41b66ce84c49d9110f0aea0a84075267,561983,561994,rejected,,rejected,ineligible,Will Greg Abbott win the 2028 Republican presidential nomination?,Will Kristi Noem win the 2028 Republican presidential nomination?,0.365,0.075,1.0,,,,
f78efb5c834e7fb0ac2280cfb2d0c8d9,559671,559689,rejected,,rejected,eligible,Will Zohran Mamdani win the 2028 Democratic presidential nomination?,Will Beto O’Rourke win the 2028 Democratic presidential nomination?,0.365,0.075,1.0,,,,
9de7f256be0378ce38979867422edb9b,561985,561986,rejected,,rejected,eligible,Will Brian Kemp win the 2028 Republican presidential nomination?,Will Byron Donalds win the 2028 Republican presidential nomination?,0.365,0.075,1.0,,,,
35079bc9fcd7aa047a5ee788f2fbd378,561975,562002,rejected,,rejected,eligible,Will Marco Rubio win the 2028 Republican presidential nomination?,Will Erika Kirk win the 2028 Republican presidential nomination?,0.365,0.075,1.0,,,,
53e9fd97ac49f3e9ad367b4d07be386e,561991,562005,rejected,,rejected,eligible,Will Matt Gaetz win the 2028 Republican presidential nomination?,Will Thomas Massie win the 2028 Republican presidential nomination?,0.365,0.075,1.0,,,,
0483da6679f48967ce9acc1a1d914e7e,561975,562003,rejected,,rejected,eligible,Will Marco Rubio win the 2028 Republican presidential nomination?,Will Kim Kardashian win the 2028 Republican presidential nomination?,0.365,0.075,1.0,,,,
9816db4623e160f0cd8d586442ab1434,561985,561987,rejected,,rejected,eligible,Will Brian Kemp win the 2028 Republican presidential nomination?,Will Elise Stefanik win the 2028 Republican presidential nomination?,0.365,0.075,1.0,,,,
2253501de785439ad8272fbcee406070,561991,562006,rejected,,rejected,eligible,Will Matt Gaetz win the 2028 Republican presidential nomination?,Will Eric Trump win the 2028 Republican presidential nomination?,0.365,0.075,1.0,,,,
14a01c71bb313b9d11d7aa31e090e063,559671,559691,rejected,,rejected,eligible,Will Zohran Mamdani win the 2028 Democratic presidential nomination?,Will Chris Murphy win the 2028 Democratic presidential nomination?,0.365,0.075,1.0,,,,
1952159b2ece91c8b0c3d7d709f372e6,561991,562008,rejected,,rejected,eligible,Will Matt Gaetz win the 2028 Republican presidential nomination?,Will Pete Hegseth win the 2028 Republican presidential nomination?,0.365,0.075,1.0,,,,
e6c88af0fc1d1e46aeb850ae7d4361a6,559656,559669,rejected,,rejected,eligible,Will Wes Moore win the 2028 Democratic presidential nomination?,Will Rahm Emanuel win the 2028 Democratic presidential nomination?,0.365,0.075,1.0,,,,
a85d6a68ceab3c5b60571eecf34ef03b,561985,561988,rejected,,rejected,eligible,Will Brian Kemp win the 2028 Republican presidential nomination?,Will Josh Hawley win the 2028 Republican presidential nomination?,0.365,0.075,1.0,,,,
6fcd71a3dabefdfec37da660eea18281,561985,561989,rejected,,rejected,eligible,Will Brian Kemp win the 2028 Republican presidential nomination?,Will Ted Cruz win the 2028 Republican presidential nomination?,0.365,0.075,1.0,,,,
92802490190cad29a5fea7b4870029ec,559672,559677,rejected,,rejected,eligible,Will Roy Cooper win the 2028 Democratic presidential nomination?,Will Hillary Clinton win the 2028 Democratic presidential nomination?,0.365,0.075,1.0,,,,
23cc7a91063897df2134eb4d00b9710b,561992,561995,rejected,,rejected,eligible,Will Katie Britt win the 2028 Republican presidential nomination?,Will Mike Pence win the 2028 Republican presidential nomination?,0.365,0.075,1.0,,,,
39c50a35b8cacc29d0f09bf7e45b6b00,561985,561990,rejected,,rejected,eligible,Will Brian Kemp win the 2028 Republican presidential nomination?,Will Elon Musk win the 2028 Republican presidential nomination?,0.365,0.075,1.0,,,,
92d2a1c4cb92a1805c44bdc552dbdcc4,561975,562005,rejected,,rejected,eligible,Will Marco Rubio win the 2028 Republican presidential nomination?,Will Thomas Massie win the 2028 Republican presidential nomination?,0.365,0.075,1.0,,,,
0d4a584c8476abb2a1e05d0aea784c32,561975,562006,rejected,,rejected,eligible,Will Marco Rubio win the 2028 Republican presidential nomination?,Will Eric Trump win the 2028 Republican presidential nomination?,0.365,0.075,1.0,,,,
f007dc1bc4be305bbedc3eb1d6b497c6,559656,559671,rejected,,rejected,eligible,Will Wes Moore win the 2028 Democratic presidential nomination?,Will Zohran Mamdani win the 2028 Democratic presidential nomination?,0.365,0.075,1.0,,,,
477e7fdd782ae2434c12a1c583cbd0c7,561992,561996,rejected,,rejected,eligible,Will Katie Britt win the 2028 Republican presidential nomination?,Will Tucker Carlson win the 2028 Republican presidential nomination?,0.365,0.075,1.0,,,,
e8af85abea67152b7d7fdc8cf7314f3a,559656,559677,rejected,,rejected,eligible,Will Wes Moore win the 2028 Democratic presidential nomination?,Will Hillary Clinton win the 2028 Democratic presidential nomination?,0.365,0.075,1.0,,,,
0bd671b46d6aec540deb0e6ceb068cbd,561985,561992,rejected,,rejected,eligible,Will Brian Kemp win the 2028 Republican presidential nomination?,Will Katie Britt win the 2028 Republican presidential nomination?,0.365,0.075,1.0,,,,
4787355d59f3231ce72c2d3d007e9e9e,559672,559678,rejected,,rejected,eligible,Will Roy Cooper win the 2028 Democratic presidential nomination?,Will Liz Cheney win the 2028 Democratic presidential nomination?,0.365,0.075,1.0,,,,
4734fc7b2aeb1cc22fd934648e9b2b1c,559672,559681,rejected,,rejected,eligible,Will Roy Cooper win the 2028 Democratic presidential nomination?,Will LeBron James win the 2028 Democratic presidential nomination?,0.365,0.075,1.0,,,,
d1707d3a83acdb1c0df43c7e6297476e,559672,559683,rejected,,rejected,eligible,Will Roy Cooper win the 2028 Democratic presidential nomination?,Will George Clooney win the 2028 Democratic presidential nomination?,0.365,0.075,1.0,,,,
e916bd84fdb1ae384ee27a2d58a10ccc,559663,559670,rejected,,rejected,eligible,Will J.B. Pritzker win the 2028 Democratic presidential nomination?,Will Gina Raimondo win the 2028 Democratic presidential nomination?,0.365,0.075,1.0,,,,
c8450fd7a14ca36141280c2e64223b1b,561996,562007,rejected,,rejected,eligible,Will Tucker Carlson win the 2028 Republican presidential nomination?,Will Joe Kent win the 2028 Republican presidential nomination?,0.365,0.075,1.0,,,,
1afc37026fe681f2a01c5527f3dce856,561231,561241,rejected,,rejected,eligible,Will Alexandria Ocasio-Cortez win the 2028 US Presidential Election?,Will JB Pritzker win the 2028 US Presidential Election?,0.3648,0.1,1.0,,,,
5c4b9e6eb7b92cad146cff50ef6f1bf0,561233,561258,rejected,,rejected,eligible,Will Josh Shapiro win the 2028 US Presidential Election?,Will Jamie Dimon win the 2028 US Presidential Election?,0.3648,0.1,1.0,,,,
87693951a7a5adc8c7f91f3fa2bc6e01,561244,561260,rejected,,rejected,eligible,Will Donald Trump Jr. win the 2028 US Presidential Election?,Will Thomas Massie win the 2028 US Presidential Election?,0.3636,0.1,1.0,,,,
fdfe520b3d324905825591085a6dc74e,561248,561260,rejected,,rejected,eligible,Will Vivek Ramaswamy win the 2028 US Presidential Election?,Will Thomas Massie win the 2028 US Presidential Election?,0.3636,0.1,1.0,,,,
84c3919c95b40faeab11dac926695f0c,559652,559656,rejected,,rejected,eligible,Will Gavin Newsom win the 2028 Democratic presidential nomination?,Will Wes Moore win the 2028 Democratic presidential nomination?,0.3633,0.15,1.0,,,,
393ce9e684973afe64000e0581ecd2f1,559652,559680,rejected,,rejected,eligible,Will Gavin Newsom win the 2028 Democratic presidential nomination?,Will Phil Murphy win the 2028 Democratic presidential nomination?,0.3633,0.15,1.0,,,,
afe8cd63f22142aa98e21ba828e3851d,559674,559693,rejected,,rejected,eligible,Will Jared Polis win the 2028 Democratic presidential nomination?,Will Ruben Gallego win the 2028 Democratic presidential nomination?,0.3633,0.15,1.0,,,,
0430a0a9a34cb30a80d54f8545d26455,559675,559693,rejected,,rejected,eligible,Will Jon Stewart win the 2028 Democratic presidential nomination?,Will Ruben Gallego win the 2028 Democratic presidential nomination?,0.3633,0.15,1.0,,,,
df9f3c3272a08e586c4cf6bb9909f0ee,559662,559687,rejected,,rejected,eligible,Will Mark Cuban win the 2028 Democratic presidential nomination?,Will Oprah Winfrey win the 2028 Democratic presidential nomination?,0.3633,0.15,1.0,,,,
65fb9a3ac1ff37d5e97c95e339809226,559676,559693,rejected,,rejected,eligible,Will Barack Obama win the 2028 Democratic presidential nomination?,Will Ruben Gallego win the 2028 Democratic presidential nomination?,0.3633,0.15,1.0,,,,
18c11357e51d77c7403d3afb23ff4e1b,559656,559693,rejected,,rejected,eligible,Will Wes Moore win the 2028 Democratic presidential nomination?,Will Ruben Gallego win the 2028 Democratic presidential nomination?,0.3633,0.15,1.0,,,,
ace96f8410384b95e24589fd1da23723,559652,559658,rejected,,rejected,eligible,Will Gavin Newsom win the 2028 Democratic presidential nomination?,Will Kamala Harris win the 2028 Democratic presidential nomination?,0.3633,0.15,1.0,,,,
860d34a177cd2ef5c5555aa0c2d3669c,559652,559659,rejected,,rejected,eligible,Will Gavin Newsom win the 2028 Democratic presidential nomination?,Will Gretchen Whitmer win the 2028 Democratic presidential nomination?,0.3633,0.15,1.0,,,,
48f851bb8ec04703eb8905c74f2706b3,559662,559680,rejected,,rejected,eligible,Will Mark Cuban win the 2028 Democratic presidential nomination?,Will Phil Murphy win the 2028 Democratic presidential nomination?,0.3633,0.15,1.0,,,,
15b6482860c420959b75ec648b24262d,559679,559693,rejected,,rejected,eligible,Will Bernie Sanders win the 2028 Democratic presidential nomination?,Will Ruben Gallego win the 2028 Democratic presidential nomination?,0.3633,0.15,1.0,,,,
19fc6907901bfbd3df5527c272fc05cd,559680,559693,rejected,,rejected,eligible,Will Phil Murphy win the 2028 Democratic presidential nomination?,Will Ruben Gallego win the 2028 Democratic presidential nomination?,0.3633,0.15,1.0,,,,
e53c0c7522bd9f362a16ea6a5b671046,559652,559661,rejected,,rejected,eligible,Will Gavin Newsom win the 2028 Democratic presidential nomination?,Will Jon Ossoff win the 2028 Democratic presidential nomination?,0.3633,0.15,1.0,,,,
873174c2c14f0e815e4bb630d59c264a,559682,559693,rejected,,rejected,eligible,Will Hunter Biden win the 2028 Democratic presidential nomination?,Will Ruben Gallego win the 2028 Democratic presidential nomination?,0.3633,0.15,1.0,,,,
eda0a8957a35eac5542e6af27c75f039,559672,559693,rejected,,rejected,eligible,Will Roy Cooper win the 2028 Democratic presidential nomination?,Will Ruben Gallego win the 2028 Democratic presidential nomination?,0.3633,0.15,1.0,,,,
88fb9260f75b6cf94c844fc8930acc1f,559652,559665,rejected,,rejected,eligible,Will Gavin Newsom win the 2028 Democratic presidential nomination?,Will Cory Booker win the 2028 Democratic presidential nomination?,0.3633,0.15,1.0,,,,
3daf2393f24a3e6fabf4fea2ec1f7b1d,559662,559672,rejected,,rejected,eligible,Will Mark Cuban win the 2028 Democratic presidential nomination?,Will Roy Cooper win the 2028 Democratic presidential nomination?,0.3633,0.15,1.0,,,,
70557dd902faec90a423147e8531596b,559661,559693,rejected,,rejected,eligible,Will Jon Ossoff win the 2028 Democratic presidential nomination?,Will Ruben Gallego win the 2028 Democratic presidential nomination?,0.3633,0.15,1.0,,,,
81f06ce341b2b6765adc17afec22f370,559662,559673,rejected,,rejected,eligible,Will Mark Cuban win the 2028 Democratic presidential nomination?,Will John Fetterman win the 2028 Democratic presidential nomination?,0.3633,0.15,1.0,,,,
7b21744f9f2e73a0dc2fe3e75b18b89d,559673,559693,rejected,,rejected,eligible,Will John Fetterman win the 2028 Democratic presidential nomination?,Will Ruben Gallego win the 2028 Democratic presidential nomination?,0.3633,0.15,1.0,,,,
bab022257a449647a0b4d63528a03d36,559662,559674,rejected,,rejected,eligible,Will Mark Cuban win the 2028 Democratic presidential nomination?,Will Jared Polis win the 2028 Democratic presidential nomination?,0.3633,0.15,1.0,,,,
f8ac6e2912ca3123562ba5899803ef0d,559652,559672,rejected,,rejected,eligible,Will Gavin Newsom win the 2028 Democratic presidential nomination?,Will Roy Cooper win the 2028 Democratic presidential nomination?,0.3633,0.15,1.0,,,,
65ddb96d36f1c504bc0669018163babf,559652,559673,rejected,,rejected,eligible,Will Gavin Newsom win the 2028 Democratic presidential nomination?,Will John Fetterman win the 2028 Democratic presidential nomination?,0.3633,0.15,1.0,,,,
e1c86a7bbeca2aab411d27c0b15443b9,559662,559675,rejected,,rejected,eligible,Will Mark Cuban win the 2028 Democratic presidential nomination?,Will Jon Stewart win the 2028 Democratic presidential nomination?,0.3633,0.15,1.0,,,,
a48adff492068ce8a6ac6761499d3977,559687,559693,rejected,,rejected,eligible,Will Oprah Winfrey win the 2028 Democratic presidential nomination?,Will Ruben Gallego win the 2028 Democratic presidential nomination?,0.3633,0.15,1.0,,,,
beec821a75f4e2e7513723f9e552f1c3,559658,559662,rejected,,rejected,eligible,Will Kamala Harris win the 2028 Democratic presidential nomination?,Will Mark Cuban win the 2028 Democratic presidential nomination?,0.3633,0.15,1.0,,,,
903615feb722243816323664ba8a06a2,559662,559676,rejected,,rejected,eligible,Will Mark Cuban win the 2028 Democratic presidential nomination?,Will Barack Obama win the 2028 Democratic presidential nomination?,0.3633,0.15,1.0,,,,
a168f1fa5c0f91b1b128287b5e20a828,559689,559693,rejected,,rejected,eligible,Will Beto O’Rourke win the 2028 Democratic presidential nomination?,Will Ruben Gallego win the 2028 Democratic presidential nomination?,0.3633,0.15,1.0,,,,
e3c23aa91fe6b2a545968a8415f08d49,559691,559693,rejected,,rejected,eligible,Will Chris Murphy win the 2028 Democratic presidential nomination?,Will Ruben Gallego win the 2028 Democratic presidential nomination?,0.3633,0.15,1.0,,,,
b3820de1995f6a0973ac905f09ed56be,559658,559668,rejected,,rejected,eligible,Will Kamala Harris win the 2028 Democratic presidential nomination?,Will Mark Kelly win the 2028 Democratic presidential nomination?,0.3633,0.15,1.0,,,,
3f8d63d078d398cadfe5ca825f2098a3,559661,559662,rejected,,rejected,eligible,Will Jon Ossoff win the 2028 Democratic presidential nomination?,Will Mark Cuban win the 2028 Democratic presidential nomination?,0.3633,0.15,1.0,,,,
e9709e22816344a428f3ea07c9ea6e44,559662,559689,rejected,,rejected,eligible,Will Mark Cuban win the 2028 Democratic presidential nomination?,Will Beto O’Rourke win the 2028 Democratic presidential nomination?,0.3633,0.15,1.0,,,,
ca54b576b4ba2501160c5cebad92faf6,559662,559691,rejected,,rejected,eligible,Will Mark Cuban win the 2028 Democratic presidential nomination?,Will Chris Murphy win the 2028 Democratic presidential nomination?,0.3633,0.15,1.0,,,,
ba421c48f3f43e4ff169d43191772169,561982,562000,rejected,,rejected,eligible,Will Sarah Huckabee Sanders win the 2028 Republican presidential nomination?,Will Rand Paul win the 2028 Republican presidential nomination?,0.3633,0.15,1.0,,,,
9d463af4dfe857a43ddaa53f1da58109,559661,559668,rejected,,rejected,eligible,Will Jon Ossoff win the 2028 Democratic presidential nomination?,Will Mark Kelly win the 2028 Democratic presidential nomination?,0.3633,0.15,1.0,,,,
51dcb3dec4aa3c3eb15d6e3b54cb5095,559652,559674,rejected,,rejected,eligible,Will Gavin Newsom win the 2028 Democratic presidential nomination?,Will Jared Polis win the 2028 Democratic presidential nomination?,0.3633,0.15,1.0,,,,
1dd0f3e0be228e661d9091c65eab16f6,559658,559693,rejected,,rejected,eligible,Will Kamala Harris win the 2028 Democratic presidential nomination?,Will Ruben Gallego win the 2028 Democratic presidential nomination?,0.3633,0.15,1.0,,,,
99fc3a45d9ea841c09c609d1ba85146a,559659,559662,rejected,,rejected,eligible,Will Gretchen Whitmer win the 2028 Democratic presidential nomination?,Will Mark Cuban win the 2028 Democratic presidential nomination?,0.3633,0.15,1.0,,,,
3b00bc0d513086ce8099cc08798de381,559659,559668,rejected,,rejected,eligible,Will Gretchen Whitmer win the 2028 Democratic presidential nomination?,Will Mark Kelly win the 2028 Democratic presidential nomination?,0.3633,0.15,1.0,,,,
3301a61abd926e2ebd6bbe3c24c7396a,559659,559693,rejected,,rejected,eligible,Will Gretchen Whitmer win the 2028 Democratic presidential nomination?,Will Ruben Gallego win the 2028 Democratic presidential nomination?,0.3633,0.15,1.0,,,,
0fef24230defe128d5e6562926a16b2a,559652,559675,rejected,,rejected,eligible,Will Gavin Newsom win the 2028 Democratic presidential nomination?,Will Jon Stewart win the 2028 Democratic presidential nomination?,0.3633,0.15,1.0,,,,
8251da8ed72f398d51f4a152b623300c,559665,559668,rejected,,rejected,eligible,Will Cory Booker win the 2028 Democratic presidential nomination?,Will Mark Kelly win the 2028 Democratic presidential nomination?,0.3633,0.15,1.0,,,,
7515a59bc490473371e5cc21de897d80,559665,559693,rejected,,rejected,eligible,Will Cory Booker win the 2028 Democratic presidential nomination?,Will Ruben Gallego win the 2028 Democratic presidential nomination?,0.3633,0.15,1.0,,,,
8be287875325887357b5067c59adf892,559652,559676,rejected,,rejected,eligible,Will Gavin Newsom win the 2028 Democratic presidential nomination?,Will Barack Obama win the 2028 Democratic presidential nomination?,0.3633,0.15,1.0,,,,
3ad3b2de1462cb2099229a3f5ec94230,559662,559670,rejected,,rejected,eligible,Will Mark Cuban win the 2028 Democratic presidential nomination?,Will Gina Raimondo win the 2028 Democratic presidential nomination?,0.3633,0.15,1.0,,,,
3b623c44fa256de4f4904377e750730c,559652,559679,rejected,,rejected,eligible,Will Gavin Newsom win the 2028 Democratic presidential nomination?,Will Bernie Sanders win the 2028 Democratic presidential nomination?,0.3633,0.15,1.0,,,,
043e93f652bb48635971b7a9b26742eb,559668,559670,rejected,,rejected,eligible,Will Mark Kelly win the 2028 Democratic presidential nomination?,Will Gina Raimondo win the 2028 Democratic presidential nomination?,0.3633,0.15,1.0,,,,
bcd03290c3638f12703070cf95669a30,559668,559672,rejected,,rejected,eligible,Will Mark Kelly win the 2028 Democratic presidential nomination?,Will Roy Cooper win the 2028 Democratic presidential nomination?,0.3633,0.15,1.0,,,,
1ca8f5b838a9317cefe4d09a0394bb20,559668,559673,rejected,,rejected,eligible,Will Mark Kelly win the 2028 Democratic presidential nomination?,Will John Fetterman win the 2028 Democratic presidential nomination?,0.3633,0.15,1.0,,,,
3a76e5b383d019be7a448791e956c801,559668,559674,rejected,,rejected,eligible,Will Mark Kelly win the 2028 Democratic presidential nomination?,Will Jared Polis win the 2028 Democratic presidential nomination?,0.3633,0.15,1.0,,,,
0cffb8521db9400013caca3dab4981cc,559668,559675,rejected,,rejected,eligible,Will Mark Kelly win the 2028 Democratic presidential nomination?,Will Jon Stewart win the 2028 Democratic presidential nomination?,0.3633,0.15,1.0,,,,
77aff8318ed1679738abda15557eba90,559668,559676,rejected,,rejected,eligible,Will Mark Kelly win the 2028 Democratic presidential nomination?,Will Barack Obama win the 2028 Democratic presidential nomination?,0.3633,0.15,1.0,,,,
0695eba7bd0d8ad8927b158f06b771ae,559662,559679,rejected,,rejected,eligible,Will Mark Cuban win the 2028 Democratic presidential nomination?,Will Bernie Sanders win the 2028 Democratic presidential nomination?,0.3633,0.15,1.0,,,,
e87f7699516bf37e2deb8c8e4d87d9d4,559668,559679,rejected,,rejected,eligible,Will Mark Kelly win the 2028 Democratic presidential nomination?,Will Bernie Sanders win the 2028 Democratic presidential nomination?,0.3633,0.15,1.0,,,,
b0bcca8d1ea52b9d07dac2592f2bc492,559668,559680,rejected,,rejected,eligible,Will Mark Kelly win the 2028 Democratic presidential nomination?,Will Phil Murphy win the 2028 Democratic presidential nomination?,0.3633,0.15,1.0,,,,
37eb01899fe6eb4a9d4163fba59bf9f6,559668,559682,rejected,,rejected,eligible,Will Mark Kelly win the 2028 Democratic presidential nomination?,Will Hunter Biden win the 2028 Democratic presidential nomination?,0.3633,0.15,1.0,,,,
098be2d0fc494394a5f692bab1adb03c,561982,561984,rejected,,rejected,eligible,Will Sarah Huckabee Sanders win the 2028 Republican presidential nomination?,Will Robert F. Kennedy Jr. win the 2028 Republican presidential nomination?,0.3633,0.15,1.0,,,,
09e819fd2f3b46102e4303cd7ceb57a9,559668,559687,rejected,,rejected,eligible,Will Mark Kelly win the 2028 Democratic presidential nomination?,Will Oprah Winfrey win the 2028 Democratic presidential nomination?,0.3633,0.15,1.0,,,,
cfb76ebee574c25425368f339139a6de,559668,559689,rejected,,rejected,eligible,Will Mark Kelly win the 2028 Democratic presidential nomination?,Will Beto O’Rourke win the 2028 Democratic presidential nomination?,0.3633,0.15,1.0,,,,
26047cdbff4e7fa0c213156cd162d81b,559668,559691,rejected,,rejected,eligible,Will Mark Kelly win the 2028 Democratic presidential nomination?,Will Chris Murphy win the 2028 Democratic presidential nomination?,0.3633,0.15,1.0,,,,
4306c6d6ee85baead03ce9c841485f22,559652,559682,rejected,,rejected,eligible,Will Gavin Newsom win the 2028 Democratic presidential nomination?,Will Hunter Biden win the 2028 Democratic presidential nomination?,0.3633,0.15,1.0,,,,
79d0efa3483c35733a802484eefd3207,559652,559687,rejected,,rejected,eligible,Will Gavin Newsom win the 2028 Democratic presidential nomination?,Will Oprah Winfrey win the 2028 Democratic presidential nomination?,0.3633,0.15,1.0,,,,
d1c7237fe0f2ef60f79a231eaad2f60e,559662,559665,rejected,,rejected,eligible,Will Mark Cuban win the 2028 Democratic presidential nomination?,Will Cory Booker win the 2028 Democratic presidential nomination?,0.3633,0.15,1.0,,,,
9944c6be7c389c577221eb52bdb398c4,559652,559688,rejected,,rejected,eligible,Will Gavin Newsom win the 2028 Democratic presidential nomination?,Will Andrew Yang win the 2028 Democratic presidential nomination?,0.3633,0.15,1.0,,,,
e2ce5f4226d9b64c6379b114c9b14f60,561974,561976,rejected,,rejected,eligible,Will J.D. Vance win the 2028 Republican presidential nomination?,Will Tulsi Gabbard win the 2028 Republican presidential nomination?,0.3633,0.15,1.0,,,,
b8d0b5f74d83d9d5a04cb3480c67b021,559652,559689,rejected,,rejected,eligible,Will Gavin Newsom win the 2028 Democratic presidential nomination?,Will Beto O’Rourke win the 2028 Democratic presidential nomination?,0.3633,0.15,1.0,,,,
e633f8a79cc0b118f5615207452c5ea1,559652,559691,rejected,,rejected,eligible,Will Gavin Newsom win the 2028 Democratic presidential nomination?,Will Chris Murphy win the 2028 Democratic presidential nomination?,0.3633,0.15,1.0,,,,
4951eafb4da2058cba7b0cb1e99dfdc9,562000,562004,rejected,,rejected,eligible,Will Rand Paul win the 2028 Republican presidential nomination?,Will Marjorie Taylor Greene win the 2028 Republican presidential nomination?,0.3633,0.15,1.0,,,,
fb6412e894f272b291f0a6755ddb366f,559670,559693,rejected,,rejected,eligible,Will Gina Raimondo win the 2028 Democratic presidential nomination?,Will Ruben Gallego win the 2028 Democratic presidential nomination?,0.3633,0.15,1.0,,,,
b2e83bf25e68c1e4024c2c47c61aca5c,559656,559662,rejected,,rejected,eligible,Will Wes Moore win the 2028 Democratic presidential nomination?,Will Mark Cuban win the 2028 Democratic presidential nomination?,0.3633,0.15,1.0,,,,
218ee726b63fb071ffd618c2bdf6ff91,559656,559668,rejected,,rejected,eligible,Will Wes Moore win the 2028 Democratic presidential nomination?,Will Mark Kelly win the 2028 Democratic presidential nomination?,0.3633,0.15,1.0,,,,
b3da7822fa0ace9685291ff5688ae779,561984,562000,rejected,,rejected,eligible,Will Robert F. Kennedy Jr. win the 2028 Republican presidential nomination?,Will Rand Paul win the 2028 Republican presidential nomination?,0.3633,0.15,1.0,,,,
29ad5cd1a80487e144cbae40ac0b0bcf,559662,559682,rejected,,rejected,eligible,Will Mark Cuban win the 2028 Democratic presidential nomination?,Will Hunter Biden win the 2028 Democratic presidential nomination?,0.3633,0.15,1.0,,,,
13d3f41088593b3a09d9e2bab74c9e48,559652,559670,rejected,,rejected,eligible,Will Gavin Newsom win the 2028 Democratic presidential nomination?,Will Gina Raimondo win the 2028 Democratic presidential nomination?,0.3633,0.15,1.0,,,,
1bd1d3ffef3a9851f167fd3b906ceaab,559653,559684,rejected,,rejected,eligible,Will Alexandria Ocasio-Cortez win the 2028 Democratic presidential nomination?,Will Chelsea Clinton win the 2028 Democratic presidential nomination?,0.3612,0.1,1.0,,,,
856ea7542e6ec971da1d0b28da2c2c23,559669,559695,rejected,,rejected,eligible,Will Rahm Emanuel win the 2028 Democratic presidential nomination?,Will James Talarico win the 2028 Democratic presidential nomination?,0.3612,0.1,1.0,,,,
dad74bcb527a42cf8d3856791a7f7694,559677,559695,rejected,,rejected,eligible,Will Hillary Clinton win the 2028 Democratic presidential nomination?,Will James Talarico win the 2028 Democratic presidential nomination?,0.3612,0.1,1.0,,,,
40714f6aca9924ae56993c493be8c233,559678,559695,rejected,,rejected,eligible,Will Liz Cheney win the 2028 Democratic presidential nomination?,Will James Talarico win the 2028 Democratic presidential nomination?,0.3612,0.1,1.0,,,,
2db38c12daabca43a5ca7962110e4e73,559683,559695,rejected,,rejected,eligible,Will George Clooney win the 2028 Democratic presidential nomination?,Will James Talarico win the 2028 Democratic presidential nomination?,0.3612,0.1,1.0,,,,
d8ae93d6099561d6a295467d7c6cd7b9,559657,559695,rejected,,rejected,eligible,Will Stephen A. Smith win the 2028 Democratic presidential nomination?,Will James Talarico win the 2028 Democratic presidential nomination?,0.3612,0.1,1.0,,,,
0d8053748dd954bd02924b6c7bced33c,559684,559695,rejected,,rejected,eligible,Will Chelsea Clinton win the 2028 Democratic presidential nomination?,Will James Talarico win the 2028 Democratic presidential nomination?,0.3612,0.1,1.0,,,,
435e847246736c388a40bec62e0282aa,559653,559678,rejected,,rejected,eligible,Will Alexandria Ocasio-Cortez win the 2028 Democratic presidential nomination?,Will Liz Cheney win the 2028 Democratic presidential nomination?,0.3612,0.1,1.0,,,,
b1016839b1cd5a85724285a02d4a6b31,559690,559695,rejected,,rejected,eligible,Will Kim Kardashian win the 2028 Democratic presidential nomination?,Will James Talarico win the 2028 Democratic presidential nomination?,0.3612,0.1,1.0,,,,
c1bbef5cea6ad826480da1b3322d6611,559653,559677,rejected,,rejected,eligible,Will Alexandria Ocasio-Cortez win the 2028 Democratic presidential nomination?,Will Hillary Clinton win the 2028 Democratic presidential nomination?,0.3612,0.1,1.0,,,,
cee70b2313a233eec5fac07abe9e51c3,559653,559671,rejected,,rejected,eligible,Will Alexandria Ocasio-Cortez win the 2028 Democratic presidential nomination?,Will Zohran Mamdani win the 2028 Democratic presidential nomination?,0.3612,0.1,1.0,,,,
2ba38ca0dc033bb6698ad4fbd6ca2ae5,559653,559690,rejected,,rejected,eligible,Will Alexandria Ocasio-Cortez win the 2028 Democratic presidential nomination?,Will Kim Kardashian win the 2028 Democratic presidential nomination?,0.3612,0.1,1.0,,,,
f579f734c0460591d13732f90c2d118e,561977,561979,rejected,,rejected,eligible,Will Glenn Youngkin win the 2028 Republican presidential nomination?,Will Ron DeSantis win the 2028 Republican presidential nomination?,0.3612,0.1,1.0,,,,
efa81989fd03597150491c34e3d30aff,561977,561980,rejected,,rejected,eligible,Will Glenn Youngkin win the 2028 Republican presidential nomination?,Will Nikki Haley win the 2028 Republican presidential nomination?,0.3612,0.1,1.0,,,,
c915a1125c8be611b170bb8d890c019d,561977,561981,rejected,,rejected,eligible,Will Glenn Youngkin win the 2028 Republican presidential nomination?,Will Vivek Ramaswamy win the 2028 Republican presidential nomination?,0.3612,0.1,1.0,,,,
d268e9ace6eefe4b733c5c2cee3dd191,561977,561986,rejected,,rejected,eligible,Will Glenn Youngkin win the 2028 Republican presidential nomination?,Will Byron Donalds win the 2028 Republican presidential nomination?,0.3612,0.1,1.0,,,,
4da10e0463595c85056208c27f3d8b85,561977,561987,rejected,,rejected,eligible,Will Glenn Youngkin win the 2028 Republican presidential nomination?,Will Elise Stefanik win the 2028 Republican presidential nomination?,0.3612,0.1,1.0,,,,
82b3ffdcaffacb0fa89ae50662e34535,561977,561988,rejected,,rejected,eligible,Will Glenn Youngkin win the 2028 Republican presidential nomination?,Will Josh Hawley win the 2028 Republican presidential nomination?,0.3612,0.1,1.0,,,,
e19b697efe82c09d8e4a7beb39f00fa6,561977,561989,rejected,,rejected,eligible,Will Glenn Youngkin win the 2028 Republican presidential nomination?,Will Ted Cruz win the 2028 Republican presidential nomination?,0.3612,0.1,1.0,,,,
b23791bb025787d3570475419b30a1f7,561977,561990,rejected,,rejected,eligible,Will Glenn Youngkin win the 2028 Republican presidential nomination?,Will Elon Musk win the 2028 Republican presidential nomination?,0.3612,0.1,1.0,,,,
e16a8df8b866def81b432a0f9efece48,561977,561991,rejected,,rejected,eligible,Will Glenn Youngkin win the 2028 Republican presidential nomination?,Will Matt Gaetz win the 2028 Republican presidential nomination?,0.3612,0.1,1.0,,,,
044b13caa818d026776fe87487f86ae0,561977,561992,rejected,,rejected,eligible,Will Glenn Youngkin win the 2028 Republican presidential nomination?,Will Katie Britt win the 2028 Republican presidential nomination?,0.3612,0.1,1.0,,,,
332998e4ad123787247224dd6e58d4cb,559653,559683,rejected,,rejected,eligible,Will Alexandria Ocasio-Cortez win the 2028 Democratic presidential nomination?,Will George Clooney win the 2028 Democratic presidential nomination?,0.3612,0.1,1.0,,,,
ef0257bb640ed11706608e8c27c4e23d,561977,561993,rejected,,rejected,eligible,Will Glenn Youngkin win the 2028 Republican presidential nomination?,Will John Thune win the 2028 Republican presidential nomination?,0.3612,0.1,1.0,,,,
865d3d8557ee025b60002311742435a3,561977,561994,rejected,,rejected,ineligible,Will Glenn Youngkin win the 2028 Republican presidential nomination?,Will Kristi Noem win the 2028 Republican presidential nomination?,0.3612,0.1,1.0,,,,
b260507e443eb017ba773ef6a5598617,561977,561998,rejected,,rejected,eligible,Will Glenn Youngkin win the 2028 Republican presidential nomination?,Will Ivanka Trump win the 2028 Republican presidential nomination?,0.3612,0.1,1.0,,,,
a18fdc9a97d571657c88a1de807b68ba,561977,562007,rejected,,rejected,eligible,Will Glenn Youngkin win the 2028 Republican presidential nomination?,Will Joe Kent win the 2028 Republican presidential nomination?,0.3612,0.1,1.0,,,,
e0166c124646c88126633e139b12e559,559663,559695,rejected,,rejected,eligible,Will J.B. Pritzker win the 2028 Democratic presidential nomination?,Will James Talarico win the 2028 Democratic presidential nomination?,0.3612,0.1,1.0,,,,
74d43ba2f9cf7ff7973ef917b1cfe572,559666,559695,rejected,,rejected,eligible,Will Tim Walz win the 2028 Democratic presidential nomination?,Will James Talarico win the 2028 Democratic presidential nomination?,0.3612,0.1,1.0,,,,
7bd0a19b9117154e719e40bd5d506db1,559667,559695,rejected,,rejected,eligible,Will Michelle Obama win the 2028 Democratic presidential nomination?,Will James Talarico win the 2028 Democratic presidential nomination?,0.3612,0.1,1.0,,,,
6c681fb9be4e2d63eb06f494d33a7317,559660,559695,rejected,,rejected,eligible,Will Andy Beshear win the 2028 Democratic presidential nomination?,Will James Talarico win the 2028 Democratic presidential nomination?,0.3612,0.1,1.0,,,,
41d09ece2e1e3293fe073c4db00ca5a3,559655,559695,rejected,,rejected,eligible,Will Josh Shapiro win the 2028 Democratic presidential nomination?,Will James Talarico win the 2028 Democratic presidential nomination?,0.3612,0.1,1.0,,,,
c6fda74c6308d7311d2f24885d2b4b9b,559671,559695,rejected,,rejected,eligible,Will Zohran Mamdani win the 2028 Democratic presidential nomination?,Will James Talarico win the 2028 Democratic presidential nomination?,0.3612,0.1,1.0,,,,
d05eba06335193f75c0aa7619aa53943,561975,561977,rejected,,rejected,eligible,Will Marco Rubio win the 2028 Republican presidential nomination?,Will Glenn Youngkin win the 2028 Republican presidential nomination?,0.3612,0.1,1.0,,,,
7c80f29d8b15435cfb8c7c9d3234021b,559653,559655,rejected,,rejected,eligible,Will Alexandria Ocasio-Cortez win the 2028 Democratic presidential nomination?,Will Josh Shapiro win the 2028 Democratic presidential nomination?,0.3612,0.1,1.0,,,,
07cda874addecb2fe939b669ccf67cd2,559653,559657,rejected,,rejected,eligible,Will Alexandria Ocasio-Cortez win the 2028 Democratic presidential nomination?,Will Stephen A. Smith win the 2028 Democratic presidential nomination?,0.3612,0.1,1.0,,,,
9804f16d2c1ed75400583bfc9810e46a,559653,559660,rejected,,rejected,eligible,Will Alexandria Ocasio-Cortez win the 2028 Democratic presidential nomination?,Will Andy Beshear win the 2028 Democratic presidential nomination?,0.3612,0.1,1.0,,,,
c1b64f72069985c617429040ee1425cf,559653,559663,rejected,,rejected,eligible,Will Alexandria Ocasio-Cortez win the 2028 Democratic presidential nomination?,Will J.B. Pritzker win the 2028 Democratic presidential nomination?,0.3612,0.1,1.0,,,,
53c6761ad58b436230e0e6e09ff71883,559653,559666,rejected,,rejected,eligible,Will Alexandria Ocasio-Cortez win the 2028 Democratic presidential nomination?,Will Tim Walz win the 2028 Democratic presidential nomination?,0.3612,0.1,1.0,,,,
141ba9ab7d06c47371a43c2b10b85fe4,559653,559667,rejected,,rejected,eligible,Will Alexandria Ocasio-Cortez win the 2028 Democratic presidential nomination?,Will Michelle Obama win the 2028 Democratic presidential nomination?,0.3612,0.1,1.0,,,,
5c7d07b546dd17bedf656c2cc19d44a6,559653,559669,rejected,,rejected,eligible,Will Alexandria Ocasio-Cortez win the 2028 Democratic presidential nomination?,Will Rahm Emanuel win the 2028 Democratic presidential nomination?,0.3612,0.1,1.0,,,,
52bec64aea7d7a48d8c6ee08f7dc4a26,559653,559681,rejected,,rejected,eligible,Will Alexandria Ocasio-Cortez win the 2028 Democratic presidential nomination?,Will LeBron James win the 2028 Democratic presidential nomination?,0.3612,0.1,1.0,,,,
23794de017dd42c8b198e3d12b296b21,561258,561262,rejected,,rejected,eligible,Will Jamie Dimon win the 2028 US Presidential Election?,Will James Talarico win the 2028 US Presidential Election?,0.36,0.1,1.0,,,,
54bd9cdf5f6c7f34eabe7d46cf7266f4,559685,561974,rejected,,rejected,eligible,Will MrBeast win the 2028 Democratic presidential nomination?,Will J.D. Vance win the 2028 Republican presidential nomination?,0.3587,0.06,1.0,,,,
3c137ba513d0259cc5ef07213aeca7c9,561245,561262,rejected,,rejected,eligible,Will Nikki Haley win the 2028 US Presidential Election?,Will James Talarico win the 2028 US Presidential Election?,0.3579,0.1,1.0,,,,
370744d305b8c071068a795a45c9145d,561233,561262,rejected,,rejected,eligible,Will Josh Shapiro win the 2028 US Presidential Election?,Will James Talarico win the 2028 US Presidential Election?,0.3579,0.1,1.0,,,,
01525893fef5878ab3df61e72f961fc6,561236,561246,rejected,,rejected,eligible,Will Gretchen Whitmer win the 2028 US Presidential Election?,Will Ron DeSantis win the 2028 US Presidential Election?,0.3579,0.1,1.0,,,,
c4e7a7e02ee8e1da86e318a27d2c67a1,559654,559693,rejected,,rejected,eligible,Will Pete Buttigieg win the 2028 Democratic presidential nomination?,Will Ruben Gallego win the 2028 Democratic presidential nomination?,0.3573,0.15,1.0,,,,
9a419004c4a18a9f9f7c052084721cef,559652,559654,rejected,,rejected,eligible,Will Gavin Newsom win the 2028 Democratic presidential nomination?,Will Pete Buttigieg win the 2028 Democratic presidential nomination?,0.3573,0.15,1.0,,,,
5d120b295cdc0fe5683a8f8900fd169f,561237,561260,rejected,,rejected,eligible,Will Andy Beshear win the 2028 US Presidential Election?,Will Thomas Massie win the 2028 US Presidential Election?,0.3568,0.1,1.0,,,,
09fbb85de34a2c218b547d9b9408422f,559652,559694,rejected,,rejected,eligible,Will Gavin Newsom win the 2028 Democratic presidential nomination?,Will Ro Khanna win the 2028 Democratic presidential nomination?,0.3563,0.15,1.0,,,,
993d3fac106bcb3e44a975eaece8a5a5,561976,561995,rejected,,rejected,eligible,Will Tulsi Gabbard win the 2028 Republican presidential nomination?,Will Mike Pence win the 2028 Republican presidential nomination?,0.3563,0.15,1.0,,,,
9ed7085a390df3392c5356511e9b1d1c,561973,561976,rejected,,rejected,eligible,Will Donald Trump win the 2028 Republican presidential nomination?,Will Tulsi Gabbard win the 2028 Republican presidential nomination?,0.3563,0.15,1.0,,,,
b219bbeefb86a8ba0bcc753fd371ddd5,561976,561996,rejected,,rejected,eligible,Will Tulsi Gabbard win the 2028 Republican presidential nomination?,Will Tucker Carlson win the 2028 Republican presidential nomination?,0.3563,0.15,1.0,,,,
54bf7af9d3a9e14a410bba634863446c,561976,561983,rejected,,rejected,eligible,Will Tulsi Gabbard win the 2028 Republican presidential nomination?,Will Greg Abbott win the 2028 Republican presidential nomination?,0.3563,0.15,1.0,,,,
a05c303bf26a06c727bf94fc282033e1,561976,561985,rejected,,rejected,eligible,Will Tulsi Gabbard win the 2028 Republican presidential nomination?,Will Brian Kemp win the 2028 Republican presidential nomination?,0.3563,0.15,1.0,,,,
f7cba333635537a95816f48f9dd3bc85,561982,561988,rejected,,rejected,eligible,Will Sarah Huckabee Sanders win the 2028 Republican presidential nomination?,Will Josh Hawley win the 2028 Republican presidential nomination?,0.3562,0.075,1.0,,,,
f8a572567a700200211df6ffcbf8e90c,561991,562000,rejected,,rejected,eligible,Will Matt Gaetz win the 2028 Republican presidential nomination?,Will Rand Paul win the 2028 Republican presidential nomination?,0.3562,0.075,1.0,,,,
f6b02c42ceb416feab2855ff83038f3a,561986,562004,rejected,,rejected,eligible,Will Byron Donalds win the 2028 Republican presidential nomination?,Will Marjorie Taylor Greene win the 2028 Republican presidential nomination?,0.3562,0.075,1.0,,,,
a1505d63014c79bfa62aad481924bd5f,559683,559694,rejected,,rejected,eligible,Will George Clooney win the 2028 Democratic presidential nomination?,Will Ro Khanna win the 2028 Democratic presidential nomination?,0.3562,0.075,1.0,,,,
13844873b6f99e2f50164b66af55fb06,561987,562000,rejected,,rejected,eligible,Will Elise Stefanik win the 2028 Republican presidential nomination?,Will Rand Paul win the 2028 Republican presidential nomination?,0.3562,0.075,1.0,,,,
d92f7c4c26d5f216938746d15c30853f,561987,562004,rejected,,rejected,eligible,Will Elise Stefanik win the 2028 Republican presidential nomination?,Will Marjorie Taylor Greene win the 2028 Republican presidential nomination?,0.3562,0.075,1.0,,,,
90b814b7769c3295dfcdeccfe730f5b0,559653,559656,rejected,,rejected,eligible,Will Alexandria Ocasio-Cortez win the 2028 Democratic presidential nomination?,Will Wes Moore win the 2028 Democratic presidential nomination?,0.3562,0.075,1.0,,,,
870c011f747e255c50dab49594a9e41a,559653,559658,rejected,,rejected,eligible,Will Alexandria Ocasio-Cortez win the 2028 Democratic presidential nomination?,Will Kamala Harris win the 2028 Democratic presidential nomination?,0.3562,0.075,1.0,,,,
ff06523bebd548477487cf784520bd7f,559653,559659,rejected,,rejected,eligible,Will Alexandria Ocasio-Cortez win the 2028 Democratic presidential nomination?,Will Gretchen Whitmer win the 2028 Democratic presidential nomination?,0.3562,0.075,1.0,,,,
e5e22ebc08a4f72327493ba1b2e91e18,559653,559661,rejected,,rejected,eligible,Will Alexandria Ocasio-Cortez win the 2028 Democratic presidential nomination?,Will Jon Ossoff win the 2028 Democratic presidential nomination?,0.3562,0.075,1.0,,,,
1df9af7995f10553bfc4a434743ba2b6,559653,559665,rejected,,rejected,eligible,Will Alexandria Ocasio-Cortez win the 2028 Democratic presidential nomination?,Will Cory Booker win the 2028 Democratic presidential nomination?,0.3562,0.075,1.0,,,,
33f7987173f797de03611bf0a141699e,559653,559670,rejected,,rejected,eligible,Will Alexandria Ocasio-Cortez win the 2028 Democratic presidential nomination?,Will Gina Raimondo win the 2028 Democratic presidential nomination?,0.3562,0.075,1.0,,,,
03e3bf424a675fbb0e4e438de1e805f3,559653,559672,rejected,,rejected,eligible,Will Alexandria Ocasio-Cortez win the 2028 Democratic presidential nomination?,Will Roy Cooper win the 2028 Democratic presidential nomination?,0.3562,0.075,1.0,,,,
e052baff4773626da1cd9721c54e72c9,559653,559673,rejected,,rejected,eligible,Will Alexandria Ocasio-Cortez win the 2028 Democratic presidential nomination?,Will John Fetterman win the 2028 Democratic presidential nomination?,0.3562,0.075,1.0,,,,
6ba61fb3a8e3aca8b9b612f9e6f86d21,559653,559674,rejected,,rejected,eligible,Will Alexandria Ocasio-Cortez win the 2028 Democratic presidential nomination?,Will Jared Polis win the 2028 Democratic presidential nomination?,0.3562,0.075,1.0,,,,
da4091055c6d24c57ce6f017881ba4ce,559653,559675,rejected,,rejected,eligible,Will Alexandria Ocasio-Cortez win the 2028 Democratic presidential nomination?,Will Jon Stewart win the 2028 Democratic presidential nomination?,0.3562,0.075,1.0,,,,
ec7ab5c0736651a373989ad8fb9b5689,559653,559676,rejected,,rejected,eligible,Will Alexandria Ocasio-Cortez win the 2028 Democratic presidential nomination?,Will Barack Obama win the 2028 Democratic presidential nomination?,0.3562,0.075,1.0,,,,
22f3b3d42c5d9d92b2db54a14c076412,559653,559679,rejected,,rejected,eligible,Will Alexandria Ocasio-Cortez win the 2028 Democratic presidential nomination?,Will Bernie Sanders win the 2028 Democratic presidential nomination?,0.3562,0.075,1.0,,,,
f1ea83876b518ee3d84bd1e0c40c9b46,559653,559680,rejected,,rejected,eligible,Will Alexandria Ocasio-Cortez win the 2028 Democratic presidential nomination?,Will Phil Murphy win the 2028 Democratic presidential nomination?,0.3562,0.075,1.0,,,,
830561a2bf389e9aaadab02b18dc024b,559653,559682,rejected,,rejected,eligible,Will Alexandria Ocasio-Cortez win the 2028 Democratic presidential nomination?,Will Hunter Biden win the 2028 Democratic presidential nomination?,0.3562,0.075,1.0,,,,
367feca34bcf556e96699aea1bd07d28,561988,562000,rejected,,rejected,eligible,Will Josh Hawley win the 2028 Republican presidential nomination?,Will Rand Paul win the 2028 Republican presidential nomination?,0.3562,0.075,1.0,,,,
400ce3d3802343eb197f344d5e23c8e0,559653,559687,rejected,,rejected,eligible,Will Alexandria Ocasio-Cortez win the 2028 Democratic presidential nomination?,Will Oprah Winfrey win the 2028 Democratic presidential nomination?,0.3562,0.075,1.0,,,,
ff119f8629093640bbb7801d91d4218c,559653,559689,rejected,,rejected,eligible,Will Alexandria Ocasio-Cortez win the 2028 Democratic presidential nomination?,Will Beto O’Rourke win the 2028 Democratic presidential nomination?,0.3562,0.075,1.0,,,,
ba234fa0a2d4a7276897792a0a9a06c7,559653,559691,rejected,,rejected,eligible,Will Alexandria Ocasio-Cortez win the 2028 Democratic presidential nomination?,Will Chris Murphy win the 2028 Democratic presidential nomination?,0.3562,0.075,1.0,,,,
8dbf3037f63e680f64d63fe59ad7f2e7,562000,562007,rejected,,rejected,eligible,Will Rand Paul win the 2028 Republican presidential nomination?,Will Joe Kent win the 2028 Republican presidential nomination?,0.3562,0.075,1.0,,,,
9bdf23ee72b48fe313c097210d038326,559684,559694,rejected,,rejected,eligible,Will Chelsea Clinton win the 2028 Democratic presidential nomination?,Will Ro Khanna win the 2028 Democratic presidential nomination?,0.3562,0.075,1.0,,,,
10a0f2ac7a9fecf0b1ebccc162e62367,561982,561990,rejected,,rejected,eligible,Will Sarah Huckabee Sanders win the 2028 Republican presidential nomination?,Will Elon Musk win the 2028 Republican presidential nomination?,0.3562,0.075,1.0,,,,
fc10c005ebca4a7e9764c4c31564edd8,561988,562004,rejected,,rejected,eligible,Will Josh Hawley win the 2028 Republican presidential nomination?,Will Marjorie Taylor Greene win the 2028 Republican presidential nomination?,0.3562,0.075,1.0,,,,
9146b97ce4fe488fb48572647e3ff9e6,559685,559686,rejected,,rejected,eligible,Will MrBeast win the 2028 Democratic presidential nomination?,Will Dwayne 'The Rock' Johnson win the 2028 Democratic presidential nomination?,0.3562,0.075,1.0,,,,
99875bdc2a698620240b09eab8f9ed90,561989,562000,rejected,,rejected,eligible,Will Ted Cruz win the 2028 Republican presidential nomination?,Will Rand Paul win the 2028 Republican presidential nomination?,0.3562,0.075,1.0,,,,
b773b91cec499c82a96460e40a386fb2,561986,562000,rejected,,rejected,eligible,Will Byron Donalds win the 2028 Republican presidential nomination?,Will Rand Paul win the 2028 Republican presidential nomination?,0.3562,0.075,1.0,,,,
4df93bd0184a0b4897915affa305ee1b,561989,562004,rejected,,rejected,eligible,Will Ted Cruz win the 2028 Republican presidential nomination?,Will Marjorie Taylor Greene win the 2028 Republican presidential nomination?,0.3562,0.075,1.0,,,,
517915fa189ba232287d2af56c1853f6,559655,559694,rejected,,rejected,eligible,Will Josh Shapiro win the 2028 Democratic presidential nomination?,Will Ro Khanna win the 2028 Democratic presidential nomination?,0.3562,0.075,1.0,,,,
61a180debfda0876cec008ae291ab9b8,561992,562004,rejected,,rejected,eligible,Will Katie Britt win the 2028 Republican presidential nomination?,Will Marjorie Taylor Greene win the 2028 Republican presidential nomination?,0.3562,0.075,1.0,,,,
b39d93ff5472deb2771636978f51ab27,561980,562004,rejected,,rejected,eligible,Will Nikki Haley win the 2028 Republican presidential nomination?,Will Marjorie Taylor Greene win the 2028 Republican presidential nomination?,0.3562,0.075,1.0,,,,
06e6a54dd75d0951851ae07c925f5591,559656,559695,rejected,,rejected,eligible,Will Wes Moore win the 2028 Democratic presidential nomination?,Will James Talarico win the 2028 Democratic presidential nomination?,0.3562,0.075,1.0,,,,
f8028f76a37e69cd791e9366bc9cc7ab,561977,561983,rejected,,rejected,eligible,Will Glenn Youngkin win the 2028 Republican presidential nomination?,Will Greg Abbott win the 2028 Republican presidential nomination?,0.3562,0.075,1.0,,,,
8be240036dcd3c173f26e396f5846cdd,561993,562000,rejected,,rejected,eligible,Will John Thune win the 2028 Republican presidential nomination?,Will Rand Paul win the 2028 Republican presidential nomination?,0.3562,0.075,1.0,,,,
dd7d74e7a4c804ba470048a214fab55b,559661,559695,rejected,,rejected,eligible,Will Jon Ossoff win the 2028 Democratic presidential nomination?,Will James Talarico win the 2028 Democratic presidential nomination?,0.3562,0.075,1.0,,,,
e60e24d8fa6dc652b06c12aa171b90ac,561993,562004,rejected,,rejected,eligible,Will John Thune win the 2028 Republican presidential nomination?,Will Marjorie Taylor Greene win the 2028 Republican presidential nomination?,0.3562,0.075,1.0,,,,
47f5504f3ad1dd4f523c63247bebce5c,561977,561985,rejected,,rejected,eligible,Will Glenn Youngkin win the 2028 Republican presidential nomination?,Will Brian Kemp win the 2028 Republican presidential nomination?,0.3562,0.075,1.0,,,,
5c97669c2eb19c35e478c238088a5b7d,559657,559694,rejected,,rejected,eligible,Will Stephen A. Smith win the 2028 Democratic presidential nomination?,Will Ro Khanna win the 2028 Democratic presidential nomination?,0.3562,0.075,1.0,,,,
4be916639c7bf6fd73e901ce54353f2c,561994,562000,rejected,,rejected,ineligible,Will Kristi Noem win the 2028 Republican presidential nomination?,Will Rand Paul win the 2028 Republican presidential nomination?,0.3562,0.075,1.0,,,,
07175627ade3c298886a59ce70ee22c8,561982,561992,rejected,,rejected,eligible,Will Sarah Huckabee Sanders win the 2028 Republican presidential nomination?,Will Katie Britt win the 2028 Republican presidential nomination?,0.3562,0.075,1.0,,,,
115d5b23cd95804cf5b38e7180826a09,559658,559695,rejected,,rejected,eligible,Will Kamala Harris win the 2028 Democratic presidential nomination?,Will James Talarico win the 2028 Democratic presidential nomination?,0.3562,0.075,1.0,,,,
d67aa99ec367528554575bf6059e2a29,561977,561995,rejected,,rejected,eligible,Will Glenn Youngkin win the 2028 Republican presidential nomination?,Will Mike Pence win the 2028 Republican presidential nomination?,0.3562,0.075,1.0,,,,
fd97deffb295e127cd404a9ae12a7305,561994,562004,rejected,,rejected,ineligible,Will Kristi Noem win the 2028 Republican presidential nomination?,Will Marjorie Taylor Greene win the 2028 Republican presidential nomination?,0.3562,0.075,1.0,,,,
277d229c4469696a5a70c558755f2d2d,561977,561996,rejected,,rejected,eligible,Will Glenn Youngkin win the 2028 Republican presidential nomination?,Will Tucker Carlson win the 2028 Republican presidential nomination?,0.3562,0.075,1.0,,,,
8079e492656eb289c2491cf92d16603b,559659,559695,rejected,,rejected,eligible,Will Gretchen Whitmer win the 2028 Democratic presidential nomination?,Will James Talarico win the 2028 Democratic presidential nomination?,0.3562,0.075,1.0,,,,
8702d4e9913cd9ece905ab25c07bdcc3,561977,562002,rejected,,rejected,eligible,Will Glenn Youngkin win the 2028 Republican presidential nomination?,Will Erika Kirk win the 2028 Republican presidential nomination?,0.3562,0.075,1.0,,,,
117cf94f6984fe795b803721f8300c93,559663,559694,rejected,,rejected,eligible,Will J.B. Pritzker win the 2028 Democratic presidential nomination?,Will Ro Khanna win the 2028 Democratic presidential nomination?,0.3562,0.075,1.0,,,,
36225db0cc2e15f2257eedf51c9054e9,561977,562003,rejected,,rejected,eligible,Will Glenn Youngkin win the 2028 Republican presidential nomination?,Will Kim Kardashian win the 2028 Republican presidential nomination?,0.3562,0.075,1.0,,,,
e9d09ae24c7a6048f6cf2247d3686611,561982,561994,rejected,,rejected,ineligible,Will Sarah Huckabee Sanders win the 2028 Republican presidential nomination?,Will Kristi Noem win the 2028 Republican presidential nomination?,0.3562,0.075,1.0,,,,
958d6aefc9e42fbee31b35dadfa300b1,559665,559695,rejected,,rejected,eligible,Will Cory Booker win the 2028 Democratic presidential nomination?,Will James Talarico win the 2028 Democratic presidential nomination?,0.3562,0.075,1.0,,,,
f6c05225554e4013586fea6d678b61af,561998,562000,rejected,,rejected,eligible,Will Ivanka Trump win the 2028 Republican presidential nomination?,Will Rand Paul win the 2028 Republican presidential nomination?,0.3562,0.075,1.0,,,,
8c9a8153607f57ed217f0f26b5673a8d,561998,562004,rejected,,rejected,eligible,Will Ivanka Trump win the 2028 Republican presidential nomination?,Will Marjorie Taylor Greene win the 2028 Republican presidential nomination?,0.3562,0.075,1.0,,,,
5335e5d7a7067665784317aef2e21bb3,562004,562007,rejected,,rejected,eligible,Will Marjorie Taylor Greene win the 2028 Republican presidential nomination?,Will Joe Kent win the 2028 Republican presidential nomination?,0.3562,0.075,1.0,,,,
76b1ea389ac0a351b3ce57a74d4e0bd3,561981,561982,rejected,,rejected,eligible,Will Vivek Ramaswamy win the 2028 Republican presidential nomination?,Will Sarah Huckabee Sanders win the 2028 Republican presidential nomination?,0.3562,0.075,1.0,,,,
e84989bf1f7dac0d3def0636ecec00d4,559666,559694,rejected,,rejected,eligible,Will Tim Walz win the 2028 Democratic presidential nomination?,Will Ro Khanna win the 2028 Democratic presidential nomination?,0.3562,0.075,1.0,,,,
1c0a957e59d9b9794addf282c86e1c0e,561975,561984,rejected,,rejected,eligible,Will Marco Rubio win the 2028 Republican presidential nomination?,Will Robert F. Kennedy Jr. win the 2028 Republican presidential nomination?,0.3562,0.075,1.0,,,,
ea1bb583e8acc1a30262188b9d593224,559660,559694,rejected,,rejected,eligible,Will Andy Beshear win the 2028 Democratic presidential nomination?,Will Ro Khanna win the 2028 Democratic presidential nomination?,0.3562,0.075,1.0,,,,
4484db9e8447da7656c90de2cf492793,561982,561989,rejected,,rejected,eligible,Will Sarah Huckabee Sanders win the 2028 Republican presidential nomination?,Will Ted Cruz win the 2028 Republican presidential nomination?,0.3562,0.075,1.0,,,,
fc7cecf4679bc1ea30495862b5eba068,559667,559694,rejected,,rejected,eligible,Will Michelle Obama win the 2028 Democratic presidential nomination?,Will Ro Khanna win the 2028 Democratic presidential nomination?,0.3562,0.075,1.0,,,,
cda49bcf8294142f097cf2dc053a85aa,561992,562000,rejected,,rejected,eligible,Will Katie Britt win the 2028 Republican presidential nomination?,Will Rand Paul win the 2028 Republican presidential nomination?,0.3562,0.075,1.0,,,,
1f579fed6e7e28dd73eda6f25cd1ae2a,559687,559695,rejected,,rejected,eligible,Will Oprah Winfrey win the 2028 Democratic presidential nomination?,Will James Talarico win the 2028 Democratic presidential nomination?,0.3562,0.075,1.0,,,,
793aeb1b0d9038010057276000c1de90,561981,562000,rejected,,rejected,eligible,Will Vivek Ramaswamy win the 2028 Republican presidential nomination?,Will Rand Paul win the 2028 Republican presidential nomination?,0.3562,0.075,1.0,,,,
9ceacda79e5d3c9505486a59fbe16588,561977,562005,rejected,,rejected,eligible,Will Glenn Youngkin win the 2028 Republican presidential nomination?,Will Thomas Massie win the 2028 Republican presidential nomination?,0.3562,0.075,1.0,,,,
b98e1a1e342da90721415b5d73a47d0a,561973,561977,rejected,,rejected,eligible,Will Donald Trump win the 2028 Republican presidential nomination?,Will Glenn Youngkin win the 2028 Republican presidential nomination?,0.3562,0.075,1.0,,,,
32f3078e2a714df0e1d1cacf9bf3e3c3,561990,562000,rejected,,rejected,eligible,Will Elon Musk win the 2028 Republican presidential nomination?,Will Rand Paul win the 2028 Republican presidential nomination?,0.3562,0.075,1.0,,,,
910425dcb46523cce5e82c7b0c82e79d,561975,561982,rejected,,rejected,eligible,Will Marco Rubio win the 2028 Republican presidential nomination?,Will Sarah Huckabee Sanders win the 2028 Republican presidential nomination?,0.3562,0.075,1.0,,,,
0a9aaf502f979be57e6cde57b21cb310,561981,562004,rejected,,rejected,eligible,Will Vivek Ramaswamy win the 2028 Republican presidential nomination?,Will Marjorie Taylor Greene win the 2028 Republican presidential nomination?,0.3562,0.075,1.0,,,,
fade831faaacf7cfda37c89484b96a89,561990,562004,rejected,,rejected,eligible,Will Elon Musk win the 2028 Republican presidential nomination?,Will Marjorie Taylor Greene win the 2028 Republican presidential nomination?,0.3562,0.075,1.0,,,,
b91d72e94a09208a4a36c712b689cde0,561984,561986,rejected,,rejected,eligible,Will Robert F. Kennedy Jr. win the 2028 Republican presidential nomination?,Will Byron Donalds win the 2028 Republican presidential nomination?,0.3562,0.075,1.0,,,,
36941dad17f9929c431c690aadf36672,559669,559694,rejected,,rejected,eligible,Will Rahm Emanuel win the 2028 Democratic presidential nomination?,Will Ro Khanna win the 2028 Democratic presidential nomination?,0.3562,0.075,1.0,,,,
d4f9a0077e1737098e87277bc3df03c6,561984,561987,rejected,,rejected,eligible,Will Robert F. Kennedy Jr. win the 2028 Republican presidential nomination?,Will Elise Stefanik win the 2028 Republican presidential nomination?,0.3562,0.075,1.0,,,,
dc86a43b4bdf20a0f5a9c419104b1be2,559682,559695,rejected,,rejected,eligible,Will Hunter Biden win the 2028 Democratic presidential nomination?,Will James Talarico win the 2028 Democratic presidential nomination?,0.3562,0.075,1.0,,,,
958c544db0e29736f5cbc07a50503c50,559670,559695,rejected,,rejected,eligible,Will Gina Raimondo win the 2028 Democratic presidential nomination?,Will James Talarico win the 2028 Democratic presidential nomination?,0.3562,0.075,1.0,,,,
adcf6613de1ec255686f7a1716696372,561977,562006,rejected,,rejected,eligible,Will Glenn Youngkin win the 2028 Republican presidential nomination?,Will Eric Trump win the 2028 Republican presidential nomination?,0.3562,0.075,1.0,,,,
d975770cc0a4e58015105741514bed8c,561984,561988,rejected,,rejected,eligible,Will Robert F. Kennedy Jr. win the 2028 Republican presidential nomination?,Will Josh Hawley win the 2028 Republican presidential nomination?,0.3562,0.075,1.0,,,,
eb35feb1959994326b3cd5b31f98503b,561984,561989,rejected,,rejected,eligible,Will Robert F. Kennedy Jr. win the 2028 Republican presidential nomination?,Will Ted Cruz win the 2028 Republican presidential nomination?,0.3562,0.075,1.0,,,,
cbe4a5fc6b8631075a79523a2a178ce0,559671,559694,rejected,,rejected,eligible,Will Zohran Mamdani win the 2028 Democratic presidential nomination?,Will Ro Khanna win the 2028 Democratic presidential nomination?,0.3562,0.075,1.0,,,,
65d6e792cb910183b70594ef457be79d,561984,561990,rejected,,rejected,eligible,Will Robert F. Kennedy Jr. win the 2028 Republican presidential nomination?,Will Elon Musk win the 2028 Republican presidential nomination?,0.3562,0.075,1.0,,,,
b0cfd911b0f092d787a1d617993f9dc9,559689,559695,rejected,,rejected,eligible,Will Beto O’Rourke win the 2028 Democratic presidential nomination?,Will James Talarico win the 2028 Democratic presidential nomination?,0.3562,0.075,1.0,,,,
7abf5e44b904fe2b8563471d5425d767,559672,559695,rejected,,rejected,eligible,Will Roy Cooper win the 2028 Democratic presidential nomination?,Will James Talarico win the 2028 Democratic presidential nomination?,0.3562,0.075,1.0,,,,
e9857af8aebd0b38e48ed77d5d6c16c2,561977,562008,rejected,,rejected,eligible,Will Glenn Youngkin win the 2028 Republican presidential nomination?,Will Pete Hegseth win the 2028 Republican presidential nomination?,0.3562,0.075,1.0,,,,
7e13a8e430ab89c4a9a52377026e060a,561984,561991,rejected,,rejected,eligible,Will Robert F. Kennedy Jr. win the 2028 Republican presidential nomination?,Will Matt Gaetz win the 2028 Republican presidential nomination?,0.3562,0.075,1.0,,,,
3a35fe4d34da8ec3cade7579058384a6,561979,561982,rejected,,rejected,eligible,Will Ron DeSantis win the 2028 Republican presidential nomination?,Will Sarah Huckabee Sanders win the 2028 Republican presidential nomination?,0.3562,0.075,1.0,,,,
82d311e44a8ecbe8fa025d8781bd5d4c,559673,559695,rejected,,rejected,eligible,Will John Fetterman win the 2028 Democratic presidential nomination?,Will James Talarico win the 2028 Democratic presidential nomination?,0.3562,0.075,1.0,,,,
61b7b61d4b7272f0b80c12d63708ab15,561979,561984,rejected,,rejected,eligible,Will Ron DeSantis win the 2028 Republican presidential nomination?,Will Robert F. Kennedy Jr. win the 2028 Republican presidential nomination?,0.3562,0.075,1.0,,,,
8fc66eb39a5950ca0b50b5cb9c6b9b31,559681,559694,rejected,,rejected,eligible,Will LeBron James win the 2028 Democratic presidential nomination?,Will Ro Khanna win the 2028 Democratic presidential nomination?,0.3562,0.075,1.0,,,,
40213eb362c515fac491e640c96d8f0f,561982,561991,rejected,,rejected,eligible,Will Sarah Huckabee Sanders win the 2028 Republican presidential nomination?,Will Matt Gaetz win the 2028 Republican presidential nomination?,0.3562,0.075,1.0,,,,
9bc6e63d774d7d6ee7170a29c4d2f478,559674,559695,rejected,,rejected,eligible,Will Jared Polis win the 2028 Democratic presidential nomination?,Will James Talarico win the 2028 Democratic presidential nomination?,0.3562,0.075,1.0,,,,
8a1c26b38d2e57dafa0727be35e530c8,559690,559694,rejected,,rejected,eligible,Will Kim Kardashian win the 2028 Democratic presidential nomination?,Will Ro Khanna win the 2028 Democratic presidential nomination?,0.3562,0.075,1.0,,,,
e465e4d34e380db221d1594a99109a7e,561984,561992,rejected,,rejected,eligible,Will Robert F. Kennedy Jr. win the 2028 Republican presidential nomination?,Will Katie Britt win the 2028 Republican presidential nomination?,0.3562,0.075,1.0,,,,
7935dfab25cd4bc3f76c339ee660becc,561984,561993,rejected,,rejected,eligible,Will Robert F. Kennedy Jr. win the 2028 Republican presidential nomination?,Will John Thune win the 2028 Republican presidential nomination?,0.3562,0.075,1.0,,,,
bdbb62f9b5e3b659827e9ccc91f01ca3,559675,559695,rejected,,rejected,eligible,Will Jon Stewart win the 2028 Democratic presidential nomination?,Will James Talarico win the 2028 Democratic presidential nomination?,0.3562,0.075,1.0,,,,
1d19e9ba6f365ae7361379393e46ff2f,561979,562000,rejected,,rejected,eligible,Will Ron DeSantis win the 2028 Republican presidential nomination?,Will Rand Paul win the 2028 Republican presidential nomination?,0.3562,0.075,1.0,,,,
1e41dc176e66abaf6ca5ef0174d021bc,561975,562000,rejected,,rejected,eligible,Will Marco Rubio win the 2028 Republican presidential nomination?,Will Rand Paul win the 2028 Republican presidential nomination?,0.3562,0.075,1.0,,,,
8cfb7d8c044dc3d62948f02012d0eac3,561984,561994,rejected,,rejected,ineligible,Will Robert F. Kennedy Jr. win the 2028 Republican presidential nomination?,Will Kristi Noem win the 2028 Republican presidential nomination?,0.3562,0.075,1.0,,,,
bcde1d23948fc6dabd4a2103a399877c,559676,559695,rejected,,rejected,eligible,Will Barack Obama win the 2028 Democratic presidential nomination?,Will James Talarico win the 2028 Democratic presidential nomination?,0.3562,0.075,1.0,,,,
7a428b7e4a691155c5f93b6c03364b48,561984,561998,rejected,,rejected,eligible,Will Robert F. Kennedy Jr. win the 2028 Republican presidential nomination?,Will Ivanka Trump win the 2028 Republican presidential nomination?,0.3562,0.075,1.0,,,,
1467b83fd5fd509126aed1ae87549112,559691,559695,rejected,,rejected,eligible,Will Chris Murphy win the 2028 Democratic presidential nomination?,Will James Talarico win the 2028 Democratic presidential nomination?,0.3562,0.075,1.0,,,,
a1542cd7e83dbef36f40cd2446a49669,561991,562004,rejected,,rejected,eligible,Will Matt Gaetz win the 2028 Republican presidential nomination?,Will Marjorie Taylor Greene win the 2028 Republican presidential nomination?,0.3562,0.075,1.0,,,,
322c4fb3f16355cd87f8d71a403a8add,559677,559694,rejected,,rejected,eligible,Will Hillary Clinton win the 2028 Democratic presidential nomination?,Will Ro Khanna win the 2028 Democratic presidential nomination?,0.3562,0.075,1.0,,,,
d329224c99852549ee2a71f3468994d4,561979,562004,rejected,,rejected,eligible,Will Ron DeSantis win the 2028 Republican presidential nomination?,Will Marjorie Taylor Greene win the 2028 Republican presidential nomination?,0.3562,0.075,1.0,,,,
cfd74f57e90c9f2d9afe65c0338b2ec4,561982,561987,rejected,,rejected,eligible,Will Sarah Huckabee Sanders win the 2028 Republican presidential nomination?,Will Elise Stefanik win the 2028 Republican presidential nomination?,0.3562,0.075,1.0,,,,
3506a2829b193787a80542ea5410ebcf,559678,559694,rejected,,rejected,eligible,Will Liz Cheney win the 2028 Democratic presidential nomination?,Will Ro Khanna win the 2028 Democratic presidential nomination?,0.3562,0.075,1.0,,,,
41b4eb3a8c61274c1a2c85bbe60b7c73,561980,562000,rejected,,rejected,eligible,Will Nikki Haley win the 2028 Republican presidential nomination?,Will Rand Paul win the 2028 Republican presidential nomination?,0.3562,0.075,1.0,,,,
6be7b00f5ecd1fce25cb5554135be70a,561982,561993,rejected,,rejected,eligible,Will Sarah Huckabee Sanders win the 2028 Republican presidential nomination?,Will John Thune win the 2028 Republican presidential nomination?,0.3562,0.075,1.0,,,,
bd0be2bb37c7ed2ec4ef67de04052017,559679,559695,rejected,,rejected,eligible,Will Bernie Sanders win the 2028 Democratic presidential nomination?,Will James Talarico win the 2028 Democratic presidential nomination?,0.3562,0.075,1.0,,,,
4f9728ba9d2591263a4db8d843f13afe,561980,561982,rejected,,rejected,eligible,Will Nikki Haley win the 2028 Republican presidential nomination?,Will Sarah Huckabee Sanders win the 2028 Republican presidential nomination?,0.3562,0.075,1.0,,,,
146b2507d52b43e3e20ded18284e53a3,561982,561998,rejected,,rejected,eligible,Will Sarah Huckabee Sanders win the 2028 Republican presidential nomination?,Will Ivanka Trump win the 2028 Republican presidential nomination?,0.3562,0.075,1.0,,,,
9dcda39efa1b4ba98fcd9200f74d938a,561975,562004,rejected,,rejected,eligible,Will Marco Rubio win the 2028 Republican presidential nomination?,Will Marjorie Taylor Greene win the 2028 Republican presidential nomination?,0.3562,0.075,1.0,,,,
c4dbc6f643ef9b9bb05a801dd01b86fc,559680,559695,rejected,,rejected,eligible,Will Phil Murphy win the 2028 Democratic presidential nomination?,Will James Talarico win the 2028 Democratic presidential nomination?,0.3562,0.075,1.0,,,,
98003cc5f065eeacf9a1c74fb62a9d71,561980,561984,rejected,,rejected,eligible,Will Nikki Haley win the 2028 Republican presidential nomination?,Will Robert F. Kennedy Jr. win the 2028 Republican presidential nomination?,0.3562,0.075,1.0,,,,
d99d7ed82b8090a5cb601b0ae62cf4e5,561982,561986,rejected,,rejected,eligible,Will Sarah Huckabee Sanders win the 2028 Republican presidential nomination?,Will Byron Donalds win the 2028 Republican presidential nomination?,0.3562,0.075,1.0,,,,
4f6370709c5de5f41172028f9173f197,561981,561984,rejected,,rejected,eligible,Will Vivek Ramaswamy win the 2028 Republican presidential nomination?,Will Robert F. Kennedy Jr. win the 2028 Republican presidential nomination?,0.3562,0.075,1.0,,,,
7359101df11c7f016c6b1040bd146fef,561974,561999,rejected,,rejected,eligible,Will J.D. Vance win the 2028 Republican presidential nomination?,Will Tom Brady win the 2028 Republican presidential nomination?,0.3562,0.075,1.0,,,,
385b12deb0e33e06696b0ad51381985c,561236,561263,rejected,,rejected,ineligible,Will Gretchen Whitmer win the 2028 US Presidential Election?,Will Eric Trump win the 2028 US Presidential Election?,0.356,0.1,1.0,,,,
ba8455ca4c11c2556a3115ba4f914e23,561236,561243,rejected,,rejected,eligible,Will Gretchen Whitmer win the 2028 US Presidential Election?,Will Donald Trump win the 2028 US Presidential Election?,0.356,0.1,1.0,,,,
d1f33fc67c844bf45a47ad2bf4f52fea,561236,561255,rejected,,rejected,eligible,Will Gretchen Whitmer win the 2028 US Presidential Election?,Will Ivanka Trump win the 2028 US Presidential Election?,0.356,0.1,1.0,,,,
d2ab1cf6febe8f28cc3d4560d5d776df,561233,561236,rejected,,rejected,eligible,Will Josh Shapiro win the 2028 US Presidential Election?,Will Gretchen Whitmer win the 2028 US Presidential Election?,0.3557,0.1,1.0,,,,
fefcbccc229f096ae6b04fe0deeb36a4,561245,561257,rejected,,rejected,eligible,Will Nikki Haley win the 2028 US Presidential Election?,Will Michelle Obama win the 2028 US Presidential Election?,0.3555,0.1,1.0,,,,
a3dd5fe80cf53c51e1cbbeee22a7c79c,561986,561999,rejected,,rejected,eligible,Will Byron Donalds win the 2028 Republican presidential nomination?,Will Tom Brady win the 2028 Republican presidential nomination?,0.3533,0.1,1.0,,,,
020a260a9651b85b3bc5689fc3197a8d,561980,561999,rejected,,rejected,eligible,Will Nikki Haley win the 2028 Republican presidential nomination?,Will Tom Brady win the 2028 Republican presidential nomination?,0.3533,0.1,1.0,,,,
616d82b1fcfad3a3efb8b320eb80ac7e,561988,561999,rejected,,rejected,eligible,Will Josh Hawley win the 2028 Republican presidential nomination?,Will Tom Brady win the 2028 Republican presidential nomination?,0.3533,0.1,1.0,,,,
4efb5eaccfd4b837ddd0a8b24bcf0cf6,559684,559686,rejected,,rejected,eligible,Will Chelsea Clinton win the 2028 Democratic presidential nomination?,Will Dwayne 'The Rock' Johnson win the 2028 Democratic presidential nomination?,0.3533,0.1,1.0,,,,
8772254334ccdd1f66ccf83d8882aff9,559653,559695,rejected,,rejected,eligible,Will Alexandria Ocasio-Cortez win the 2028 Democratic presidential nomination?,Will James Talarico win the 2028 Democratic presidential nomination?,0.3533,0.1,1.0,,,,
f31355a0fd3ee5f36bdaaa97546cad52,561989,561999,rejected,,rejected,eligible,Will Ted Cruz win the 2028 Republican presidential nomination?,Will Tom Brady win the 2028 Republican presidential nomination?,0.3533,0.1,1.0,,,,
3419edaee849a77e000a74fdae20c3aa,559655,559686,rejected,,rejected,eligible,Will Josh Shapiro win the 2028 Democratic presidential nomination?,Will Dwayne 'The Rock' Johnson win the 2028 Democratic presidential nomination?,0.3533,0.1,1.0,,,,
dffe0695f62f453158956afca80ccfbf,561990,561999,rejected,,rejected,eligible,Will Elon Musk win the 2028 Republican presidential nomination?,Will Tom Brady win the 2028 Republican presidential nomination?,0.3533,0.1,1.0,,,,
2a6338a4e714c9106826362838a6494d,561987,561999,rejected,,rejected,eligible,Will Elise Stefanik win the 2028 Republican presidential nomination?,Will Tom Brady win the 2028 Republican presidential nomination?,0.3533,0.1,1.0,,,,
5f5ac060cfd9eab454517d0e24eac49e,559657,559686,rejected,,rejected,eligible,Will Stephen A. Smith win the 2028 Democratic presidential nomination?,Will Dwayne 'The Rock' Johnson win the 2028 Democratic presidential nomination?,0.3533,0.1,1.0,,,,
6ec836e4bccdeace178ad34a883bebd8,561994,561999,rejected,,rejected,ineligible,Will Kristi Noem win the 2028 Republican presidential nomination?,Will Tom Brady win the 2028 Republican presidential nomination?,0.3533,0.1,1.0,,,,
10d16a620c315c154bccc89e5f8fc79b,561245,561258,rejected,,rejected,eligible,Will Nikki Haley win the 2028 US Presidential Election?,Will Jamie Dimon win the 2028 US Presidential Election?,0.3533,0.1,1.0,,,,
3f4b0cc109f9106ab348f004b2ef5803,561998,561999,rejected,,rejected,eligible,Will Ivanka Trump win the 2028 Republican presidential nomination?,Will Tom Brady win the 2028 Republican presidential nomination?,0.3533,0.1,1.0,,,,
c0042ac1a8b2416849de263f76a6ac0b,559666,559686,rejected,,rejected,eligible,Will Tim Walz win the 2028 Democratic presidential nomination?,Will Dwayne 'The Rock' Johnson win the 2028 Democratic presidential nomination?,0.3533,0.1,1.0,,,,
e0649fa4d76f82a36fab6016b2a2eb03,561999,562007,rejected,,rejected,eligible,Will Tom Brady win the 2028 Republican presidential nomination?,Will Joe Kent win the 2028 Republican presidential nomination?,0.3533,0.1,1.0,,,,
1ffa2dbdc763c82f2da34d8269479f4e,559660,559686,rejected,,rejected,eligible,Will Andy Beshear win the 2028 Democratic presidential nomination?,Will Dwayne 'The Rock' Johnson win the 2028 Democratic presidential nomination?,0.3533,0.1,1.0,,,,
e4cd2693c1616cdcf5d8cd98903df3f5,559686,559690,rejected,,rejected,eligible,Will Dwayne 'The Rock' Johnson win the 2028 Democratic presidential nomination?,Will Kim Kardashian win the 2028 Democratic presidential nomination?,0.3533,0.1,1.0,,,,
bd19207e28dcc0538678daad8c5e491e,559667,559686,rejected,,rejected,eligible,Will Michelle Obama win the 2028 Democratic presidential nomination?,Will Dwayne 'The Rock' Johnson win the 2028 Democratic presidential nomination?,0.3533,0.1,1.0,,,,
6406c632783465b657bc61571ed25489,559663,559686,rejected,,rejected,eligible,Will J.B. Pritzker win the 2028 Democratic presidential nomination?,Will Dwayne 'The Rock' Johnson win the 2028 Democratic presidential nomination?,0.3533,0.1,1.0,,,,
f7065b061a012b894c8e53c43d0dcf95,561981,561999,rejected,,rejected,eligible,Will Vivek Ramaswamy win the 2028 Republican presidential nomination?,Will Tom Brady win the 2028 Republican presidential nomination?,0.3533,0.1,1.0,,,,
85a0e2046dcb805aee08da3a5b01cda8,559683,559686,rejected,,rejected,eligible,Will George Clooney win the 2028 Democratic presidential nomination?,Will Dwayne 'The Rock' Johnson win the 2028 Democratic presidential nomination?,0.3533,0.1,1.0,,,,
3bdae30c64eabf3bfe2ffcfffa945c0b,559669,559686,rejected,,rejected,eligible,Will Rahm Emanuel win the 2028 Democratic presidential nomination?,Will Dwayne 'The Rock' Johnson win the 2028 Democratic presidential nomination?,0.3533,0.1,1.0,,,,
d394a2808f59bf3b6b52216f0b929319,561991,561999,rejected,,rejected,eligible,Will Matt Gaetz win the 2028 Republican presidential nomination?,Will Tom Brady win the 2028 Republican presidential nomination?,0.3533,0.1,1.0,,,,
c77d2afdef3c29914e4206a6f84bf941,559671,559686,rejected,,rejected,eligible,Will Zohran Mamdani win the 2028 Democratic presidential nomination?,Will Dwayne 'The Rock' Johnson win the 2028 Democratic presidential nomination?,0.3533,0.1,1.0,,,,
9ccb04dfb8267c815d93792587f63075,559681,559686,rejected,,rejected,eligible,Will LeBron James win the 2028 Democratic presidential nomination?,Will Dwayne 'The Rock' Johnson win the 2028 Democratic presidential nomination?,0.3533,0.1,1.0,,,,
30ebc8271541e3c865b1be1f4fbbe0da,561992,561999,rejected,,rejected,eligible,Will Katie Britt win the 2028 Republican presidential nomination?,Will Tom Brady win the 2028 Republican presidential nomination?,0.3533,0.1,1.0,,,,
53924781248f9b850d316a34b39c17a8,561975,561999,rejected,,rejected,eligible,Will Marco Rubio win the 2028 Republican presidential nomination?,Will Tom Brady win the 2028 Republican presidential nomination?,0.3533,0.1,1.0,,,,
8cd6e97a0589e91f56f6ed3550c7bf56,561979,561999,rejected,,rejected,eligible,Will Ron DeSantis win the 2028 Republican presidential nomination?,Will Tom Brady win the 2028 Republican presidential nomination?,0.3533,0.1,1.0,,,,
42057faf2e7f5ac63be5d6a3b4fd314c,559677,559686,rejected,,rejected,eligible,Will Hillary Clinton win the 2028 Democratic presidential nomination?,Will Dwayne 'The Rock' Johnson win the 2028 Democratic presidential nomination?,0.3533,0.1,1.0,,,,
acf2a22b4052a994e3a1e18a58652e19,559678,559686,rejected,,rejected,eligible,Will Liz Cheney win the 2028 Democratic presidential nomination?,Will Dwayne 'The Rock' Johnson win the 2028 Democratic presidential nomination?,0.3533,0.1,1.0,,,,
f8aeb61662cd2343967186d567be9313,561993,561999,rejected,,rejected,eligible,Will John Thune win the 2028 Republican presidential nomination?,Will Tom Brady win the 2028 Republican presidential nomination?,0.3533,0.1,1.0,,,,
9e58937b62529aeb6079bc6a4c477e9f,559679,561982,rejected,,rejected,eligible,Will Bernie Sanders win the 2028 Democratic presidential nomination?,Will Sarah Huckabee Sanders win the 2028 Republican presidential nomination?,0.3532,0.06,1.0,,,,
c3285d283e52690f1db8f66e6ad78f0d,561237,561250,rejected,,rejected,eligible,Will Andy Beshear win the 2028 US Presidential Election?,Will Elon Musk win the 2028 US Presidential Election?,0.3512,0.1,1.0,,,,
dc74830bba7e107f092ad570dd283f63,561243,561245,rejected,,rejected,eligible,Will Donald Trump win the 2028 US Presidential Election?,Will Nikki Haley win the 2028 US Presidential Election?,0.3508,0.1,1.0,,,,
90cdf62f96f84623b6272581b2e065bb,561245,561255,rejected,,rejected,eligible,Will Nikki Haley win the 2028 US Presidential Election?,Will Ivanka Trump win the 2028 US Presidential Election?,0.3508,0.1,1.0,,,,
363ee3856939c283bbf59100cecb07a8,561245,561263,rejected,,rejected,ineligible,Will Nikki Haley win the 2028 US Presidential Election?,Will Eric Trump win the 2028 US Presidential Election?,0.3508,0.1,1.0,,,,
85f6ce39001f821f301a13ae5ad44480,559685,559688,rejected,,rejected,eligible,Will MrBeast win the 2028 Democratic presidential nomination?,Will Andrew Yang win the 2028 Democratic presidential nomination?,0.35,0.15,1.0,,,,
5f710b3b6799e8456044d275acdc044f,559652,559662,rejected,,rejected,eligible,Will Gavin Newsom win the 2028 Democratic presidential nomination?,Will Mark Cuban win the 2028 Democratic presidential nomination?,0.35,0.15,1.0,,,,
8dbae418214656dfa8dae568bed46dba,561976,561984,rejected,,rejected,eligible,Will Tulsi Gabbard win the 2028 Republican presidential nomination?,Will Robert F. Kennedy Jr. win the 2028 Republican presidential nomination?,0.35,0.15,1.0,,,,
2f21c2360bfc00ac70bb5da7bb523f7a,559652,559668,rejected,,rejected,eligible,Will Gavin Newsom win the 2028 Democratic presidential nomination?,Will Mark Kelly win the 2028 Democratic presidential nomination?,0.35,0.15,1.0,,,,
651f57e14449dc287eef4d149eb91dbf,561976,561982,rejected,,rejected,eligible,Will Tulsi Gabbard win the 2028 Republican presidential nomination?,Will Sarah Huckabee Sanders win the 2028 Republican presidential nomination?,0.35,0.15,1.0,,,,
e2b5405975c73db4aa8fd9b5d297b1a8,561976,562000,rejected,,rejected,eligible,Will Tulsi Gabbard win the 2028 Republican presidential nomination?,Will Rand Paul win the 2028 Republican presidential nomination?,0.35,0.15,1.0,,,,
989a73387b5b3f9a3777740ad6a78fec,561237,561244,rejected,,rejected,eligible,Will Andy Beshear win the 2028 US Presidential Election?,Will Donald Trump Jr. win the 2028 US Presidential Election?,0.3497,0.1,1.0,,,,
775b3cc703774d682debaa1d8d82f7e5,559661,561974,rejected,,rejected,eligible,Will Jon Ossoff win the 2028 Democratic presidential nomination?,Will J.D. Vance win the 2028 Republican presidential nomination?,0.3495,0.06,1.0,,,,
10b8a4518aee84736cb3a215da1e0004,559685,561973,rejected,,rejected,eligible,Will MrBeast win the 2028 Democratic presidential nomination?,Will Donald Trump win the 2028 Republican presidential nomination?,0.3495,0.06,1.0,,,,
28dc07c7c5965a69d76320f4202d3b13,559656,561974,rejected,,rejected,eligible,Will Wes Moore win the 2028 Democratic presidential nomination?,Will J.D. Vance win the 2028 Republican presidential nomination?,0.3495,0.06,1.0,,,,
4f48a75a71c20adb71c8c05e97193923,559685,561983,rejected,,rejected,eligible,Will MrBeast win the 2028 Democratic presidential nomination?,Will Greg Abbott win the 2028 Republican presidential nomination?,0.3495,0.06,1.0,,,,
09634dccacf685bb38f27c6ef6c05d61,559685,561985,rejected,,rejected,eligible,Will MrBeast win the 2028 Democratic presidential nomination?,Will Brian Kemp win the 2028 Republican presidential nomination?,0.3495,0.06,1.0,,,,
a17c05c0fa42dd1bd6bb43739e0568f8,559658,561974,rejected,,rejected,eligible,Will Kamala Harris win the 2028 Democratic presidential nomination?,Will J.D. Vance win the 2028 Republican presidential nomination?,0.3495,0.06,1.0,,,,
c133a9967843dacf275a7a0bce3ec82e,559685,561995,rejected,,rejected,eligible,Will MrBeast win the 2028 Democratic presidential nomination?,Will Mike Pence win the 2028 Republican presidential nomination?,0.3495,0.06,1.0,,,,
8e345604b03fed3f69d2eac8373d3416,559659,561974,rejected,,rejected,eligible,Will Gretchen Whitmer win the 2028 Democratic presidential nomination?,Will J.D. Vance win the 2028 Republican presidential nomination?,0.3495,0.06,1.0,,,,
6440a67c8e696feef4a7aac835286922,559682,561974,rejected,,rejected,eligible,Will Hunter Biden win the 2028 Democratic presidential nomination?,Will J.D. Vance win the 2028 Republican presidential nomination?,0.3495,0.06,1.0,,,,
4bf81183035489636d9334c3c74a3f47,559685,561996,rejected,,rejected,eligible,Will MrBeast win the 2028 Democratic presidential nomination?,Will Tucker Carlson win the 2028 Republican presidential nomination?,0.3495,0.06,1.0,,,,
1823dd5fd622928275442c95e5056972,559665,561974,rejected,,rejected,eligible,Will Cory Booker win the 2028 Democratic presidential nomination?,Will J.D. Vance win the 2028 Republican presidential nomination?,0.3495,0.06,1.0,,,,
6481cf0682d49509331af46b9f00d4e5,559687,561974,rejected,,rejected,eligible,Will Oprah Winfrey win the 2028 Democratic presidential nomination?,Will J.D. Vance win the 2028 Republican presidential nomination?,0.3495,0.06,1.0,,,,
cc0d31f89bf14d23fa3e382a7f26fb0c,559670,561974,rejected,,rejected,eligible,Will Gina Raimondo win the 2028 Democratic presidential nomination?,Will J.D. Vance win the 2028 Republican presidential nomination?,0.3495,0.06,1.0,,,,
c4bc55b72a89b8c3b5873e838e82abcf,559672,561974,rejected,,rejected,eligible,Will Roy Cooper win the 2028 Democratic presidential nomination?,Will J.D. Vance win the 2028 Republican presidential nomination?,0.3495,0.06,1.0,,,,
870d4bb561cfe462d2874c1d1fdb474c,559689,561974,rejected,,rejected,eligible,Will Beto O’Rourke win the 2028 Democratic presidential nomination?,Will J.D. Vance win the 2028 Republican presidential nomination?,0.3495,0.06,1.0,,,,
f2a620157aeadcbe750e6e35da160968,559673,561974,rejected,,rejected,eligible,Will John Fetterman win the 2028 Democratic presidential nomination?,Will J.D. Vance win the 2028 Republican presidential nomination?,0.3495,0.06,1.0,,,,
1c05440f62e55e3579b58b4dd26c7850,559674,561974,rejected,,rejected,eligible,Will Jared Polis win the 2028 Democratic presidential nomination?,Will J.D. Vance win the 2028 Republican presidential nomination?,0.3495,0.06,1.0,,,,
271cd28856ba9f7c2af37dc08e4bb11c,559675,561974,rejected,,rejected,eligible,Will Jon Stewart win the 2028 Democratic presidential nomination?,Will J.D. Vance win the 2028 Republican presidential nomination?,0.3495,0.06,1.0,,,,
61022f6d7c7dc285a663d312ea86b961,559676,561974,rejected,,rejected,eligible,Will Barack Obama win the 2028 Democratic presidential nomination?,Will J.D. Vance win the 2028 Republican presidential nomination?,0.3495,0.06,1.0,,,,
d2dd9aa66c055cc738a11a71282a9245,559691,561974,rejected,,rejected,eligible,Will Chris Murphy win the 2028 Democratic presidential nomination?,Will J.D. Vance win the 2028 Republican presidential nomination?,0.3495,0.06,1.0,,,,
e34c194dca360184f058b065ede7da68,559679,561974,rejected,,rejected,eligible,Will Bernie Sanders win the 2028 Democratic presidential nomination?,Will J.D. Vance win the 2028 Republican presidential nomination?,0.3495,0.06,1.0,,,,
b8362ba87758d2dcb060cad1d32ef893,559680,561974,rejected,,rejected,eligible,Will Phil Murphy win the 2028 Democratic presidential nomination?,Will J.D. Vance win the 2028 Republican presidential nomination?,0.3495,0.06,1.0,,,,
36d29d8929aef27e0a8a8b5c9df70fd3,561245,561248,rejected,,rejected,eligible,Will Nikki Haley win the 2028 US Presidential Election?,Will Vivek Ramaswamy win the 2028 US Presidential Election?,0.3494,0.1,1.0,,,,
bfe7e237833b6432533415e90714317e,561244,561245,rejected,,rejected,eligible,Will Donald Trump Jr. win the 2028 US Presidential Election?,Will Nikki Haley win the 2028 US Presidential Election?,0.3494,0.1,1.0,,,,
b49328dff2afc583b9126e2e62a4bd1a,553828,553838,rejected,,rejected,ineligible,Will the Colorado Avalanche win the 2026 NHL Stanley Cup?,Will the Minnesota Wild win the 2026 NHL Stanley Cup?,0.3494,0.1,1.0,,,,
cc83cb82e0a765801ab23b4340fea122,561246,561262,rejected,,rejected,eligible,Will Ron DeSantis win the 2028 US Presidential Election?,Will James Talarico win the 2028 US Presidential Election?,0.349,0.1,1.0,,,,
68da9e6713cdfbe9830a90b7b58c03b2,561241,561259,rejected,,rejected,eligible,Will JB Pritzker win the 2028 US Presidential Election?,Will Ro Khanna win the 2028 US Presidential Election?,0.3486,0.1,1.0,,,,
fbfdd50bbe9b8fefc1a254b9814e32b3,561241,561250,rejected,,rejected,eligible,Will JB Pritzker win the 2028 US Presidential Election?,Will Elon Musk win the 2028 US Presidential Election?,0.3486,0.1,1.0,,,,
34d2e25a102cd95c3b1cd6d10af9221c,561241,561245,rejected,,rejected,eligible,Will JB Pritzker win the 2028 US Presidential Election?,Will Nikki Haley win the 2028 US Presidential Election?,0.3486,0.1,1.0,,,,
0efde6f82473908d644502c1c69b5c5b,559652,559681,rejected,,rejected,eligible,Will Gavin Newsom win the 2028 Democratic presidential nomination?,Will LeBron James win the 2028 Democratic presidential nomination?,0.3483,0.075,1.0,,,,
c1a9f00857e0678d7fe167ef5e566e62,559670,559686,rejected,,rejected,eligible,Will Gina Raimondo win the 2028 Democratic presidential nomination?,Will Dwayne 'The Rock' Johnson win the 2028 Democratic presidential nomination?,0.3483,0.075,1.0,,,,
186dc95a90ce16cd57db15cea2c752b2,559652,559683,rejected,,rejected,eligible,Will Gavin Newsom win the 2028 Democratic presidential nomination?,Will George Clooney win the 2028 Democratic presidential nomination?,0.3483,0.075,1.0,,,,
a11fc2aee4a6096ad53eab3757789dfb,559662,559681,rejected,,rejected,eligible,Will Mark Cuban win the 2028 Democratic presidential nomination?,Will LeBron James win the 2028 Democratic presidential nomination?,0.3483,0.075,1.0,,,,
da9fa2e25fb032efd6e924e6733388eb,559652,559684,rejected,,rejected,eligible,Will Gavin Newsom win the 2028 Democratic presidential nomination?,Will Chelsea Clinton win the 2028 Democratic presidential nomination?,0.3483,0.075,1.0,,,,
1f022106d2cbb35f1f55b025c67f8eeb,559652,559690,rejected,,rejected,eligible,Will Gavin Newsom win the 2028 Democratic presidential nomination?,Will Kim Kardashian win the 2028 Democratic presidential nomination?,0.3483,0.075,1.0,,,,
2820087c5b5e77473298f76eeba5f7f0,559652,559667,rejected,,rejected,eligible,Will Gavin Newsom win the 2028 Democratic presidential nomination?,Will Michelle Obama win the 2028 Democratic presidential nomination?,0.3483,0.075,1.0,,,,
ec24dcfc4e1622286485e92d171a345b,559662,559677,rejected,,rejected,eligible,Will Mark Cuban win the 2028 Democratic presidential nomination?,Will Hillary Clinton win the 2028 Democratic presidential nomination?,0.3483,0.075,1.0,,,,
edc25a8a65eb7f3a3c14c9556c263c6c,559662,559678,rejected,,rejected,eligible,Will Mark Cuban win the 2028 Democratic presidential nomination?,Will Liz Cheney win the 2028 Democratic presidential nomination?,0.3483,0.075,1.0,,,,
2d41623ba5041aa9c8ae93a29fe6ab40,559684,559693,rejected,,rejected,eligible,Will Chelsea Clinton win the 2028 Democratic presidential nomination?,Will Ruben Gallego win the 2028 Democratic presidential nomination?,0.3483,0.075,1.0,,,,
0163882f972e2f415844a10d5eb61647,559653,559694,rejected,,rejected,eligible,Will Alexandria Ocasio-Cortez win the 2028 Democratic presidential nomination?,Will Ro Khanna win the 2028 Democratic presidential nomination?,0.3483,0.075,1.0,,,,
e4d35610e15570cb4fd1ae0a316c6c78,559652,559660,rejected,,rejected,eligible,Will Gavin Newsom win the 2028 Democratic presidential nomination?,Will Andy Beshear win the 2028 Democratic presidential nomination?,0.3483,0.075,1.0,,,,
77afc772e3efc0d607538531552af6f8,559655,559662,rejected,,rejected,eligible,Will Josh Shapiro win the 2028 Democratic presidential nomination?,Will Mark Cuban win the 2028 Democratic presidential nomination?,0.3483,0.075,1.0,,,,
faa64fefcf5ce8bba925ac2c7ddaf727,559655,559668,rejected,,rejected,eligible,Will Josh Shapiro win the 2028 Democratic presidential nomination?,Will Mark Kelly win the 2028 Democratic presidential nomination?,0.3483,0.075,1.0,,,,
93b2885f9f646c982376101e94e3f58d,559682,559686,rejected,,rejected,eligible,Will Hunter Biden win the 2028 Democratic presidential nomination?,Will Dwayne 'The Rock' Johnson win the 2028 Democratic presidential nomination?,0.3483,0.075,1.0,,,,
35a1454e94e1afff5577b5c6fdbe23ae,559655,559693,rejected,,rejected,eligible,Will Josh Shapiro win the 2028 Democratic presidential nomination?,Will Ruben Gallego win the 2028 Democratic presidential nomination?,0.3483,0.075,1.0,,,,
a23bfbada650673bbf09af1a89967950,559656,559686,rejected,,rejected,eligible,Will Wes Moore win the 2028 Democratic presidential nomination?,Will Dwayne 'The Rock' Johnson win the 2028 Democratic presidential nomination?,0.3483,0.075,1.0,,,,
21fa603ca2079fc5ad920903285833d1,561977,561982,rejected,,rejected,eligible,Will Glenn Youngkin win the 2028 Republican presidential nomination?,Will Sarah Huckabee Sanders win the 2028 Republican presidential nomination?,0.3483,0.075,1.0,,,,
097ce6511dc0c1dcf29e4e0c2495e5ee,559657,559662,rejected,,rejected,eligible,Will Stephen A. Smith win the 2028 Democratic presidential nomination?,Will Mark Cuban win the 2028 Democratic presidential nomination?,0.3483,0.075,1.0,,,,
c8fe65797addf7db482ba38787b56831,559652,559655,rejected,,rejected,eligible,Will Gavin Newsom win the 2028 Democratic presidential nomination?,Will Josh Shapiro win the 2028 Democratic presidential nomination?,0.3483,0.075,1.0,,,,
90a07348dda51c32ba14c6f73fc6a4ce,559657,559668,rejected,,rejected,eligible,Will Stephen A. Smith win the 2028 Democratic presidential nomination?,Will Mark Kelly win the 2028 Democratic presidential nomination?,0.3483,0.075,1.0,,,,
9d85c2a0aa36b0bb8e21da46bd9821a0,561977,561984,rejected,,rejected,eligible,Will Glenn Youngkin win the 2028 Republican presidential nomination?,Will Robert F. Kennedy Jr. win the 2028 Republican presidential nomination?,0.3483,0.075,1.0,,,,
3dad7b761cd4a57f51db7776b5d81d87,559683,559693,rejected,,rejected,eligible,Will George Clooney win the 2028 Democratic presidential nomination?,Will Ruben Gallego win the 2028 Democratic presidential nomination?,0.3483,0.075,1.0,,,,
e0bcd4bbeee90354fdc6f17f1bdce30f,559658,559686,rejected,,rejected,eligible,Will Kamala Harris win the 2028 Democratic presidential nomination?,Will Dwayne 'The Rock' Johnson win the 2028 Democratic presidential nomination?,0.3483,0.075,1.0,,,,
38df41eaebe5202d4f85d6dffe5b5231,559659,559686,rejected,,rejected,eligible,Will Gretchen Whitmer win the 2028 Democratic presidential nomination?,Will Dwayne 'The Rock' Johnson win the 2028 Democratic presidential nomination?,0.3483,0.075,1.0,,,,
91654fd34aed352fa9b89aeb5dd92829,559662,559690,rejected,,rejected,eligible,Will Mark Cuban win the 2028 Democratic presidential nomination?,Will Kim Kardashian win the 2028 Democratic presidential nomination?,0.3483,0.075,1.0,,,,
c75ad40238470bded64c1238b861f37b,559665,559686,rejected,,rejected,eligible,Will Cory Booker win the 2028 Democratic presidential nomination?,Will Dwayne 'The Rock' Johnson win the 2028 Democratic presidential nomination?,0.3483,0.075,1.0,,,,
32cfa46b6e6b77e7f85fcd8787c9cf83,561995,561999,rejected,,rejected,eligible,Will Mike Pence win the 2028 Republican presidential nomination?,Will Tom Brady win the 2028 Republican presidential nomination?,0.3483,0.075,1.0,,,,
ff89beaea65d621858b70e1cc25b89a6,561996,561999,rejected,,rejected,eligible,Will Tucker Carlson win the 2028 Republican presidential nomination?,Will Tom Brady win the 2028 Republican presidential nomination?,0.3483,0.075,1.0,,,,
3412e081141f733daa8ef9d43e3c5ab2,561977,562004,rejected,,rejected,eligible,Will Glenn Youngkin win the 2028 Republican presidential nomination?,Will Marjorie Taylor Greene win the 2028 Republican presidential nomination?,0.3483,0.075,1.0,,,,
ff97c525da5bc95357460d60123a2162,559666,559668,rejected,,rejected,eligible,Will Tim Walz win the 2028 Democratic presidential nomination?,Will Mark Kelly win the 2028 Democratic presidential nomination?,0.3483,0.075,1.0,,,,
0d8e07722a994ba72f4c1d15a5a61341,559660,559693,rejected,,rejected,eligible,Will Andy Beshear win the 2028 Democratic presidential nomination?,Will Ruben Gallego win the 2028 Democratic presidential nomination?,0.3483,0.075,1.0,,,,
52e1a48e3c71a2b4f62ff878222fad3c,559686,559687,rejected,,rejected,eligible,Will Dwayne 'The Rock' Johnson win the 2028 Democratic presidential nomination?,Will Oprah Winfrey win the 2028 Democratic presidential nomination?,0.3483,0.075,1.0,,,,
ce31cd758713675dd5f7a0eb4bb5507a,561999,562002,rejected,,rejected,eligible,Will Tom Brady win the 2028 Republican presidential nomination?,Will Erika Kirk win the 2028 Republican presidential nomination?,0.3483,0.075,1.0,,,,
85229fd248bca6fbf511ad4caf78c39c,561999,562003,rejected,,rejected,eligible,Will Tom Brady win the 2028 Republican presidential nomination?,Will Kim Kardashian win the 2028 Republican presidential nomination?,0.3483,0.075,1.0,,,,
2f4432570c6d8d3467f88cbe27a34631,561999,562005,rejected,,rejected,eligible,Will Tom Brady win the 2028 Republican presidential nomination?,Will Thomas Massie win the 2028 Republican presidential nomination?,0.3483,0.075,1.0,,,,
dc5b95561c907d8d11c02c9e7c7ccf24,561999,562006,rejected,,rejected,eligible,Will Tom Brady win the 2028 Republican presidential nomination?,Will Eric Trump win the 2028 Republican presidential nomination?,0.3483,0.075,1.0,,,,
af3c68dc61d2d0ef24507b94c14adf16,559686,559689,rejected,,rejected,eligible,Will Dwayne 'The Rock' Johnson win the 2028 Democratic presidential nomination?,Will Beto O’Rourke win the 2028 Democratic presidential nomination?,0.3483,0.075,1.0,,,,
7298973fff4901b95d8f5b0c5f82b199,561999,562008,rejected,,rejected,eligible,Will Tom Brady win the 2028 Republican presidential nomination?,Will Pete Hegseth win the 2028 Republican presidential nomination?,0.3483,0.075,1.0,,,,
d1168c77a9191504ecd27db12a0ed45c,559666,559693,rejected,,rejected,eligible,Will Tim Walz win the 2028 Democratic presidential nomination?,Will Ruben Gallego win the 2028 Democratic presidential nomination?,0.3483,0.075,1.0,,,,
801512080097d441e6627e2c6abeebe9,559667,559668,rejected,,rejected,eligible,Will Michelle Obama win the 2028 Democratic presidential nomination?,Will Mark Kelly win the 2028 Democratic presidential nomination?,0.3483,0.075,1.0,,,,
6c62067b6b9c1f33c26a7a8077ce8c3c,559686,559691,rejected,,rejected,eligible,Will Dwayne 'The Rock' Johnson win the 2028 Democratic presidential nomination?,Will Chris Murphy win the 2028 Democratic presidential nomination?,0.3483,0.075,1.0,,,,
054e249b5764a0ed4251ca0474bda699,559661,559686,rejected,,rejected,eligible,Will Jon Ossoff win the 2028 Democratic presidential nomination?,Will Dwayne 'The Rock' Johnson win the 2028 Democratic presidential nomination?,0.3483,0.075,1.0,,,,
0391fa6723f044e147451f87aa0e0d00,559667,559693,rejected,,rejected,eligible,Will Michelle Obama win the 2028 Democratic presidential nomination?,Will Ruben Gallego win the 2028 Democratic presidential nomination?,0.3483,0.075,1.0,,,,
23a7f835c3435314d6ddf6b60e2b170d,559652,559666,rejected,,rejected,eligible,Will Gavin Newsom win the 2028 Democratic presidential nomination?,Will Tim Walz win the 2028 Democratic presidential nomination?,0.3483,0.075,1.0,,,,
53f7c245715810e2a7351e74262dc5f4,559668,559669,rejected,,rejected,eligible,Will Mark Kelly win the 2028 Democratic presidential nomination?,Will Rahm Emanuel win the 2028 Democratic presidential nomination?,0.3483,0.075,1.0,,,,
d0315484301178692363a5672e3aa00c,559668,559671,rejected,,rejected,eligible,Will Mark Kelly win the 2028 Democratic presidential nomination?,Will Zohran Mamdani win the 2028 Democratic presidential nomination?,0.3483,0.075,1.0,,,,
adebad3b5757d7a4190ddcf482ac117f,559662,559683,rejected,,rejected,eligible,Will Mark Cuban win the 2028 Democratic presidential nomination?,Will George Clooney win the 2028 Democratic presidential nomination?,0.3483,0.075,1.0,,,,
53c4c9dc4c74e71208a145f32b50236b,559652,559657,rejected,,rejected,eligible,Will Gavin Newsom win the 2028 Democratic presidential nomination?,Will Stephen A. Smith win the 2028 Democratic presidential nomination?,0.3483,0.075,1.0,,,,
68983514d5447d642165817e6f484052,559652,559669,rejected,,rejected,eligible,Will Gavin Newsom win the 2028 Democratic presidential nomination?,Will Rahm Emanuel win the 2028 Democratic presidential nomination?,0.3483,0.075,1.0,,,,
5f6b7268c951d75e1bd14c0ee2cb0d6d,559662,559666,rejected,,rejected,eligible,Will Mark Cuban win the 2028 Democratic presidential nomination?,Will Tim Walz win the 2028 Democratic presidential nomination?,0.3483,0.075,1.0,,,,
2130e2b495221428aa60c0437f02db43,559662,559667,rejected,,rejected,eligible,Will Mark Cuban win the 2028 Democratic presidential nomination?,Will Michelle Obama win the 2028 Democratic presidential nomination?,0.3483,0.075,1.0,,,,
cff437ed903c3835b154a1407f0e7bf8,559668,559677,rejected,,rejected,eligible,Will Mark Kelly win the 2028 Democratic presidential nomination?,Will Hillary Clinton win the 2028 Democratic presidential nomination?,0.3483,0.075,1.0,,,,
1fa5c3c0652d3b1a12a7c3f3f3c15ebd,559668,559678,rejected,,rejected,eligible,Will Mark Kelly win the 2028 Democratic presidential nomination?,Will Liz Cheney win the 2028 Democratic presidential nomination?,0.3483,0.075,1.0,,,,
45cd4a89e78f7481074b25bb722651bb,559668,559681,rejected,,rejected,eligible,Will Mark Kelly win the 2028 Democratic presidential nomination?,Will LeBron James win the 2028 Democratic presidential nomination?,0.3483,0.075,1.0,,,,
d4a13d610b61d1528f79ae8faf430e48,559652,559671,rejected,,rejected,eligible,Will Gavin Newsom win the 2028 Democratic presidential nomination?,Will Zohran Mamdani win the 2028 Democratic presidential nomination?,0.3483,0.075,1.0,,,,
d64b81b282489a68ede22532a20f83f3,559668,559683,rejected,,rejected,eligible,Will Mark Kelly win the 2028 Democratic presidential nomination?,Will George Clooney win the 2028 Democratic presidential nomination?,0.3483,0.075,1.0,,,,
b00e36add1c1e34dc82d294dc482009c,559662,559671,rejected,,rejected,eligible,Will Mark Cuban win the 2028 Democratic presidential nomination?,Will Zohran Mamdani win the 2028 Democratic presidential nomination?,0.3483,0.075,1.0,,,,
94e2715bcf061495a43f6bed4c2117c8,559668,559684,rejected,,rejected,eligible,Will Mark Kelly win the 2028 Democratic presidential nomination?,Will Chelsea Clinton win the 2028 Democratic presidential nomination?,0.3483,0.075,1.0,,,,
32b4812cc064ff989ded43accc8076e5,559668,559690,rejected,,rejected,eligible,Will Mark Kelly win the 2028 Democratic presidential nomination?,Will Kim Kardashian win the 2028 Democratic presidential nomination?,0.3483,0.075,1.0,,,,
9df82d7de8a197b239dda1807aa1ed07,561985,561999,rejected,,rejected,eligible,Will Brian Kemp win the 2028 Republican presidential nomination?,Will Tom Brady win the 2028 Republican presidential nomination?,0.3483,0.075,1.0,,,,
07cc5bf09f17f63b2c68051a2417a1c3,559669,559693,rejected,,rejected,eligible,Will Rahm Emanuel win the 2028 Democratic presidential nomination?,Will Ruben Gallego win the 2028 Democratic presidential nomination?,0.3483,0.075,1.0,,,,
91bf3046aa961e75dc3fd85cf900b38d,559662,559669,rejected,,rejected,eligible,Will Mark Cuban win the 2028 Democratic presidential nomination?,Will Rahm Emanuel win the 2028 Democratic presidential nomination?,0.3483,0.075,1.0,,,,
cc0af3dd99142bdf1aaaa412d14957a9,561983,561999,rejected,,rejected,eligible,Will Greg Abbott win the 2028 Republican presidential nomination?,Will Tom Brady win the 2028 Republican presidential nomination?,0.3483,0.075,1.0,,,,
1873606d00c9dd8c221bfbaa88f87bdf,559681,559693,rejected,,rejected,eligible,Will LeBron James win the 2028 Democratic presidential nomination?,Will Ruben Gallego win the 2028 Democratic presidential nomination?,0.3483,0.075,1.0,,,,
dd1ea2cec7c06be0c34cc631729ccc02,559652,559677,rejected,,rejected,eligible,Will Gavin Newsom win the 2028 Democratic presidential nomination?,Will Hillary Clinton win the 2028 Democratic presidential nomination?,0.3483,0.075,1.0,,,,
c7c35a9920033f22292865347b83d95a,559671,559693,rejected,,rejected,eligible,Will Zohran Mamdani win the 2028 Democratic presidential nomination?,Will Ruben Gallego win the 2028 Democratic presidential nomination?,0.3483,0.075,1.0,,,,
309e23477e1f7ec7b426eb57acc73e33,559672,559686,rejected,,rejected,eligible,Will Roy Cooper win the 2028 Democratic presidential nomination?,Will Dwayne 'The Rock' Johnson win the 2028 Democratic presidential nomination?,0.3483,0.075,1.0,,,,
18ad330f0280f3dd3787302fbae3d100,559673,559686,rejected,,rejected,eligible,Will John Fetterman win the 2028 Democratic presidential nomination?,Will Dwayne 'The Rock' Johnson win the 2028 Democratic presidential nomination?,0.3483,0.075,1.0,,,,
cf601236afbc291f9aebf1372c1f7445,559674,559686,rejected,,rejected,eligible,Will Jared Polis win the 2028 Democratic presidential nomination?,Will Dwayne 'The Rock' Johnson win the 2028 Democratic presidential nomination?,0.3483,0.075,1.0,,,,
f785a5dfd63fe0b5c0e24d9ea4aafc0b,559690,559693,rejected,,rejected,eligible,Will Kim Kardashian win the 2028 Democratic presidential nomination?,Will Ruben Gallego win the 2028 Democratic presidential nomination?,0.3483,0.075,1.0,,,,
d22728bbab5e4dcf04ed1e623ffe1ddf,559660,559662,rejected,,rejected,eligible,Will Andy Beshear win the 2028 Democratic presidential nomination?,Will Mark Cuban win the 2028 Democratic presidential nomination?,0.3483,0.075,1.0,,,,
be1d07fb43d03c61e92820fef9fed4cd,559675,559686,rejected,,rejected,eligible,Will Jon Stewart win the 2028 Democratic presidential nomination?,Will Dwayne 'The Rock' Johnson win the 2028 Democratic presidential nomination?,0.3483,0.075,1.0,,,,
40994e4a0b6e5cf6ba07070ef8cfc6c7,559660,559668,rejected,,rejected,eligible,Will Andy Beshear win the 2028 Democratic presidential nomination?,Will Mark Kelly win the 2028 Democratic presidential nomination?,0.3483,0.075,1.0,,,,
bedac7baea1fd69c37348ba3fcf056f5,559662,559684,rejected,,rejected,eligible,Will Mark Cuban win the 2028 Democratic presidential nomination?,Will Chelsea Clinton win the 2028 Democratic presidential nomination?,0.3483,0.075,1.0,,,,
1c3a36c415a40eb9190ff2fa75873ead,559676,559686,rejected,,rejected,eligible,Will Barack Obama win the 2028 Democratic presidential nomination?,Will Dwayne 'The Rock' Johnson win the 2028 Democratic presidential nomination?,0.3483,0.075,1.0,,,,
da1c2f67fdc1ab29416b79c3336f574a,559652,559678,rejected,,rejected,eligible,Will Gavin Newsom win the 2028 Democratic presidential nomination?,Will Liz Cheney win the 2028 Democratic presidential nomination?,0.3483,0.075,1.0,,,,
088cf753c5107f95ab05d99b12c0e19b,559663,559668,rejected,,rejected,eligible,Will J.B. Pritzker win the 2028 Democratic presidential nomination?,Will Mark Kelly win the 2028 Democratic presidential nomination?,0.3483,0.075,1.0,,,,
ff458de249873193371824529d4c0abd,559677,559693,rejected,,rejected,eligible,Will Hillary Clinton win the 2028 Democratic presidential nomination?,Will Ruben Gallego win the 2028 Democratic presidential nomination?,0.3483,0.075,1.0,,,,
1254f824997de0a8c09308682ba4aed0,559678,559693,rejected,,rejected,eligible,Will Liz Cheney win the 2028 Democratic presidential nomination?,Will Ruben Gallego win the 2028 Democratic presidential nomination?,0.3483,0.075,1.0,,,,
52890c76b63020438ca80d1006b1cbe7,559679,559686,rejected,,rejected,eligible,Will Bernie Sanders win the 2028 Democratic presidential nomination?,Will Dwayne 'The Rock' Johnson win the 2028 Democratic presidential nomination?,0.3483,0.075,1.0,,,,
d0991acccc4cb836392510e913091611,559680,559686,rejected,,rejected,eligible,Will Phil Murphy win the 2028 Democratic presidential nomination?,Will Dwayne 'The Rock' Johnson win the 2028 Democratic presidential nomination?,0.3483,0.075,1.0,,,,
5e146996076bf83e582615094b2947fa,559662,559663,rejected,,rejected,eligible,Will Mark Cuban win the 2028 Democratic presidential nomination?,Will J.B. Pritzker win the 2028 Democratic presidential nomination?,0.3483,0.075,1.0,,,,
87213cadf421eab06b4745fddf1f568b,559694,559695,rejected,,rejected,eligible,Will Ro Khanna win the 2028 Democratic presidential nomination?,Will James Talarico win the 2028 Democratic presidential nomination?,0.3483,0.075,1.0,,,,
10bf5b2768bb53dccdbfabbb52369a57,559657,559693,rejected,,rejected,eligible,Will Stephen A. Smith win the 2028 Democratic presidential nomination?,Will Ruben Gallego win the 2028 Democratic presidential nomination?,0.3483,0.075,1.0,,,,
cb3e1552a1f8836ce79e0d84fe293071,561973,561999,rejected,,rejected,eligible,Will Donald Trump win the 2028 Republican presidential nomination?,Will Tom Brady win the 2028 Republican presidential nomination?,0.3483,0.075,1.0,,,,
7a1215e214667030071fce58714f9139,561974,562001,rejected,,rejected,eligible,Will J.D. Vance win the 2028 Republican presidential nomination?,Will Steve Bannon win the 2028 Republican presidential nomination?,0.3483,0.075,1.0,,,,
2771c2e427637f60bc7f0a3a67c9fd42,561232,561244,rejected,,rejected,eligible,Will Pete Buttigieg win the 2028 US Presidential Election?,Will Donald Trump Jr. win the 2028 US Presidential Election?,0.3482,0.1,1.0,,,,
6709b75a78866d7008276f2cb951f6e3,559688,559693,rejected,,rejected,eligible,Will Andrew Yang win the 2028 Democratic presidential nomination?,Will Ruben Gallego win the 2028 Democratic presidential nomination?,0.3482,0.15,1.0,,,,
4c2d8420ba82a5df35cea6b40da00ee3,559654,559694,rejected,,rejected,eligible,Will Pete Buttigieg win the 2028 Democratic presidential nomination?,Will Ro Khanna win the 2028 Democratic presidential nomination?,0.3482,0.15,1.0,,,,
d36a35db55708b45befcded5d176933c,561241,561248,rejected,,rejected,eligible,Will JB Pritzker win the 2028 US Presidential Election?,Will Vivek Ramaswamy win the 2028 US Presidential Election?,0.3473,0.1,1.0,,,,
f7adb9efb455d4f08df0eb2ca422687a,561986,562001,rejected,,rejected,eligible,Will Byron Donalds win the 2028 Republican presidential nomination?,Will Steve Bannon win the 2028 Republican presidential nomination?,0.3463,0.1,1.0,,,,
e773e71c963f9dedd4d2e0033f281a79,561987,562001,rejected,,rejected,eligible,Will Elise Stefanik win the 2028 Republican presidential nomination?,Will Steve Bannon win the 2028 Republican presidential nomination?,0.3463,0.1,1.0,,,,
087a3af68ee58cce3de3d3f1904b269b,559653,559686,rejected,,rejected,eligible,Will Alexandria Ocasio-Cortez win the 2028 Democratic presidential nomination?,Will Dwayne 'The Rock' Johnson win the 2028 Democratic presidential nomination?,0.3463,0.1,1.0,,,,
3dc36eabc48081b433cdcd8a961cf57e,561988,562001,rejected,,rejected,eligible,Will Josh Hawley win the 2028 Republican presidential nomination?,Will Steve Bannon win the 2028 Republican presidential nomination?,0.3463,0.1,1.0,,,,
7f5a87cdb121e20e1943b3508941f235,561989,562001,rejected,,rejected,eligible,Will Ted Cruz win the 2028 Republican presidential nomination?,Will Steve Bannon win the 2028 Republican presidential nomination?,0.3463,0.1,1.0,,,,
a9d1a696d715cda278f440a1e9bf996d,561993,562001,rejected,,rejected,eligible,Will John Thune win the 2028 Republican presidential nomination?,Will Steve Bannon win the 2028 Republican presidential nomination?,0.3463,0.1,1.0,,,,
691b011e2bdc16d49786a4456d19fa4c,561994,562001,rejected,,rejected,ineligible,Will Kristi Noem win the 2028 Republican presidential nomination?,Will Steve Bannon win the 2028 Republican presidential nomination?,0.3463,0.1,1.0,,,,
e5e38eaf234bdc64d06b8a498386666c,561977,561999,rejected,,rejected,eligible,Will Glenn Youngkin win the 2028 Republican presidential nomination?,Will Tom Brady win the 2028 Republican presidential nomination?,0.3463,0.1,1.0,,,,
00b3ac7d99ebbeb359dfcde68868d509,561998,562001,rejected,,rejected,eligible,Will Ivanka Trump win the 2028 Republican presidential nomination?,Will Steve Bannon win the 2028 Republican presidential nomination?,0.3463,0.1,1.0,,,,
afdedb236db6660783dcd3f983a22f72,559686,559695,rejected,,rejected,eligible,Will Dwayne 'The Rock' Johnson win the 2028 Democratic presidential nomination?,Will James Talarico win the 2028 Democratic presidential nomination?,0.3463,0.1,1.0,,,,
4145dcb1a702f8c1765311029dea88f5,561980,562001,rejected,,rejected,eligible,Will Nikki Haley win the 2028 Republican presidential nomination?,Will Steve Bannon win the 2028 Republican presidential nomination?,0.3463,0.1,1.0,,,,
26716f9df134d0fb4b9681685a247d1f,561981,562001,rejected,,rejected,eligible,Will Vivek Ramaswamy win the 2028 Republican presidential nomination?,Will Steve Bannon win the 2028 Republican presidential nomination?,0.3463,0.1,1.0,,,,
970525e3711aed8db8820e6fcda3fd18,561990,562001,rejected,,rejected,eligible,Will Elon Musk win the 2028 Republican presidential nomination?,Will Steve Bannon win the 2028 Republican presidential nomination?,0.3463,0.1,1.0,,,,
f7a569b8d682d65bc63ea0b2be43fb6c,562001,562007,rejected,,rejected,eligible,Will Steve Bannon win the 2028 Republican presidential nomination?,Will Joe Kent win the 2028 Republican presidential nomination?,0.3463,0.1,1.0,,,,
1bd87d29f64ab07508e522bf27b157a4,561991,562001,rejected,,rejected,eligible,Will Matt Gaetz win the 2028 Republican presidential nomination?,Will Steve Bannon win the 2028 Republican presidential nomination?,0.3463,0.1,1.0,,,,
818c9e6366874519507a6d66b3043e07,561979,562001,rejected,,rejected,eligible,Will Ron DeSantis win the 2028 Republican presidential nomination?,Will Steve Bannon win the 2028 Republican presidential nomination?,0.3463,0.1,1.0,,,,
14827dfcf4617713cb41e7b886330ad1,561975,562001,rejected,,rejected,eligible,Will Marco Rubio win the 2028 Republican presidential nomination?,Will Steve Bannon win the 2028 Republican presidential nomination?,0.3463,0.1,1.0,,,,
0229e5e0e05c4f2246157d57c6ad782d,561992,562001,rejected,,rejected,eligible,Will Katie Britt win the 2028 Republican presidential nomination?,Will Steve Bannon win the 2028 Republican presidential nomination?,0.3463,0.1,1.0,,,,
2907f209dac17206145eeec68202e471,561255,561262,rejected,,rejected,eligible,Will Ivanka Trump win the 2028 US Presidential Election?,Will James Talarico win the 2028 US Presidential Election?,0.3459,0.1,1.0,,,,
27f281dd3e5bc99f406fd149603c061e,561243,561262,rejected,,rejected,eligible,Will Donald Trump win the 2028 US Presidential Election?,Will James Talarico win the 2028 US Presidential Election?,0.3459,0.1,1.0,,,,
acbfc139d398f3d4b1eee8f28c58e257,561262,561263,rejected,,rejected,ineligible,Will James Talarico win the 2028 US Presidential Election?,Will Eric Trump win the 2028 US Presidential Election?,0.3459,0.1,1.0,,,,
955fb59c307c2a81f505635fba37e2a7,561248,561262,rejected,,rejected,eligible,Will Vivek Ramaswamy win the 2028 US Presidential Election?,Will James Talarico win the 2028 US Presidential Election?,0.3457,0.1,1.0,,,,
7e196c9cbf9fd7930dfcbf324ce82ebd,540817,540818,rejected,,rejected,eligible,New Rihanna Album before GTA VI?,New Playboi Carti Album before GTA VI?,0.3453,0.06,1.0,,,,
fd91a9a4b827e501392b74190d729329,561976,561999,rejected,,rejected,eligible,Will Tulsi Gabbard win the 2028 Republican presidential nomination?,Will Tom Brady win the 2028 Republican presidential nomination?,0.345,0.075,1.0,,,,
c5bbd2f12fa85726d2a93628362869b0,559663,559688,rejected,,rejected,eligible,Will J.B. Pritzker win the 2028 Democratic presidential nomination?,Will Andrew Yang win the 2028 Democratic presidential nomination?,0.345,0.075,1.0,,,,
e51801770e797553f9ae2614cbbb21d1,561235,561264,rejected,,rejected,ineligible,Will Wes Moore win the 2028 US Presidential Election?,Will Pete Hegseth win the 2028 US Presidential Election?,0.345,0.1,1.0,,,,
95b6c8c450c22d65875adae0e01a360c,561246,561258,rejected,,rejected,eligible,Will Ron DeSantis win the 2028 US Presidential Election?,Will Jamie Dimon win the 2028 US Presidential Election?,0.345,0.1,1.0,,,,
54774c982bd4684a0d02c315d988b6a8,561261,561264,rejected,,rejected,ineligible,Will Jon Ossoff win the 2028 US Presidential Election?,Will Pete Hegseth win the 2028 US Presidential Election?,0.345,0.1,1.0,,,,
38bac223dad876ebecfc3810753181ed,561231,561259,rejected,,rejected,eligible,Will Alexandria Ocasio-Cortez win the 2028 US Presidential Election?,Will Ro Khanna win the 2028 US Presidential Election?,0.345,0.1,1.0,,,,
7c5a9a4fcac8f1ff1d20cef607338e53,559654,559685,rejected,,rejected,eligible,Will Pete Buttigieg win the 2028 Democratic presidential nomination?,Will MrBeast win the 2028 Democratic presidential nomination?,0.3443,0.15,1.0,,,,
69b2b19b77eafdfd324bebdbcf460d03,559656,559688,rejected,,rejected,eligible,Will Wes Moore win the 2028 Democratic presidential nomination?,Will Andrew Yang win the 2028 Democratic presidential nomination?,0.3443,0.15,1.0,,,,
1cec539cb8a7ba0cf24f9f5e089af5ad,559658,559688,rejected,,rejected,eligible,Will Kamala Harris win the 2028 Democratic presidential nomination?,Will Andrew Yang win the 2028 Democratic presidential nomination?,0.3443,0.15,1.0,,,,
b623f3714fd5d3cab9fefcdf86e22aa1,559659,559688,rejected,,rejected,eligible,Will Gretchen Whitmer win the 2028 Democratic presidential nomination?,Will Andrew Yang win the 2028 Democratic presidential nomination?,0.3443,0.15,1.0,,,,
64d5dfe0f0c0387e6f96c083a7a52be6,559665,559688,rejected,,rejected,eligible,Will Cory Booker win the 2028 Democratic presidential nomination?,Will Andrew Yang win the 2028 Democratic presidential nomination?,0.3443,0.15,1.0,,,,
e2efb40383a939e8c807c2f085ff5cef,559661,559688,rejected,,rejected,eligible,Will Jon Ossoff win the 2028 Democratic presidential nomination?,Will Andrew Yang win the 2028 Democratic presidential nomination?,0.3443,0.15,1.0,,,,
e65dca8270cab117ae95b5b4d8b11a1a,559687,559688,rejected,,rejected,eligible,Will Oprah Winfrey win the 2028 Democratic presidential nomination?,Will Andrew Yang win the 2028 Democratic presidential nomination?,0.3443,0.15,1.0,,,,
79cd5985998b73bd48b53309382ae01c,559682,559688,rejected,,rejected,eligible,Will Hunter Biden win the 2028 Democratic presidential nomination?,Will Andrew Yang win the 2028 Democratic presidential nomination?,0.3443,0.15,1.0,,,,
124f3e441d45a45a36051f9058e22283,559688,559689,rejected,,rejected,eligible,Will Andrew Yang win the 2028 Democratic presidential nomination?,Will Beto O’Rourke win the 2028 Democratic presidential nomination?,0.3443,0.15,1.0,,,,
68163aa6c8884b85cf01a5d2445e69a6,559688,559691,rejected,,rejected,eligible,Will Andrew Yang win the 2028 Democratic presidential nomination?,Will Chris Murphy win the 2028 Democratic presidential nomination?,0.3443,0.15,1.0,,,,
9b9302714b99eebc0d366e7c5d5e09ed,559670,559688,rejected,,rejected,eligible,Will Gina Raimondo win the 2028 Democratic presidential nomination?,Will Andrew Yang win the 2028 Democratic presidential nomination?,0.3443,0.15,1.0,,,,
09f678bffffd3d2fa9bc51ad4eac4e9f,559672,559688,rejected,,rejected,eligible,Will Roy Cooper win the 2028 Democratic presidential nomination?,Will Andrew Yang win the 2028 Democratic presidential nomination?,0.3443,0.15,1.0,,,,
5b2b2c950810aaf01e8c813ab39108bc,559673,559688,rejected,,rejected,eligible,Will John Fetterman win the 2028 Democratic presidential nomination?,Will Andrew Yang win the 2028 Democratic presidential nomination?,0.3443,0.15,1.0,,,,
f7660d56070f635d1b057b1277e3559c,559674,559688,rejected,,rejected,eligible,Will Jared Polis win the 2028 Democratic presidential nomination?,Will Andrew Yang win the 2028 Democratic presidential nomination?,0.3443,0.15,1.0,,,,
d7cdf166670b2afa34d5446054a60d2f,559675,559688,rejected,,rejected,eligible,Will Jon Stewart win the 2028 Democratic presidential nomination?,Will Andrew Yang win the 2028 Democratic presidential nomination?,0.3443,0.15,1.0,,,,
3c8727acbe3ec5c69086730a9ffab975,559676,559688,rejected,,rejected,eligible,Will Barack Obama win the 2028 Democratic presidential nomination?,Will Andrew Yang win the 2028 Democratic presidential nomination?,0.3443,0.15,1.0,,,,
f00779787f318a991b0cdc7bb6a21579,559679,559688,rejected,,rejected,eligible,Will Bernie Sanders win the 2028 Democratic presidential nomination?,Will Andrew Yang win the 2028 Democratic presidential nomination?,0.3443,0.15,1.0,,,,
679842db2dc21b840355f27933de54cb,559680,559688,rejected,,rejected,eligible,Will Phil Murphy win the 2028 Democratic presidential nomination?,Will Andrew Yang win the 2028 Democratic presidential nomination?,0.3443,0.15,1.0,,,,
7e72a5dc009aed8be94f216ddfc3c314,561229,561234,rejected,,rejected,eligible,Will JD Vance win the 2028 US Presidential Election?,Will Marco Rubio win the 2028 US Presidential Election?,0.3438,0.1,1.0,,,,
298246066370d39553c1f46d5e7a0aae,561254,561264,rejected,,rejected,ineligible,Will Kim Kardashian win the 2028 US Presidential Election?,Will Pete Hegseth win the 2028 US Presidential Election?,0.3431,0.1,1.0,,,,
4b8aadbb4499e3e217af15bec14116ec,559654,559662,rejected,,rejected,eligible,Will Pete Buttigieg win the 2028 Democratic presidential nomination?,Will Mark Cuban win the 2028 Democratic presidential nomination?,0.343,0.15,1.0,,,,
7951ce3374f78c16119098aeb0072498,559654,559668,rejected,,rejected,eligible,Will Pete Buttigieg win the 2028 Democratic presidential nomination?,Will Mark Kelly win the 2028 Democratic presidential nomination?,0.343,0.15,1.0,,,,
7dc44d581a88ff0a91c39e4a2cd6d15f,561245,561246,rejected,,rejected,eligible,Will Nikki Haley win the 2028 US Presidential Election?,Will Ron DeSantis win the 2028 US Presidential Election?,0.3426,0.1,1.0,,,,
c0f6039bf140abdf6f673defb17743ef,561244,561258,rejected,,rejected,eligible,Will Donald Trump Jr. win the 2028 US Presidential Election?,Will Jamie Dimon win the 2028 US Presidential Election?,0.3422,0.1,1.0,,,,
d8c917175f95af0cdbc829fb759c2835,561257,561261,rejected,,rejected,eligible,Will Michelle Obama win the 2028 US Presidential Election?,Will Jon Ossoff win the 2028 US Presidential Election?,0.3422,0.1,1.0,,,,
70a986c826fbd65f68afeced88cc9bdf,561235,561257,rejected,,rejected,eligible,Will Wes Moore win the 2028 US Presidential Election?,Will Michelle Obama win the 2028 US Presidential Election?,0.3422,0.1,1.0,,,,
8c7d36cac8b8081f1661048c02dea734,559693,561976,rejected,,rejected,eligible,Will Ruben Gallego win the 2028 Democratic presidential nomination?,Will Tulsi Gabbard win the 2028 Republican presidential nomination?,0.342,0.06,1.0,,,,
f112d65fb78c83f1a3cd76cc6645b818,561243,561258,rejected,,rejected,eligible,Will Donald Trump win the 2028 US Presidential Election?,Will Jamie Dimon win the 2028 US Presidential Election?,0.3414,0.1,1.0,,,,
4f4906102a704953216d054b21be38d7,561253,561259,rejected,,rejected,eligible,Will Tucker Carlson win the 2028 US Presidential Election?,Will Ro Khanna win the 2028 US Presidential Election?,0.3414,0.1,1.0,,,,
cb827d5ad7e302f2d2405ef5ee932d5d,561246,561263,rejected,,rejected,ineligible,Will Ron DeSantis win the 2028 US Presidential Election?,Will Eric Trump win the 2028 US Presidential Election?,0.3414,0.1,1.0,,,,
bade294f6ed986b85c92c3c8e07a6333,561243,561246,rejected,,rejected,eligible,Will Donald Trump win the 2028 US Presidential Election?,Will Ron DeSantis win the 2028 US Presidential Election?,0.3414,0.1,1.0,,,,
43be8018d17e08e28eafb3310aa92a05,561246,561255,rejected,,rejected,eligible,Will Ron DeSantis win the 2028 US Presidential Election?,Will Ivanka Trump win the 2028 US Presidential Election?,0.3414,0.1,1.0,,,,
ff44b3f56b9d848add7f7c15da904e11,561258,561263,rejected,,rejected,ineligible,Will Jamie Dimon win the 2028 US Presidential Election?,Will Eric Trump win the 2028 US Presidential Election?,0.3414,0.1,1.0,,,,
7bd5024c3af4439cb2fa240eddbcf095,561255,561258,rejected,,rejected,eligible,Will Ivanka Trump win the 2028 US Presidential Election?,Will Jamie Dimon win the 2028 US Presidential Election?,0.3414,0.1,1.0,,,,
d218bfc729cc822ab788e6cc22ab4300,559661,561983,rejected,,rejected,eligible,Will Jon Ossoff win the 2028 Democratic presidential nomination?,Will Greg Abbott win the 2028 Republican presidential nomination?,0.3414,0.06,1.0,,,,
8513495e517436aa94bd0cc9f271586f,559659,561985,rejected,,rejected,eligible,Will Gretchen Whitmer win the 2028 Democratic presidential nomination?,Will Brian Kemp win the 2028 Republican presidential nomination?,0.3414,0.06,1.0,,,,
dc37a6b93828f12d5fad5633db3aebe9,559679,561973,rejected,,rejected,eligible,Will Bernie Sanders win the 2028 Democratic presidential nomination?,Will Donald Trump win the 2028 Republican presidential nomination?,0.3414,0.06,1.0,,,,
5d14c8f94b87f2bf563d9a8ceac8881a,559691,561983,rejected,,rejected,eligible,Will Chris Murphy win the 2028 Democratic presidential nomination?,Will Greg Abbott win the 2028 Republican presidential nomination?,0.3414,0.06,1.0,,,,
e3a585944b3e6c9f0f0ad393cf4158d8,559679,561983,rejected,,rejected,eligible,Will Bernie Sanders win the 2028 Democratic presidential nomination?,Will Greg Abbott win the 2028 Republican presidential nomination?,0.3414,0.06,1.0,,,,
5a1a3852d31df9b89fa6a37fdae0fd31,559691,561985,rejected,,rejected,eligible,Will Chris Murphy win the 2028 Democratic presidential nomination?,Will Brian Kemp win the 2028 Republican presidential nomination?,0.3414,0.06,1.0,,,,
00cb41185bdb2537d753332b092a0b20,559691,561995,rejected,,rejected,eligible,Will Chris Murphy win the 2028 Democratic presidential nomination?,Will Mike Pence win the 2028 Republican presidential nomination?,0.3414,0.06,1.0,,,,
c6e70c0858c8a93205fe1312af585fde,559691,561996,rejected,,rejected,eligible,Will Chris Murphy win the 2028 Democratic presidential nomination?,Will Tucker Carlson win the 2028 Republican presidential nomination?,0.3414,0.06,1.0,,,,
cc2cea71cb8eb5530266b06c09b2fe83,559679,561985,rejected,,rejected,eligible,Will Bernie Sanders win the 2028 Democratic presidential nomination?,Will Brian Kemp win the 2028 Republican presidential nomination?,0.3414,0.06,1.0,,,,
8048174dee630fb43836c7f1ad9b1987,559661,561985,rejected,,rejected,eligible,Will Jon Ossoff win the 2028 Democratic presidential nomination?,Will Brian Kemp win the 2028 Republican presidential nomination?,0.3414,0.06,1.0,,,,
53922cbeab0dddfb48eae01bfc8418a2,559679,561995,rejected,,rejected,eligible,Will Bernie Sanders win the 2028 Democratic presidential nomination?,Will Mike Pence win the 2028 Republican presidential nomination?,0.3414,0.06,1.0,,,,
60b3df5726d2e3e123844215eb2cd5f2,559694,561974,rejected,,rejected,eligible,Will Ro Khanna win the 2028 Democratic presidential nomination?,Will J.D. Vance win the 2028 Republican presidential nomination?,0.3414,0.06,1.0,,,,
7466a062f23e1fbe15d77b385b16926b,559661,561973,rejected,,rejected,eligible,Will Jon Ossoff win the 2028 Democratic presidential nomination?,Will Donald Trump win the 2028 Republican presidential nomination?,0.3414,0.06,1.0,,,,
363961ff80896dcb95ff1ec9702e405c,559679,561996,rejected,,rejected,eligible,Will Bernie Sanders win the 2028 Democratic presidential nomination?,Will Tucker Carlson win the 2028 Republican presidential nomination?,0.3414,0.06,1.0,,,,
d83b1c3d65d007a3e05783e1c4557eb7,559687,561996,rejected,,rejected,eligible,Will Oprah Winfrey win the 2028 Democratic presidential nomination?,Will Tucker Carlson win the 2028 Republican presidential nomination?,0.3414,0.06,1.0,,,,
3dbc4b7c952949630122b6b28afb1a3b,559680,561973,rejected,,rejected,eligible,Will Phil Murphy win the 2028 Democratic presidential nomination?,Will Donald Trump win the 2028 Republican presidential nomination?,0.3414,0.06,1.0,,,,
1e41b9f5d92ca312e607b045b6b80d67,559656,561973,rejected,,rejected,eligible,Will Wes Moore win the 2028 Democratic presidential nomination?,Will Donald Trump win the 2028 Republican presidential nomination?,0.3414,0.06,1.0,,,,
8b0f75289b2ccc5ff9faa5c5371f576d,559656,561983,rejected,,rejected,eligible,Will Wes Moore win the 2028 Democratic presidential nomination?,Will Greg Abbott win the 2028 Republican presidential nomination?,0.3414,0.06,1.0,,,,
8f3ca4a236e548b42eaa9c3ed64e69b7,559680,561983,rejected,,rejected,eligible,Will Phil Murphy win the 2028 Democratic presidential nomination?,Will Greg Abbott win the 2028 Republican presidential nomination?,0.3414,0.06,1.0,,,,
472442a89ccc49fe7cef48f724aa0451,559656,561985,rejected,,rejected,eligible,Will Wes Moore win the 2028 Democratic presidential nomination?,Will Brian Kemp win the 2028 Republican presidential nomination?,0.3414,0.06,1.0,,,,
569d76aebaa1224ca0fc29a760b7b5e5,559656,561995,rejected,,rejected,eligible,Will Wes Moore win the 2028 Democratic presidential nomination?,Will Mike Pence win the 2028 Republican presidential nomination?,0.3414,0.06,1.0,,,,
5c8174f310383b5faf5d7dc73bc54c4d,559687,561995,rejected,,rejected,eligible,Will Oprah Winfrey win the 2028 Democratic presidential nomination?,Will Mike Pence win the 2028 Republican presidential nomination?,0.3414,0.06,1.0,,,,
e17b473dca38978a59689bd11f496d53,559658,561973,rejected,,rejected,eligible,Will Kamala Harris win the 2028 Democratic presidential nomination?,Will Donald Trump win the 2028 Republican presidential nomination?,0.3414,0.06,1.0,,,,
06500b3e5048ef4f6589ccba07a9a895,559680,561995,rejected,,rejected,eligible,Will Phil Murphy win the 2028 Democratic presidential nomination?,Will Mike Pence win the 2028 Republican presidential nomination?,0.3414,0.06,1.0,,,,
3eb1ef4e627e4aa8b1cbda3b84add518,559658,561983,rejected,,rejected,eligible,Will Kamala Harris win the 2028 Democratic presidential nomination?,Will Greg Abbott win the 2028 Republican presidential nomination?,0.3414,0.06,1.0,,,,
0f8d4e295c0710d07348b2486f39ba56,559680,561996,rejected,,rejected,eligible,Will Phil Murphy win the 2028 Democratic presidential nomination?,Will Tucker Carlson win the 2028 Republican presidential nomination?,0.3414,0.06,1.0,,,,
d1d019b0c78bc359ef27f11f56d4ed42,559658,561985,rejected,,rejected,eligible,Will Kamala Harris win the 2028 Democratic presidential nomination?,Will Brian Kemp win the 2028 Republican presidential nomination?,0.3414,0.06,1.0,,,,
ba1e51322800c877a86c534b05d219ec,559658,561995,rejected,,rejected,eligible,Will Kamala Harris win the 2028 Democratic presidential nomination?,Will Mike Pence win the 2028 Republican presidential nomination?,0.3414,0.06,1.0,,,,
4a305a60a091c49bad8bcba80a26638a,559659,561973,rejected,,rejected,eligible,Will Gretchen Whitmer win the 2028 Democratic presidential nomination?,Will Donald Trump win the 2028 Republican presidential nomination?,0.3414,0.06,1.0,,,,
633b708a1873aab37b8d0a6195522eb9,559665,561973,rejected,,rejected,eligible,Will Cory Booker win the 2028 Democratic presidential nomination?,Will Donald Trump win the 2028 Republican presidential nomination?,0.3414,0.06,1.0,,,,
1b022b4d40f5962dbfa1444f9307e36d,559665,561983,rejected,,rejected,eligible,Will Cory Booker win the 2028 Democratic presidential nomination?,Will Greg Abbott win the 2028 Republican presidential nomination?,0.3414,0.06,1.0,,,,
3d5a568ff0ec3f085a823866de6be90c,559659,561983,rejected,,rejected,eligible,Will Gretchen Whitmer win the 2028 Democratic presidential nomination?,Will Greg Abbott win the 2028 Republican presidential nomination?,0.3414,0.06,1.0,,,,
32be523180a8b179679e28028efe0d39,559665,561985,rejected,,rejected,eligible,Will Cory Booker win the 2028 Democratic presidential nomination?,Will Brian Kemp win the 2028 Republican presidential nomination?,0.3414,0.06,1.0,,,,
9e7d91b8941eda89f179b63e0e73ff1f,559665,561995,rejected,,rejected,eligible,Will Cory Booker win the 2028 Democratic presidential nomination?,Will Mike Pence win the 2028 Republican presidential nomination?,0.3414,0.06,1.0,,,,
504580b7cb093616747c53c55dbd4888,559665,561996,rejected,,rejected,eligible,Will Cory Booker win the 2028 Democratic presidential nomination?,Will Tucker Carlson win the 2028 Republican presidential nomination?,0.3414,0.06,1.0,,,,
d4b33c6be9788186659e42193afdb9c6,559682,561973,rejected,,rejected,eligible,Will Hunter Biden win the 2028 Democratic presidential nomination?,Will Donald Trump win the 2028 Republican presidential nomination?,0.3414,0.06,1.0,,,,
f1f137949700ef07a0365449c7875f63,559659,561995,rejected,,rejected,eligible,Will Gretchen Whitmer win the 2028 Democratic presidential nomination?,Will Mike Pence win the 2028 Republican presidential nomination?,0.3414,0.06,1.0,,,,
e86aaaf4afcdfcf70d51e0802a5a99da,559689,561973,rejected,,rejected,eligible,Will Beto O’Rourke win the 2028 Democratic presidential nomination?,Will Donald Trump win the 2028 Republican presidential nomination?,0.3414,0.06,1.0,,,,
9b058642a1fb62803ef3fd4de3c354c0,559682,561983,rejected,,rejected,eligible,Will Hunter Biden win the 2028 Democratic presidential nomination?,Will Greg Abbott win the 2028 Republican presidential nomination?,0.3414,0.06,1.0,,,,
d7a9d78b7803da36e5bfc60141a6ebf6,559682,561985,rejected,,rejected,eligible,Will Hunter Biden win the 2028 Democratic presidential nomination?,Will Brian Kemp win the 2028 Republican presidential nomination?,0.3414,0.06,1.0,,,,
b06ca783b1ff45e32231b404d22869ce,559689,561983,rejected,,rejected,eligible,Will Beto O’Rourke win the 2028 Democratic presidential nomination?,Will Greg Abbott win the 2028 Republican presidential nomination?,0.3414,0.06,1.0,,,,
77800e5acdf8f32753b6770cd7419eac,559682,561995,rejected,,rejected,eligible,Will Hunter Biden win the 2028 Democratic presidential nomination?,Will Mike Pence win the 2028 Republican presidential nomination?,0.3414,0.06,1.0,,,,
4934391585d85efe532e61b9c393d10d,559670,561973,rejected,,rejected,eligible,Will Gina Raimondo win the 2028 Democratic presidential nomination?,Will Donald Trump win the 2028 Republican presidential nomination?,0.3414,0.06,1.0,,,,
b62cf02950057a7cd858b67504fa2617,559682,561996,rejected,,rejected,eligible,Will Hunter Biden win the 2028 Democratic presidential nomination?,Will Tucker Carlson win the 2028 Republican presidential nomination?,0.3414,0.06,1.0,,,,
66055fc19868163569c30d607c1d1771,559670,561983,rejected,,rejected,eligible,Will Gina Raimondo win the 2028 Democratic presidential nomination?,Will Greg Abbott win the 2028 Republican presidential nomination?,0.3414,0.06,1.0,,,,
3d618f20834883d30ee7ec1347f471d8,559661,561995,rejected,,rejected,eligible,Will Jon Ossoff win the 2028 Democratic presidential nomination?,Will Mike Pence win the 2028 Republican presidential nomination?,0.3414,0.06,1.0,,,,
cfa91361d53769fd71c272a677fe9359,559670,561985,rejected,,rejected,eligible,Will Gina Raimondo win the 2028 Democratic presidential nomination?,Will Brian Kemp win the 2028 Republican presidential nomination?,0.3414,0.06,1.0,,,,
4144633e61a47e95baef92af3096bee7,559670,561995,rejected,,rejected,eligible,Will Gina Raimondo win the 2028 Democratic presidential nomination?,Will Mike Pence win the 2028 Republican presidential nomination?,0.3414,0.06,1.0,,,,
2fe28ddecb5c4dcfdde2984e12427d57,559670,561996,rejected,,rejected,eligible,Will Gina Raimondo win the 2028 Democratic presidential nomination?,Will Tucker Carlson win the 2028 Republican presidential nomination?,0.3414,0.06,1.0,,,,
9542efbbd2c7895e574df89b125cb1dd,559689,561996,rejected,,rejected,eligible,Will Beto O’Rourke win the 2028 Democratic presidential nomination?,Will Tucker Carlson win the 2028 Republican presidential nomination?,0.3414,0.06,1.0,,,,
e21964955da1d460578a1fb29a114449,559672,561973,rejected,,rejected,eligible,Will Roy Cooper win the 2028 Democratic presidential nomination?,Will Donald Trump win the 2028 Republican presidential nomination?,0.3414,0.06,1.0,,,,
c07303eb245b72f0f1dbd2d9df1f8069,559685,561982,rejected,,rejected,eligible,Will MrBeast win the 2028 Democratic presidential nomination?,Will Sarah Huckabee Sanders win the 2028 Republican presidential nomination?,0.3414,0.06,1.0,,,,
09f19f193ada829c9f35c46acde2c8a5,559672,561983,rejected,,rejected,eligible,Will Roy Cooper win the 2028 Democratic presidential nomination?,Will Greg Abbott win the 2028 Republican presidential nomination?,0.3414,0.06,1.0,,,,
6d40488afc196fa89b7e8e45d27b795f,559687,561985,rejected,,rejected,eligible,Will Oprah Winfrey win the 2028 Democratic presidential nomination?,Will Brian Kemp win the 2028 Republican presidential nomination?,0.3414,0.06,1.0,,,,
a692ae0dfff09133a6ea4f02f4fd2c31,559672,561985,rejected,,rejected,eligible,Will Roy Cooper win the 2028 Democratic presidential nomination?,Will Brian Kemp win the 2028 Republican presidential nomination?,0.3414,0.06,1.0,,,,
417b03d027a7e112ca0d98b718f3a3fe,559672,561995,rejected,,rejected,eligible,Will Roy Cooper win the 2028 Democratic presidential nomination?,Will Mike Pence win the 2028 Republican presidential nomination?,0.3414,0.06,1.0,,,,
b5900fa99fd57583083b9c59fec39780,559672,561996,rejected,,rejected,eligible,Will Roy Cooper win the 2028 Democratic presidential nomination?,Will Tucker Carlson win the 2028 Republican presidential nomination?,0.3414,0.06,1.0,,,,
e215c252fd396e168494ff7bb1fa9dd4,559673,561973,rejected,,rejected,eligible,Will John Fetterman win the 2028 Democratic presidential nomination?,Will Donald Trump win the 2028 Republican presidential nomination?,0.3414,0.06,1.0,,,,
9225debf8ad572f66d53e642c5b49b8f,559691,561973,rejected,,rejected,eligible,Will Chris Murphy win the 2028 Democratic presidential nomination?,Will Donald Trump win the 2028 Republican presidential nomination?,0.3414,0.06,1.0,,,,
4a452b4df7e89c2a34c7c7f20a3c51fb,559673,561983,rejected,,rejected,eligible,Will John Fetterman win the 2028 Democratic presidential nomination?,Will Greg Abbott win the 2028 Republican presidential nomination?,0.3414,0.06,1.0,,,,
3c85ac9ae1de6dba66de08013bf163ef,559673,561985,rejected,,rejected,eligible,Will John Fetterman win the 2028 Democratic presidential nomination?,Will Brian Kemp win the 2028 Republican presidential nomination?,0.3414,0.06,1.0,,,,
6b69233dd148dbde01dfbe6365a78d2c,559673,561995,rejected,,rejected,eligible,Will John Fetterman win the 2028 Democratic presidential nomination?,Will Mike Pence win the 2028 Republican presidential nomination?,0.3414,0.06,1.0,,,,
56e94f8ecd9c6c921a050d6fcd73f98c,559673,561996,rejected,,rejected,eligible,Will John Fetterman win the 2028 Democratic presidential nomination?,Will Tucker Carlson win the 2028 Republican presidential nomination?,0.3414,0.06,1.0,,,,
850459c5ee4035e440fc6bb11d88eb60,559674,561973,rejected,,rejected,eligible,Will Jared Polis win the 2028 Democratic presidential nomination?,Will Donald Trump win the 2028 Republican presidential nomination?,0.3414,0.06,1.0,,,,
7b486a97c57a7254fbfe86e67e28b009,559676,561996,rejected,,rejected,eligible,Will Barack Obama win the 2028 Democratic presidential nomination?,Will Tucker Carlson win the 2028 Republican presidential nomination?,0.3414,0.06,1.0,,,,
a55eeeb5c1bcdbe665774551501c6389,559674,561983,rejected,,rejected,eligible,Will Jared Polis win the 2028 Democratic presidential nomination?,Will Greg Abbott win the 2028 Republican presidential nomination?,0.3414,0.06,1.0,,,,
aa3072b82323e29abeebf77a06244789,559685,561984,rejected,,rejected,eligible,Will MrBeast win the 2028 Democratic presidential nomination?,Will Robert F. Kennedy Jr. win the 2028 Republican presidential nomination?,0.3414,0.06,1.0,,,,
4b16d2962913777a3ffff9351b404678,559674,561985,rejected,,rejected,eligible,Will Jared Polis win the 2028 Democratic presidential nomination?,Will Brian Kemp win the 2028 Republican presidential nomination?,0.3414,0.06,1.0,,,,
f5f42b06223a4448e67a59003e7751f9,559674,561995,rejected,,rejected,eligible,Will Jared Polis win the 2028 Democratic presidential nomination?,Will Mike Pence win the 2028 Republican presidential nomination?,0.3414,0.06,1.0,,,,
c4e58ab54ea5e1b2a0c5f69a8cfef4a4,559674,561996,rejected,,rejected,eligible,Will Jared Polis win the 2028 Democratic presidential nomination?,Will Tucker Carlson win the 2028 Republican presidential nomination?,0.3414,0.06,1.0,,,,
bd9261679f1793e04d3fcd8cbf1b7988,559675,561973,rejected,,rejected,eligible,Will Jon Stewart win the 2028 Democratic presidential nomination?,Will Donald Trump win the 2028 Republican presidential nomination?,0.3414,0.06,1.0,,,,
45cc896a36001865bda71cb9b98a9e4f,559689,561985,rejected,,rejected,eligible,Will Beto O’Rourke win the 2028 Democratic presidential nomination?,Will Brian Kemp win the 2028 Republican presidential nomination?,0.3414,0.06,1.0,,,,
0d5fea8908c44d2ed72212a214c93fd4,559675,561983,rejected,,rejected,eligible,Will Jon Stewart win the 2028 Democratic presidential nomination?,Will Greg Abbott win the 2028 Republican presidential nomination?,0.3414,0.06,1.0,,,,
f5dee09c6a72a33597809c9b66a70930,559687,561973,rejected,,rejected,eligible,Will Oprah Winfrey win the 2028 Democratic presidential nomination?,Will Donald Trump win the 2028 Republican presidential nomination?,0.3414,0.06,1.0,,,,
4875a2e8938f9500f82bcb281d85103e,559675,561985,rejected,,rejected,eligible,Will Jon Stewart win the 2028 Democratic presidential nomination?,Will Brian Kemp win the 2028 Republican presidential nomination?,0.3414,0.06,1.0,,,,
a71b7c044dc7d947e5e9f9565b8d47d4,559675,561995,rejected,,rejected,eligible,Will Jon Stewart win the 2028 Democratic presidential nomination?,Will Mike Pence win the 2028 Republican presidential nomination?,0.3414,0.06,1.0,,,,
be00f5aa16f8882942628ba8b19af0c8,559675,561996,rejected,,rejected,eligible,Will Jon Stewart win the 2028 Democratic presidential nomination?,Will Tucker Carlson win the 2028 Republican presidential nomination?,0.3414,0.06,1.0,,,,
e0caf25beac035ffea57cd20282ecd3b,559676,561973,rejected,,rejected,eligible,Will Barack Obama win the 2028 Democratic presidential nomination?,Will Donald Trump win the 2028 Republican presidential nomination?,0.3414,0.06,1.0,,,,
480702d8344aaeeedfae5b45f1a2e8b0,559687,561983,rejected,,rejected,eligible,Will Oprah Winfrey win the 2028 Democratic presidential nomination?,Will Greg Abbott win the 2028 Republican presidential nomination?,0.3414,0.06,1.0,,,,
6a231a025957efefffa44e7770eaec5c,559676,561983,rejected,,rejected,eligible,Will Barack Obama win the 2028 Democratic presidential nomination?,Will Greg Abbott win the 2028 Republican presidential nomination?,0.3414,0.06,1.0,,,,
e3c4e52d2454217b5f274e30027856e3,559689,561995,rejected,,rejected,eligible,Will Beto O’Rourke win the 2028 Democratic presidential nomination?,Will Mike Pence win the 2028 Republican presidential nomination?,0.3414,0.06,1.0,,,,
0b1f32a0ba5e515c43a49fd46d3d4396,559676,561985,rejected,,rejected,eligible,Will Barack Obama win the 2028 Democratic presidential nomination?,Will Brian Kemp win the 2028 Republican presidential nomination?,0.3414,0.06,1.0,,,,
c01a078c6a2ecee468d617688f26bcb4,559676,561995,rejected,,rejected,eligible,Will Barack Obama win the 2028 Democratic presidential nomination?,Will Mike Pence win the 2028 Republican presidential nomination?,0.3414,0.06,1.0,,,,
fb3e108753ea15d641d7fcaa8a9ae2bc,559680,561985,rejected,,rejected,eligible,Will Phil Murphy win the 2028 Democratic presidential nomination?,Will Brian Kemp win the 2028 Republican presidential nomination?,0.3414,0.06,1.0,,,,
72dfea6c8c946bedf26721c01c36b1ec,540817,540818,rejected,,rejected,,New Rihanna Album before GTA VI?,New Playboi Carti Album before GTA VI?,0.3414,0.06,1.0,,,,
92d04ca89f788a6409a92adbad1ac382,559652,559653,rejected,,rejected,eligible,Will Gavin Newsom win the 2028 Democratic presidential nomination?,Will Alexandria Ocasio-Cortez win the 2028 Democratic presidential nomination?,0.3413,0.075,1.0,,,,
1bad21c6dccaf83d7a6827bb154a6f50,561976,561993,rejected,,rejected,eligible,Will Tulsi Gabbard win the 2028 Republican presidential nomination?,Will John Thune win the 2028 Republican presidential nomination?,0.3413,0.075,1.0,,,,
1877d0719a9085883402a2221add0841,561976,561994,rejected,,rejected,ineligible,Will Tulsi Gabbard win the 2028 Republican presidential nomination?,Will Kristi Noem win the 2028 Republican presidential nomination?,0.3413,0.075,1.0,,,,
1fc94c62ba7e24d97d529a3374f92cff,559653,559662,rejected,,rejected,eligible,Will Alexandria Ocasio-Cortez win the 2028 Democratic presidential nomination?,Will Mark Cuban win the 2028 Democratic presidential nomination?,0.3413,0.075,1.0,,,,
0daa47eab5616668d19d95ca1736850a,559693,559695,rejected,,rejected,eligible,Will Ruben Gallego win the 2028 Democratic presidential nomination?,Will James Talarico win the 2028 Democratic presidential nomination?,0.3413,0.075,1.0,,,,
08e56a73f47955e636c268e39eab8de0,559653,559668,rejected,,rejected,eligible,Will Alexandria Ocasio-Cortez win the 2028 Democratic presidential nomination?,Will Mark Kelly win the 2028 Democratic presidential nomination?,0.3413,0.075,1.0,,,,
c109cbed215c7104e50edb7463d281ad,561976,561989,rejected,,rejected,eligible,Will Tulsi Gabbard win the 2028 Republican presidential nomination?,Will Ted Cruz win the 2028 Republican presidential nomination?,0.3413,0.075,1.0,,,,
5debdc8af806ef216fce8017a2a66365,561982,561999,rejected,,rejected,eligible,Will Sarah Huckabee Sanders win the 2028 Republican presidential nomination?,Will Tom Brady win the 2028 Republican presidential nomination?,0.3413,0.075,1.0,,,,
ed4d050999b445e800f45f39a20aa5e6,559662,559695,rejected,,rejected,eligible,Will Mark Cuban win the 2028 Democratic presidential nomination?,Will James Talarico win the 2028 Democratic presidential nomination?,0.3413,0.075,1.0,,,,
ada499da28e296804fb40fcc488f06de,559652,559695,rejected,,rejected,eligible,Will Gavin Newsom win the 2028 Democratic presidential nomination?,Will James Talarico win the 2028 Democratic presidential nomination?,0.3413,0.075,1.0,,,,
892a38647eca228e39bd39e4f1ab44af,561996,562001,rejected,,rejected,eligible,Will Tucker Carlson win the 2028 Republican presidential nomination?,Will Steve Bannon win the 2028 Republican presidential nomination?,0.3413,0.075,1.0,,,,
762be8268eec8d1c26ba089f49708ceb,561976,561981,rejected,,rejected,eligible,Will Tulsi Gabbard win the 2028 Republican presidential nomination?,Will Vivek Ramaswamy win the 2028 Republican presidential nomination?,0.3413,0.075,1.0,,,,
4396f252cbe8c351374201b4155af67b,561999,562000,rejected,,rejected,eligible,Will Tom Brady win the 2028 Republican presidential nomination?,Will Rand Paul win the 2028 Republican presidential nomination?,0.3413,0.075,1.0,,,,
d817bfcef2cf84588d619533680f91a7,561976,561990,rejected,,rejected,eligible,Will Tulsi Gabbard win the 2028 Republican presidential nomination?,Will Elon Musk win the 2028 Republican presidential nomination?,0.3413,0.075,1.0,,,,
f7cb24426624879ebf76bb64127bbfe3,561999,562004,rejected,,rejected,eligible,Will Tom Brady win the 2028 Republican presidential nomination?,Will Marjorie Taylor Greene win the 2028 Republican presidential nomination?,0.3413,0.075,1.0,,,,
5d129a6444490b6e07e763ad60bfce13,562001,562002,rejected,,rejected,eligible,Will Steve Bannon win the 2028 Republican presidential nomination?,Will Erika Kirk win the 2028 Republican presidential nomination?,0.3413,0.075,1.0,,,,
6f75ebfe11948c934c676f5287a50798,561976,561979,rejected,,rejected,eligible,Will Tulsi Gabbard win the 2028 Republican presidential nomination?,Will Ron DeSantis win the 2028 Republican presidential nomination?,0.3413,0.075,1.0,,,,
a7ff6ce3b3c54a5147213492f478de03,561976,561991,rejected,,rejected,eligible,Will Tulsi Gabbard win the 2028 Republican presidential nomination?,Will Matt Gaetz win the 2028 Republican presidential nomination?,0.3413,0.075,1.0,,,,
40b2cc8293a7e4d30005c670a5e1ff2a,561976,561987,rejected,,rejected,eligible,Will Tulsi Gabbard win the 2028 Republican presidential nomination?,Will Elise Stefanik win the 2028 Republican presidential nomination?,0.3413,0.075,1.0,,,,
c149f87756e8d6deda2d8a943bb0ce5b,559668,559695,rejected,,rejected,eligible,Will Mark Kelly win the 2028 Democratic presidential nomination?,Will James Talarico win the 2028 Democratic presidential nomination?,0.3413,0.075,1.0,,,,
e3da35cc72f03921514fbfd19881243c,562001,562003,rejected,,rejected,eligible,Will Steve Bannon win the 2028 Republican presidential nomination?,Will Kim Kardashian win the 2028 Republican presidential nomination?,0.3413,0.075,1.0,,,,
bbe486192dbc21baf23842a59c81118c,562001,562005,rejected,,rejected,eligible,Will Steve Bannon win the 2028 Republican presidential nomination?,Will Thomas Massie win the 2028 Republican presidential nomination?,0.3413,0.075,1.0,,,,
f9c190800d010dd81f4ee3365099c8f1,561976,561992,rejected,,rejected,eligible,Will Tulsi Gabbard win the 2028 Republican presidential nomination?,Will Katie Britt win the 2028 Republican presidential nomination?,0.3413,0.075,1.0,,,,
09c74b7f5a9f51c51818591bbee75dad,561975,561976,rejected,,rejected,eligible,Will Marco Rubio win the 2028 Republican presidential nomination?,Will Tulsi Gabbard win the 2028 Republican presidential nomination?,0.3413,0.075,1.0,,,,
255ab41d09dbd67c6e3ce5a203c26b7a,559653,559693,rejected,,rejected,eligible,Will Alexandria Ocasio-Cortez win the 2028 Democratic presidential nomination?,Will Ruben Gallego win the 2028 Democratic presidential nomination?,0.3413,0.075,1.0,,,,
3827d66687545e77949227d8a7200543,561976,561986,rejected,,rejected,eligible,Will Tulsi Gabbard win the 2028 Republican presidential nomination?,Will Byron Donalds win the 2028 Republican presidential nomination?,0.3413,0.075,1.0,,,,
10670983929b794116ae3ed6edc11196,561976,561980,rejected,,rejected,eligible,Will Tulsi Gabbard win the 2028 Republican presidential nomination?,Will Nikki Haley win the 2028 Republican presidential nomination?,0.3413,0.075,1.0,,,,
e5098055890ac7f3d8d6c0633b10c048,561976,561988,rejected,,rejected,eligible,Will Tulsi Gabbard win the 2028 Republican presidential nomination?,Will Josh Hawley win the 2028 Republican presidential nomination?,0.3413,0.075,1.0,,,,
1c070aa6e375317722a677b02931e354,562001,562006,rejected,,rejected,eligible,Will Steve Bannon win the 2028 Republican presidential nomination?,Will Eric Trump win the 2028 Republican presidential nomination?,0.3413,0.075,1.0,,,,
c014f11830407e15519e5803758fa957,559686,559694,rejected,,rejected,eligible,Will Dwayne 'The Rock' Johnson win the 2028 Democratic presidential nomination?,Will Ro Khanna win the 2028 Democratic presidential nomination?,0.3413,0.075,1.0,,,,
de55c7114c20838eb8812f66bed29c82,562001,562008,rejected,,rejected,eligible,Will Steve Bannon win the 2028 Republican presidential nomination?,Will Pete Hegseth win the 2028 Republican presidential nomination?,0.3413,0.075,1.0,,,,
230851779c0a0efa0fb243292d8d980b,561984,561999,rejected,,rejected,eligible,Will Robert F. Kennedy Jr. win the 2028 Republican presidential nomination?,Will Tom Brady win the 2028 Republican presidential nomination?,0.3413,0.075,1.0,,,,
d390b9fe39ad5d39cb1cfe650a79fdea,561976,561998,rejected,,rejected,eligible,Will Tulsi Gabbard win the 2028 Republican presidential nomination?,Will Ivanka Trump win the 2028 Republican presidential nomination?,0.3413,0.075,1.0,,,,
0c93b78a9132987a95f182b05f84442f,561985,562001,rejected,,rejected,eligible,Will Brian Kemp win the 2028 Republican presidential nomination?,Will Steve Bannon win the 2028 Republican presidential nomination?,0.3413,0.075,1.0,,,,
3060251818a04ebbdd3d8d31e36f04bf,561995,562001,rejected,,rejected,eligible,Will Mike Pence win the 2028 Republican presidential nomination?,Will Steve Bannon win the 2028 Republican presidential nomination?,0.3413,0.075,1.0,,,,
49c3b916090e0e68cef27247d237b945,561254,561257,rejected,,rejected,ineligible,Will Kim Kardashian win the 2028 US Presidential Election?,Will Michelle Obama win the 2028 US Presidential Election?,0.34,0.1,1.0,,,,
63a1acf52ab6008aac2cd70b2c13578c,561253,561263,rejected,,rejected,ineligible,Will Tucker Carlson win the 2028 US Presidential Election?,Will Eric Trump win the 2028 US Presidential Election?,0.34,0.1,1.0,,,,
00814070d2aded17e1582a0af42418c9,561258,561261,rejected,,rejected,eligible,Will Jamie Dimon win the 2028 US Presidential Election?,Will Jon Ossoff win the 2028 US Presidential Election?,0.34,0.1,1.0,,,,
fcfe1e2ef6ab2bd84d04a9f957e670df,561977,562001,rejected,,rejected,eligible,Will Glenn Youngkin win the 2028 Republican presidential nomination?,Will Steve Bannon win the 2028 Republican presidential nomination?,0.34,0.1,1.0,,,,
934e6cefd9f8205d1429406d8db3a054,561233,561245,rejected,,rejected,eligible,Will Josh Shapiro win the 2028 US Presidential Election?,Will Nikki Haley win the 2028 US Presidential Election?,0.34,0.1,1.0,,,,
2af0b0d607be31cdc5509add59e0a41e,561250,561259,rejected,,rejected,eligible,Will Elon Musk win the 2028 US Presidential Election?,Will Ro Khanna win the 2028 US Presidential Election?,0.34,0.1,1.0,,,,
4e35eb120592c9c01a6c827499bbd2a7,561243,561253,rejected,,rejected,eligible,Will Donald Trump win the 2028 US Presidential Election?,Will Tucker Carlson win the 2028 US Presidential Election?,0.34,0.1,1.0,,,,
848c5162c2f60ecd248493d1343c545b,561232,561248,rejected,,rejected,eligible,Will Pete Buttigieg win the 2028 US Presidential Election?,Will Vivek Ramaswamy win the 2028 US Presidential Election?,0.34,0.1,1.0,,,,
a6fa6d0f05cf51f680b12923bb29583c,561232,561250,rejected,,rejected,eligible,Will Pete Buttigieg win the 2028 US Presidential Election?,Will Elon Musk win the 2028 US Presidential Election?,0.34,0.1,1.0,,,,
0e49e07556f1d99e132fdfb9e94993f7,561253,561255,rejected,,rejected,eligible,Will Tucker Carlson win the 2028 US Presidential Election?,Will Ivanka Trump win the 2028 US Presidential Election?,0.34,0.1,1.0,,,,
50ee7ed40b8a70807f3b52dfadf15fa0,559654,559658,rejected,,rejected,eligible,Will Pete Buttigieg win the 2028 Democratic presidential nomination?,Will Kamala Harris win the 2028 Democratic presidential nomination?,0.3391,0.15,1.0,,,,
337b7023d0a4ff44cb0f7078835485f9,559654,559659,rejected,,rejected,eligible,Will Pete Buttigieg win the 2028 Democratic presidential nomination?,Will Gretchen Whitmer win the 2028 Democratic presidential nomination?,0.3391,0.15,1.0,,,,
5c200edcb87076a0f2ef59a05796e75f,559654,559661,rejected,,rejected,eligible,Will Pete Buttigieg win the 2028 Democratic presidential nomination?,Will Jon Ossoff win the 2028 Democratic presidential nomination?,0.3391,0.15,1.0,,,,
8f2e8c35811df9697b5c38ccf0a205cf,559654,559665,rejected,,rejected,eligible,Will Pete Buttigieg win the 2028 Democratic presidential nomination?,Will Cory Booker win the 2028 Democratic presidential nomination?,0.3391,0.15,1.0,,,,
709cd09bf9b580e33915f8aba7b445a6,559654,559670,rejected,,rejected,eligible,Will Pete Buttigieg win the 2028 Democratic presidential nomination?,Will Gina Raimondo win the 2028 Democratic presidential nomination?,0.3391,0.15,1.0,,,,
2fce66e9fe2bb0d3e28a6840a7002b38,559654,559672,rejected,,rejected,eligible,Will Pete Buttigieg win the 2028 Democratic presidential nomination?,Will Roy Cooper win the 2028 Democratic presidential nomination?,0.3391,0.15,1.0,,,,
2cee3e6a7d88be616fed10d9542b3c63,559654,559673,rejected,,rejected,eligible,Will Pete Buttigieg win the 2028 Democratic presidential nomination?,Will John Fetterman win the 2028 Democratic presidential nomination?,0.3391,0.15,1.0,,,,
40866176d0633a10f95413cf947061ad,559654,559674,rejected,,rejected,eligible,Will Pete Buttigieg win the 2028 Democratic presidential nomination?,Will Jared Polis win the 2028 Democratic presidential nomination?,0.3391,0.15,1.0,,,,
3310790f1cfc438c456d0b4c9b52e2c9,559654,559675,rejected,,rejected,eligible,Will Pete Buttigieg win the 2028 Democratic presidential nomination?,Will Jon Stewart win the 2028 Democratic presidential nomination?,0.3391,0.15,1.0,,,,
77039684980624ff9253b8b522464ac9,559654,559676,rejected,,rejected,eligible,Will Pete Buttigieg win the 2028 Democratic presidential nomination?,Will Barack Obama win the 2028 Democratic presidential nomination?,0.3391,0.15,1.0,,,,
f84ad9279a4b88aec1e1eb02d7d7c577,559654,559679,rejected,,rejected,eligible,Will Pete Buttigieg win the 2028 Democratic presidential nomination?,Will Bernie Sanders win the 2028 Democratic presidential nomination?,0.3391,0.15,1.0,,,,
fddac414c392d35b10806571bc378489,559654,559680,rejected,,rejected,eligible,Will Pete Buttigieg win the 2028 Democratic presidential nomination?,Will Phil Murphy win the 2028 Democratic presidential nomination?,0.3391,0.15,1.0,,,,
756c7957a77e05635abe0e5925033bde,559654,559656,rejected,,rejected,eligible,Will Pete Buttigieg win the 2028 Democratic presidential nomination?,Will Wes Moore win the 2028 Democratic presidential nomination?,0.3391,0.15,1.0,,,,
d5a6a3b2947ccc7241a4b64b432572de,559654,559682,rejected,,rejected,eligible,Will Pete Buttigieg win the 2028 Democratic presidential nomination?,Will Hunter Biden win the 2028 Democratic presidential nomination?,0.3391,0.15,1.0,,,,
de0675bed52b8179c69dc19debcdc3d5,559654,559687,rejected,,rejected,eligible,Will Pete Buttigieg win the 2028 Democratic presidential nomination?,Will Oprah Winfrey win the 2028 Democratic presidential nomination?,0.3391,0.15,1.0,,,,
ceecc920474f4ba4270d8dfd91777365,559654,559689,rejected,,rejected,eligible,Will Pete Buttigieg win the 2028 Democratic presidential nomination?,Will Beto O’Rourke win the 2028 Democratic presidential nomination?,0.3391,0.15,1.0,,,,
c08d3685868631b8dcdf426f8fca3598,559654,559691,rejected,,rejected,eligible,Will Pete Buttigieg win the 2028 Democratic presidential nomination?,Will Chris Murphy win the 2028 Democratic presidential nomination?,0.3391,0.15,1.0,,,,
be1825ae8db6eeaacf1e83ce5823f42b,559688,559694,rejected,,rejected,eligible,Will Andrew Yang win the 2028 Democratic presidential nomination?,Will Ro Khanna win the 2028 Democratic presidential nomination?,0.3391,0.15,1.0,,,,
10fc3126c4b1b0cf56cc79a34600e393,561245,561260,rejected,,rejected,eligible,Will Nikki Haley win the 2028 US Presidential Election?,Will Thomas Massie win the 2028 US Presidential Election?,0.3389,0.1,1.0,,,,
c9c3fddf7c8526801ad8004d0f9c8e61,559654,559663,rejected,,rejected,eligible,Will Pete Buttigieg win the 2028 Democratic presidential nomination?,Will J.B. Pritzker win the 2028 Democratic presidential nomination?,0.3388,0.075,1.0,,,,
38e312a36376661d80d5ae33bb270292,561236,561257,rejected,,rejected,eligible,Will Gretchen Whitmer win the 2028 US Presidential Election?,Will Michelle Obama win the 2028 US Presidential Election?,0.3387,0.1,1.0,,,,
13310e94f1b10b21949a7f938a20ebea,561243,561244,rejected,,rejected,eligible,Will Donald Trump win the 2028 US Presidential Election?,Will Donald Trump Jr. win the 2028 US Presidential Election?,0.3387,0.1,1.0,,,,
476b59a7b380d09201fc041122967284,561237,561241,rejected,,rejected,eligible,Will Andy Beshear win the 2028 US Presidential Election?,Will JB Pritzker win the 2028 US Presidential Election?,0.3387,0.1,1.0,,,,
dfb0e70d3472155bdbda8fe310e17d31,561241,561253,rejected,,rejected,eligible,Will JB Pritzker win the 2028 US Presidential Election?,Will Tucker Carlson win the 2028 US Presidential Election?,0.3385,0.1,1.0,,,,
621b1d2d122845048492931ccbff49e5,561234,561245,rejected,,rejected,eligible,Will Marco Rubio win the 2028 US Presidential Election?,Will Nikki Haley win the 2028 US Presidential Election?,0.3385,0.1,1.0,,,,
008d79e7bc8c8a3ef9a6cd660166f5b6,561234,561240,rejected,,rejected,eligible,Will Marco Rubio win the 2028 US Presidential Election?,Will Stephen Smith win the 2028 US Presidential Election?,0.3382,0.1,1.0,,,,
11c59831f3777e39cf16dcee7c919894,561234,561256,rejected,,rejected,eligible,Will Marco Rubio win the 2028 US Presidential Election?,Will Zohran Mamdani win the 2028 US Presidential Election?,0.3382,0.1,1.0,,,,
cb667952f41a97810da6b2f35f382d09,561257,561258,rejected,,rejected,eligible,Will Michelle Obama win the 2028 US Presidential Election?,Will Jamie Dimon win the 2028 US Presidential Election?,0.3376,0.1,1.0,,,,
01a9ffc6be854c646b55b42480d01652,561260,561262,rejected,,rejected,eligible,Will Thomas Massie win the 2028 US Presidential Election?,Will James Talarico win the 2028 US Presidential Election?,0.3358,0.1,1.0,,,,
0737c12d4f63399f69814c06f93d0060,561241,561243,rejected,,rejected,eligible,Will JB Pritzker win the 2028 US Presidential Election?,Will Donald Trump win the 2028 US Presidential Election?,0.3354,0.1,1.0,,,,
f78a773efee1e04a003c7daed94c9bfb,561241,561263,rejected,,rejected,ineligible,Will JB Pritzker win the 2028 US Presidential Election?,Will Eric Trump win the 2028 US Presidential Election?,0.3354,0.1,1.0,,,,
68b7dc39b3e99fc144471c4c05805e37,561241,561255,rejected,,rejected,eligible,Will JB Pritzker win the 2028 US Presidential Election?,Will Ivanka Trump win the 2028 US Presidential Election?,0.3354,0.1,1.0,,,,
057299ca40a2f4a235517beca6006953,559652,559686,rejected,,rejected,eligible,Will Gavin Newsom win the 2028 Democratic presidential nomination?,Will Dwayne 'The Rock' Johnson win the 2028 Democratic presidential nomination?,0.335,0.075,1.0,,,,
53c5fa9045ba03822b84b10beb84040f,562001,562004,rejected,,rejected,eligible,Will Steve Bannon win the 2028 Republican presidential nomination?,Will Marjorie Taylor Greene win the 2028 Republican presidential nomination?,0.335,0.075,1.0,,,,
51b3cddb1a796e05bc0cba6bde43fb8d,562000,562001,rejected,,rejected,eligible,Will Rand Paul win the 2028 Republican presidential nomination?,Will Steve Bannon win the 2028 Republican presidential nomination?,0.335,0.075,1.0,,,,
9c2323d0133f0b19b018fb1727c12f1e,559662,559686,rejected,,rejected,eligible,Will Mark Cuban win the 2028 Democratic presidential nomination?,Will Dwayne 'The Rock' Johnson win the 2028 Democratic presidential nomination?,0.335,0.075,1.0,,,,
70f385c768e711ede430559e423131be,559668,559686,rejected,,rejected,eligible,Will Mark Kelly win the 2028 Democratic presidential nomination?,Will Dwayne 'The Rock' Johnson win the 2028 Democratic presidential nomination?,0.335,0.075,1.0,,,,
87f2b867debf8f01b0de38a39572615c,559686,559693,rejected,,rejected,eligible,Will Dwayne 'The Rock' Johnson win the 2028 Democratic presidential nomination?,Will Ruben Gallego win the 2028 Democratic presidential nomination?,0.335,0.075,1.0,,,,
ab06e95f82cb2fa1e9f2acd859f9e787,561976,561977,rejected,,rejected,eligible,Will Tulsi Gabbard win the 2028 Republican presidential nomination?,Will Glenn Youngkin win the 2028 Republican presidential nomination?,0.335,0.075,1.0,,,,
24c5b7ed93874a084badffd57d445422,561982,562001,rejected,,rejected,eligible,Will Sarah Huckabee Sanders win the 2028 Republican presidential nomination?,Will Steve Bannon win the 2028 Republican presidential nomination?,0.335,0.075,1.0,,,,
ef2f89fb3b06f58016ca4557d8869cd2,561984,562001,rejected,,rejected,eligible,Will Robert F. Kennedy Jr. win the 2028 Republican presidential nomination?,Will Steve Bannon win the 2028 Republican presidential nomination?,0.335,0.075,1.0,,,,
2a26c569b509690f0cc2ed56f1d64eb4,561257,561264,rejected,,rejected,ineligible,Will Michelle Obama win the 2028 US Presidential Election?,Will Pete Hegseth win the 2028 US Presidential Election?,0.335,0.1,1.0,,,,
fe51a6069401ffbf2c4a23799287c798,559662,559688,rejected,,rejected,eligible,Will Mark Cuban win the 2028 Democratic presidential nomination?,Will Andrew Yang win the 2028 Democratic presidential nomination?,0.3343,0.15,1.0,,,,
d813b1c813cec6646ee0f5b58cc7be06,559668,559688,rejected,,rejected,eligible,Will Mark Kelly win the 2028 Democratic presidential nomination?,Will Andrew Yang win the 2028 Democratic presidential nomination?,0.3343,0.15,1.0,,,,
97c64ccac5a03625dd08c187b5808821,561239,561247,rejected,,rejected,eligible,Will Kamala Harris win the 2028 US Presidential Election?,Will Tim Walz win the 2028 US Presidential Election?,0.3343,0.1,1.0,,,,
1d071e2ac5caa6592dcb3dbe2eec5e67,561236,561253,rejected,,rejected,eligible,Will Gretchen Whitmer win the 2028 US Presidential Election?,Will Tucker Carlson win the 2028 US Presidential Election?,0.3343,0.1,1.0,,,,
362cfb2a19ffa228d1704751896f8320,561999,562001,rejected,,rejected,eligible,Will Tom Brady win the 2028 Republican presidential nomination?,Will Steve Bannon win the 2028 Republican presidential nomination?,0.3343,0.1,1.0,,,,
cabb1e6452b7231bd7ad309e0aa6dec5,561236,561244,rejected,,rejected,eligible,Will Gretchen Whitmer win the 2028 US Presidential Election?,Will Donald Trump Jr. win the 2028 US Presidential Election?,0.3343,0.1,1.0,,,,
4207b58c5da48f4e1b26eb5f16d44b81,561236,561248,rejected,,rejected,eligible,Will Gretchen Whitmer win the 2028 US Presidential Election?,Will Vivek Ramaswamy win the 2028 US Presidential Election?,0.3343,0.1,1.0,,,,
748e0d0b0687b0b058f3551b8510839e,559691,561982,rejected,,rejected,eligible,Will Chris Murphy win the 2028 Democratic presidential nomination?,Will Sarah Huckabee Sanders win the 2028 Republican presidential nomination?,0.3342,0.06,1.0,,,,
cb1927d077dc733f7399c8cbe7412263,559659,561982,rejected,,rejected,eligible,Will Gretchen Whitmer win the 2028 Democratic presidential nomination?,Will Sarah Huckabee Sanders win the 2028 Republican presidential nomination?,0.3342,0.06,1.0,,,,
b1938c4355995efe38093ab3886371f0,559679,561984,rejected,,rejected,eligible,Will Bernie Sanders win the 2028 Democratic presidential nomination?,Will Robert F. Kennedy Jr. win the 2028 Republican presidential nomination?,0.3342,0.06,1.0,,,,
5ef08baf5306a6276c5fd16908122e0d,559693,561974,rejected,,rejected,eligible,Will Ruben Gallego win the 2028 Democratic presidential nomination?,Will J.D. Vance win the 2028 Republican presidential nomination?,0.3342,0.06,1.0,,,,
bd4e4332dd59583d9a8a21b22e5c2c21,559694,561973,rejected,,rejected,eligible,Will Ro Khanna win the 2028 Democratic presidential nomination?,Will Donald Trump win the 2028 Republican presidential nomination?,0.3342,0.06,1.0,,,,
c916a2b9718842df570fb2ff5a20c0f5,559694,561983,rejected,,rejected,eligible,Will Ro Khanna win the 2028 Democratic presidential nomination?,Will Greg Abbott win the 2028 Republican presidential nomination?,0.3342,0.06,1.0,,,,
638a739780e43ca1bf50294eda0929b4,559694,561985,rejected,,rejected,eligible,Will Ro Khanna win the 2028 Democratic presidential nomination?,Will Brian Kemp win the 2028 Republican presidential nomination?,0.3342,0.06,1.0,,,,
c226d588889cb2dc9a4bb2bf556dc44a,559656,561982,rejected,,rejected,eligible,Will Wes Moore win the 2028 Democratic presidential nomination?,Will Sarah Huckabee Sanders win the 2028 Republican presidential nomination?,0.3342,0.06,1.0,,,,
dd5877896adda2a8852b1db841c12ee8,559656,561984,rejected,,rejected,eligible,Will Wes Moore win the 2028 Democratic presidential nomination?,Will Robert F. Kennedy Jr. win the 2028 Republican presidential nomination?,0.3342,0.06,1.0,,,,
f550d42e7acb2aa0673f1e5324da294e,559680,561982,rejected,,rejected,eligible,Will Phil Murphy win the 2028 Democratic presidential nomination?,Will Sarah Huckabee Sanders win the 2028 Republican presidential nomination?,0.3342,0.06,1.0,,,,
516d653d11876fdad268464cc33588fe,559694,561995,rejected,,rejected,eligible,Will Ro Khanna win the 2028 Democratic presidential nomination?,Will Mike Pence win the 2028 Republican presidential nomination?,0.3342,0.06,1.0,,,,
b86617ce1034b6038caf80420711ee71,559691,561984,rejected,,rejected,eligible,Will Chris Murphy win the 2028 Democratic presidential nomination?,Will Robert F. Kennedy Jr. win the 2028 Republican presidential nomination?,0.3342,0.06,1.0,,,,
ed5cbfe020b2a80e4e7566d6e0a2955c,559658,561982,rejected,,rejected,eligible,Will Kamala Harris win the 2028 Democratic presidential nomination?,Will Sarah Huckabee Sanders win the 2028 Republican presidential nomination?,0.3342,0.06,1.0,,,,
4d0ca2ee252c99d9891ec8aac2557d98,559658,561984,rejected,,rejected,eligible,Will Kamala Harris win the 2028 Democratic presidential nomination?,Will Robert F. Kennedy Jr. win the 2028 Republican presidential nomination?,0.3342,0.06,1.0,,,,
284ddd49e4c80e433ed47dcaaad4282b,559665,561982,rejected,,rejected,eligible,Will Cory Booker win the 2028 Democratic presidential nomination?,Will Sarah Huckabee Sanders win the 2028 Republican presidential nomination?,0.3342,0.06,1.0,,,,
4fb55d72f1e08b219f88d013a8f09388,559661,561984,rejected,,rejected,eligible,Will Jon Ossoff win the 2028 Democratic presidential nomination?,Will Robert F. Kennedy Jr. win the 2028 Republican presidential nomination?,0.3342,0.06,1.0,,,,
46edfdcc53c34af5a49664210d99bec1,559662,561974,rejected,,rejected,eligible,Will Mark Cuban win the 2028 Democratic presidential nomination?,Will J.D. Vance win the 2028 Republican presidential nomination?,0.3342,0.06,1.0,,,,
6accaacee91078ba91f325275945ee9f,559665,561984,rejected,,rejected,eligible,Will Cory Booker win the 2028 Democratic presidential nomination?,Will Robert F. Kennedy Jr. win the 2028 Republican presidential nomination?,0.3342,0.06,1.0,,,,
f1f57c2344650b0e769d17de8f0df8f1,559682,561982,rejected,,rejected,eligible,Will Hunter Biden win the 2028 Democratic presidential nomination?,Will Sarah Huckabee Sanders win the 2028 Republican presidential nomination?,0.3342,0.06,1.0,,,,
5f66d60e295a13955a9cadd26bc33f41,559659,561984,rejected,,rejected,eligible,Will Gretchen Whitmer win the 2028 Democratic presidential nomination?,Will Robert F. Kennedy Jr. win the 2028 Republican presidential nomination?,0.3342,0.06,1.0,,,,
2a7080ad301b989f24901f1d82948cd0,559682,561984,rejected,,rejected,eligible,Will Hunter Biden win the 2028 Democratic presidential nomination?,Will Robert F. Kennedy Jr. win the 2028 Republican presidential nomination?,0.3342,0.06,1.0,,,,
ddb58760ad711921e7f862dee012d968,559668,561974,rejected,,rejected,eligible,Will Mark Kelly win the 2028 Democratic presidential nomination?,Will J.D. Vance win the 2028 Republican presidential nomination?,0.3342,0.06,1.0,,,,
3e9c635595a52d54e1868db18f3d1a41,559689,561982,rejected,,rejected,eligible,Will Beto O’Rourke win the 2028 Democratic presidential nomination?,Will Sarah Huckabee Sanders win the 2028 Republican presidential nomination?,0.3342,0.06,1.0,,,,
c448c9741f8199975641b6411b5ac4a9,559670,561982,rejected,,rejected,eligible,Will Gina Raimondo win the 2028 Democratic presidential nomination?,Will Sarah Huckabee Sanders win the 2028 Republican presidential nomination?,0.3342,0.06,1.0,,,,
5f84366f53684ae766063d625d7f0997,559670,561984,rejected,,rejected,eligible,Will Gina Raimondo win the 2028 Democratic presidential nomination?,Will Robert F. Kennedy Jr. win the 2028 Republican presidential nomination?,0.3342,0.06,1.0,,,,
89dcc268a365a876dcb95f0f53e2b0e1,559661,561982,rejected,,rejected,eligible,Will Jon Ossoff win the 2028 Democratic presidential nomination?,Will Sarah Huckabee Sanders win the 2028 Republican presidential nomination?,0.3342,0.06,1.0,,,,
297e67f5368d5c849023a88f81df7ca6,559672,561982,rejected,,rejected,eligible,Will Roy Cooper win the 2028 Democratic presidential nomination?,Will Sarah Huckabee Sanders win the 2028 Republican presidential nomination?,0.3342,0.06,1.0,,,,
3265c24d789d91171ff5917cc8988da7,559672,561984,rejected,,rejected,eligible,Will Roy Cooper win the 2028 Democratic presidential nomination?,Will Robert F. Kennedy Jr. win the 2028 Republican presidential nomination?,0.3342,0.06,1.0,,,,
9d438b539ade34f3112c16544deb1bb9,559689,561984,rejected,,rejected,eligible,Will Beto O’Rourke win the 2028 Democratic presidential nomination?,Will Robert F. Kennedy Jr. win the 2028 Republican presidential nomination?,0.3342,0.06,1.0,,,,
4919ab58096fde29d2def129e93ff7c9,559652,561974,rejected,,rejected,eligible,Will Gavin Newsom win the 2028 Democratic presidential nomination?,Will J.D. Vance win the 2028 Republican presidential nomination?,0.3342,0.06,1.0,,,,
28518eaab4c2b4bfa8092a10fcff975d,559673,561982,rejected,,rejected,eligible,Will John Fetterman win the 2028 Democratic presidential nomination?,Will Sarah Huckabee Sanders win the 2028 Republican presidential nomination?,0.3342,0.06,1.0,,,,
06c160766cc0c52cb61e16851c520354,559687,561984,rejected,,rejected,eligible,Will Oprah Winfrey win the 2028 Democratic presidential nomination?,Will Robert F. Kennedy Jr. win the 2028 Republican presidential nomination?,0.3342,0.06,1.0,,,,
11868f8e22d8245629e2feb4ee8c918d,559673,561984,rejected,,rejected,eligible,Will John Fetterman win the 2028 Democratic presidential nomination?,Will Robert F. Kennedy Jr. win the 2028 Republican presidential nomination?,0.3342,0.06,1.0,,,,
8cb05dabb662faf265eb82ca542de58b,559674,561982,rejected,,rejected,eligible,Will Jared Polis win the 2028 Democratic presidential nomination?,Will Sarah Huckabee Sanders win the 2028 Republican presidential nomination?,0.3342,0.06,1.0,,,,
3e75e97a5ec3762063c284f7bd51c9c4,559674,561984,rejected,,rejected,eligible,Will Jared Polis win the 2028 Democratic presidential nomination?,Will Robert F. Kennedy Jr. win the 2028 Republican presidential nomination?,0.3342,0.06,1.0,,,,
d7ca6e73749437e91ab3960f509ffe19,559675,561982,rejected,,rejected,eligible,Will Jon Stewart win the 2028 Democratic presidential nomination?,Will Sarah Huckabee Sanders win the 2028 Republican presidential nomination?,0.3342,0.06,1.0,,,,
52284e5db0e18f6f7b6689349f249c26,559675,561984,rejected,,rejected,eligible,Will Jon Stewart win the 2028 Democratic presidential nomination?,Will Robert F. Kennedy Jr. win the 2028 Republican presidential nomination?,0.3342,0.06,1.0,,,,
a40e120ecca3c8b4847efa1d6118798d,559676,561982,rejected,,rejected,eligible,Will Barack Obama win the 2028 Democratic presidential nomination?,Will Sarah Huckabee Sanders win the 2028 Republican presidential nomination?,0.3342,0.06,1.0,,,,
2c0feabc9918a3836d00ed693e1580ff,559687,561982,rejected,,rejected,eligible,Will Oprah Winfrey win the 2028 Democratic presidential nomination?,Will Sarah Huckabee Sanders win the 2028 Republican presidential nomination?,0.3342,0.06,1.0,,,,
42cb9e04a8e761f2dbe800535f31feb4,559676,561984,rejected,,rejected,eligible,Will Barack Obama win the 2028 Democratic presidential nomination?,Will Robert F. Kennedy Jr. win the 2028 Republican presidential nomination?,0.3342,0.06,1.0,,,,
a82980c0a49efc75e6a5d261f7b5bd56,559680,561984,rejected,,rejected,eligible,Will Phil Murphy win the 2028 Democratic presidential nomination?,Will Robert F. Kennedy Jr. win the 2028 Republican presidential nomination?,0.3342,0.06,1.0,,,,
4da9707f723df636894b3090aac3841f,561246,561248,rejected,,rejected,eligible,Will Ron DeSantis win the 2028 US Presidential Election?,Will Vivek Ramaswamy win the 2028 US Presidential Election?,0.3335,0.1,1.0,,,,
1892610cbb3ab4af5e6b4584dcf1b856,561248,561258,rejected,,rejected,eligible,Will Vivek Ramaswamy win the 2028 US Presidential Election?,Will Jamie Dimon win the 2028 US Presidential Election?,0.3335,0.1,1.0,,,,
5a312f214217b2dfed7e2089137113a9,561257,561263,rejected,,rejected,ineligible,Will Michelle Obama win the 2028 US Presidential Election?,Will Eric Trump win the 2028 US Presidential Election?,0.3333,0.1,1.0,,,,
34e455c8497c30b40d96e5e49ac58b39,561254,561263,rejected,,rejected,ineligible,Will Kim Kardashian win the 2028 US Presidential Election?,Will Eric Trump win the 2028 US Presidential Election?,0.3333,0.1,1.0,,,,
86c25d6fe35c73c86b318232922dfbcb,561243,561257,rejected,,rejected,eligible,Will Donald Trump win the 2028 US Presidential Election?,Will Michelle Obama win the 2028 US Presidential Election?,0.3333,0.1,1.0,,,,
248bde03e9627ee506a2a53f3fdf4fed,561254,561255,rejected,,rejected,ineligible,Will Kim Kardashian win the 2028 US Presidential Election?,Will Ivanka Trump win the 2028 US Presidential Election?,0.3333,0.1,1.0,,,,
6c79a935e17ddc3664ef2d45c4abcbd9,561243,561254,rejected,,rejected,ineligible,Will Donald Trump win the 2028 US Presidential Election?,Will Kim Kardashian win the 2028 US Presidential Election?,0.3333,0.1,1.0,,,,
bad225470069f5ef8d2be1f22bbfe374,561255,561257,rejected,,rejected,eligible,Will Ivanka Trump win the 2028 US Presidential Election?,Will Michelle Obama win the 2028 US Presidential Election?,0.3333,0.1,1.0,,,,
2b97dd4940f592c7cdcfefeba1a5167e,561241,561257,rejected,,rejected,eligible,Will JB Pritzker win the 2028 US Presidential Election?,Will Michelle Obama win the 2028 US Presidential Election?,0.3325,0.1,1.0,,,,
f327abc56101b466e902b0e29268db7b,561233,561246,rejected,,rejected,eligible,Will Josh Shapiro win the 2028 US Presidential Election?,Will Ron DeSantis win the 2028 US Presidential Election?,0.3325,0.1,1.0,,,,
61e6771107e0b33d9bb261878669bc6f,561244,561248,rejected,,rejected,eligible,Will Donald Trump Jr. win the 2028 US Presidential Election?,Will Vivek Ramaswamy win the 2028 US Presidential Election?,0.3322,0.1,1.0,,,,
d90e41a122874090029f64ae7072142a,559694,561976,rejected,,rejected,eligible,Will Ro Khanna win the 2028 Democratic presidential nomination?,Will Tulsi Gabbard win the 2028 Republican presidential nomination?,0.332,0.06,1.0,,,,
00d49c52890f3dddcdeb4ae7cf936b4c,561235,561236,rejected,,rejected,eligible,Will Wes Moore win the 2028 US Presidential Election?,Will Gretchen Whitmer win the 2028 US Presidential Election?,0.3318,0.1,1.0,,,,
05efbd11469e1fe6458d4edc81535c6b,561257,561262,rejected,,rejected,eligible,Will Michelle Obama win the 2028 US Presidential Election?,Will James Talarico win the 2028 US Presidential Election?,0.3318,0.1,1.0,,,,
322bc0761b9f26389f4db015f4a94421,561236,561261,rejected,,rejected,eligible,Will Gretchen Whitmer win the 2028 US Presidential Election?,Will Jon Ossoff win the 2028 US Presidential Election?,0.3318,0.1,1.0,,,,
e1b3ac7d5df41d59028dcd15dc76bbb2,561233,561248,rejected,,rejected,eligible,Will Josh Shapiro win the 2028 US Presidential Election?,Will Vivek Ramaswamy win the 2028 US Presidential Election?,0.3311,0.1,1.0,,,,
238397f89dd387885be39e8fc0d55fba,561235,561258,rejected,,rejected,eligible,Will Wes Moore win the 2028 US Presidential Election?,Will Jamie Dimon win the 2028 US Presidential Election?,0.3311,0.1,1.0,,,,
e97f15d8962bb3b1791ab956bd21be62,561244,561250,rejected,,rejected,eligible,Will Donald Trump Jr. win the 2028 US Presidential Election?,Will Elon Musk win the 2028 US Presidential Election?,0.3311,0.1,1.0,,,,
770d24f83a3e99073eb8fa8c468a685b,561235,561246,rejected,,rejected,eligible,Will Wes Moore win the 2028 US Presidential Election?,Will Ron DeSantis win the 2028 US Presidential Election?,0.3311,0.1,1.0,,,,
67e976da37eb68b3af1ddbb2bfdac075,561233,561244,rejected,,rejected,eligible,Will Josh Shapiro win the 2028 US Presidential Election?,Will Donald Trump Jr. win the 2028 US Presidential Election?,0.3311,0.1,1.0,,,,
b6c624228da67626676f20733fda3268,561246,561261,rejected,,rejected,eligible,Will Ron DeSantis win the 2028 US Presidential Election?,Will Jon Ossoff win the 2028 US Presidential Election?,0.3311,0.1,1.0,,,,
0856151bc937e96283c3835b99a4bf61,561234,561236,rejected,,rejected,eligible,Will Marco Rubio win the 2028 US Presidential Election?,Will Gretchen Whitmer win the 2028 US Presidential Election?,0.3311,0.1,1.0,,,,
d1b145ac594cabd01da57368f4eb5b63,561250,561253,rejected,,rejected,eligible,Will Elon Musk win the 2028 US Presidential Election?,Will Tucker Carlson win the 2028 US Presidential Election?,0.3303,0.1,1.0,,,,
b34fb5cb454ee11263ec47735f52fec6,561245,561253,rejected,,rejected,eligible,Will Nikki Haley win the 2028 US Presidential Election?,Will Tucker Carlson win the 2028 US Presidential Election?,0.3303,0.1,1.0,,,,
6832210f2f422ec2503b4772835a8a2e,561236,561241,rejected,,rejected,eligible,Will Gretchen Whitmer win the 2028 US Presidential Election?,Will JB Pritzker win the 2028 US Presidential Election?,0.3303,0.1,1.0,,,,
4b3efafdb7af8d59e320087fb661d0f4,561245,561250,rejected,,rejected,eligible,Will Nikki Haley win the 2028 US Presidential Election?,Will Elon Musk win the 2028 US Presidential Election?,0.3297,0.1,1.0,,,,
be353b75bf4b832bc344d49519974ce5,561241,561246,rejected,,rejected,eligible,Will JB Pritzker win the 2028 US Presidential Election?,Will Ron DeSantis win the 2028 US Presidential Election?,0.3297,0.1,1.0,,,,
ec7dd7558ce4db9d3ab3fdd2afea0e9e,561241,561258,rejected,,rejected,eligible,Will JB Pritzker win the 2028 US Presidential Election?,Will Jamie Dimon win the 2028 US Presidential Election?,0.3297,0.1,1.0,,,,
3e12e2c3863207bb40b8cefbe5936152,561245,561259,rejected,,rejected,eligible,Will Nikki Haley win the 2028 US Presidential Election?,Will Ro Khanna win the 2028 US Presidential Election?,0.3297,0.1,1.0,,,,
87a7d686016c7854d88205b292062dbf,559677,559688,rejected,,rejected,eligible,Will Hillary Clinton win the 2028 Democratic presidential nomination?,Will Andrew Yang win the 2028 Democratic presidential nomination?,0.3293,0.075,1.0,,,,
cd1f63fc47d3c0ac3a2ef1f25cd05b15,559678,559688,rejected,,rejected,eligible,Will Liz Cheney win the 2028 Democratic presidential nomination?,Will Andrew Yang win the 2028 Democratic presidential nomination?,0.3293,0.075,1.0,,,,
a5f80ec5d5bb4f74356203718aca62bd,559655,559688,rejected,,rejected,eligible,Will Josh Shapiro win the 2028 Democratic presidential nomination?,Will Andrew Yang win the 2028 Democratic presidential nomination?,0.3293,0.075,1.0,,,,
6775dbdb8bd1a5f5ecabeabf240e7b2b,559688,559690,rejected,,rejected,eligible,Will Andrew Yang win the 2028 Democratic presidential nomination?,Will Kim Kardashian win the 2028 Democratic presidential nomination?,0.3293,0.075,1.0,,,,
edf72626b214ab8c973d84a277ecf530,559657,559688,rejected,,rejected,eligible,Will Stephen A. Smith win the 2028 Democratic presidential nomination?,Will Andrew Yang win the 2028 Democratic presidential nomination?,0.3293,0.075,1.0,,,,
fbb4ad3f6d0229de0c4ad9c995b643c2,559660,559688,rejected,,rejected,eligible,Will Andy Beshear win the 2028 Democratic presidential nomination?,Will Andrew Yang win the 2028 Democratic presidential nomination?,0.3293,0.075,1.0,,,,
2106730f9fd8ce8cce26f98908b57c3e,559681,559688,rejected,,rejected,eligible,Will LeBron James win the 2028 Democratic presidential nomination?,Will Andrew Yang win the 2028 Democratic presidential nomination?,0.3293,0.075,1.0,,,,
dcac81f85bd365d26120f64a3a7edc0c,559666,559688,rejected,,rejected,eligible,Will Tim Walz win the 2028 Democratic presidential nomination?,Will Andrew Yang win the 2028 Democratic presidential nomination?,0.3293,0.075,1.0,,,,
5b8ab18c06b6f6d9e8754d5626040096,559667,559688,rejected,,rejected,eligible,Will Michelle Obama win the 2028 Democratic presidential nomination?,Will Andrew Yang win the 2028 Democratic presidential nomination?,0.3293,0.075,1.0,,,,
e9c7cb96728aedd208c0d82e13627420,559669,559688,rejected,,rejected,eligible,Will Rahm Emanuel win the 2028 Democratic presidential nomination?,Will Andrew Yang win the 2028 Democratic presidential nomination?,0.3293,0.075,1.0,,,,
dad4395b74a037a3394e0a52d2f93de2,559671,559688,rejected,,rejected,eligible,Will Zohran Mamdani win the 2028 Democratic presidential nomination?,Will Andrew Yang win the 2028 Democratic presidential nomination?,0.3293,0.075,1.0,,,,
c26f26671ceb74e4ad228e3f1c9926ed,559683,559688,rejected,,rejected,eligible,Will George Clooney win the 2028 Democratic presidential nomination?,Will Andrew Yang win the 2028 Democratic presidential nomination?,0.3293,0.075,1.0,,,,
c7f7ca2a0edf2cb374bc5104d0cf4a36,559684,559688,rejected,,rejected,eligible,Will Chelsea Clinton win the 2028 Democratic presidential nomination?,Will Andrew Yang win the 2028 Democratic presidential nomination?,0.3293,0.075,1.0,,,,
1f6ff0fd3b9e55580a64912d607a2784,561229,561255,rejected,,rejected,eligible,Will JD Vance win the 2028 US Presidential Election?,Will Ivanka Trump win the 2028 US Presidential Election?,0.3291,0.1,1.0,,,,
dd4fbb19fc9d65350c54c7db438f7969,561244,561263,rejected,,rejected,ineligible,Will Donald Trump Jr. win the 2028 US Presidential Election?,Will Eric Trump win the 2028 US Presidential Election?,0.3291,0.1,1.0,,,,
e92892692d005928a8255670a7e25865,561236,561254,rejected,,rejected,ineligible,Will Gretchen Whitmer win the 2028 US Presidential Election?,Will Kim Kardashian win the 2028 US Presidential Election?,0.3291,0.1,1.0,,,,
8f19b607d18491742f9689f1fc85f23c,561229,561243,rejected,,rejected,eligible,Will JD Vance win the 2028 US Presidential Election?,Will Donald Trump win the 2028 US Presidential Election?,0.3291,0.1,1.0,,,,
28f1ae35a1ffe4ea1995fd3a78614051,561244,561255,rejected,,rejected,eligible,Will Donald Trump Jr. win the 2028 US Presidential Election?,Will Ivanka Trump win the 2028 US Presidential Election?,0.3291,0.1,1.0,,,,
1f5e206eaf7852601c2ad932b6a4f0b4,561229,561263,rejected,,rejected,ineligible,Will JD Vance win the 2028 US Presidential Election?,Will Eric Trump win the 2028 US Presidential Election?,0.3291,0.1,1.0,,,,
6fa49ec840a106114e5db4a0f2524963,561254,561258,rejected,,rejected,ineligible,Will Kim Kardashian win the 2028 US Presidential Election?,Will Jamie Dimon win the 2028 US Presidential Election?,0.3286,0.1,1.0,,,,
4d0273a8cd644b935d3140ce1b2e9d6a,561241,561244,rejected,,rejected,eligible,Will JB Pritzker win the 2028 US Presidential Election?,Will Donald Trump Jr. win the 2028 US Presidential Election?,0.3286,0.1,1.0,,,,
02c972f5b8b902f3b9c3a61120b5295f,561232,561241,rejected,,rejected,eligible,Will Pete Buttigieg win the 2028 US Presidential Election?,Will JB Pritzker win the 2028 US Presidential Election?,0.3286,0.1,1.0,,,,
a3ade08ecf8bcdfd7d35ce03145f63dd,561246,561254,rejected,,rejected,ineligible,Will Ron DeSantis win the 2028 US Presidential Election?,Will Kim Kardashian win the 2028 US Presidential Election?,0.3286,0.1,1.0,,,,
29396da1c4cd4261712b9308868c2d59,561246,561257,rejected,,rejected,eligible,Will Ron DeSantis win the 2028 US Presidential Election?,Will Michelle Obama win the 2028 US Presidential Election?,0.3286,0.1,1.0,,,,
66b56fdd1d838a7170b4f13c73d8ab76,561244,561262,rejected,,rejected,eligible,Will Donald Trump Jr. win the 2028 US Presidential Election?,Will James Talarico win the 2028 US Presidential Election?,0.3281,0.1,1.0,,,,
13b7bbf3d79f78002b1fd2ea97747b19,559652,561973,rejected,,rejected,eligible,Will Gavin Newsom win the 2028 Democratic presidential nomination?,Will Donald Trump win the 2028 Republican presidential nomination?,0.3278,0.06,1.0,,,,
7efc928f62de37e5be3ae49fa2fb8713,559693,561985,rejected,,rejected,eligible,Will Ruben Gallego win the 2028 Democratic presidential nomination?,Will Brian Kemp win the 2028 Republican presidential nomination?,0.3278,0.06,1.0,,,,
47da1afc67ee74d849eb6354476641a8,559668,561983,rejected,,rejected,eligible,Will Mark Kelly win the 2028 Democratic presidential nomination?,Will Greg Abbott win the 2028 Republican presidential nomination?,0.3278,0.06,1.0,,,,
0d02ae0dfd2f526e8c461ca5d7e84ff6,559652,561983,rejected,,rejected,eligible,Will Gavin Newsom win the 2028 Democratic presidential nomination?,Will Greg Abbott win the 2028 Republican presidential nomination?,0.3278,0.06,1.0,,,,
761bb4936d102f9f2f3ea6ab7d6c13dd,559693,561983,rejected,,rejected,eligible,Will Ruben Gallego win the 2028 Democratic presidential nomination?,Will Greg Abbott win the 2028 Republican presidential nomination?,0.3278,0.06,1.0,,,,
dc1df70c24a1e024b23863beb220dd89,559652,561985,rejected,,rejected,eligible,Will Gavin Newsom win the 2028 Democratic presidential nomination?,Will Brian Kemp win the 2028 Republican presidential nomination?,0.3278,0.06,1.0,,,,
3a6015c58d9bce7d0898d9ac6d6c5f0c,559652,561995,rejected,,rejected,eligible,Will Gavin Newsom win the 2028 Democratic presidential nomination?,Will Mike Pence win the 2028 Republican presidential nomination?,0.3278,0.06,1.0,,,,
425ccdf0235ba42dd69b3c595b4b56b4,559685,561976,rejected,,rejected,eligible,Will MrBeast win the 2028 Democratic presidential nomination?,Will Tulsi Gabbard win the 2028 Republican presidential nomination?,0.3278,0.06,1.0,,,,
1c04a323b8e3102c928ac8d3ebe574ba,559668,561985,rejected,,rejected,eligible,Will Mark Kelly win the 2028 Democratic presidential nomination?,Will Brian Kemp win the 2028 Republican presidential nomination?,0.3278,0.06,1.0,,,,
fb10225248f4076b136e0c48d058e1fb,559668,561995,rejected,,rejected,eligible,Will Mark Kelly win the 2028 Democratic presidential nomination?,Will Mike Pence win the 2028 Republican presidential nomination?,0.3278,0.06,1.0,,,,
281e6112d2baad4b7955894970ef4940,559693,561995,rejected,,rejected,eligible,Will Ruben Gallego win the 2028 Democratic presidential nomination?,Will Mike Pence win the 2028 Republican presidential nomination?,0.3278,0.06,1.0,,,,
daa85a0e067c4e4f74053a1884db17b0,559668,561996,rejected,,rejected,eligible,Will Mark Kelly win the 2028 Democratic presidential nomination?,Will Tucker Carlson win the 2028 Republican presidential nomination?,0.3278,0.06,1.0,,,,
5e71637c2d0176e69d23b0a12f670d2b,559662,561983,rejected,,rejected,eligible,Will Mark Cuban win the 2028 Democratic presidential nomination?,Will Greg Abbott win the 2028 Republican presidential nomination?,0.3278,0.06,1.0,,,,
e2322a7bde04a262b19354feb4735d37,559662,561985,rejected,,rejected,eligible,Will Mark Cuban win the 2028 Democratic presidential nomination?,Will Brian Kemp win the 2028 Republican presidential nomination?,0.3278,0.06,1.0,,,,
0e1d9c3ff3a1b8d99b2880ba67d117a7,559662,561995,rejected,,rejected,eligible,Will Mark Cuban win the 2028 Democratic presidential nomination?,Will Mike Pence win the 2028 Republican presidential nomination?,0.3278,0.06,1.0,,,,
c45d257c96d172df7f73c7e9043e1a10,559662,561996,rejected,,rejected,eligible,Will Mark Cuban win the 2028 Democratic presidential nomination?,Will Tucker Carlson win the 2028 Republican presidential nomination?,0.3278,0.06,1.0,,,,
b022f1410beb02aba0a08da8d9b61c99,559694,561982,rejected,,rejected,eligible,Will Ro Khanna win the 2028 Democratic presidential nomination?,Will Sarah Huckabee Sanders win the 2028 Republican presidential nomination?,0.3278,0.06,1.0,,,,
16bbfe22d41a4f62319d38021ba563b6,559693,561996,rejected,,rejected,eligible,Will Ruben Gallego win the 2028 Democratic presidential nomination?,Will Tucker Carlson win the 2028 Republican presidential nomination?,0.3278,0.06,1.0,,,,
d7a59c2ab7d1291aed89dc28eb505d74,559668,561973,rejected,,rejected,eligible,Will Mark Kelly win the 2028 Democratic presidential nomination?,Will Donald Trump win the 2028 Republican presidential nomination?,0.3278,0.06,1.0,,,,
feaba0d47d9cc67b1f68a276cc48912c,559693,561973,rejected,,rejected,eligible,Will Ruben Gallego win the 2028 Democratic presidential nomination?,Will Donald Trump win the 2028 Republican presidential nomination?,0.3278,0.06,1.0,,,,
f29b5e6fb19adf8fd34836d0a75d268d,559694,561984,rejected,,rejected,eligible,Will Ro Khanna win the 2028 Democratic presidential nomination?,Will Robert F. Kennedy Jr. win the 2028 Republican presidential nomination?,0.3278,0.06,1.0,,,,
a8e193e41fb0d6fed52a221c8c3fd2eb,559662,561973,rejected,,rejected,eligible,Will Mark Cuban win the 2028 Democratic presidential nomination?,Will Donald Trump win the 2028 Republican presidential nomination?,0.3278,0.06,1.0,,,,
4af4a2b761ebf1f6cf66593e97e8037e,561231,561248,rejected,,rejected,eligible,Will Alexandria Ocasio-Cortez win the 2028 US Presidential Election?,Will Vivek Ramaswamy win the 2028 US Presidential Election?,0.3277,0.1,1.0,,,,
b70a96ccf501ead6eb44e4a0ba6cbec2,561248,561257,rejected,,rejected,eligible,Will Vivek Ramaswamy win the 2028 US Presidential Election?,Will Michelle Obama win the 2028 US Presidential Election?,0.3277,0.1,1.0,,,,
02a9d1e01426fe250359a80acdaaf934,561231,561244,rejected,,rejected,eligible,Will Alexandria Ocasio-Cortez win the 2028 US Presidential Election?,Will Donald Trump Jr. win the 2028 US Presidential Election?,0.3277,0.1,1.0,,,,
ddc0af52d920b3f3ba4137218be613bc,561244,561257,rejected,,rejected,eligible,Will Donald Trump Jr. win the 2028 US Presidential Election?,Will Michelle Obama win the 2028 US Presidential Election?,0.3277,0.1,1.0,,,,
5393679e4ccb177f47612003ddcfdcce,561234,561238,rejected,,rejected,eligible,Will Marco Rubio win the 2028 US Presidential Election?,Will Glenn Youngkin win the 2028 US Presidential Election?,0.3277,0.1,1.0,,,,
39aa3519b8b06c85bedf030ee7026eaf,561250,561255,rejected,,rejected,eligible,Will Elon Musk win the 2028 US Presidential Election?,Will Ivanka Trump win the 2028 US Presidential Election?,0.3271,0.1,1.0,,,,
935f96c36aa8391cfa2df50fad22eab6,561250,561263,rejected,,rejected,ineligible,Will Elon Musk win the 2028 US Presidential Election?,Will Eric Trump win the 2028 US Presidential Election?,0.3271,0.1,1.0,,,,
b20d8264df15c7a5b5d913ad90f4514d,561233,561255,rejected,,rejected,eligible,Will Josh Shapiro win the 2028 US Presidential Election?,Will Ivanka Trump win the 2028 US Presidential Election?,0.3271,0.1,1.0,,,,
1c59fbe7e6ae0dd40ddbd572db25a79b,561233,561243,rejected,,rejected,eligible,Will Josh Shapiro win the 2028 US Presidential Election?,Will Donald Trump win the 2028 US Presidential Election?,0.3271,0.1,1.0,,,,
7339a3a37e85e450864c6a972b560dff,561243,561259,rejected,,rejected,eligible,Will Donald Trump win the 2028 US Presidential Election?,Will Ro Khanna win the 2028 US Presidential Election?,0.3271,0.1,1.0,,,,
67e5c57dbb2cc8b5ccd56afe2a2b2ca4,561255,561259,rejected,,rejected,eligible,Will Ivanka Trump win the 2028 US Presidential Election?,Will Ro Khanna win the 2028 US Presidential Election?,0.3271,0.1,1.0,,,,
25459ebd3c6f12216c1a5e24f2d7af6f,561243,561250,rejected,,rejected,eligible,Will Donald Trump win the 2028 US Presidential Election?,Will Elon Musk win the 2028 US Presidential Election?,0.3271,0.1,1.0,,,,
2e770a5a6138d8722656e5e145a92834,561233,561263,rejected,,rejected,ineligible,Will Josh Shapiro win the 2028 US Presidential Election?,Will Eric Trump win the 2028 US Presidential Election?,0.3271,0.1,1.0,,,,
b2470ac8b575f487b2eb50409027f380,561230,561236,rejected,,rejected,eligible,Will Gavin Newsom win the 2028 US Presidential Election?,Will Gretchen Whitmer win the 2028 US Presidential Election?,0.3271,0.1,1.0,,,,
e022fc71f58f46f50330811131a8c027,561259,561263,rejected,,rejected,ineligible,Will Ro Khanna win the 2028 US Presidential Election?,Will Eric Trump win the 2028 US Presidential Election?,0.3271,0.1,1.0,,,,
ee133554d23ffb567d4061532ad67407,561233,561234,rejected,,rejected,eligible,Will Josh Shapiro win the 2028 US Presidential Election?,Will Marco Rubio win the 2028 US Presidential Election?,0.3271,0.1,1.0,,,,
eafa282f1fe3c2034c6e7000af2a36f1,561244,561978,rejected,,rejected,eligible,Will Donald Trump Jr. win the 2028 US Presidential Election?,Will Donald Trump Jr. win the 2028 Republican presidential nomination?,0.3271,0.425,1.0,,,,
8f5ce1f80026402f70b2080770e91cc7,561253,561262,rejected,,rejected,eligible,Will Tucker Carlson win the 2028 US Presidential Election?,Will James Talarico win the 2028 US Presidential Election?,0.3267,0.1,1.0,,,,
b2ce48f1d69ae3a1ca88ad9937163df2,561230,561258,rejected,,rejected,eligible,Will Gavin Newsom win the 2028 US Presidential Election?,Will Jamie Dimon win the 2028 US Presidential Election?,0.3267,0.1,1.0,,,,
210cec7bc8c2139183612b003c6dbc51,559652,561976,rejected,,rejected,eligible,Will Gavin Newsom win the 2028 Democratic presidential nomination?,Will Tulsi Gabbard win the 2028 Republican presidential nomination?,0.3263,0.06,1.0,,,,
560811632d1605650aeede8751cdbe51,559662,561976,rejected,,rejected,eligible,Will Mark Cuban win the 2028 Democratic presidential nomination?,Will Tulsi Gabbard win the 2028 Republican presidential nomination?,0.3263,0.06,1.0,,,,
d926980445b1b9bf55ac7a4f27301dc5,559668,561976,rejected,,rejected,eligible,Will Mark Kelly win the 2028 Democratic presidential nomination?,Will Tulsi Gabbard win the 2028 Republican presidential nomination?,0.3263,0.06,1.0,,,,
659c308dc69a92e535a9cc86ceb533ba,561231,561253,rejected,,rejected,eligible,Will Alexandria Ocasio-Cortez win the 2028 US Presidential Election?,Will Tucker Carlson win the 2028 US Presidential Election?,0.3262,0.1,1.0,,,,
c7cf7e656b46d2627f32ca774a09eda6,561243,561261,rejected,,rejected,eligible,Will Donald Trump win the 2028 US Presidential Election?,Will Jon Ossoff win the 2028 US Presidential Election?,0.3262,0.1,1.0,,,,
5064b45b0ad98d070e1a019ec14ef1a9,561235,561255,rejected,,rejected,eligible,Will Wes Moore win the 2028 US Presidential Election?,Will Ivanka Trump win the 2028 US Presidential Election?,0.3262,0.1,1.0,,,,
5505a42b4aae6e4822e6d99c264911c5,561235,561263,rejected,,rejected,ineligible,Will Wes Moore win the 2028 US Presidential Election?,Will Eric Trump win the 2028 US Presidential Election?,0.3262,0.1,1.0,,,,
e8054251cbc39f4ee743e5aaad4718a5,561255,561261,rejected,,rejected,eligible,Will Ivanka Trump win the 2028 US Presidential Election?,Will Jon Ossoff win the 2028 US Presidential Election?,0.3262,0.1,1.0,,,,
68b99ead63f02051d9c6d3cbc55fd05e,561261,561263,rejected,,rejected,ineligible,Will Jon Ossoff win the 2028 US Presidential Election?,Will Eric Trump win the 2028 US Presidential Election?,0.3262,0.1,1.0,,,,
1aeb3f4e458ad4b1282054f4904d8c07,561235,561243,rejected,,rejected,eligible,Will Wes Moore win the 2028 US Presidential Election?,Will Donald Trump win the 2028 US Presidential Election?,0.3262,0.1,1.0,,,,
2e9d22a5289b854e4a0d88826c772672,561231,561250,rejected,,rejected,eligible,Will Alexandria Ocasio-Cortez win the 2028 US Presidential Election?,Will Elon Musk win the 2028 US Presidential Election?,0.3259,0.1,1.0,,,,
5631f1c43891469d00cfbc48daa4ac2e,561231,561245,rejected,,rejected,eligible,Will Alexandria Ocasio-Cortez win the 2028 US Presidential Election?,Will Nikki Haley win the 2028 US Presidential Election?,0.3259,0.1,1.0,,,,
bf3717245ca760cf7addd38f02b6a8c6,561261,561262,rejected,,rejected,eligible,Will Jon Ossoff win the 2028 US Presidential Election?,Will James Talarico win the 2028 US Presidential Election?,0.3256,0.1,1.0,,,,
d8835b7848f13511d1755624ccf05f97,561235,561262,rejected,,rejected,eligible,Will Wes Moore win the 2028 US Presidential Election?,Will James Talarico win the 2028 US Presidential Election?,0.3256,0.1,1.0,,,,
87e2e7f05598f68092bfea1faa4587ad,561236,561260,rejected,,rejected,eligible,Will Gretchen Whitmer win the 2028 US Presidential Election?,Will Thomas Massie win the 2028 US Presidential Election?,0.3253,0.1,1.0,,,,
16130ff1e2e1a3a4dfd74c175b7f79c2,561258,561260,rejected,,rejected,eligible,Will Jamie Dimon win the 2028 US Presidential Election?,Will Thomas Massie win the 2028 US Presidential Election?,0.325,0.1,1.0,,,,
11c8e0d599d31a3b7ea6b22da2bd13d1,561237,561248,rejected,,rejected,eligible,Will Andy Beshear win the 2028 US Presidential Election?,Will Vivek Ramaswamy win the 2028 US Presidential Election?,0.325,0.1,1.0,,,,
f0c9c731d697ab80062f70358e41e191,561240,561243,rejected,,rejected,eligible,Will Stephen Smith win the 2028 US Presidential Election?,Will Donald Trump win the 2028 US Presidential Election?,0.3243,0.1,1.0,,,,
1f808e5b0bfe823b9058a84c1ad705ac,561255,561256,rejected,,rejected,eligible,Will Ivanka Trump win the 2028 US Presidential Election?,Will Zohran Mamdani win the 2028 US Presidential Election?,0.3243,0.1,1.0,,,,
7c55f76c8c681bb77999ef498ca463a5,561240,561263,rejected,,rejected,ineligible,Will Stephen Smith win the 2028 US Presidential Election?,Will Eric Trump win the 2028 US Presidential Election?,0.3243,0.1,1.0,,,,
b5f8ae9cd89e70ee9668e408c046af81,561256,561263,rejected,,rejected,ineligible,Will Zohran Mamdani win the 2028 US Presidential Election?,Will Eric Trump win the 2028 US Presidential Election?,0.3243,0.1,1.0,,,,
2c112cfee55d32918e459fd52a6dccab,561240,561255,rejected,,rejected,eligible,Will Stephen Smith win the 2028 US Presidential Election?,Will Ivanka Trump win the 2028 US Presidential Election?,0.3243,0.1,1.0,,,,
2c9c33a235538043597de56dfde8d284,561243,561256,rejected,,rejected,eligible,Will Donald Trump win the 2028 US Presidential Election?,Will Zohran Mamdani win the 2028 US Presidential Election?,0.3243,0.1,1.0,,,,
937424e62cd4da1141d1331a59eb9d1a,559653,559688,rejected,,rejected,eligible,Will Alexandria Ocasio-Cortez win the 2028 Democratic presidential nomination?,Will Andrew Yang win the 2028 Democratic presidential nomination?,0.3241,0.075,1.0,,,,
de708b0e3144264a70ff990232387ec6,559654,559655,rejected,,rejected,eligible,Will Pete Buttigieg win the 2028 Democratic presidential nomination?,Will Josh Shapiro win the 2028 Democratic presidential nomination?,0.3241,0.075,1.0,,,,
fc3018d4d69244acd94ddcb9c27ba051,559654,559657,rejected,,rejected,eligible,Will Pete Buttigieg win the 2028 Democratic presidential nomination?,Will Stephen A. Smith win the 2028 Democratic presidential nomination?,0.3241,0.075,1.0,,,,
d3e3cc19c82b3abb6ec10c8a93b7c67a,559688,559695,rejected,,rejected,eligible,Will Andrew Yang win the 2028 Democratic presidential nomination?,Will James Talarico win the 2028 Democratic presidential nomination?,0.3241,0.075,1.0,,,,
939cf24d685a751399d9e79b3603e4e3,559654,559660,rejected,,rejected,eligible,Will Pete Buttigieg win the 2028 Democratic presidential nomination?,Will Andy Beshear win the 2028 Democratic presidential nomination?,0.3241,0.075,1.0,,,,
51381f86be599dd7878d5474daa63a0b,559654,559666,rejected,,rejected,eligible,Will Pete Buttigieg win the 2028 Democratic presidential nomination?,Will Tim Walz win the 2028 Democratic presidential nomination?,0.3241,0.075,1.0,,,,
c4107bb2c5230c43bf41cd914390d2f9,559654,559667,rejected,,rejected,eligible,Will Pete Buttigieg win the 2028 Democratic presidential nomination?,Will Michelle Obama win the 2028 Democratic presidential nomination?,0.3241,0.075,1.0,,,,
1b34f8477111d2b897ef41e54bc536a1,559654,559671,rejected,,rejected,eligible,Will Pete Buttigieg win the 2028 Democratic presidential nomination?,Will Zohran Mamdani win the 2028 Democratic presidential nomination?,0.3241,0.075,1.0,,,,
09662200d4d4a34767f283cc90c164b3,559654,559677,rejected,,rejected,eligible,Will Pete Buttigieg win the 2028 Democratic presidential nomination?,Will Hillary Clinton win the 2028 Democratic presidential nomination?,0.3241,0.075,1.0,,,,
fa2a585306e3446dae9c9d7ac2e405a0,559654,559678,rejected,,rejected,eligible,Will Pete Buttigieg win the 2028 Democratic presidential nomination?,Will Liz Cheney win the 2028 Democratic presidential nomination?,0.3241,0.075,1.0,,,,
ee285dd665f6a3a1dec864d04a88e958,559654,559681,rejected,,rejected,eligible,Will Pete Buttigieg win the 2028 Democratic presidential nomination?,Will LeBron James win the 2028 Democratic presidential nomination?,0.3241,0.075,1.0,,,,
0faae160ae7c8f3f61f49ea5170112e8,559654,559683,rejected,,rejected,eligible,Will Pete Buttigieg win the 2028 Democratic presidential nomination?,Will George Clooney win the 2028 Democratic presidential nomination?,0.3241,0.075,1.0,,,,
a1c0e142b3f9076ba6b11c9fa860f91d,559654,559684,rejected,,rejected,eligible,Will Pete Buttigieg win the 2028 Democratic presidential nomination?,Will Chelsea Clinton win the 2028 Democratic presidential nomination?,0.3241,0.075,1.0,,,,
e7902b0cff76eb794e10bed614a8c45a,559654,559690,rejected,,rejected,eligible,Will Pete Buttigieg win the 2028 Democratic presidential nomination?,Will Kim Kardashian win the 2028 Democratic presidential nomination?,0.3241,0.075,1.0,,,,
f3485d5ff7a620f39d504d98d9ade257,559654,559669,rejected,,rejected,eligible,Will Pete Buttigieg win the 2028 Democratic presidential nomination?,Will Rahm Emanuel win the 2028 Democratic presidential nomination?,0.3241,0.075,1.0,,,,
b5392201be16845e106dfc1cefc73c52,561229,561236,rejected,,rejected,eligible,Will JD Vance win the 2028 US Presidential Election?,Will Gretchen Whitmer win the 2028 US Presidential Election?,0.324,0.1,1.0,,,,
311eb37b660044e40f2fe95f62b97aa9,561229,561242,rejected,,rejected,eligible,Will JD Vance win the 2028 US Presidential Election?,Will Tulsi Gabbard win the 2028 US Presidential Election?,0.324,0.1,1.0,,,,
c2c4151258526a41f108473727197d17,561236,561238,rejected,,rejected,eligible,Will Gretchen Whitmer win the 2028 US Presidential Election?,Will Glenn Youngkin win the 2028 US Presidential Election?,0.3234,0.1,1.0,,,,
6d888ab8d73d5220d04f2c3d368c6ae3,561238,561242,rejected,,rejected,eligible,Will Glenn Youngkin win the 2028 US Presidential Election?,Will Tulsi Gabbard win the 2028 US Presidential Election?,0.3234,0.1,1.0,,,,
1bfa2627fb8f27b283a073877502dc45,561230,561233,rejected,,rejected,eligible,Will Gavin Newsom win the 2028 US Presidential Election?,Will Josh Shapiro win the 2028 US Presidential Election?,0.3234,0.1,1.0,,,,
ba974c59e244b83d3f59defda162b352,561234,561262,rejected,,rejected,eligible,Will Marco Rubio win the 2028 US Presidential Election?,Will James Talarico win the 2028 US Presidential Election?,0.3234,0.1,1.0,,,,
a7a589b95bd7281ea21402e4441353d2,561230,561245,rejected,,rejected,eligible,Will Gavin Newsom win the 2028 US Presidential Election?,Will Nikki Haley win the 2028 US Presidential Election?,0.3234,0.1,1.0,,,,
86ba8626163e77c461f00c01412f7908,561253,561258,rejected,,rejected,eligible,Will Tucker Carlson win the 2028 US Presidential Election?,Will Jamie Dimon win the 2028 US Presidential Election?,0.3232,0.1,1.0,,,,
a1285b20fd460b312a5b228e6e314e12,561246,561253,rejected,,rejected,eligible,Will Ron DeSantis win the 2028 US Presidential Election?,Will Tucker Carlson win the 2028 US Presidential Election?,0.3232,0.1,1.0,,,,
7bcf8f38bcf88188d70123cac468df5b,561236,561250,rejected,,rejected,eligible,Will Gretchen Whitmer win the 2028 US Presidential Election?,Will Elon Musk win the 2028 US Presidential Election?,0.3232,0.1,1.0,,,,
f2231780ac125f2dbbb163d5942d064b,561236,561259,rejected,,rejected,eligible,Will Gretchen Whitmer win the 2028 US Presidential Election?,Will Ro Khanna win the 2028 US Presidential Election?,0.3232,0.1,1.0,,,,
7d3de13bfdacb398e22604a7bd2db2f1,561241,561262,rejected,,rejected,eligible,Will JB Pritzker win the 2028 US Presidential Election?,Will James Talarico win the 2028 US Presidential Election?,0.3232,0.1,1.0,,,,
3c63fe5549eb8a45c6d9e97bf965153d,561234,561257,rejected,,rejected,eligible,Will Marco Rubio win the 2028 US Presidential Election?,Will Michelle Obama win the 2028 US Presidential Election?,0.3232,0.1,1.0,,,,
b5658772959dfad822af5ad7391e3c44,561239,561245,rejected,,rejected,eligible,Will Kamala Harris win the 2028 US Presidential Election?,Will Nikki Haley win the 2028 US Presidential Election?,0.3232,0.1,1.0,,,,
da7f9fa5c85fef539db05efcb26a6a08,561246,561250,rejected,,rejected,eligible,Will Ron DeSantis win the 2028 US Presidential Election?,Will Elon Musk win the 2028 US Presidential Election?,0.323,0.1,1.0,,,,
8fc5d49f02c0f88aa4bea4ef8af310ec,561246,561259,rejected,,rejected,eligible,Will Ron DeSantis win the 2028 US Presidential Election?,Will Ro Khanna win the 2028 US Presidential Election?,0.323,0.1,1.0,,,,
ff22ad2d42a98312a7777f44ece997a3,561254,561262,rejected,,rejected,ineligible,Will Kim Kardashian win the 2028 US Presidential Election?,Will James Talarico win the 2028 US Presidential Election?,0.3229,0.1,1.0,,,,
822baeeb7b11c3b50b79117540778472,561235,561249,rejected,,rejected,eligible,Will Wes Moore win the 2028 US Presidential Election?,Will Greg Abbott win the 2028 US Presidential Election?,0.3229,0.1,1.0,,,,
00715cae118903345bac1e08837813a9,561237,561245,rejected,,rejected,eligible,Will Andy Beshear win the 2028 US Presidential Election?,Will Nikki Haley win the 2028 US Presidential Election?,0.3229,0.1,1.0,,,,
9a9034ca5886ffc47291fdd98a7746f6,561238,561248,rejected,,rejected,eligible,Will Glenn Youngkin win the 2028 US Presidential Election?,Will Vivek Ramaswamy win the 2028 US Presidential Election?,0.3229,0.1,1.0,,,,
2a09c0a5a366820613054208360e740c,561232,561245,rejected,,rejected,eligible,Will Pete Buttigieg win the 2028 US Presidential Election?,Will Nikki Haley win the 2028 US Presidential Election?,0.3227,0.1,1.0,,,,
79e3930a331466248a0caf86d82d8099,561250,561260,rejected,,rejected,eligible,Will Elon Musk win the 2028 US Presidential Election?,Will Thomas Massie win the 2028 US Presidential Election?,0.3226,0.1,1.0,,,,
475348c48603a43679e40db74e79ad74,561233,561260,rejected,,rejected,eligible,Will Josh Shapiro win the 2028 US Presidential Election?,Will Thomas Massie win the 2028 US Presidential Election?,0.3226,0.1,1.0,,,,
02e11ad834ffd43412d4bcf08b93178e,559682,561976,rejected,,rejected,eligible,Will Hunter Biden win the 2028 Democratic presidential nomination?,Will Tulsi Gabbard win the 2028 Republican presidential nomination?,0.322,0.06,1.0,,,,
ac3f7028dfb79dce39de224d97fba2d8,559674,561976,rejected,,rejected,eligible,Will Jared Polis win the 2028 Democratic presidential nomination?,Will Tulsi Gabbard win the 2028 Republican presidential nomination?,0.322,0.06,1.0,,,,
0b7fab4e71fe940d5da0022766978554,559668,561982,rejected,,rejected,eligible,Will Mark Kelly win the 2028 Democratic presidential nomination?,Will Sarah Huckabee Sanders win the 2028 Republican presidential nomination?,0.322,0.06,1.0,,,,
7e9e12076e59df006e5113adfd520577,559652,561982,rejected,,rejected,eligible,Will Gavin Newsom win the 2028 Democratic presidential nomination?,Will Sarah Huckabee Sanders win the 2028 Republican presidential nomination?,0.322,0.06,1.0,,,,
f3bcb267117ba89242f528cdeb72d786,559652,561984,rejected,,rejected,eligible,Will Gavin Newsom win the 2028 Democratic presidential nomination?,Will Robert F. Kennedy Jr. win the 2028 Republican presidential nomination?,0.322,0.06,1.0,,,,
85c1fe5f4a2ee101223ccbdb86d3dd8c,559656,561976,rejected,,rejected,eligible,Will Wes Moore win the 2028 Democratic presidential nomination?,Will Tulsi Gabbard win the 2028 Republican presidential nomination?,0.322,0.06,1.0,,,,
d9128bf09aed6358787eb4252bc6a001,559668,561984,rejected,,rejected,eligible,Will Mark Kelly win the 2028 Democratic presidential nomination?,Will Robert F. Kennedy Jr. win the 2028 Republican presidential nomination?,0.322,0.06,1.0,,,,
7c0a9f0b083ba5cf6e752fb3687e74ef,559662,561982,rejected,,rejected,eligible,Will Mark Cuban win the 2028 Democratic presidential nomination?,Will Sarah Huckabee Sanders win the 2028 Republican presidential nomination?,0.322,0.06,1.0,,,,
2711226213655ede10b1bc8b4686f63d,559687,561976,rejected,,rejected,eligible,Will Oprah Winfrey win the 2028 Democratic presidential nomination?,Will Tulsi Gabbard win the 2028 Republican presidential nomination?,0.322,0.06,1.0,,,,
bfe45e684b52e04df71c3ed352c2a3c0,559661,561976,rejected,,rejected,eligible,Will Jon Ossoff win the 2028 Democratic presidential nomination?,Will Tulsi Gabbard win the 2028 Republican presidential nomination?,0.322,0.06,1.0,,,,
f0f29fb4ac6118fed0f772dd01ab7d39,559659,561976,rejected,,rejected,eligible,Will Gretchen Whitmer win the 2028 Democratic presidential nomination?,Will Tulsi Gabbard win the 2028 Republican presidential nomination?,0.322,0.06,1.0,,,,
413124f711e2e7b5c28db6e3bc2aa302,559689,561976,rejected,,rejected,eligible,Will Beto O’Rourke win the 2028 Democratic presidential nomination?,Will Tulsi Gabbard win the 2028 Republican presidential nomination?,0.322,0.06,1.0,,,,
0401d2390d608f6f3cbc6f0d3026cf74,559662,561984,rejected,,rejected,eligible,Will Mark Cuban win the 2028 Democratic presidential nomination?,Will Robert F. Kennedy Jr. win the 2028 Republican presidential nomination?,0.322,0.06,1.0,,,,
31c94851d6ded7e5ccc80c113e34a19b,559670,561976,rejected,,rejected,eligible,Will Gina Raimondo win the 2028 Democratic presidential nomination?,Will Tulsi Gabbard win the 2028 Republican presidential nomination?,0.322,0.06,1.0,,,,
542347cc63ce0237e1cff814d7feb316,559672,561976,rejected,,rejected,eligible,Will Roy Cooper win the 2028 Democratic presidential nomination?,Will Tulsi Gabbard win the 2028 Republican presidential nomination?,0.322,0.06,1.0,,,,
d2501dce01e05049d980658c89962bd8,559658,561976,rejected,,rejected,eligible,Will Kamala Harris win the 2028 Democratic presidential nomination?,Will Tulsi Gabbard win the 2028 Republican presidential nomination?,0.322,0.06,1.0,,,,
840aeb582fd3e5aa69e2911fb127e5e8,559673,561976,rejected,,rejected,eligible,Will John Fetterman win the 2028 Democratic presidential nomination?,Will Tulsi Gabbard win the 2028 Republican presidential nomination?,0.322,0.06,1.0,,,,
a94a635aa6890141c835f8fe1598937d,559665,561976,rejected,,rejected,eligible,Will Cory Booker win the 2028 Democratic presidential nomination?,Will Tulsi Gabbard win the 2028 Republican presidential nomination?,0.322,0.06,1.0,,,,
87f2510ccb3ad2c0bc238862b2f41315,559693,561984,rejected,,rejected,eligible,Will Ruben Gallego win the 2028 Democratic presidential nomination?,Will Robert F. Kennedy Jr. win the 2028 Republican presidential nomination?,0.322,0.06,1.0,,,,
bd4e35f768dbd4e172671d3f6cf26909,559693,561982,rejected,,rejected,eligible,Will Ruben Gallego win the 2028 Democratic presidential nomination?,Will Sarah Huckabee Sanders win the 2028 Republican presidential nomination?,0.322,0.06,1.0,,,,
92015abf95c289ae5d052becb043b67b,559691,561976,rejected,,rejected,eligible,Will Chris Murphy win the 2028 Democratic presidential nomination?,Will Tulsi Gabbard win the 2028 Republican presidential nomination?,0.322,0.06,1.0,,,,
05d8e1ec746088d7798f9fc5a944b60c,559675,561976,rejected,,rejected,eligible,Will Jon Stewart win the 2028 Democratic presidential nomination?,Will Tulsi Gabbard win the 2028 Republican presidential nomination?,0.322,0.06,1.0,,,,
f7ce383c683558d1ce5530873f37e0b1,559676,561976,rejected,,rejected,eligible,Will Barack Obama win the 2028 Democratic presidential nomination?,Will Tulsi Gabbard win the 2028 Republican presidential nomination?,0.322,0.06,1.0,,,,
9e6672246d072b535634ef89b1cbcc42,559680,561976,rejected,,rejected,eligible,Will Phil Murphy win the 2028 Democratic presidential nomination?,Will Tulsi Gabbard win the 2028 Republican presidential nomination?,0.322,0.06,1.0,,,,
a4873cf623f59ac309dd29391c2dfad3,559679,561976,rejected,,rejected,eligible,Will Bernie Sanders win the 2028 Democratic presidential nomination?,Will Tulsi Gabbard win the 2028 Republican presidential nomination?,0.322,0.06,1.0,,,,
d53099701d5771d467e9c232940df05c,559654,561976,rejected,,rejected,eligible,Will Pete Buttigieg win the 2028 Democratic presidential nomination?,Will Tulsi Gabbard win the 2028 Republican presidential nomination?,0.3203,0.06,1.0,,,,
2df9215c9270816c093e9bfae0c14b94,561230,561234,rejected,,rejected,eligible,Will Gavin Newsom win the 2028 US Presidential Election?,Will Marco Rubio win the 2028 US Presidential Election?,0.32,0.1,1.0,,,,
931bd4b0c4d17d91d153cd74f3eeba6e,561230,561243,rejected,,rejected,eligible,Will Gavin Newsom win the 2028 US Presidential Election?,Will Donald Trump win the 2028 US Presidential Election?,0.32,0.1,1.0,,,,
3a1a9cf2f4faab060557385934ac49ef,561233,561238,rejected,,rejected,eligible,Will Josh Shapiro win the 2028 US Presidential Election?,Will Glenn Youngkin win the 2028 US Presidential Election?,0.32,0.1,1.0,,,,
25b9b9eb310650c982f4074d58efa836,561234,561258,rejected,,rejected,eligible,Will Marco Rubio win the 2028 US Presidential Election?,Will Jamie Dimon win the 2028 US Presidential Election?,0.32,0.1,1.0,,,,
eca5f7c020e649424325f6f81616415a,561235,561245,rejected,,rejected,eligible,Will Wes Moore win the 2028 US Presidential Election?,Will Nikki Haley win the 2028 US Presidential Election?,0.32,0.1,1.0,,,,
aed2655432f3aeb4850d49aef4ede0c5,561239,561257,rejected,,rejected,eligible,Will Kamala Harris win the 2028 US Presidential Election?,Will Michelle Obama win the 2028 US Presidential Election?,0.32,0.1,1.0,,,,
8cc4793680250807fe9f37887c13912e,561229,561233,rejected,,rejected,eligible,Will JD Vance win the 2028 US Presidential Election?,Will Josh Shapiro win the 2028 US Presidential Election?,0.32,0.1,1.0,,,,
d8b70f6eeae5aa3276aca0cd5f565b2b,561245,561261,rejected,,rejected,eligible,Will Nikki Haley win the 2028 US Presidential Election?,Will Jon Ossoff win the 2028 US Presidential Election?,0.32,0.1,1.0,,,,
30cde01d2a6a3de540262e2c74b43301,561232,561262,rejected,,rejected,eligible,Will Pete Buttigieg win the 2028 US Presidential Election?,Will James Talarico win the 2028 US Presidential Election?,0.32,0.1,1.0,,,,
ec6c0511560d864157f67c270e292b1d,561230,561263,rejected,,rejected,ineligible,Will Gavin Newsom win the 2028 US Presidential Election?,Will Eric Trump win the 2028 US Presidential Election?,0.32,0.1,1.0,,,,
eadc241b35e9b27fe650a40d2769743d,561243,561248,rejected,,rejected,eligible,Will Donald Trump win the 2028 US Presidential Election?,Will Vivek Ramaswamy win the 2028 US Presidential Election?,0.32,0.1,1.0,,,,
b073c3b8c5c70554302672bca3c4f48f,561236,561240,rejected,,rejected,eligible,Will Gretchen Whitmer win the 2028 US Presidential Election?,Will Stephen Smith win the 2028 US Presidential Election?,0.32,0.1,1.0,,,,
e529c3dfcf36a63071f2ebce447284d0,561229,561245,rejected,,rejected,eligible,Will JD Vance win the 2028 US Presidential Election?,Will Nikki Haley win the 2028 US Presidential Election?,0.32,0.1,1.0,,,,
f96f9e8637f86da2da3311804e2ecc86,561238,561245,rejected,,rejected,eligible,Will Glenn Youngkin win the 2028 US Presidential Election?,Will Nikki Haley win the 2028 US Presidential Election?,0.32,0.1,1.0,,,,
de696eee8d43b31d4f50cde3eeb8dda4,561236,561256,rejected,,rejected,eligible,Will Gretchen Whitmer win the 2028 US Presidential Election?,Will Zohran Mamdani win the 2028 US Presidential Election?,0.32,0.1,1.0,,,,
8d5b098c3a2000a86f8035943ce5f592,561248,561263,rejected,,rejected,ineligible,Will Vivek Ramaswamy win the 2028 US Presidential Election?,Will Eric Trump win the 2028 US Presidential Election?,0.32,0.1,1.0,,,,
f70ac35f6b0071b25c2c8a6ebfa2fb6e,561233,561261,rejected,,rejected,eligible,Will Josh Shapiro win the 2028 US Presidential Election?,Will Jon Ossoff win the 2028 US Presidential Election?,0.32,0.1,1.0,,,,
22e30a22e5bb71d5b6c4d93d3679f2c2,561240,561242,rejected,,rejected,eligible,Will Stephen Smith win the 2028 US Presidential Election?,Will Tulsi Gabbard win the 2028 US Presidential Election?,0.32,0.1,1.0,,,,
632f12c078a2d599c54758419548534e,561238,561247,rejected,,rejected,eligible,Will Glenn Youngkin win the 2028 US Presidential Election?,Will Tim Walz win the 2028 US Presidential Election?,0.32,0.1,1.0,,,,
0f9e86a147decdc32b2ab4863a9316af,561248,561255,rejected,,rejected,eligible,Will Vivek Ramaswamy win the 2028 US Presidential Election?,Will Ivanka Trump win the 2028 US Presidential Election?,0.32,0.1,1.0,,,,
7dc103231260c4832a404496f9885b22,561257,561260,rejected,,rejected,eligible,Will Michelle Obama win the 2028 US Presidential Election?,Will Thomas Massie win the 2028 US Presidential Election?,0.32,0.1,1.0,,,,
5010aadefa4a25ec1dafa2dd478edc3f,561231,561237,rejected,,rejected,eligible,Will Alexandria Ocasio-Cortez win the 2028 US Presidential Election?,Will Andy Beshear win the 2028 US Presidential Election?,0.32,0.1,1.0,,,,
fece79d68b18509a47834efcf2b602e3,561242,561256,rejected,,rejected,eligible,Will Tulsi Gabbard win the 2028 US Presidential Election?,Will Zohran Mamdani win the 2028 US Presidential Election?,0.32,0.1,1.0,,,,
ff6f76b0c134d76e771e57dae6c9c9be,561230,561255,rejected,,rejected,eligible,Will Gavin Newsom win the 2028 US Presidential Election?,Will Ivanka Trump win the 2028 US Presidential Election?,0.32,0.1,1.0,,,,
4f6265c1ddd7146eaba0dc20a2693f8f,561234,561239,rejected,,rejected,eligible,Will Marco Rubio win the 2028 US Presidential Election?,Will Kamala Harris win the 2028 US Presidential Election?,0.32,0.1,1.0,,,,
9d12f42ecf5a50e0cd8e8efa3c99459f,561231,561258,rejected,,rejected,eligible,Will Alexandria Ocasio-Cortez win the 2028 US Presidential Election?,Will Jamie Dimon win the 2028 US Presidential Election?,0.32,0.1,1.0,,,,
2ce8de750bab728b47e2c02766dc43e7,561234,561246,rejected,,rejected,eligible,Will Marco Rubio win the 2028 US Presidential Election?,Will Ron DeSantis win the 2028 US Presidential Election?,0.32,0.1,1.0,,,,
0bb465ba4e58d227338fef8f4d69df75,561241,561260,rejected,,rejected,eligible,Will JB Pritzker win the 2028 US Presidential Election?,Will Thomas Massie win the 2028 US Presidential Election?,0.32,0.1,1.0,,,,
1365c4aab07523e9955618c94858aed5,561230,561262,rejected,,rejected,eligible,Will Gavin Newsom win the 2028 US Presidential Election?,Will James Talarico win the 2028 US Presidential Election?,0.32,0.1,1.0,,,,
e8ff0e2261ef3154f2870a7d2e09c903,559654,559695,rejected,,rejected,eligible,Will Pete Buttigieg win the 2028 Democratic presidential nomination?,Will James Talarico win the 2028 Democratic presidential nomination?,0.3193,0.075,1.0,,,,
c9476a9d1371de3d3ef38135ae06fce4,559653,559654,rejected,,rejected,eligible,Will Alexandria Ocasio-Cortez win the 2028 Democratic presidential nomination?,Will Pete Buttigieg win the 2028 Democratic presidential nomination?,0.3193,0.075,1.0,,,,
4fb2c799e09483d2a63419b719de8a2b,559686,559688,rejected,,rejected,eligible,Will Dwayne 'The Rock' Johnson win the 2028 Democratic presidential nomination?,Will Andrew Yang win the 2028 Democratic presidential nomination?,0.3193,0.075,1.0,,,,
08701cf4192cb79e4b76acf8898462c4,561248,561264,rejected,,rejected,ineligible,Will Vivek Ramaswamy win the 2028 US Presidential Election?,Will Pete Hegseth win the 2028 US Presidential Election?,0.3178,0.1,1.0,,,,
288c0a47f8849386f136b6ce60033a85,561246,561260,rejected,,rejected,eligible,Will Ron DeSantis win the 2028 US Presidential Election?,Will Thomas Massie win the 2028 US Presidential Election?,0.3176,0.1,1.0,,,,
c3254128a0efdd2cb9b64f185cb221be,561244,561246,rejected,,rejected,eligible,Will Donald Trump Jr. win the 2028 US Presidential Election?,Will Ron DeSantis win the 2028 US Presidential Election?,0.3174,0.1,1.0,,,,
466231799c552ac8cc3d58f9a9115194,561239,561248,rejected,,rejected,eligible,Will Kamala Harris win the 2028 US Presidential Election?,Will Vivek Ramaswamy win the 2028 US Presidential Election?,0.3173,0.1,1.0,,,,
68a62d442fdcc0657d1d609fede68116,561245,561254,rejected,,rejected,ineligible,Will Nikki Haley win the 2028 US Presidential Election?,Will Kim Kardashian win the 2028 US Presidential Election?,0.3171,0.1,1.0,,,,
6eb2c7b2cde4e0d885d3559ec8eade3c,561233,561257,rejected,,rejected,eligible,Will Josh Shapiro win the 2028 US Presidential Election?,Will Michelle Obama win the 2028 US Presidential Election?,0.3171,0.1,1.0,,,,
1db9a40e9763f537b77a3cc0429db54d,561250,561257,rejected,,rejected,eligible,Will Elon Musk win the 2028 US Presidential Election?,Will Michelle Obama win the 2028 US Presidential Election?,0.3171,0.1,1.0,,,,
e4d2e3e4e0766ab95c1a8081e737e9d6,561257,561259,rejected,,rejected,eligible,Will Michelle Obama win the 2028 US Presidential Election?,Will Ro Khanna win the 2028 US Presidential Election?,0.3171,0.1,1.0,,,,
d0ac393cdcceccfc55a473f41de457e5,561250,561262,rejected,,rejected,eligible,Will Elon Musk win the 2028 US Presidential Election?,Will James Talarico win the 2028 US Presidential Election?,0.317,0.1,1.0,,,,
66304ef1042f72589489b98da8dc5784,561253,561257,rejected,,rejected,eligible,Will Tucker Carlson win the 2028 US Presidential Election?,Will Michelle Obama win the 2028 US Presidential Election?,0.317,0.1,1.0,,,,
d762f7272874125d482372380fe5fa99,561259,561262,rejected,,rejected,eligible,Will Ro Khanna win the 2028 US Presidential Election?,Will James Talarico win the 2028 US Presidential Election?,0.317,0.1,1.0,,,,
bafb0c2f41a9c4f395a617ad0f06d1ac,561238,561262,rejected,,rejected,eligible,Will Glenn Youngkin win the 2028 US Presidential Election?,Will James Talarico win the 2028 US Presidential Election?,0.3168,0.1,1.0,,,,
b369618902dc5e0c497bbf3f25879216,561233,561241,rejected,,rejected,eligible,Will Josh Shapiro win the 2028 US Presidential Election?,Will JB Pritzker win the 2028 US Presidential Election?,0.3168,0.1,1.0,,,,
a764f44d6c75014d428c85c3870dc9f7,559688,561974,rejected,,rejected,eligible,Will Andrew Yang win the 2028 Democratic presidential nomination?,Will J.D. Vance win the 2028 Republican presidential nomination?,0.3168,0.06,1.0,,,,
3a216427f7066bc170a11ce19cd5a7ce,561247,561263,rejected,,rejected,ineligible,Will Tim Walz win the 2028 US Presidential Election?,Will Eric Trump win the 2028 US Presidential Election?,0.3163,0.1,1.0,,,,
dab7c76483c7766db711018f4a833c98,561238,561255,rejected,,rejected,eligible,Will Glenn Youngkin win the 2028 US Presidential Election?,Will Ivanka Trump win the 2028 US Presidential Election?,0.3163,0.1,1.0,,,,
c233025d647b9f69bd3418def3208f6c,561243,561247,rejected,,rejected,eligible,Will Donald Trump win the 2028 US Presidential Election?,Will Tim Walz win the 2028 US Presidential Election?,0.3163,0.1,1.0,,,,
a9d3cc3411bc9f0b2eb083dbac35215f,561233,561256,rejected,,rejected,eligible,Will Josh Shapiro win the 2028 US Presidential Election?,Will Zohran Mamdani win the 2028 US Presidential Election?,0.3163,0.1,1.0,,,,
82a50d4f1a8001380b5ce1e1b83d1065,561233,561240,rejected,,rejected,eligible,Will Josh Shapiro win the 2028 US Presidential Election?,Will Stephen Smith win the 2028 US Presidential Election?,0.3163,0.1,1.0,,,,
5feacd0b031777d63a39167c76090623,561245,561256,rejected,,rejected,eligible,Will Nikki Haley win the 2028 US Presidential Election?,Will Zohran Mamdani win the 2028 US Presidential Election?,0.3163,0.1,1.0,,,,
a6f4ad50f34abbf092fdc9ef37c5923e,561240,561245,rejected,,rejected,eligible,Will Stephen Smith win the 2028 US Presidential Election?,Will Nikki Haley win the 2028 US Presidential Election?,0.3163,0.1,1.0,,,,
2a874e71801b3844ce312e15bddb24d8,561238,561243,rejected,,rejected,eligible,Will Glenn Youngkin win the 2028 US Presidential Election?,Will Donald Trump win the 2028 US Presidential Election?,0.3163,0.1,1.0,,,,
e87a0e125db8a1ca75bc62839b5c92c9,561229,561262,rejected,,rejected,eligible,Will JD Vance win the 2028 US Presidential Election?,Will James Talarico win the 2028 US Presidential Election?,0.3163,0.1,1.0,,,,
5b9b9f9ed45a3f9748f57009fae3257f,561238,561263,rejected,,rejected,ineligible,Will Glenn Youngkin win the 2028 US Presidential Election?,Will Eric Trump win the 2028 US Presidential Election?,0.3163,0.1,1.0,,,,
00c8f5dd305c98db3b17f0886bc48f8d,561247,561255,rejected,,rejected,eligible,Will Tim Walz win the 2028 US Presidential Election?,Will Ivanka Trump win the 2028 US Presidential Election?,0.3163,0.1,1.0,,,,
41a006abbd2a45eaaba40fe356065f95,559654,559686,rejected,,rejected,eligible,Will Pete Buttigieg win the 2028 Democratic presidential nomination?,Will Dwayne 'The Rock' Johnson win the 2028 Democratic presidential nomination?,0.315,0.075,1.0,,,,
b271d79cac19189ee965fd00dc3910ad,561245,561264,rejected,,rejected,ineligible,Will Nikki Haley win the 2028 US Presidential Election?,Will Pete Hegseth win the 2028 US Presidential Election?,0.315,0.1,1.0,,,,
62d64c7d2d07db6f491ce2aed1969f09,561244,561259,rejected,,rejected,eligible,Will Donald Trump Jr. win the 2028 US Presidential Election?,Will Ro Khanna win the 2028 US Presidential Election?,0.3147,0.1,1.0,,,,
ba55b7d0495c58b9c60bc90219536528,561248,561250,rejected,,rejected,eligible,Will Vivek Ramaswamy win the 2028 US Presidential Election?,Will Elon Musk win the 2028 US Presidential Election?,0.3147,0.1,1.0,,,,
80be376b3c4566e08edd76850fb3adbc,561238,561260,rejected,,rejected,eligible,Will Glenn Youngkin win the 2028 US Presidential Election?,Will Thomas Massie win the 2028 US Presidential Election?,0.3147,0.1,1.0,,,,
72bfa02e2aa9ac2fd2b337bc74cd6fbf,561231,561257,rejected,,rejected,eligible,Will Alexandria Ocasio-Cortez win the 2028 US Presidential Election?,Will Michelle Obama win the 2028 US Presidential Election?,0.3147,0.1,1.0,,,,
16d9e4f968d0136ce70cce094bae0e9d,561248,561259,rejected,,rejected,eligible,Will Vivek Ramaswamy win the 2028 US Presidential Election?,Will Ro Khanna win the 2028 US Presidential Election?,0.3147,0.1,1.0,,,,
f9a391b7232a545b92b82a07b89805b3,561249,561261,rejected,,rejected,eligible,Will Greg Abbott win the 2028 US Presidential Election?,Will Jon Ossoff win the 2028 US Presidential Election?,0.3144,0.1,1.0,,,,
f3431c389e97c189970555d4bdaaf286,561237,561259,rejected,,rejected,eligible,Will Andy Beshear win the 2028 US Presidential Election?,Will Ro Khanna win the 2028 US Presidential Election?,0.3144,0.1,1.0,,,,
47d4532b91d95923c2daecb1990a71a0,561250,561258,rejected,,rejected,eligible,Will Elon Musk win the 2028 US Presidential Election?,Will Jamie Dimon win the 2028 US Presidential Election?,0.3141,0.1,1.0,,,,
8e446025ae0817639b2670116cd82f76,561258,561259,rejected,,rejected,eligible,Will Jamie Dimon win the 2028 US Presidential Election?,Will Ro Khanna win the 2028 US Presidential Election?,0.3141,0.1,1.0,,,,
dea65edb3dea50c9ef4ac05690c52563,561230,561235,rejected,,rejected,eligible,Will Gavin Newsom win the 2028 US Presidential Election?,Will Wes Moore win the 2028 US Presidential Election?,0.3141,0.1,1.0,,,,
04ccaf99d8ba4caa308e29958f4d2aeb,561237,561253,rejected,,rejected,eligible,Will Andy Beshear win the 2028 US Presidential Election?,Will Tucker Carlson win the 2028 US Presidential Election?,0.3141,0.1,1.0,,,,
009b43e916f74d710a1f42e8c497d27a,561238,561258,rejected,,rejected,eligible,Will Glenn Youngkin win the 2028 US Presidential Election?,Will Jamie Dimon win the 2028 US Presidential Election?,0.3137,0.1,1.0,,,,
b1a9a737bf51c0bae51636d62bdbcafc,561231,561263,rejected,,rejected,ineligible,Will Alexandria Ocasio-Cortez win the 2028 US Presidential Election?,Will Eric Trump win the 2028 US Presidential Election?,0.3137,0.1,1.0,,,,
9ac3155eb0f6f3b387c06a7c6da6e12f,561231,561243,rejected,,rejected,eligible,Will Alexandria Ocasio-Cortez win the 2028 US Presidential Election?,Will Donald Trump win the 2028 US Presidential Election?,0.3137,0.1,1.0,,,,
356fc8fd7cd0c3b8213ef5a8c391304d,561231,561255,rejected,,rejected,eligible,Will Alexandria Ocasio-Cortez win the 2028 US Presidential Election?,Will Ivanka Trump win the 2028 US Presidential Election?,0.3137,0.1,1.0,,,,
8e522024d555029612ce69fc4da3e9e4,561238,561239,rejected,,rejected,eligible,Will Glenn Youngkin win the 2028 US Presidential Election?,Will Kamala Harris win the 2028 US Presidential Election?,0.3133,0.1,1.0,,,,
40f88267ccc20acf25ac37bfa5c240ec,561236,561247,rejected,,rejected,eligible,Will Gretchen Whitmer win the 2028 US Presidential Election?,Will Tim Walz win the 2028 US Presidential Election?,0.3133,0.1,1.0,,,,
7d89a3b446176db2f0e7489280d5e355,561242,561247,rejected,,rejected,eligible,Will Tulsi Gabbard win the 2028 US Presidential Election?,Will Tim Walz win the 2028 US Presidential Election?,0.3133,0.1,1.0,,,,
a2f7d96778ea509a27f296adb65a8274,553838,553849,rejected,,rejected,ineligible,Will the Minnesota Wild win the 2026 NHL Stanley Cup?,Will the Montreal Canadiens win the 2026 NHL Stanley Cup?,0.3133,0.1,1.0,,,,
cf801e9926683d42f6268d8d38b18df9,561256,561262,rejected,,rejected,eligible,Will Zohran Mamdani win the 2028 US Presidential Election?,Will James Talarico win the 2028 US Presidential Election?,0.3129,0.1,1.0,,,,
2c0296b0dc00ad55611e521dfcd4efb0,561229,561258,rejected,,rejected,eligible,Will JD Vance win the 2028 US Presidential Election?,Will Jamie Dimon win the 2028 US Presidential Election?,0.3129,0.1,1.0,,,,
cccfbfaf1c27befd25175772082b4623,561240,561262,rejected,,rejected,eligible,Will Stephen Smith win the 2028 US Presidential Election?,Will James Talarico win the 2028 US Presidential Election?,0.3129,0.1,1.0,,,,
ca0acd79b15ee5b2717994cd76620394,561234,561241,rejected,,rejected,eligible,Will Marco Rubio win the 2028 US Presidential Election?,Will JB Pritzker win the 2028 US Presidential Election?,0.3129,0.1,1.0,,,,
3a2204a2ea96487c33d29e41b01cf627,561231,561232,rejected,,rejected,eligible,Will Alexandria Ocasio-Cortez win the 2028 US Presidential Election?,Will Pete Buttigieg win the 2028 US Presidential Election?,0.3127,0.1,1.0,,,,
f4172ab99bd26bffbd6077acea7e1946,561234,561243,rejected,,rejected,eligible,Will Marco Rubio win the 2028 US Presidential Election?,Will Donald Trump win the 2028 US Presidential Election?,0.3123,0.1,1.0,,,,
89db571fe9d1af429c95dd784b2f46d8,561237,561257,rejected,,rejected,eligible,Will Andy Beshear win the 2028 US Presidential Election?,Will Michelle Obama win the 2028 US Presidential Election?,0.3123,0.1,1.0,,,,
12fdd9d5db9f62dab501e7d527f6b8fc,561234,561263,rejected,,rejected,ineligible,Will Marco Rubio win the 2028 US Presidential Election?,Will Eric Trump win the 2028 US Presidential Election?,0.3123,0.1,1.0,,,,
903452fff6a4348285ca4fd68ad761c7,561234,561255,rejected,,rejected,eligible,Will Marco Rubio win the 2028 US Presidential Election?,Will Ivanka Trump win the 2028 US Presidential Election?,0.3123,0.1,1.0,,,,
49500870730242fe15d53b80106e477a,561241,561264,rejected,,rejected,ineligible,Will JB Pritzker win the 2028 US Presidential Election?,Will Pete Hegseth win the 2028 US Presidential Election?,0.3123,0.1,1.0,,,,
ecbc8cda91241a562406416ee3cddb26,559688,561985,rejected,,rejected,eligible,Will Andrew Yang win the 2028 Democratic presidential nomination?,Will Brian Kemp win the 2028 Republican presidential nomination?,0.312,0.06,1.0,,,,
6238d40ec38180471d812fa2cc37c81a,559688,561995,rejected,,rejected,eligible,Will Andrew Yang win the 2028 Democratic presidential nomination?,Will Mike Pence win the 2028 Republican presidential nomination?,0.312,0.06,1.0,,,,
42bb880720685e152376787384bdd6d0,559654,561974,rejected,,rejected,eligible,Will Pete Buttigieg win the 2028 Democratic presidential nomination?,Will J.D. Vance win the 2028 Republican presidential nomination?,0.312,0.06,1.0,,,,
b0685d332111c014cef5d66ad116d65e,559688,561996,rejected,,rejected,eligible,Will Andrew Yang win the 2028 Democratic presidential nomination?,Will Tucker Carlson win the 2028 Republican presidential nomination?,0.312,0.06,1.0,,,,
c18d3bf5ddca3f1307d8c2e042ca7d06,559688,561973,rejected,,rejected,eligible,Will Andrew Yang win the 2028 Democratic presidential nomination?,Will Donald Trump win the 2028 Republican presidential nomination?,0.312,0.06,1.0,,,,
392ea22ea8fb8e53656dd3f0cdc2c7a9,559688,561976,rejected,,rejected,eligible,Will Andrew Yang win the 2028 Democratic presidential nomination?,Will Tulsi Gabbard win the 2028 Republican presidential nomination?,0.312,0.06,1.0,,,,
50bf572c2e3c5f83caae7d1a1ba7bc32,559688,561983,rejected,,rejected,eligible,Will Andrew Yang win the 2028 Democratic presidential nomination?,Will Greg Abbott win the 2028 Republican presidential nomination?,0.312,0.06,1.0,,,,
c41b91d9b7e6b556cf0c97e42f9c557c,561231,561246,rejected,,rejected,eligible,Will Alexandria Ocasio-Cortez win the 2028 US Presidential Election?,Will Ron DeSantis win the 2028 US Presidential Election?,0.3119,0.1,1.0,,,,
bf89fa0ffdd7da96f78bae26e8f8d455,561243,561260,rejected,,rejected,eligible,Will Donald Trump win the 2028 US Presidential Election?,Will Thomas Massie win the 2028 US Presidential Election?,0.3119,0.1,1.0,,,,
cda10a29b24761b921d80b6ff7fe90be,561255,561260,rejected,,rejected,eligible,Will Ivanka Trump win the 2028 US Presidential Election?,Will Thomas Massie win the 2028 US Presidential Election?,0.3119,0.1,1.0,,,,
7c8c0e3ec80fb1bac3c5e0a69c7e0be5,561260,561263,rejected,,rejected,ineligible,Will Thomas Massie win the 2028 US Presidential Election?,Will Eric Trump win the 2028 US Presidential Election?,0.3119,0.1,1.0,,,,
41be2ce29941d83d7cabf3600bd42dba,561233,561235,rejected,,rejected,eligible,Will Josh Shapiro win the 2028 US Presidential Election?,Will Wes Moore win the 2028 US Presidential Election?,0.3119,0.1,1.0,,,,
cd8dfcd313867de1ef804b87696e8c47,561260,561264,rejected,,rejected,ineligible,Will Thomas Massie win the 2028 US Presidential Election?,Will Pete Hegseth win the 2028 US Presidential Election?,0.3117,0.1,1.0,,,,
716f29653c0e5f64a09df6a5f060aea4,561235,561238,rejected,,rejected,eligible,Will Wes Moore win the 2028 US Presidential Election?,Will Glenn Youngkin win the 2028 US Presidential Election?,0.3114,0.1,1.0,,,,
ba8e31c6064e8ff9ca1e954a34ba6540,561249,561254,rejected,,rejected,ineligible,Will Greg Abbott win the 2028 US Presidential Election?,Will Kim Kardashian win the 2028 US Presidential Election?,0.3114,0.1,1.0,,,,
c3d023f0e3cb557c6f6bdaf73d1a7942,561234,561244,rejected,,rejected,eligible,Will Marco Rubio win the 2028 US Presidential Election?,Will Donald Trump Jr. win the 2028 US Presidential Election?,0.3114,0.1,1.0,,,,
e30707bb9a883b8ee6ea99c69d5053d8,561234,561248,rejected,,rejected,eligible,Will Marco Rubio win the 2028 US Presidential Election?,Will Vivek Ramaswamy win the 2028 US Presidential Election?,0.3114,0.1,1.0,,,,
af5684cbfe1422948f9958c56055eb7e,561231,561236,rejected,,rejected,eligible,Will Alexandria Ocasio-Cortez win the 2028 US Presidential Election?,Will Gretchen Whitmer win the 2028 US Presidential Election?,0.3114,0.1,1.0,,,,
6d9f852a30c967523aab864e105d08f6,561232,561264,rejected,,rejected,ineligible,Will Pete Buttigieg win the 2028 US Presidential Election?,Will Pete Hegseth win the 2028 US Presidential Election?,0.3113,0.1,1.0,,,,
60a89b56c6bc8e65bbf6b2e661df315f,561230,561257,rejected,,rejected,eligible,Will Gavin Newsom win the 2028 US Presidential Election?,Will Michelle Obama win the 2028 US Presidential Election?,0.3109,0.1,1.0,,,,
2b7f0406694697fcfdb9bc78bf58ffe2,561237,561243,rejected,,rejected,eligible,Will Andy Beshear win the 2028 US Presidential Election?,Will Donald Trump win the 2028 US Presidential Election?,0.3109,0.1,1.0,,,,
3d93d8110e1c8737f65c92683f2b7576,561237,561255,rejected,,rejected,eligible,Will Andy Beshear win the 2028 US Presidential Election?,Will Ivanka Trump win the 2028 US Presidential Election?,0.3109,0.1,1.0,,,,
8c2920b1cdd7f1e535690c1c2ccf368a,561237,561263,rejected,,rejected,ineligible,Will Andy Beshear win the 2028 US Presidential Election?,Will Eric Trump win the 2028 US Presidential Election?,0.3109,0.1,1.0,,,,
4041d71853e5ec50ad556e6a2c088135,561237,561264,rejected,,rejected,ineligible,Will Andy Beshear win the 2028 US Presidential Election?,Will Pete Hegseth win the 2028 US Presidential Election?,0.3109,0.1,1.0,,,,
50e3228d7497eaf7820da8191f293a68,561258,561264,rejected,,rejected,ineligible,Will Jamie Dimon win the 2028 US Presidential Election?,Will Pete Hegseth win the 2028 US Presidential Election?,0.3105,0.1,1.0,,,,
a7b239d5d5ab5407e8d32e3f503107b1,561246,561264,rejected,,rejected,ineligible,Will Ron DeSantis win the 2028 US Presidential Election?,Will Pete Hegseth win the 2028 US Presidential Election?,0.3105,0.1,1.0,,,,
86353a621a3fed7bc4eaeba4189fbfcc,561233,561253,rejected,,rejected,eligible,Will Josh Shapiro win the 2028 US Presidential Election?,Will Tucker Carlson win the 2028 US Presidential Election?,0.3103,0.1,1.0,,,,
40c4edf59d303767dba201d8eb3e3ce4,561245,561247,rejected,,rejected,eligible,Will Nikki Haley win the 2028 US Presidential Election?,Will Tim Walz win the 2028 US Presidential Election?,0.3103,0.1,1.0,,,,
d366bb422e9b05e5eec4d333b734de0d,561236,561264,rejected,,rejected,ineligible,Will Gretchen Whitmer win the 2028 US Presidential Election?,Will Pete Hegseth win the 2028 US Presidential Election?,0.31,0.1,1.0,,,,
8ffaf582e619e069af3bb6a4267217ae,561249,561264,rejected,,rejected,ineligible,Will Greg Abbott win the 2028 US Presidential Election?,Will Pete Hegseth win the 2028 US Presidential Election?,0.31,0.1,1.0,,,,
83d2b51a9573588e6b6c4558d71d6372,561239,561260,rejected,,rejected,eligible,Will Kamala Harris win the 2028 US Presidential Election?,Will Thomas Massie win the 2028 US Presidential Election?,0.31,0.1,1.0,,,,
cf9a5f5f7f9532a450eea12cc7856d88,561239,561264,rejected,,rejected,ineligible,Will Kamala Harris win the 2028 US Presidential Election?,Will Pete Hegseth win the 2028 US Presidential Election?,0.31,0.1,1.0,,,,
1681d9ce92677b079c502ce2aaa0bc1b,561232,561258,rejected,,rejected,eligible,Will Pete Buttigieg win the 2028 US Presidential Election?,Will Jamie Dimon win the 2028 US Presidential Election?,0.31,0.1,1.0,,,,
6fcbf719c1dd11f0112d3f0210a4365b,561234,561242,rejected,,rejected,eligible,Will Marco Rubio win the 2028 US Presidential Election?,Will Tulsi Gabbard win the 2028 US Presidential Election?,0.3097,0.1,1.0,,,,
7ae100c317037c2b764c6b1626fef67d,561240,561258,rejected,,rejected,eligible,Will Stephen Smith win the 2028 US Presidential Election?,Will Jamie Dimon win the 2028 US Presidential Election?,0.3097,0.1,1.0,,,,
ac116bbb30fa6e3b9d61ac10ce97753a,561256,561258,rejected,,rejected,eligible,Will Zohran Mamdani win the 2028 US Presidential Election?,Will Jamie Dimon win the 2028 US Presidential Election?,0.3097,0.1,1.0,,,,
83a2b0ab58fe629bc8e0b5faa785e158,561232,561236,rejected,,rejected,eligible,Will Pete Buttigieg win the 2028 US Presidential Election?,Will Gretchen Whitmer win the 2028 US Presidential Election?,0.3095,0.1,1.0,,,,
b984169944d275cc1049eaedc5ccf569,561237,561258,rejected,,rejected,eligible,Will Andy Beshear win the 2028 US Presidential Election?,Will Jamie Dimon win the 2028 US Presidential Election?,0.3095,0.1,1.0,,,,
7f48bc47ee8ce22e42732b6db604ad43,561233,561254,rejected,,rejected,ineligible,Will Josh Shapiro win the 2028 US Presidential Election?,Will Kim Kardashian win the 2028 US Presidential Election?,0.3089,0.1,1.0,,,,
2d3b3dcd23223496bf99c79f7a263576,561236,561237,rejected,,rejected,eligible,Will Gretchen Whitmer win the 2028 US Presidential Election?,Will Andy Beshear win the 2028 US Presidential Election?,0.3089,0.1,1.0,,,,
28039e4f5282e555c25ff58e9eebdcc1,561231,561233,rejected,,rejected,eligible,Will Alexandria Ocasio-Cortez win the 2028 US Presidential Election?,Will Josh Shapiro win the 2028 US Presidential Election?,0.3089,0.1,1.0,,,,
47319ab4f6077f58d21fffd891a84a30,561235,561248,rejected,,rejected,eligible,Will Wes Moore win the 2028 US Presidential Election?,Will Vivek Ramaswamy win the 2028 US Presidential Election?,0.3084,0.1,1.0,,,,
14df7727959d8e6b86015a8150f7145f,561248,561261,rejected,,rejected,eligible,Will Vivek Ramaswamy win the 2028 US Presidential Election?,Will Jon Ossoff win the 2028 US Presidential Election?,0.3084,0.1,1.0,,,,
a07363051644e5bb21bd141e87c4ee35,561244,561261,rejected,,rejected,eligible,Will Donald Trump Jr. win the 2028 US Presidential Election?,Will Jon Ossoff win the 2028 US Presidential Election?,0.3084,0.1,1.0,,,,
c3464c59c2093d5d3f907135fa5600f3,561238,561257,rejected,,rejected,eligible,Will Glenn Youngkin win the 2028 US Presidential Election?,Will Michelle Obama win the 2028 US Presidential Election?,0.3082,0.1,1.0,,,,
36dcd568a5c8cc214244c55050475fc6,561247,561257,rejected,,rejected,eligible,Will Tim Walz win the 2028 US Presidential Election?,Will Michelle Obama win the 2028 US Presidential Election?,0.3082,0.1,1.0,,,,
984a48b01dd24106a890a718b2cbadfe,561253,561254,rejected,,rejected,ineligible,Will Tucker Carlson win the 2028 US Presidential Election?,Will Kim Kardashian win the 2028 US Presidential Election?,0.3082,0.1,1.0,,,,
28f1a97a8b220117268e4c86b5e18efb,561229,561247,rejected,,rejected,eligible,Will JD Vance win the 2028 US Presidential Election?,Will Tim Walz win the 2028 US Presidential Election?,0.308,0.1,1.0,,,,
4a538f00e2543f1c9814d5c549c08214,559688,561984,rejected,,rejected,eligible,Will Andrew Yang win the 2028 Democratic presidential nomination?,Will Robert F. Kennedy Jr. win the 2028 Republican presidential nomination?,0.3077,0.06,1.0,,,,
48c3528817708135d98c0355232d36b1,559654,561985,rejected,,rejected,eligible,Will Pete Buttigieg win the 2028 Democratic presidential nomination?,Will Brian Kemp win the 2028 Republican presidential nomination?,0.3077,0.06,1.0,,,,
1a60c85d193811d4668bf8eee76bae6f,559654,561973,rejected,,rejected,eligible,Will Pete Buttigieg win the 2028 Democratic presidential nomination?,Will Donald Trump win the 2028 Republican presidential nomination?,0.3077,0.06,1.0,,,,
85621f937958606a0a282453097cff40,559654,561995,rejected,,rejected,eligible,Will Pete Buttigieg win the 2028 Democratic presidential nomination?,Will Mike Pence win the 2028 Republican presidential nomination?,0.3077,0.06,1.0,,,,
a29749f684468b114ff7e6e3be849fb4,559654,561983,rejected,,rejected,eligible,Will Pete Buttigieg win the 2028 Democratic presidential nomination?,Will Greg Abbott win the 2028 Republican presidential nomination?,0.3077,0.06,1.0,,,,
4d026093646d33c87ff92706bfcdb9ac,559688,561982,rejected,,rejected,eligible,Will Andrew Yang win the 2028 Democratic presidential nomination?,Will Sarah Huckabee Sanders win the 2028 Republican presidential nomination?,0.3077,0.06,1.0,,,,
501ab155bd9cde134e29cd2cf7053b24,561247,561262,rejected,,rejected,eligible,Will Tim Walz win the 2028 US Presidential Election?,Will James Talarico win the 2028 US Presidential Election?,0.3075,0.1,1.0,,,,
6b4ee2941d4dbcc2648fff2212bd91e4,561239,561242,rejected,,rejected,eligible,Will Kamala Harris win the 2028 US Presidential Election?,Will Tulsi Gabbard win the 2028 US Presidential Election?,0.3075,0.1,1.0,,,,
90066e6989862480b7e321a839d17b21,561236,561239,rejected,,rejected,eligible,Will Gretchen Whitmer win the 2028 US Presidential Election?,Will Kamala Harris win the 2028 US Presidential Election?,0.3075,0.1,1.0,,,,
5c131924fb65d062e0af850381ca16a0,553829,553838,rejected,,rejected,ineligible,Will the Vegas Golden Knights win the 2026 NHL Stanley Cup?,Will the Minnesota Wild win the 2026 NHL Stanley Cup?,0.3075,0.1,1.0,,,,
ddeca4c5347d8af98d2c3e9df9ebefeb,561232,561259,rejected,,rejected,eligible,Will Pete Buttigieg win the 2028 US Presidential Election?,Will Ro Khanna win the 2028 US Presidential Election?,0.3072,0.1,1.0,,,,
fa4cecc6d549df9ed81c366dbe240c64,561232,561233,rejected,,rejected,eligible,Will Pete Buttigieg win the 2028 US Presidential Election?,Will Josh Shapiro win the 2028 US Presidential Election?,0.3072,0.1,1.0,,,,
ce2659b4ac92c134b59be4f113733f9a,561253,561264,rejected,,rejected,ineligible,Will Tucker Carlson win the 2028 US Presidential Election?,Will Pete Hegseth win the 2028 US Presidential Election?,0.3072,0.1,1.0,,,,
ab8f477baa822ca8dbe4dcab2466a5aa,561229,561257,rejected,,rejected,eligible,Will JD Vance win the 2028 US Presidential Election?,Will Michelle Obama win the 2028 US Presidential Election?,0.3067,0.1,1.0,,,,
cc59b105bc1d25d1417faf0a365287c1,561230,561242,rejected,,rejected,eligible,Will Gavin Newsom win the 2028 US Presidential Election?,Will Tulsi Gabbard win the 2028 US Presidential Election?,0.3067,0.1,1.0,,,,
89a863c1cf646768f1b8190c5d87a57e,553828,553849,rejected,,rejected,,Will the Colorado Avalanche win the 2026 NHL Stanley Cup?,Will the Montreal Canadiens win the 2026 NHL Stanley Cup?,0.3066,0.1,1.0,,,,
af236683d34149689320f12ea0f4fef3,561232,561253,rejected,,rejected,eligible,Will Pete Buttigieg win the 2028 US Presidential Election?,Will Tucker Carlson win the 2028 US Presidential Election?,0.3065,0.1,1.0,,,,
73a2f83b454f8c161c83aa621faa7b31,561248,561253,rejected,,rejected,eligible,Will Vivek Ramaswamy win the 2028 US Presidential Election?,Will Tucker Carlson win the 2028 US Presidential Election?,0.3065,0.1,1.0,,,,
89ff3eb8c98b6a91ec72261875809c7a,561231,561262,rejected,,rejected,eligible,Will Alexandria Ocasio-Cortez win the 2028 US Presidential Election?,Will James Talarico win the 2028 US Presidential Election?,0.3065,0.1,1.0,,,,
361d5648031839be78a6e8ba9c1cadd4,561244,561253,rejected,,rejected,eligible,Will Donald Trump Jr. win the 2028 US Presidential Election?,Will Tucker Carlson win the 2028 US Presidential Election?,0.3065,0.1,1.0,,,,
d30947c87f1d4e48bc7c2d27dbf66749,561247,561248,rejected,,rejected,eligible,Will Tim Walz win the 2028 US Presidential Election?,Will Vivek Ramaswamy win the 2028 US Presidential Election?,0.3065,0.1,1.0,,,,
ebdd22fb738c617bf414f006bfb36bd7,561231,561260,rejected,,rejected,eligible,Will Alexandria Ocasio-Cortez win the 2028 US Presidential Election?,Will Thomas Massie win the 2028 US Presidential Election?,0.3064,0.1,1.0,,,,
a85c14e199dbbdd06f108b8daeb78f97,561262,561264,rejected,,rejected,ineligible,Will James Talarico win the 2028 US Presidential Election?,Will Pete Hegseth win the 2028 US Presidential Election?,0.3057,0.1,1.0,,,,
4fc3feb7aa6479b1af11d92bec5033fa,561232,561257,rejected,,rejected,eligible,Will Pete Buttigieg win the 2028 US Presidential Election?,Will Michelle Obama win the 2028 US Presidential Election?,0.3057,0.1,1.0,,,,
c24b97063a2e0435192a50cfff2354e2,561248,561254,rejected,,rejected,ineligible,Will Vivek Ramaswamy win the 2028 US Presidential Election?,Will Kim Kardashian win the 2028 US Presidential Election?,0.3057,0.1,1.0,,,,
ce53e2d5dc00da58555d22e828dd3499,561241,561254,rejected,,rejected,ineligible,Will JB Pritzker win the 2028 US Presidential Election?,Will Kim Kardashian win the 2028 US Presidential Election?,0.3057,0.1,1.0,,,,
30f843ce3339f03217485def8f527765,561230,561261,rejected,,rejected,eligible,Will Gavin Newsom win the 2028 US Presidential Election?,Will Jon Ossoff win the 2028 US Presidential Election?,0.3057,0.1,1.0,,,,
351d1fdb96c8437bcc50c9efdc849634,561239,565064,rejected,,rejected,eligible,Will Kamala Harris win the 2028 US Presidential Election?,Will the Republicans win the 2028 US Presidential Election?,0.3057,0.1,1.0,,,,
0b357b4d37be836300bf7ef1166140da,561247,561258,rejected,,rejected,eligible,Will Tim Walz win the 2028 US Presidential Election?,Will Jamie Dimon win the 2028 US Presidential Election?,0.3048,0.1,1.0,,,,
dc6fdcd51b375554cbe502f4dd7e7bc2,561246,561247,rejected,,rejected,eligible,Will Ron DeSantis win the 2028 US Presidential Election?,Will Tim Walz win the 2028 US Presidential Election?,0.3048,0.1,1.0,,,,
2095c642ac76444e0e9550d1bd78d90a,561247,561256,rejected,,rejected,eligible,Will Tim Walz win the 2028 US Presidential Election?,Will Zohran Mamdani win the 2028 US Presidential Election?,0.3046,0.1,1.0,,,,
86a7c084480001b1813eff8adaca39a1,561240,561247,rejected,,rejected,eligible,Will Stephen Smith win the 2028 US Presidential Election?,Will Tim Walz win the 2028 US Presidential Election?,0.3046,0.1,1.0,,,,
a8b614b5c917f838010d248e60af9e7f,561237,561262,rejected,,rejected,eligible,Will Andy Beshear win the 2028 US Presidential Election?,Will James Talarico win the 2028 US Presidential Election?,0.3042,0.1,1.0,,,,
882851c4939b1612a4e114d7e13ec216,561234,561260,rejected,,rejected,eligible,Will Marco Rubio win the 2028 US Presidential Election?,Will Thomas Massie win the 2028 US Presidential Election?,0.3042,0.1,1.0,,,,
76963afcc47dae244e4ab783e526ed23,561256,561257,rejected,,rejected,eligible,Will Zohran Mamdani win the 2028 US Presidential Election?,Will Michelle Obama win the 2028 US Presidential Election?,0.3039,0.1,1.0,,,,
48b49a7fcd6c904d29bcaad00792504c,561240,561257,rejected,,rejected,eligible,Will Stephen Smith win the 2028 US Presidential Election?,Will Michelle Obama win the 2028 US Presidential Election?,0.3039,0.1,1.0,,,,
e36d6102f633256ec63a88d675d75e71,559654,561984,rejected,,rejected,eligible,Will Pete Buttigieg win the 2028 Democratic presidential nomination?,Will Robert F. Kennedy Jr. win the 2028 Republican presidential nomination?,0.3037,0.06,1.0,,,,
abd29719f387bb82abe1f5c67267f5d0,559654,561982,rejected,,rejected,eligible,Will Pete Buttigieg win the 2028 Democratic presidential nomination?,Will Sarah Huckabee Sanders win the 2028 Republican presidential nomination?,0.3037,0.06,1.0,,,,
7fe3c1519758ced9cd8ee0ae0f35ce74,561238,561261,rejected,,rejected,eligible,Will Glenn Youngkin win the 2028 US Presidential Election?,Will Jon Ossoff win the 2028 US Presidential Election?,0.3033,0.1,1.0,,,,
957d6a7c99c06047ac80fd443b47843b,561235,561253,rejected,,rejected,eligible,Will Wes Moore win the 2028 US Presidential Election?,Will Tucker Carlson win the 2028 US Presidential Election?,0.3033,0.1,1.0,,,,
dfd3354a33bad7491c0c10826a83639b,561247,561261,rejected,,rejected,eligible,Will Tim Walz win the 2028 US Presidential Election?,Will Jon Ossoff win the 2028 US Presidential Election?,0.3033,0.1,1.0,,,,
b553ab62653e892373e6260b870a1ca8,561232,561255,rejected,,rejected,eligible,Will Pete Buttigieg win the 2028 US Presidential Election?,Will Ivanka Trump win the 2028 US Presidential Election?,0.3033,0.1,1.0,,,,
21f904e22538ad63d35abeedd45ddf23,561249,561257,rejected,,rejected,eligible,Will Greg Abbott win the 2028 US Presidential Election?,Will Michelle Obama win the 2028 US Presidential Election?,0.3033,0.1,1.0,,,,
4fc229eb33f41eab3a5fdff00d802782,561232,561263,rejected,,rejected,ineligible,Will Pete Buttigieg win the 2028 US Presidential Election?,Will Eric Trump win the 2028 US Presidential Election?,0.3033,0.1,1.0,,,,
e8869515a55e5421200f9df7f715c611,561235,561247,rejected,,rejected,eligible,Will Wes Moore win the 2028 US Presidential Election?,Will Tim Walz win the 2028 US Presidential Election?,0.3033,0.1,1.0,,,,
a4e61133c70718ad62d0bb33785e47ea,561232,561243,rejected,,rejected,eligible,Will Pete Buttigieg win the 2028 US Presidential Election?,Will Donald Trump win the 2028 US Presidential Election?,0.3033,0.1,1.0,,,,
47fe7d359771d13692c408bea728bc9d,561253,561261,rejected,,rejected,eligible,Will Tucker Carlson win the 2028 US Presidential Election?,Will Jon Ossoff win the 2028 US Presidential Election?,0.3033,0.1,1.0,,,,
6dd48360f138bede1233ab39f5d66545,561230,561247,rejected,,rejected,eligible,Will Gavin Newsom win the 2028 US Presidential Election?,Will Tim Walz win the 2028 US Presidential Election?,0.3028,0.1,1.0,,,,
3b36224dc8ba8574436997bdb971e87f,561235,561260,rejected,,rejected,eligible,Will Wes Moore win the 2028 US Presidential Election?,Will Thomas Massie win the 2028 US Presidential Election?,0.3026,0.1,1.0,,,,
901d15b8f97c4d47f8228740168fb57f,561260,561261,rejected,,rejected,eligible,Will Thomas Massie win the 2028 US Presidential Election?,Will Jon Ossoff win the 2028 US Presidential Election?,0.3026,0.1,1.0,,,,
0462c7c0d38ac054df91da25b1e186e1,540817,540820,rejected,,rejected,eligible,New Rihanna Album before GTA VI?,Trump out as President before GTA VI?,0.3024,0.333,1.0,,,,
310d726acd701e3add024748318cb2ab,561239,561262,rejected,,rejected,eligible,Will Kamala Harris win the 2028 US Presidential Election?,Will James Talarico win the 2028 US Presidential Election?,0.3024,0.1,1.0,,,,
219d3b8f05b4b5555956bfc67b1cb24b,561233,561250,rejected,,rejected,eligible,Will Josh Shapiro win the 2028 US Presidential Election?,Will Elon Musk win the 2028 US Presidential Election?,0.3024,0.1,1.0,,,,
51adfb4b21fc1c4d582117659adb488f,561233,561259,rejected,,rejected,eligible,Will Josh Shapiro win the 2028 US Presidential Election?,Will Ro Khanna win the 2028 US Presidential Election?,0.3024,0.1,1.0,,,,
0539b0abe5a581a5effdbbb25933c86f,561230,561254,rejected,,rejected,ineligible,Will Gavin Newsom win the 2028 US Presidential Election?,Will Kim Kardashian win the 2028 US Presidential Election?,0.3024,0.1,1.0,,,,
9639599d1d0a5f7b380c7f907ae33d6b,553828,553849,rejected,,rejected,ineligible,Will the Colorado Avalanche win the 2026 NHL Stanley Cup?,Will the Montreal Canadiens win the 2026 NHL Stanley Cup?,0.3024,0.1,1.0,,,,
b47ea81f18f0941173737aaf8494f6d0,561242,561248,rejected,,rejected,eligible,Will Tulsi Gabbard win the 2028 US Presidential Election?,Will Vivek Ramaswamy win the 2028 US Presidential Election?,0.3021,0.1,1.0,,,,
688372b884a879ac27124e32e8d46d76,561237,561246,rejected,,rejected,eligible,Will Andy Beshear win the 2028 US Presidential Election?,Will Ron DeSantis win the 2028 US Presidential Election?,0.3021,0.1,1.0,,,,
1134bb1b137586b2439f7f89fc3414fc,561239,561244,rejected,,rejected,eligible,Will Kamala Harris win the 2028 US Presidential Election?,Will Donald Trump Jr. win the 2028 US Presidential Election?,0.3021,0.1,1.0,,,,
82c12b8351adeb7ef26b4c573389c39b,561235,561244,rejected,,rejected,eligible,Will Wes Moore win the 2028 US Presidential Election?,Will Donald Trump Jr. win the 2028 US Presidential Election?,0.3018,0.1,1.0,,,,
82134b8212d1925cc365c8837b6811a1,561229,561239,rejected,,rejected,eligible,Will JD Vance win the 2028 US Presidential Election?,Will Kamala Harris win the 2028 US Presidential Election?,0.3015,0.1,1.0,,,,
9205d101d893a563f7f26f19f8370211,561229,561261,rejected,,rejected,eligible,Will JD Vance win the 2028 US Presidential Election?,Will Jon Ossoff win the 2028 US Presidential Election?,0.3012,0.1,1.0,,,,
fa73398ff29bda3adf571a0f95fc801d,561239,561241,rejected,,rejected,eligible,Will Kamala Harris win the 2028 US Presidential Election?,Will JB Pritzker win the 2028 US Presidential Election?,0.3012,0.1,1.0,,,,
516db9ba64ff4c436b900d596e87fe16,561229,561235,rejected,,rejected,eligible,Will JD Vance win the 2028 US Presidential Election?,Will Wes Moore win the 2028 US Presidential Election?,0.3012,0.1,1.0,,,,
d051750150c8930f51c3ec0f21912e06,561241,561261,rejected,,rejected,eligible,Will JB Pritzker win the 2028 US Presidential Election?,Will Jon Ossoff win the 2028 US Presidential Election?,0.3011,0.1,1.0,,,,
c39f8d23b0ab7e3a0b24d55819a47282,561254,561259,rejected,,rejected,ineligible,Will Kim Kardashian win the 2028 US Presidential Election?,Will Ro Khanna win the 2028 US Presidential Election?,0.3011,0.1,1.0,,,,
6406980dece9e18d213f8504b213c915,561235,561241,rejected,,rejected,eligible,Will Wes Moore win the 2028 US Presidential Election?,Will JB Pritzker win the 2028 US Presidential Election?,0.3011,0.1,1.0,,,,
6da251a00635cf7c1e2c5d29a8f1248a,561230,561248,rejected,,rejected,eligible,Will Gavin Newsom win the 2028 US Presidential Election?,Will Vivek Ramaswamy win the 2028 US Presidential Election?,0.3011,0.1,1.0,,,,
6138bddfb76a2defcadb9707410c37d6,561237,561239,rejected,,rejected,eligible,Will Andy Beshear win the 2028 US Presidential Election?,Will Kamala Harris win the 2028 US Presidential Election?,0.3011,0.1,1.0,,,,
e944331f02e4ad5e5d9964ee9160505a,561250,561254,rejected,,rejected,ineligible,Will Elon Musk win the 2028 US Presidential Election?,Will Kim Kardashian win the 2028 US Presidential Election?,0.3011,0.1,1.0,,,,
2591a6ed79d7de63e83b9c45d7cca901,561230,561244,rejected,,rejected,eligible,Will Gavin Newsom win the 2028 US Presidential Election?,Will Donald Trump Jr. win the 2028 US Presidential Election?,0.3011,0.1,1.0,,,,
3cca8fd2b49c4333abd715037055493f,561259,561260,rejected,,rejected,eligible,Will Ro Khanna win the 2028 US Presidential Election?,Will Thomas Massie win the 2028 US Presidential Election?,0.301,0.1,1.0,,,,
0953bdf249e8859f02d8d44315a1b158,561259,561264,rejected,,rejected,ineligible,Will Ro Khanna win the 2028 US Presidential Election?,Will Pete Hegseth win the 2028 US Presidential Election?,0.301,0.1,1.0,,,,
99b1af9fe15b1e241b7b45502b66f87d,561250,561264,rejected,,rejected,ineligible,Will Elon Musk win the 2028 US Presidential Election?,Will Pete Hegseth win the 2028 US Presidential Election?,0.301,0.1,1.0,,,,
19fce5ff11276183f9ec35e8d8754f1b,561238,561254,rejected,,rejected,ineligible,Will Glenn Youngkin win the 2028 US Presidential Election?,Will Kim Kardashian win the 2028 US Presidential Election?,0.3,0.1,1.0,,,,
3cb4bfb0ce59fc372f408b321e78e73d,561242,561255,rejected,,rejected,eligible,Will Tulsi Gabbard win the 2028 US Presidential Election?,Will Ivanka Trump win the 2028 US Presidential Election?,0.3,0.1,1.0,,,,
a5c73e03e2d0afb76b4583465b34393f,561238,561264,rejected,,rejected,ineligible,Will Glenn Youngkin win the 2028 US Presidential Election?,Will Pete Hegseth win the 2028 US Presidential Election?,0.3,0.1,1.0,,,,
381079819636ece747f71371f214f454,561238,561253,rejected,,rejected,eligible,Will Glenn Youngkin win the 2028 US Presidential Election?,Will Tucker Carlson win the 2028 US Presidential Election?,0.3,0.1,1.0,,,,
27327213ec607c5c0f3caa7f1008b0e7,561247,561260,rejected,,rejected,eligible,Will Tim Walz win the 2028 US Presidential Election?,Will Thomas Massie win the 2028 US Presidential Election?,0.3,0.1,1.0,,,,
448ad4ea0bc1bb94cf97b1778d79a52b,561247,561254,rejected,,rejected,ineligible,Will Tim Walz win the 2028 US Presidential Election?,Will Kim Kardashian win the 2028 US Presidential Election?,0.3,0.1,1.0,,,,
417dbe33588e50f4ec2698b0a80d631d,561239,561243,rejected,,rejected,eligible,Will Kamala Harris win the 2028 US Presidential Election?,Will Donald Trump win the 2028 US Presidential Election?,0.3,0.1,1.0,,,,
9cf414aa6aa29d5bfaffa3b0fa5d4378,561242,561243,rejected,,rejected,eligible,Will Tulsi Gabbard win the 2028 US Presidential Election?,Will Donald Trump win the 2028 US Presidential Election?,0.3,0.1,1.0,,,,
cb310ce37515d8a2c0e348a65cbc5a88,561254,561260,rejected,,rejected,ineligible,Will Kim Kardashian win the 2028 US Presidential Election?,Will Thomas Massie win the 2028 US Presidential Election?,0.3,0.1,1.0,,,,
bc3f074e91b0366c91b539e5ab2fbb2f,561234,561261,rejected,,rejected,eligible,Will Marco Rubio win the 2028 US Presidential Election?,Will Jon Ossoff win the 2028 US Presidential Election?,0.3,0.1,1.0,,,,
b20c5f509ae03d5bcb1b0050586a5bf5,561239,561263,rejected,,rejected,ineligible,Will Kamala Harris win the 2028 US Presidential Election?,Will Eric Trump win the 2028 US Presidential Election?,0.3,0.1,1.0,,,,
b4bd2b23d04c73bca56ea524b1c72180,561239,561255,rejected,,rejected,eligible,Will Kamala Harris win the 2028 US Presidential Election?,Will Ivanka Trump win the 2028 US Presidential Election?,0.3,0.1,1.0,,,,
b65a245a905494a7777590bedeba8ae1,561242,561263,rejected,,rejected,ineligible,Will Tulsi Gabbard win the 2028 US Presidential Election?,Will Eric Trump win the 2028 US Presidential Election?,0.3,0.1,1.0,,,,
8caab16516bfaaec05ed2d4701ebfd20,561231,561264,rejected,,rejected,ineligible,Will Alexandria Ocasio-Cortez win the 2028 US Presidential Election?,Will Pete Hegseth win the 2028 US Presidential Election?,0.3,0.1,1.0,,,,
3367fca6b546e31f8b81a8de1ff59319,561242,561246,rejected,,rejected,eligible,Will Tulsi Gabbard win the 2028 US Presidential Election?,Will Ron DeSantis win the 2028 US Presidential Election?,0.3,0.1,1.0,,,,
a632c34df4380fa55f0800c89b6461ac,561234,561235,rejected,,rejected,eligible,Will Marco Rubio win the 2028 US Presidential Election?,Will Wes Moore win the 2028 US Presidential Election?,0.3,0.1,1.0,,,,
dfd4a2a109aa383c0f841f48fddb0336,561253,561260,rejected,,rejected,eligible,Will Tucker Carlson win the 2028 US Presidential Election?,Will Thomas Massie win the 2028 US Presidential Election?,0.3,0.1,1.0,,,,
b599efec7c37ae29a966ca896b4a6032,561239,561246,rejected,,rejected,eligible,Will Kamala Harris win the 2028 US Presidential Election?,Will Ron DeSantis win the 2028 US Presidential Election?,0.3,0.1,1.0,,,,
e58b08d4ce651e1ce62343d17bfd56a7,561239,561258,rejected,,rejected,eligible,Will Kamala Harris win the 2028 US Presidential Election?,Will Jamie Dimon win the 2028 US Presidential Election?,0.3,0.1,1.0,,,,
8a35a64576fef27c32a3ab86337ff8ba,561244,561264,rejected,,rejected,ineligible,Will Donald Trump Jr. win the 2028 US Presidential Election?,Will Pete Hegseth win the 2028 US Presidential Election?,0.2992,0.1,1.0,,,,
266f2bf9e11f19e1332e86e47fa32025,561244,561254,rejected,,rejected,ineligible,Will Donald Trump Jr. win the 2028 US Presidential Election?,Will Kim Kardashian win the 2028 US Presidential Election?,0.2991,0.1,1.0,,,,
dc4b259f8d762c9a5b8c94d518f734d9,561235,561239,rejected,,rejected,eligible,Will Wes Moore win the 2028 US Presidential Election?,Will Kamala Harris win the 2028 US Presidential Election?,0.2989,0.1,1.0,,,,
d613d96e98375d7c67bb0e5ce8efc984,561233,561237,rejected,,rejected,eligible,Will Josh Shapiro win the 2028 US Presidential Election?,Will Andy Beshear win the 2028 US Presidential Election?,0.2989,0.1,1.0,,,,
512566e9a629c8a4cbc4af9286efa1c5,561238,561244,rejected,,rejected,eligible,Will Glenn Youngkin win the 2028 US Presidential Election?,Will Donald Trump Jr. win the 2028 US Presidential Election?,0.2989,0.1,1.0,,,,
18beff3c6ef9a1df347d87e8707f18d8,561239,561261,rejected,,rejected,eligible,Will Kamala Harris win the 2028 US Presidential Election?,Will Jon Ossoff win the 2028 US Presidential Election?,0.2989,0.1,1.0,,,,
bdcbba68466837640d9ff1ef56cceb1b,561256,561261,rejected,,rejected,eligible,Will Zohran Mamdani win the 2028 US Presidential Election?,Will Jon Ossoff win the 2028 US Presidential Election?,0.2988,0.1,1.0,,,,
5e673716e58e0deb2a5def569260cdf8,561240,561261,rejected,,rejected,eligible,Will Stephen Smith win the 2028 US Presidential Election?,Will Jon Ossoff win the 2028 US Presidential Election?,0.2988,0.1,1.0,,,,
19b2c2da0fab2c7870fe2cdeb79a5438,561235,561240,rejected,,rejected,eligible,Will Wes Moore win the 2028 US Presidential Election?,Will Stephen Smith win the 2028 US Presidential Election?,0.2988,0.1,1.0,,,,
85bed9bd247ceaf30a62a59bddce89ab,561235,561256,rejected,,rejected,eligible,Will Wes Moore win the 2028 US Presidential Election?,Will Zohran Mamdani win the 2028 US Presidential Election?,0.2988,0.1,1.0,,,,
a22ee679f43e070e055c2d9f045488ec,561236,561242,rejected,,rejected,eligible,Will Gretchen Whitmer win the 2028 US Presidential Election?,Will Tulsi Gabbard win the 2028 US Presidential Election?,0.2988,0.1,1.0,,,,
24e25955d5cfbc953380faab8b71d561,561239,561240,rejected,,rejected,eligible,Will Kamala Harris win the 2028 US Presidential Election?,Will Stephen Smith win the 2028 US Presidential Election?,0.2986,0.1,1.0,,,,
ea14adaf8608d53ffad97bec844ab315,561239,561256,rejected,,rejected,eligible,Will Kamala Harris win the 2028 US Presidential Election?,Will Zohran Mamdani win the 2028 US Presidential Election?,0.2986,0.1,1.0,,,,
8636ccbdc1e5a12cd3092136ddd6105e,561237,561238,rejected,,rejected,eligible,Will Andy Beshear win the 2028 US Presidential Election?,Will Glenn Youngkin win the 2028 US Presidential Election?,0.2978,0.1,1.0,,,,
b0d311a6d901c5467aa81b6e15ca278f,553828,553829,rejected,,rejected,ineligible,Will the Colorado Avalanche win the 2026 NHL Stanley Cup?,Will the Vegas Golden Knights win the 2026 NHL Stanley Cup?,0.2978,0.1,1.0,,,,
7c76de80b3cf40c50e9aad16a99671f5,561238,561241,rejected,,rejected,eligible,Will Glenn Youngkin win the 2028 US Presidential Election?,Will JB Pritzker win the 2028 US Presidential Election?,0.2974,0.1,1.0,,,,
e3288bf1eb4ccc79354a5d230b049bd4,561234,561259,rejected,,rejected,eligible,Will Marco Rubio win the 2028 US Presidential Election?,Will Ro Khanna win the 2028 US Presidential Election?,0.2974,0.1,1.0,,,,
b7765057b172c4ae6d36fa7d143afa56,561229,561254,rejected,,rejected,ineligible,Will JD Vance win the 2028 US Presidential Election?,Will Kim Kardashian win the 2028 US Presidential Election?,0.2974,0.1,1.0,,,,
1ecfc50fa1a5113f6f38e0115e32c31b,561234,561250,rejected,,rejected,eligible,Will Marco Rubio win the 2028 US Presidential Election?,Will Elon Musk win the 2028 US Presidential Election?,0.2974,0.1,1.0,,,,
93d4ae1af130aa51a17d7c6baf846660,561235,561259,rejected,,rejected,eligible,Will Wes Moore win the 2028 US Presidential Election?,Will Ro Khanna win the 2028 US Presidential Election?,0.2969,0.1,1.0,,,,
a5e8a7cbce7fe8eb55c31f89bc5695d3,561263,561264,rejected,,rejected,ineligible,Will Eric Trump win the 2028 US Presidential Election?,Will Pete Hegseth win the 2028 US Presidential Election?,0.2969,0.1,1.0,,,,
74bded9e8f05c6902c4df899015a9200,561229,561253,rejected,,rejected,eligible,Will JD Vance win the 2028 US Presidential Election?,Will Tucker Carlson win the 2028 US Presidential Election?,0.2969,0.1,1.0,,,,
9b21a2f1b543b5bfd7ecff9b64dc6526,561243,561264,rejected,,rejected,ineligible,Will Donald Trump win the 2028 US Presidential Election?,Will Pete Hegseth win the 2028 US Presidential Election?,0.2969,0.1,1.0,,,,
8d8a991f42fcfdb25e7776dcc07b83c5,561259,561261,rejected,,rejected,eligible,Will Ro Khanna win the 2028 US Presidential Election?,Will Jon Ossoff win the 2028 US Presidential Election?,0.2969,0.1,1.0,,,,
ee49748d162b930a546fc7fc3da2dae8,561250,561261,rejected,,rejected,eligible,Will Elon Musk win the 2028 US Presidential Election?,Will Jon Ossoff win the 2028 US Presidential Election?,0.2969,0.1,1.0,,,,
1dbe95df419482f9de7b3a5df3653001,561235,561250,rejected,,rejected,eligible,Will Wes Moore win the 2028 US Presidential Election?,Will Elon Musk win the 2028 US Presidential Election?,0.2969,0.1,1.0,,,,
40f3ac5dd4496726764b09e14375b6bb,561255,561264,rejected,,rejected,ineligible,Will Ivanka Trump win the 2028 US Presidential Election?,Will Pete Hegseth win the 2028 US Presidential Election?,0.2969,0.1,1.0,,,,
4baba5685953ef99fe10f31df4b62c18,561234,561264,rejected,,rejected,ineligible,Will Marco Rubio win the 2028 US Presidential Election?,Will Pete Hegseth win the 2028 US Presidential Election?,0.2969,0.1,1.0,,,,
5f7d25a7c96d39cbb69a550b98c09cc7,561242,561245,rejected,,rejected,eligible,Will Tulsi Gabbard win the 2028 US Presidential Election?,Will Nikki Haley win the 2028 US Presidential Election?,0.2965,0.1,1.0,,,,
ec5d27bcf0d5b16964817d33b1f868a4,561229,561244,rejected,,rejected,eligible,Will JD Vance win the 2028 US Presidential Election?,Will Donald Trump Jr. win the 2028 US Presidential Election?,0.2965,0.1,1.0,,,,
3f97881c3e5e5be30996a0398ef804dc,561229,561248,rejected,,rejected,eligible,Will JD Vance win the 2028 US Presidential Election?,Will Vivek Ramaswamy win the 2028 US Presidential Election?,0.2965,0.1,1.0,,,,
4c41181d49d26b0e71360adf40045d66,561231,561234,rejected,,rejected,eligible,Will Alexandria Ocasio-Cortez win the 2028 US Presidential Election?,Will Marco Rubio win the 2028 US Presidential Election?,0.2965,0.1,1.0,,,,
c64ca80c0bd7d98039203b4091349356,561242,561259,rejected,,rejected,eligible,Will Tulsi Gabbard win the 2028 US Presidential Election?,Will Ro Khanna win the 2028 US Presidential Election?,0.2965,0.1,1.0,,,,
1a256781130b2f3b09c522c2d9c8b0c8,561233,561242,rejected,,rejected,eligible,Will Josh Shapiro win the 2028 US Presidential Election?,Will Tulsi Gabbard win the 2028 US Presidential Election?,0.2965,0.1,1.0,,,,
ee6a9eca6dc8a312c954833d49afb5dd,561234,561254,rejected,,rejected,ineligible,Will Marco Rubio win the 2028 US Presidential Election?,Will Kim Kardashian win the 2028 US Presidential Election?,0.2965,0.1,1.0,,,,
a98e056e586b23b1d047468ee679e778,561232,561246,rejected,,rejected,eligible,Will Pete Buttigieg win the 2028 US Presidential Election?,Will Ron DeSantis win the 2028 US Presidential Election?,0.2962,0.1,1.0,,,,
ebb5079f920571612c4467645a977bfe,561231,561261,rejected,,rejected,eligible,Will Alexandria Ocasio-Cortez win the 2028 US Presidential Election?,Will Jon Ossoff win the 2028 US Presidential Election?,0.2962,0.1,1.0,,,,
c78c34404ad5c9cbdb4d2465220932d8,561234,561247,rejected,,rejected,eligible,Will Marco Rubio win the 2028 US Presidential Election?,Will Tim Walz win the 2028 US Presidential Election?,0.2959,0.1,1.0,,,,
4696c7607d72b8cee0e536ee493bbb7f,561234,561253,rejected,,rejected,eligible,Will Marco Rubio win the 2028 US Presidential Election?,Will Tucker Carlson win the 2028 US Presidential Election?,0.2959,0.1,1.0,,,,
7068552724ecd3b89aeb191b954696b0,561239,561254,rejected,,rejected,ineligible,Will Kamala Harris win the 2028 US Presidential Election?,Will Kim Kardashian win the 2028 US Presidential Election?,0.2957,0.1,1.0,,,,
b4a2f16ac3fe46425c2597c5d5792afb,561242,561257,rejected,,rejected,eligible,Will Tulsi Gabbard win the 2028 US Presidential Election?,Will Michelle Obama win the 2028 US Presidential Election?,0.2957,0.1,1.0,,,,
a213a18196a684cc771a554bc827b1eb,561232,561239,rejected,,rejected,eligible,Will Pete Buttigieg win the 2028 US Presidential Election?,Will Kamala Harris win the 2028 US Presidential Election?,0.295,0.1,1.0,,,,
4188c28439292ff2731499f1ade30d44,561230,561260,rejected,,rejected,eligible,Will Gavin Newsom win the 2028 US Presidential Election?,Will Thomas Massie win the 2028 US Presidential Election?,0.295,0.1,1.0,,,,
56c828be5dfea462d0b3ffc87eee05f9,561254,561256,rejected,,rejected,ineligible,Will Kim Kardashian win the 2028 US Presidential Election?,Will Zohran Mamdani win the 2028 US Presidential Election?,0.295,0.1,1.0,,,,
7ab6dd7c0a0b94078150af5ba96508f8,561249,561253,rejected,,rejected,eligible,Will Greg Abbott win the 2028 US Presidential Election?,Will Tucker Carlson win the 2028 US Presidential Election?,0.295,0.1,1.0,,,,
95869ca8869ba37540c861df1f903e96,561240,561254,rejected,,rejected,ineligible,Will Stephen Smith win the 2028 US Presidential Election?,Will Kim Kardashian win the 2028 US Presidential Election?,0.295,0.1,1.0,,,,
0de2445f661ec7f8b0205677887b7c22,561233,561264,rejected,,rejected,ineligible,Will Josh Shapiro win the 2028 US Presidential Election?,Will Pete Hegseth win the 2028 US Presidential Election?,0.2944,0.1,1.0,,,,
463326202f6a442a8cc5d5dd7611dfc1,561244,561256,rejected,,rejected,eligible,Will Donald Trump Jr. win the 2028 US Presidential Election?,Will Zohran Mamdani win the 2028 US Presidential Election?,0.2943,0.1,1.0,,,,
9e5363bbe74785b092d93c0b1e9d2e6a,561242,561262,rejected,,rejected,eligible,Will Tulsi Gabbard win the 2028 US Presidential Election?,Will James Talarico win the 2028 US Presidential Election?,0.2943,0.1,1.0,,,,
b5608a7075c8f7d6525bcfe841d59916,561248,561256,rejected,,rejected,eligible,Will Vivek Ramaswamy win the 2028 US Presidential Election?,Will Zohran Mamdani win the 2028 US Presidential Election?,0.2943,0.1,1.0,,,,
42b6b3fda280ee1b7ab401c72dc6d15f,561240,561244,rejected,,rejected,eligible,Will Stephen Smith win the 2028 US Presidential Election?,Will Donald Trump Jr. win the 2028 US Presidential Election?,0.2943,0.1,1.0,,,,
83d58a9dfd62dbe26dbac80b424bc25b,561240,561248,rejected,,rejected,eligible,Will Stephen Smith win the 2028 US Presidential Election?,Will Vivek Ramaswamy win the 2028 US Presidential Election?,0.2943,0.1,1.0,,,,
04b38a58585bdb207bbdf12453c94744,561234,561237,rejected,,rejected,eligible,Will Marco Rubio win the 2028 US Presidential Election?,Will Andy Beshear win the 2028 US Presidential Election?,0.2943,0.1,1.0,,,,
2fdccf8fca4a025bee087b428b78122f,561229,561241,rejected,,rejected,eligible,Will JD Vance win the 2028 US Presidential Election?,Will JB Pritzker win the 2028 US Presidential Election?,0.2941,0.1,1.0,,,,
a91289608196f485f44cb039d6ff2cf5,561253,561256,rejected,,rejected,eligible,Will Tucker Carlson win the 2028 US Presidential Election?,Will Zohran Mamdani win the 2028 US Presidential Election?,0.2941,0.1,1.0,,,,
a27ee1d14dba92a209c39e8c8eec704a,561240,561253,rejected,,rejected,eligible,Will Stephen Smith win the 2028 US Presidential Election?,Will Tucker Carlson win the 2028 US Presidential Election?,0.2941,0.1,1.0,,,,
cd8e8152d7e2b60ce97803c22f23c867,561230,561253,rejected,,rejected,eligible,Will Gavin Newsom win the 2028 US Presidential Election?,Will Tucker Carlson win the 2028 US Presidential Election?,0.2933,0.1,1.0,,,,
406b56cb9d3ef5737ed0fab12b1ee968,561247,561264,rejected,,rejected,ineligible,Will Tim Walz win the 2028 US Presidential Election?,Will Pete Hegseth win the 2028 US Presidential Election?,0.2932,0.1,1.0,,,,
e67dbb82f5ec656f33147971218c5efb,561231,561254,rejected,,rejected,ineligible,Will Alexandria Ocasio-Cortez win the 2028 US Presidential Election?,Will Kim Kardashian win the 2028 US Presidential Election?,0.2932,0.1,1.0,,,,
dc4f15ce7c52d03857dabc971c2118fd,561238,561259,rejected,,rejected,eligible,Will Glenn Youngkin win the 2028 US Presidential Election?,Will Ro Khanna win the 2028 US Presidential Election?,0.2927,0.1,1.0,,,,
adea490149c42f20b6c13f37c607081b,561233,561247,rejected,,rejected,eligible,Will Josh Shapiro win the 2028 US Presidential Election?,Will Tim Walz win the 2028 US Presidential Election?,0.2927,0.1,1.0,,,,
cb5b79d21d12eb8b8b3eca01c1e1bdaa,561238,561250,rejected,,rejected,eligible,Will Glenn Youngkin win the 2028 US Presidential Election?,Will Elon Musk win the 2028 US Presidential Election?,0.2927,0.1,1.0,,,,
0081dbf8f24a24a8e21e767e6539aa3d,561242,561258,rejected,,rejected,eligible,Will Tulsi Gabbard win the 2028 US Presidential Election?,Will Jamie Dimon win the 2028 US Presidential Election?,0.2922,0.1,1.0,,,,
f4cfd01bddcf2b1b1d0ccf48f2c4d4aa,561249,561258,rejected,,rejected,eligible,Will Greg Abbott win the 2028 US Presidential Election?,Will Jamie Dimon win the 2028 US Presidential Election?,0.2922,0.1,1.0,,,,
13efb977645d52bae095b349dd61cdfa,561232,561238,rejected,,rejected,eligible,Will Pete Buttigieg win the 2028 US Presidential Election?,Will Glenn Youngkin win the 2028 US Presidential Election?,0.2918,0.1,1.0,,,,
56188d19dd93e25f6d5ebe40528e67df,561242,561261,rejected,,rejected,eligible,Will Tulsi Gabbard win the 2028 US Presidential Election?,Will Jon Ossoff win the 2028 US Presidential Election?,0.2918,0.1,1.0,,,,
a07fb493374fdb818a7f0b8f23af3bc8,561235,561242,rejected,,rejected,eligible,Will Wes Moore win the 2028 US Presidential Election?,Will Tulsi Gabbard win the 2028 US Presidential Election?,0.2918,0.1,1.0,,,,
689b57b187e65aa06671f1db5c7bdfe1,561244,561247,rejected,,rejected,eligible,Will Donald Trump Jr. win the 2028 US Presidential Election?,Will Tim Walz win the 2028 US Presidential Election?,0.2918,0.1,1.0,,,,
cf16259291f23bb8c092833634ff60b6,561246,565064,rejected,,rejected,eligible,Will Ron DeSantis win the 2028 US Presidential Election?,Will the Republicans win the 2028 US Presidential Election?,0.2918,0.1,1.0,,,,
307d20b7ae17b0b997e0ec5266fb72ef,561237,561254,rejected,,rejected,ineligible,Will Andy Beshear win the 2028 US Presidential Election?,Will Kim Kardashian win the 2028 US Presidential Election?,0.2914,0.1,1.0,,,,
753d84df113df8cfd164cdb87f61f9b8,561241,561256,rejected,,rejected,eligible,Will JB Pritzker win the 2028 US Presidential Election?,Will Zohran Mamdani win the 2028 US Presidential Election?,0.2914,0.1,1.0,,,,
f143997621b38c16cd2913e63d1ebd13,561240,561241,rejected,,rejected,eligible,Will Stephen Smith win the 2028 US Presidential Election?,Will JB Pritzker win the 2028 US Presidential Election?,0.2914,0.1,1.0,,,,
8681045a5ea5512c83c695ca130b5161,561243,561249,rejected,,rejected,eligible,Will Donald Trump win the 2028 US Presidential Election?,Will Greg Abbott win the 2028 US Presidential Election?,0.291,0.1,1.0,,,,
448b27531b872276a5e78f87837d8ee3,561249,561263,rejected,,rejected,ineligible,Will Greg Abbott win the 2028 US Presidential Election?,Will Eric Trump win the 2028 US Presidential Election?,0.291,0.1,1.0,,,,
c803507b97b044a9eaf0fe6eb44ed869,561249,561255,rejected,,rejected,eligible,Will Greg Abbott win the 2028 US Presidential Election?,Will Ivanka Trump win the 2028 US Presidential Election?,0.291,0.1,1.0,,,,
6e2cac6c66e570977c8b1d180baaf107,561230,561241,rejected,,rejected,eligible,Will Gavin Newsom win the 2028 US Presidential Election?,Will JB Pritzker win the 2028 US Presidential Election?,0.291,0.1,1.0,,,,
febca243a5b39a6de6c67113b75f633f,561247,561253,rejected,,rejected,eligible,Will Tim Walz win the 2028 US Presidential Election?,Will Tucker Carlson win the 2028 US Presidential Election?,0.291,0.1,1.0,,,,
40c9b208bff30fb9c1c8ef5a954e4be1,561236,561249,rejected,,rejected,eligible,Will Gretchen Whitmer win the 2028 US Presidential Election?,Will Greg Abbott win the 2028 US Presidential Election?,0.2906,0.1,1.0,,,,
1afcf2be30fed5c3f121f8ad4513c7ab,561229,561260,rejected,,rejected,eligible,Will JD Vance win the 2028 US Presidential Election?,Will Thomas Massie win the 2028 US Presidential Election?,0.2903,0.1,1.0,,,,
44d37a4575e22b68c6e2270b96298d31,561237,561247,rejected,,rejected,eligible,Will Andy Beshear win the 2028 US Presidential Election?,Will Tim Walz win the 2028 US Presidential Election?,0.2903,0.1,1.0,,,,
13e644b5a1860674d2aa6b15d3a760f9,561242,561260,rejected,,rejected,eligible,Will Tulsi Gabbard win the 2028 US Presidential Election?,Will Thomas Massie win the 2028 US Presidential Election?,0.2898,0.1,1.0,,,,
88420e06d8e608c932abe46f40c8fd47,561231,561235,rejected,,rejected,eligible,Will Alexandria Ocasio-Cortez win the 2028 US Presidential Election?,Will Wes Moore win the 2028 US Presidential Election?,0.2898,0.1,1.0,,,,
63810ca33752304836b9723838d2684c,561229,561250,rejected,,rejected,eligible,Will JD Vance win the 2028 US Presidential Election?,Will Elon Musk win the 2028 US Presidential Election?,0.289,0.1,1.0,,,,
833ad2701d4bbf89162a78349e883b7d,561229,561259,rejected,,rejected,eligible,Will JD Vance win the 2028 US Presidential Election?,Will Ro Khanna win the 2028 US Presidential Election?,0.289,0.1,1.0,,,,
4bf8cec74e9e517efcb3daaedb873943,561241,561247,rejected,,rejected,eligible,Will JB Pritzker win the 2028 US Presidential Election?,Will Tim Walz win the 2028 US Presidential Election?,0.2887,0.1,1.0,,,,
e73702e60abfdbb29027a936f4ee8b81,561230,561239,rejected,,rejected,eligible,Will Gavin Newsom win the 2028 US Presidential Election?,Will Kamala Harris win the 2028 US Presidential Election?,0.2887,0.1,1.0,,,,
8f4410acddf8b900faf5da4b0e7c301c,561245,561249,rejected,,rejected,eligible,Will Nikki Haley win the 2028 US Presidential Election?,Will Greg Abbott win the 2028 US Presidential Election?,0.2886,0.1,1.0,,,,
8aefa88f0a980611bd86e5b35d15c3f6,561233,561239,rejected,,rejected,eligible,Will Josh Shapiro win the 2028 US Presidential Election?,Will Kamala Harris win the 2028 US Presidential Election?,0.2886,0.1,1.0,,,,
1c61468e4c682291279826b7ee7d4bce,561233,561249,rejected,,rejected,eligible,Will Josh Shapiro win the 2028 US Presidential Election?,Will Greg Abbott win the 2028 US Presidential Election?,0.2886,0.1,1.0,,,,
5f875de7ab25c9cc4bfdffb567dd3f93,561239,561259,rejected,,rejected,eligible,Will Kamala Harris win the 2028 US Presidential Election?,Will Ro Khanna win the 2028 US Presidential Election?,0.2886,0.1,1.0,,,,
9fce4283d5ef2147b86d8e7b94d97df0,561239,561250,rejected,,rejected,eligible,Will Kamala Harris win the 2028 US Presidential Election?,Will Elon Musk win the 2028 US Presidential Election?,0.2886,0.1,1.0,,,,
4d1210667865307e361b2bf3c692a24d,561249,561259,rejected,,rejected,eligible,Will Greg Abbott win the 2028 US Presidential Election?,Will Ro Khanna win the 2028 US Presidential Election?,0.2886,0.1,1.0,,,,
8ffb6a432d2b243ea92aaf56130b5c8a,561240,561260,rejected,,rejected,eligible,Will Stephen Smith win the 2028 US Presidential Election?,Will Thomas Massie win the 2028 US Presidential Election?,0.2884,0.1,1.0,,,,
624de9575d8920d228dd7eb8e75e6594,561242,561254,rejected,,rejected,ineligible,Will Tulsi Gabbard win the 2028 US Presidential Election?,Will Kim Kardashian win the 2028 US Presidential Election?,0.2884,0.1,1.0,,,,
d258332b0b6380eae770832a2a682ea1,561231,561239,rejected,,rejected,eligible,Will Alexandria Ocasio-Cortez win the 2028 US Presidential Election?,Will Kamala Harris win the 2028 US Presidential Election?,0.2884,0.1,1.0,,,,
52ed5a4af828ef86aecec2b3b649bdf1,561232,561234,rejected,,rejected,eligible,Will Pete Buttigieg win the 2028 US Presidential Election?,Will Marco Rubio win the 2028 US Presidential Election?,0.2884,0.1,1.0,,,,
b7af699c4c25cda7c7c5b16ee302e7fb,561245,565064,rejected,,rejected,eligible,Will Nikki Haley win the 2028 US Presidential Election?,Will the Republicans win the 2028 US Presidential Election?,0.2884,0.1,1.0,,,,
629cc9fb3c86d17183abe77865746bdb,561256,561260,rejected,,rejected,eligible,Will Zohran Mamdani win the 2028 US Presidential Election?,Will Thomas Massie win the 2028 US Presidential Election?,0.2884,0.1,1.0,,,,
bd519891efe64c8be77705d511a932cd,561242,561244,rejected,,rejected,eligible,Will Tulsi Gabbard win the 2028 US Presidential Election?,Will Donald Trump Jr. win the 2028 US Presidential Election?,0.2883,0.1,1.0,,,,
bccee72b8f98fd7550e40df808cb20fd,561235,561237,rejected,,rejected,eligible,Will Wes Moore win the 2028 US Presidential Election?,Will Andy Beshear win the 2028 US Presidential Election?,0.2882,0.1,1.0,,,,
fda93b0ea74d524b83cbf69e9e0c273d,561237,561261,rejected,,rejected,eligible,Will Andy Beshear win the 2028 US Presidential Election?,Will Jon Ossoff win the 2028 US Presidential Election?,0.2882,0.1,1.0,,,,
880af9b25ecec8460701aac1b218d9fa,561256,561259,rejected,,rejected,eligible,Will Zohran Mamdani win the 2028 US Presidential Election?,Will Ro Khanna win the 2028 US Presidential Election?,0.2867,0.1,1.0,,,,
531d2c5d1a570b03d8830f08d5e107fe,561249,561262,rejected,,rejected,eligible,Will Greg Abbott win the 2028 US Presidential Election?,Will James Talarico win the 2028 US Presidential Election?,0.2867,0.1,1.0,,,,
602842c30f5ca4eec02936c0753d71da,561230,561250,rejected,,rejected,eligible,Will Gavin Newsom win the 2028 US Presidential Election?,Will Elon Musk win the 2028 US Presidential Election?,0.2867,0.1,1.0,,,,
7d9c878a14cbb611905b3bd44aacedea,561239,561253,rejected,,rejected,eligible,Will Kamala Harris win the 2028 US Presidential Election?,Will Tucker Carlson win the 2028 US Presidential Election?,0.2867,0.1,1.0,,,,
654524c531e794c4135bdd8ab81b0335,561232,561254,rejected,,rejected,ineligible,Will Pete Buttigieg win the 2028 US Presidential Election?,Will Kim Kardashian win the 2028 US Presidential Election?,0.2867,0.1,1.0,,,,
2686473d1150e84ec58b907e4dda1016,561240,561250,rejected,,rejected,eligible,Will Stephen Smith win the 2028 US Presidential Election?,Will Elon Musk win the 2028 US Presidential Election?,0.2867,0.1,1.0,,,,
dcce671bb6d6f3791f306ea7ea8640fd,561240,561259,rejected,,rejected,eligible,Will Stephen Smith win the 2028 US Presidential Election?,Will Ro Khanna win the 2028 US Presidential Election?,0.2867,0.1,1.0,,,,
918d201384c7de9b828fa9980debee3a,561250,561256,rejected,,rejected,eligible,Will Elon Musk win the 2028 US Presidential Election?,Will Zohran Mamdani win the 2028 US Presidential Election?,0.2867,0.1,1.0,,,,
e0136a096669a901dc9e964a77aa3e37,561230,561259,rejected,,rejected,eligible,Will Gavin Newsom win the 2028 US Presidential Election?,Will Ro Khanna win the 2028 US Presidential Election?,0.2867,0.1,1.0,,,,
ccd4e33e7d8680a3a2159ee4b83bc242,561232,561247,rejected,,rejected,eligible,Will Pete Buttigieg win the 2028 US Presidential Election?,Will Tim Walz win the 2028 US Presidential Election?,0.285,0.1,1.0,,,,
1021df3d20343ee1989d61d79ff67a66,561231,561238,rejected,,rejected,eligible,Will Alexandria Ocasio-Cortez win the 2028 US Presidential Election?,Will Glenn Youngkin win the 2028 US Presidential Election?,0.2849,0.1,1.0,,,,
ff0a76e07676acb305aeef7e60e2c1e1,561247,561259,rejected,,rejected,eligible,Will Tim Walz win the 2028 US Presidential Election?,Will Ro Khanna win the 2028 US Presidential Election?,0.2847,0.1,1.0,,,,
ce0381390b7d474ec4f374c335fdafa3,561247,561250,rejected,,rejected,eligible,Will Tim Walz win the 2028 US Presidential Election?,Will Elon Musk win the 2028 US Presidential Election?,0.2847,0.1,1.0,,,,
7306019dd5080f54c249a6e088b1ef47,561241,561242,rejected,,rejected,eligible,Will JB Pritzker win the 2028 US Presidential Election?,Will Tulsi Gabbard win the 2028 US Presidential Election?,0.2847,0.1,1.0,,,,
26adf0d39d61e8fd878ea5fa1377734f,561241,561249,rejected,,rejected,eligible,Will JB Pritzker win the 2028 US Presidential Election?,Will Greg Abbott win the 2028 US Presidential Election?,0.2847,0.1,1.0,,,,
2eab13321b9b0bc29cec4cf52fa697c6,561232,561261,rejected,,rejected,eligible,Will Pete Buttigieg win the 2028 US Presidential Election?,Will Jon Ossoff win the 2028 US Presidential Election?,0.2838,0.1,1.0,,,,
8df2becf36058540cd760c51e14ee53b,561232,561235,rejected,,rejected,eligible,Will Pete Buttigieg win the 2028 US Presidential Election?,Will Wes Moore win the 2028 US Presidential Election?,0.2838,0.1,1.0,,,,
3c8db2836e63bc248c7f4d77953547cd,561242,561264,rejected,,rejected,ineligible,Will Tulsi Gabbard win the 2028 US Presidential Election?,Will Pete Hegseth win the 2028 US Presidential Election?,0.2836,0.1,1.0,,,,
9d5e6da736426316f2d7b4d67325f2ae,561236,565064,rejected,,rejected,eligible,Will Gretchen Whitmer win the 2028 US Presidential Election?,Will the Republicans win the 2028 US Presidential Election?,0.2832,0.1,1.0,,,,
8c54d9a10d5386ce5266acdd320cf56a,561234,565064,rejected,,rejected,eligible,Will Marco Rubio win the 2028 US Presidential Election?,Will the Republicans win the 2028 US Presidential Election?,0.2829,0.1,1.0,,,,
9d31cc398de3f2e43a0c3bc8f07805a7,561242,561249,rejected,,rejected,eligible,Will Tulsi Gabbard win the 2028 US Presidential Election?,Will Greg Abbott win the 2028 US Presidential Election?,0.2829,0.1,1.0,,,,
50afbfe6d479aa1aab222488e504b5ef,561234,561249,rejected,,rejected,eligible,Will Marco Rubio win the 2028 US Presidential Election?,Will Greg Abbott win the 2028 US Presidential Election?,0.2825,0.1,1.0,,,,
2d25494e96480450e77183ad9b2454a9,561248,565064,rejected,,rejected,eligible,Will Vivek Ramaswamy win the 2028 US Presidential Election?,Will the Republicans win the 2028 US Presidential Election?,0.2822,0.1,1.0,,,,
2867c91727f6f6360e082efe8c09483f,561244,561249,rejected,,rejected,eligible,Will Donald Trump Jr. win the 2028 US Presidential Election?,Will Greg Abbott win the 2028 US Presidential Election?,0.2819,0.1,1.0,,,,
4327f26b81e5fdee6ac63be32de065c8,561230,561264,rejected,,rejected,ineligible,Will Gavin Newsom win the 2028 US Presidential Election?,Will Pete Hegseth win the 2028 US Presidential Election?,0.2819,0.1,1.0,,,,
3e724fd557311a758d2ff30d51f096d4,561257,565064,rejected,,rejected,eligible,Will Michelle Obama win the 2028 US Presidential Election?,Will the Republicans win the 2028 US Presidential Election?,0.2819,0.1,1.0,,,,
3c990ded617d38e892c75751cdb0bfc0,561231,561249,rejected,,rejected,eligible,Will Alexandria Ocasio-Cortez win the 2028 US Presidential Election?,Will Greg Abbott win the 2028 US Presidential Election?,0.2815,0.1,1.0,,,,
f2575032209315c2ccfe619836e5ad4f,561231,561242,rejected,,rejected,eligible,Will Alexandria Ocasio-Cortez win the 2028 US Presidential Election?,Will Tulsi Gabbard win the 2028 US Presidential Election?,0.2815,0.1,1.0,,,,
8a09ae5643c83c29d697e58b62af3a23,561249,561250,rejected,,rejected,eligible,Will Greg Abbott win the 2028 US Presidential Election?,Will Elon Musk win the 2028 US Presidential Election?,0.2811,0.1,1.0,,,,
e7b3c4581b9b6f4210c08821a0026fe3,561242,561250,rejected,,rejected,eligible,Will Tulsi Gabbard win the 2028 US Presidential Election?,Will Elon Musk win the 2028 US Presidential Election?,0.2811,0.1,1.0,,,,
3773ee7fa476eb976df4e3693da8b14a,561229,561231,rejected,,rejected,eligible,Will JD Vance win the 2028 US Presidential Election?,Will Alexandria Ocasio-Cortez win the 2028 US Presidential Election?,0.2806,0.1,1.0,,,,
48c709f3840ea63c7a68e5a3f8d3366e,561237,561242,rejected,,rejected,eligible,Will Andy Beshear win the 2028 US Presidential Election?,Will Tulsi Gabbard win the 2028 US Presidential Election?,0.28,0.1,1.0,,,,
0c2bbb1172ebad2c914731d5b11944f4,561262,565064,rejected,,rejected,eligible,Will James Talarico win the 2028 US Presidential Election?,Will the Republicans win the 2028 US Presidential Election?,0.28,0.1,1.0,,,,
be3a6411e46a413157e725339c1bbe97,561230,561232,rejected,,rejected,eligible,Will Gavin Newsom win the 2028 US Presidential Election?,Will Pete Buttigieg win the 2028 US Presidential Election?,0.28,0.1,1.0,,,,
74b02523a24bfa16645a4036a5bf25ea,561230,561231,rejected,,rejected,eligible,Will Gavin Newsom win the 2028 US Presidential Election?,Will Alexandria Ocasio-Cortez win the 2028 US Presidential Election?,0.2795,0.1,1.0,,,,
e3c8cb56e29404983d6aa0a3514460ff,561247,565064,rejected,,rejected,eligible,Will Tim Walz win the 2028 US Presidential Election?,Will the Republicans win the 2028 US Presidential Election?,0.2795,0.1,1.0,,,,
9a9b1b74f6646c66999974c9eabc5994,561231,561256,rejected,,rejected,eligible,Will Alexandria Ocasio-Cortez win the 2028 US Presidential Election?,Will Zohran Mamdani win the 2028 US Presidential Election?,0.2788,0.1,1.0,,,,
2a6e681e89fe5f192aadb373c3bf15d4,561229,561237,rejected,,rejected,eligible,Will JD Vance win the 2028 US Presidential Election?,Will Andy Beshear win the 2028 US Presidential Election?,0.2788,0.1,1.0,,,,
a5cc289616e3efe079f9a9e12612724a,561231,561240,rejected,,rejected,eligible,Will Alexandria Ocasio-Cortez win the 2028 US Presidential Election?,Will Stephen Smith win the 2028 US Presidential Election?,0.2788,0.1,1.0,,,,
22d72b00c6c5af9e24d649b0278c9ce1,561242,561253,rejected,,rejected,eligible,Will Tulsi Gabbard win the 2028 US Presidential Election?,Will Tucker Carlson win the 2028 US Presidential Election?,0.2788,0.1,1.0,,,,
e95b6dcecc0de2e23c0043829de0c4c2,561258,565064,rejected,,rejected,eligible,Will Jamie Dimon win the 2028 US Presidential Election?,Will the Republicans win the 2028 US Presidential Election?,0.2785,0.1,1.0,,,,
f2882bb64692933a9e7adb47e2ad9452,561241,565064,rejected,,rejected,eligible,Will JB Pritzker win the 2028 US Presidential Election?,Will the Republicans win the 2028 US Presidential Election?,0.2779,0.1,1.0,,,,
b5db41ff92bf355957d24b93007e0026,561231,561247,rejected,,rejected,eligible,Will Alexandria Ocasio-Cortez win the 2028 US Presidential Election?,Will Tim Walz win the 2028 US Presidential Election?,0.2779,0.1,1.0,,,,
2d8f7f232406feb2d24b393fd258fd7e,561230,561237,rejected,,rejected,eligible,Will Gavin Newsom win the 2028 US Presidential Election?,Will Andy Beshear win the 2028 US Presidential Election?,0.2779,0.1,1.0,,,,
3373a99000f4dd4708758146b3bbff30,561237,561240,rejected,,rejected,eligible,Will Andy Beshear win the 2028 US Presidential Election?,Will Stephen Smith win the 2028 US Presidential Election?,0.2771,0.1,1.0,,,,
7d689e3e13e9cdc965e5d6ca1bf37e87,561237,561256,rejected,,rejected,eligible,Will Andy Beshear win the 2028 US Presidential Election?,Will Zohran Mamdani win the 2028 US Presidential Election?,0.2771,0.1,1.0,,,,
e916b1eed9b2b3dca25064c383a4cb55,561244,565064,rejected,,rejected,eligible,Will Donald Trump Jr. win the 2028 US Presidential Election?,Will the Republicans win the 2028 US Presidential Election?,0.2765,0.1,1.0,,,,
e589138bde81ebca9b7071a0bdf76c92,561229,561264,rejected,,rejected,ineligible,Will JD Vance win the 2028 US Presidential Election?,Will Pete Hegseth win the 2028 US Presidential Election?,0.2764,0.1,1.0,,,,
10b7143c899828d82afa96d15543c4b1,561232,561242,rejected,,rejected,eligible,Will Pete Buttigieg win the 2028 US Presidential Election?,Will Tulsi Gabbard win the 2028 US Presidential Election?,0.2758,0.1,1.0,,,,
1c2f024897a61c33e3530a9e66ab6c0f,561248,561249,rejected,,rejected,eligible,Will Vivek Ramaswamy win the 2028 US Presidential Election?,Will Greg Abbott win the 2028 US Presidential Election?,0.2758,0.1,1.0,,,,
0588919fb5757ba381b2acd9e49a13ac,561263,565064,rejected,,rejected,ineligible,Will Eric Trump win the 2028 US Presidential Election?,Will the Republicans win the 2028 US Presidential Election?,0.2756,0.1,1.0,,,,
74619b48e9320daafede268066cda94a,561252,565064,rejected,,rejected,eligible,Will Dwayne 'The Rock' Johnson win the 2028 US Presidential Election?,Will the Republicans win the 2028 US Presidential Election?,0.2756,0.1,1.0,,,,
8daf151f9737c385edbd72f358471e90,561243,565064,rejected,,rejected,eligible,Will Donald Trump win the 2028 US Presidential Election?,Will the Republicans win the 2028 US Presidential Election?,0.2756,0.1,1.0,,,,
73c04070ff490857838b43f3a1787f6b,561255,565064,rejected,,rejected,eligible,Will Ivanka Trump win the 2028 US Presidential Election?,Will the Republicans win the 2028 US Presidential Election?,0.2756,0.1,1.0,,,,
0bdd77d3e422f310da192706152eb3c6,561259,565064,rejected,,rejected,eligible,Will Ro Khanna win the 2028 US Presidential Election?,Will the Republicans win the 2028 US Presidential Election?,0.275,0.1,1.0,,,,
20aa321659a47013509b3bdd02b36b3d,561240,561264,rejected,,rejected,ineligible,Will Stephen Smith win the 2028 US Presidential Election?,Will Pete Hegseth win the 2028 US Presidential Election?,0.275,0.1,1.0,,,,
9f2893717414b1728b2ee69dbc0da2fa,561250,565064,rejected,,rejected,eligible,Will Elon Musk win the 2028 US Presidential Election?,Will the Republicans win the 2028 US Presidential Election?,0.275,0.1,1.0,,,,
9c1a65a9736903fd3ae3afe6fe337dac,561256,561264,rejected,,rejected,ineligible,Will Zohran Mamdani win the 2028 US Presidential Election?,Will Pete Hegseth win the 2028 US Presidential Election?,0.275,0.1,1.0,,,,
3fc3a9dd9d4c46ffdc9ab2bcab9453cb,561239,561252,rejected,,rejected,eligible,Will Kamala Harris win the 2028 US Presidential Election?,Will Dwayne 'The Rock' Johnson win the 2028 US Presidential Election?,0.2745,0.1,1.0,,,,
d35f569ac408a0ba9f40f9907354980f,561229,565064,rejected,,rejected,eligible,Will JD Vance win the 2028 US Presidential Election?,Will the Republicans win the 2028 US Presidential Election?,0.2745,0.1,1.0,,,,
7cceb0896ce75329b2b8a2a7326b95cd,561229,561232,rejected,,rejected,eligible,Will JD Vance win the 2028 US Presidential Election?,Will Pete Buttigieg win the 2028 US Presidential Election?,0.2741,0.1,1.0,,,,
b37fdb58271448432b09fd7d7344cfcf,561237,561249,rejected,,rejected,eligible,Will Andy Beshear win the 2028 US Presidential Election?,Will Greg Abbott win the 2028 US Presidential Election?,0.2737,0.1,1.0,,,,
ab29c3a650ebac63be8170393c149aec,561261,565064,rejected,,rejected,eligible,Will Jon Ossoff win the 2028 US Presidential Election?,Will the Republicans win the 2028 US Presidential Election?,0.2733,0.1,1.0,,,,
fbd613ce2942adb17aa0e7940d02c2d1,561235,565064,rejected,,rejected,eligible,Will Wes Moore win the 2028 US Presidential Election?,Will the Republicans win the 2028 US Presidential Election?,0.2733,0.1,1.0,,,,
3ab9645d3305aa7753a43e4712fec8e6,561260,565064,rejected,,rejected,eligible,Will Thomas Massie win the 2028 US Presidential Election?,Will the Republicans win the 2028 US Presidential Election?,0.2731,0.1,1.0,,,,
7d620b6a5740a37d8cf88394d01f5c05,561240,565064,rejected,,rejected,eligible,Will Stephen Smith win the 2028 US Presidential Election?,Will the Republicans win the 2028 US Presidential Election?,0.2729,0.1,1.0,,,,
0fd03a5450fa049fe88aba1635a46d26,561256,565064,rejected,,rejected,eligible,Will Zohran Mamdani win the 2028 US Presidential Election?,Will the Republicans win the 2028 US Presidential Election?,0.2729,0.1,1.0,,,,
e906fb1dbba51adc13f45ab47f8f391a,561238,565064,rejected,,rejected,eligible,Will Glenn Youngkin win the 2028 US Presidential Election?,Will the Republicans win the 2028 US Presidential Election?,0.2726,0.1,1.0,,,,
9c29f22aff3d30d65dc84d38ea6a3cd1,561232,561256,rejected,,rejected,eligible,Will Pete Buttigieg win the 2028 US Presidential Election?,Will Zohran Mamdani win the 2028 US Presidential Election?,0.2726,0.1,1.0,,,,
8d2b3fffe3ac9a300c400c2157de05aa,561232,561240,rejected,,rejected,eligible,Will Pete Buttigieg win the 2028 US Presidential Election?,Will Stephen Smith win the 2028 US Presidential Election?,0.2726,0.1,1.0,,,,
b7135d3a904b7df47b82c216a7d12ab4,561249,561260,rejected,,rejected,eligible,Will Greg Abbott win the 2028 US Presidential Election?,Will Thomas Massie win the 2028 US Presidential Election?,0.2722,0.1,1.0,,,,
fb5efc7f0a76767bc42249cea73627b0,540818,540819,rejected,,rejected,,New Playboi Carti Album before GTA VI?,Will Jesus Christ return before GTA VI?,0.272,0.1,1.0,,,,
b9b55135fac0d7b9a1d4af4a8a3b10e2,540817,540819,rejected,,rejected,,New Rihanna Album before GTA VI?,Will Jesus Christ return before GTA VI?,0.2718,0.06,1.0,,,,
17feb22f47cb4979505c2426b7de7de9,561254,565064,rejected,,rejected,ineligible,Will Kim Kardashian win the 2028 US Presidential Election?,Will the Republicans win the 2028 US Presidential Election?,0.27,0.1,1.0,,,,
4610d1d7bf3a250c8850837914701b50,561232,561249,rejected,,rejected,eligible,Will Pete Buttigieg win the 2028 US Presidential Election?,Will Greg Abbott win the 2028 US Presidential Election?,0.27,0.1,1.0,,,,
61dd190553f0361fc726b37bcc3b5775,561242,565064,rejected,,rejected,eligible,Will Tulsi Gabbard win the 2028 US Presidential Election?,Will the Republicans win the 2028 US Presidential Election?,0.27,0.1,1.0,,,,
11297a83a431c39fb5e2debf36ca336e,561231,565064,rejected,,rejected,eligible,Will Alexandria Ocasio-Cortez win the 2028 US Presidential Election?,Will the Republicans win the 2028 US Presidential Election?,0.27,0.1,1.0,,,,
270d24767c9562847fa4314296c5b634,561233,565064,rejected,,rejected,eligible,Will Josh Shapiro win the 2028 US Presidential Election?,Will the Republicans win the 2028 US Presidential Election?,0.2688,0.1,1.0,,,,
21e761a0af2e652c25950a7232e5fc8f,561239,561249,rejected,,rejected,eligible,Will Kamala Harris win the 2028 US Presidential Election?,Will Greg Abbott win the 2028 US Presidential Election?,0.2686,0.1,1.0,,,,
9dffc66635d6093a176445beaec650c3,561241,561252,rejected,,rejected,eligible,Will JB Pritzker win the 2028 US Presidential Election?,Will Dwayne 'The Rock' Johnson win the 2028 US Presidential Election?,0.2685,0.1,1.0,,,,
97196aacf20fbde444ef5da1d070710f,561264,565064,rejected,,rejected,ineligible,Will Pete Hegseth win the 2028 US Presidential Election?,Will the Republicans win the 2028 US Presidential Election?,0.268,0.1,1.0,,,,
2502768162b199ed335812829da2d413,561252,565065,rejected,,rejected,eligible,Will Dwayne 'The Rock' Johnson win the 2028 US Presidential Election?,Will the Democrats win the 2028 US Presidential Election?,0.2676,0.1,1.0,,,,
6cd42dbea99effc25a1217495c4a143c,561231,561252,rejected,,rejected,eligible,Will Alexandria Ocasio-Cortez win the 2028 US Presidential Election?,Will Dwayne 'The Rock' Johnson win the 2028 US Presidential Election?,0.2674,0.1,1.0,,,,
b8d6b154e8b43a925e92b9e27b42b848,561230,565064,rejected,,rejected,eligible,Will Gavin Newsom win the 2028 US Presidential Election?,Will the Republicans win the 2028 US Presidential Election?,0.2674,0.1,1.0,,,,
7a9cc4dbf932e4123f399332a534f1cb,561253,565064,rejected,,rejected,eligible,Will Tucker Carlson win the 2028 US Presidential Election?,Will the Republicans win the 2028 US Presidential Election?,0.2662,0.1,1.0,,,,
9bb00ef2f8f64e4302be347d105816fe,561237,561252,rejected,,rejected,eligible,Will Andy Beshear win the 2028 US Presidential Election?,Will Dwayne 'The Rock' Johnson win the 2028 US Presidential Election?,0.2662,0.1,1.0,,,,
41672ffa89c945d4ae361a8759c888a6,540817,540819,rejected,,rejected,eligible,New Rihanna Album before GTA VI?,Will Jesus Christ return before GTA VI?,0.2658,0.06,1.0,,,,
33e9433c4d177a5d52d8bbd845a51991,561252,561259,rejected,,rejected,eligible,Will Dwayne 'The Rock' Johnson win the 2028 US Presidential Election?,Will Ro Khanna win the 2028 US Presidential Election?,0.2657,0.1,1.0,,,,
664d986c09e69f5cf6ed53ff632a7875,561245,561252,rejected,,rejected,eligible,Will Nikki Haley win the 2028 US Presidential Election?,Will Dwayne 'The Rock' Johnson win the 2028 US Presidential Election?,0.2657,0.1,1.0,,,,
9200ad0cf1ab90ea4a0057db1c04c06d,561247,561249,rejected,,rejected,eligible,Will Tim Walz win the 2028 US Presidential Election?,Will Greg Abbott win the 2028 US Presidential Election?,0.2644,0.1,1.0,,,,
7e744c2e05cddc43704cf818f2aa327d,540819,540844,rejected,,rejected,,Will Jesus Christ return before GTA VI?,Will bitcoin hit $1m before GTA VI?,0.2637,0.1,1.0,,,,
e531f38d0b9ea14c827b8fea20c8388f,561237,565064,rejected,,rejected,eligible,Will Andy Beshear win the 2028 US Presidential Election?,Will the Republicans win the 2028 US Presidential Election?,0.2635,0.1,1.0,,,,
14e290ef5980f1658cffd5ee22ef7579,561244,561252,rejected,,rejected,eligible,Will Donald Trump Jr. win the 2028 US Presidential Election?,Will Dwayne 'The Rock' Johnson win the 2028 US Presidential Election?,0.2629,0.1,1.0,,,,
3869b854f1dd32e932e7372eccd1b54e,561232,561252,rejected,,rejected,eligible,Will Pete Buttigieg win the 2028 US Presidential Election?,Will Dwayne 'The Rock' Johnson win the 2028 US Presidential Election?,0.2629,0.1,1.0,,,,
4dd90e60c93d750ed0d197319599ef1c,540818,540819,rejected,,rejected,eligible,New Playboi Carti Album before GTA VI?,Will Jesus Christ return before GTA VI?,0.2629,0.1,1.0,,,,
1d4c8c1b32ee2da3e1fe89c0eced6b28,561252,561257,rejected,,rejected,eligible,Will Dwayne 'The Rock' Johnson win the 2028 US Presidential Election?,Will Michelle Obama win the 2028 US Presidential Election?,0.261,0.1,1.0,,,,
33c741f36ffaa2666f3fbcf2ff1de4dc,561232,565064,rejected,,rejected,eligible,Will Pete Buttigieg win the 2028 US Presidential Election?,Will the Republicans win the 2028 US Presidential Election?,0.2608,0.1,1.0,,,,
755b934d5615a158da5ed220a9298ba8,561252,561264,rejected,,rejected,ineligible,Will Dwayne 'The Rock' Johnson win the 2028 US Presidential Election?,Will Pete Hegseth win the 2028 US Presidential Election?,0.26,0.1,1.0,,,,
b126b61a4430fcbbe13775c4336cbcf0,561252,561260,rejected,,rejected,eligible,Will Dwayne 'The Rock' Johnson win the 2028 US Presidential Election?,Will Thomas Massie win the 2028 US Presidential Election?,0.26,0.1,1.0,,,,
cecbea47c69386074ac9c7a6b1db81c5,561250,561252,rejected,,rejected,eligible,Will Elon Musk win the 2028 US Presidential Election?,Will Dwayne 'The Rock' Johnson win the 2028 US Presidential Election?,0.2589,0.1,1.0,,,,
e02bbc12cf27e2f1c7892aeaf4730cdf,540819,540820,rejected,,rejected,eligible,Will Jesus Christ return before GTA VI?,Trump out as President before GTA VI?,0.2582,0.06,1.0,,,,
7cdfdbb5ff8de218448e3fff3d31d9eb,561249,565064,rejected,,rejected,eligible,Will Greg Abbott win the 2028 US Presidential Election?,Will the Republicans win the 2028 US Presidential Election?,0.2581,0.1,1.0,,,,
491f67023cba582d356c3c9ddd31e966,561248,561252,rejected,,rejected,eligible,Will Vivek Ramaswamy win the 2028 US Presidential Election?,Will Dwayne 'The Rock' Johnson win the 2028 US Presidential Election?,0.2572,0.1,1.0,,,,
928a4c111dd6a7c0c55f8d344c4c3055,561234,565065,rejected,,rejected,eligible,Will Marco Rubio win the 2028 US Presidential Election?,Will the Democrats win the 2028 US Presidential Election?,0.2564,0.1,1.0,,,,
3cd0206d7a630a2ed1d7e52faa324562,540818,540844,rejected,,rejected,,New Playboi Carti Album before GTA VI?,Will bitcoin hit $1m before GTA VI?,0.2557,0.1,1.0,,,,
a02c8db6c5fa6503dc77e567fb59ee6d,561252,561253,rejected,,rejected,eligible,Will Dwayne 'The Rock' Johnson win the 2028 US Presidential Election?,Will Tucker Carlson win the 2028 US Presidential Election?,0.2553,0.1,1.0,,,,
44b90050a17ee86d2db590ea611662e1,540820,540844,rejected,,rejected,eligible,Trump out as President before GTA VI?,Will bitcoin hit $1m before GTA VI?,0.2534,0.06,1.0,,,,
b95002228163c8bd4e38e835bd2dfe3f,561236,561252,rejected,,rejected,eligible,Will Gretchen Whitmer win the 2028 US Presidential Election?,Will Dwayne 'The Rock' Johnson win the 2028 US Presidential Election?,0.2533,0.1,1.0,,,,
d6b7e9ccd5f194edc1dbaf107b3b87c2,540819,540844,rejected,,rejected,eligible,Will Jesus Christ return before GTA VI?,Will bitcoin hit $1m before GTA VI?,0.2533,0.1,1.0,,,,
5e4f3398e379448f6f4bd5b880fda170,561231,565065,rejected,,rejected,eligible,Will Alexandria Ocasio-Cortez win the 2028 US Presidential Election?,Will the Democrats win the 2028 US Presidential Election?,0.2533,0.1,1.0,,,,
c4ac702878118991a81f3c0460e855ba,561241,565065,rejected,,rejected,eligible,Will JB Pritzker win the 2028 US Presidential Election?,Will the Democrats win the 2028 US Presidential Election?,0.252,0.1,1.0,,,,
8e91f65aa70937817713da52563b70fd,561252,561262,rejected,,rejected,eligible,Will Dwayne 'The Rock' Johnson win the 2028 US Presidential Election?,Will James Talarico win the 2028 US Presidential Election?,0.2516,0.1,1.0,,,,
7d2c2f8b74ec402bdfaae1cea70a698c,561239,565065,rejected,,rejected,eligible,Will Kamala Harris win the 2028 US Presidential Election?,Will the Democrats win the 2028 US Presidential Election?,0.2508,0.1,1.0,,,,
08133cb7ec4e19e767c027a4a4baaaf2,561252,561258,rejected,,rejected,eligible,Will Dwayne 'The Rock' Johnson win the 2028 US Presidential Election?,Will Jamie Dimon win the 2028 US Presidential Election?,0.2508,0.1,1.0,,,,
402822c2b23c0ace0fc88f169dfa1d32,561246,561252,rejected,,rejected,eligible,Will Ron DeSantis win the 2028 US Presidential Election?,Will Dwayne 'The Rock' Johnson win the 2028 US Presidential Election?,0.2508,0.1,1.0,,,,
bf9b0c165feee6b8f7ca53f3381d692b,561252,561255,rejected,,rejected,eligible,Will Dwayne 'The Rock' Johnson win the 2028 US Presidential Election?,Will Ivanka Trump win the 2028 US Presidential Election?,0.2503,0.1,1.0,,,,
6456e692825884bd81d7e541ff253680,561252,561263,rejected,,rejected,ineligible,Will Dwayne 'The Rock' Johnson win the 2028 US Presidential Election?,Will Eric Trump win the 2028 US Presidential Election?,0.2503,0.1,1.0,,,,
464e6a918f57b9aa1a975e05783bec41,561234,561252,rejected,,rejected,eligible,Will Marco Rubio win the 2028 US Presidential Election?,Will Dwayne 'The Rock' Johnson win the 2028 US Presidential Election?,0.2503,0.1,1.0,,,,
20a769826bb5310e62b256ce3a3596d0,561243,561252,rejected,,rejected,eligible,Will Donald Trump win the 2028 US Presidential Election?,Will Dwayne 'The Rock' Johnson win the 2028 US Presidential Election?,0.2503,0.1,1.0,,,,
e8c3db08926b95fb54eaba299b766d6d,561259,565065,rejected,,rejected,eligible,Will Ro Khanna win the 2028 US Presidential Election?,Will the Democrats win the 2028 US Presidential Election?,0.2496,0.1,1.0,,,,
7d53deada47bec03cc46ad7b22d0eb6f,561245,565065,rejected,,rejected,eligible,Will Nikki Haley win the 2028 US Presidential Election?,Will the Democrats win the 2028 US Presidential Election?,0.2496,0.1,1.0,,,,
fed6e25c29990ace7586ea84d2782ef3,561252,561254,rejected,,rejected,ineligible,Will Dwayne 'The Rock' Johnson win the 2028 US Presidential Election?,Will Kim Kardashian win the 2028 US Presidential Election?,0.2493,0.1,1.0,,,,
b0eac710284d6d9ffc7f46e43fc10350,561247,561252,rejected,,rejected,eligible,Will Tim Walz win the 2028 US Presidential Election?,Will Dwayne 'The Rock' Johnson win the 2028 US Presidential Election?,0.2486,0.1,1.0,,,,
aa25db41df77dcc669831e5f5a9597f3,561235,561252,rejected,,rejected,eligible,Will Wes Moore win the 2028 US Presidential Election?,Will Dwayne 'The Rock' Johnson win the 2028 US Presidential Election?,0.2479,0.1,1.0,,,,
a21046b7452845f2377b6164bbd8ee16,561252,561261,rejected,,rejected,eligible,Will Dwayne 'The Rock' Johnson win the 2028 US Presidential Election?,Will Jon Ossoff win the 2028 US Presidential Election?,0.2479,0.1,1.0,,,,
ab030b85211f18c92d425a08d8339255,540817,540844,rejected,,rejected,,New Rihanna Album before GTA VI?,Will bitcoin hit $1m before GTA VI?,0.2466,0.06,1.0,,,,
97acf25caecb8c5f6128148612b5b595,561257,565065,rejected,,rejected,eligible,Will Michelle Obama win the 2028 US Presidential Election?,Will the Democrats win the 2028 US Presidential Election?,0.2458,0.1,1.0,,,,
86c746a8180839a3673ca3029ae7384b,561237,565065,rejected,,rejected,eligible,Will Andy Beshear win the 2028 US Presidential Election?,Will the Democrats win the 2028 US Presidential Election?,0.245,0.1,1.0,,,,
e86b9578f68d6611da3c30f7951a978e,540818,540844,rejected,,rejected,eligible,New Playboi Carti Album before GTA VI?,Will bitcoin hit $1m before GTA VI?,0.2442,0.1,1.0,,,,
32aab9963a4f36a90e88aea93c00d33a,561244,565065,rejected,,rejected,eligible,Will Donald Trump Jr. win the 2028 US Presidential Election?,Will the Democrats win the 2028 US Presidential Election?,0.2429,0.1,1.0,,,,
d2054254e1430861a52539edb8dcac23,561248,565065,rejected,,rejected,eligible,Will Vivek Ramaswamy win the 2028 US Presidential Election?,Will the Democrats win the 2028 US Presidential Election?,0.2429,0.1,1.0,,,,
e578cddccb941a961f98472028c115bd,561232,565065,rejected,,rejected,eligible,Will Pete Buttigieg win the 2028 US Presidential Election?,Will the Democrats win the 2028 US Presidential Election?,0.2429,0.1,1.0,,,,
381b95b9bdc0ab60b058a8f7fe8133bc,561238,561252,rejected,,rejected,eligible,Will Glenn Youngkin win the 2028 US Presidential Election?,Will Dwayne 'The Rock' Johnson win the 2028 US Presidential Election?,0.2422,0.1,1.0,,,,
f106913f6d05d19511b287de2c2ac1c4,540844,573656,rejected,,rejected,ineligible,Will bitcoin hit $1m before GTA VI?,"Will Bitcoin hit $150k by December 31, 2026?",0.2415,0.8,0.0,,,,
b743524a9765856526ac4d811420a1ea,561250,565065,rejected,,rejected,eligible,Will Elon Musk win the 2028 US Presidential Election?,Will the Democrats win the 2028 US Presidential Election?,0.2414,0.1,1.0,,,,
38155e7ac6731e5aec259ee31b612f51,561264,565065,rejected,,rejected,ineligible,Will Pete Hegseth win the 2028 US Presidential Election?,Will the Democrats win the 2028 US Presidential Election?,0.2411,0.1,1.0,,,,
0a46a3c67826638e3f0bcb5e386c397b,561260,565065,rejected,,rejected,eligible,Will Thomas Massie win the 2028 US Presidential Election?,Will the Democrats win the 2028 US Presidential Election?,0.2411,0.1,1.0,,,,
7f832e4fc75141cbe6bc2a95392c3a69,561233,561252,rejected,,rejected,eligible,Will Josh Shapiro win the 2028 US Presidential Election?,Will Dwayne 'The Rock' Johnson win the 2028 US Presidential Election?,0.2405,0.1,1.0,,,,
a6564be814fd319a922004345bced45d,565064,565065,rejected,,rejected,eligible,Will the Republicans win the 2028 US Presidential Election?,Will the Democrats win the 2028 US Presidential Election?,0.2394,0.1,1.0,,,,
7c1acaa02d0f1f71a4e51f843c1f3135,540818,540820,rejected,,rejected,eligible,New Playboi Carti Album before GTA VI?,Trump out as President before GTA VI?,0.2387,0.06,1.0,,,,
a0ef9131c9f93574165e69c236992ee0,540817,540844,rejected,,rejected,eligible,New Rihanna Album before GTA VI?,Will bitcoin hit $1m before GTA VI?,0.237,0.06,1.0,,,,
13256a36a3f9b9dd3278706997e8868c,561230,561252,rejected,,rejected,eligible,Will Gavin Newsom win the 2028 US Presidential Election?,Will Dwayne 'The Rock' Johnson win the 2028 US Presidential Election?,0.2367,0.1,1.0,,,,
3c339f59ff666afdd8ea9906149a1eb0,561238,565065,rejected,,rejected,eligible,Will Glenn Youngkin win the 2028 US Presidential Election?,Will the Democrats win the 2028 US Presidential Election?,0.2354,0.1,1.0,,,,
2f0acba9f0f6fa8c16d05b347b168757,561253,565065,rejected,,rejected,eligible,Will Tucker Carlson win the 2028 US Presidential Election?,Will the Democrats win the 2028 US Presidential Election?,0.2354,0.1,1.0,,,,
30bdbf11907f27f9fa5d8144464969d8,561249,561252,rejected,,rejected,eligible,Will Greg Abbott win the 2028 US Presidential Election?,Will Dwayne 'The Rock' Johnson win the 2028 US Presidential Election?,0.2354,0.1,1.0,,,,
eff3afd7267974c0dec2d5b346542051,561236,565065,rejected,,rejected,eligible,Will Gretchen Whitmer win the 2028 US Presidential Election?,Will the Democrats win the 2028 US Presidential Election?,0.2343,0.1,1.0,,,,
6a7536dda972f3e6f43a55e64e479b68,561233,565065,rejected,,rejected,eligible,Will Josh Shapiro win the 2028 US Presidential Election?,Will the Democrats win the 2028 US Presidential Election?,0.2338,0.1,1.0,,,,
85617d0a3fd12833ebbfd19f36eb8a84,561262,565065,rejected,,rejected,eligible,Will James Talarico win the 2028 US Presidential Election?,Will the Democrats win the 2028 US Presidential Election?,0.2333,0.1,1.0,,,,
cce6da878f0f5fd8d1c06e2049d0674c,561258,565065,rejected,,rejected,eligible,Will Jamie Dimon win the 2028 US Presidential Election?,Will the Democrats win the 2028 US Presidential Election?,0.2329,0.1,1.0,,,,
08f3aac10db26432a45c16b66e950080,561246,565065,rejected,,rejected,eligible,Will Ron DeSantis win the 2028 US Presidential Election?,Will the Democrats win the 2028 US Presidential Election?,0.2329,0.1,1.0,,,,
e80b71b36763baa9a79edf820d85c933,561229,561252,rejected,,rejected,eligible,Will JD Vance win the 2028 US Presidential Election?,Will Dwayne 'The Rock' Johnson win the 2028 US Presidential Election?,0.2325,0.1,1.0,,,,
a29963c01a2d8bd747b63f22635df33b,561240,561252,rejected,,rejected,eligible,Will Stephen Smith win the 2028 US Presidential Election?,Will Dwayne 'The Rock' Johnson win the 2028 US Presidential Election?,0.2321,0.1,1.0,,,,
66f0f15f9e063cecf07101eb3179ac71,561252,561256,rejected,,rejected,eligible,Will Dwayne 'The Rock' Johnson win the 2028 US Presidential Election?,Will Zohran Mamdani win the 2028 US Presidential Election?,0.2321,0.1,1.0,,,,
15f7aed9d57adc93d40b5fbd2cc1a1ee,561242,561252,rejected,,rejected,eligible,Will Tulsi Gabbard win the 2028 US Presidential Election?,Will Dwayne 'The Rock' Johnson win the 2028 US Presidential Election?,0.23,0.1,1.0,,,,
5a13d948bddde820b36f6b176f42c66a,561229,565065,rejected,,rejected,eligible,Will JD Vance win the 2028 US Presidential Election?,Will the Democrats win the 2028 US Presidential Election?,0.2295,0.1,1.0,,,,
d68a65b2990858769cc835f83b337be6,561240,565065,rejected,,rejected,eligible,Will Stephen Smith win the 2028 US Presidential Election?,Will the Democrats win the 2028 US Presidential Election?,0.2291,0.1,1.0,,,,
952b390ac22b54f8aa0636f70573f86c,561256,565065,rejected,,rejected,eligible,Will Zohran Mamdani win the 2028 US Presidential Election?,Will the Democrats win the 2028 US Presidential Election?,0.2291,0.1,1.0,,,,
de09480270f8bde54b9c400673afde66,561255,565065,rejected,,rejected,eligible,Will Ivanka Trump win the 2028 US Presidential Election?,Will the Democrats win the 2028 US Presidential Election?,0.228,0.1,1.0,,,,
0c6b92b7277bcc75dc61ab8ee3c319cb,561263,565065,rejected,,rejected,ineligible,Will Eric Trump win the 2028 US Presidential Election?,Will the Democrats win the 2028 US Presidential Election?,0.228,0.1,1.0,,,,
2f712e642673ecb9a5e9a9ac4f5ecb82,561243,565065,rejected,,rejected,eligible,Will Donald Trump win the 2028 US Presidential Election?,Will the Democrats win the 2028 US Presidential Election?,0.228,0.1,1.0,,,,
041a070f2522e0085ca5b0f128910ac5,561230,565065,rejected,,rejected,eligible,Will Gavin Newsom win the 2028 US Presidential Election?,Will the Democrats win the 2028 US Presidential Election?,0.2277,0.1,1.0,,,,
77094e2876b43ddac6c2c45ce51c69f4,561247,565065,rejected,,rejected,eligible,Will Tim Walz win the 2028 US Presidential Election?,Will the Democrats win the 2028 US Presidential Election?,0.2274,0.1,1.0,,,,
5523209e676b059e80540211313918fc,561249,565065,rejected,,rejected,eligible,Will Greg Abbott win the 2028 US Presidential Election?,Will the Democrats win the 2028 US Presidential Election?,0.2269,0.1,1.0,,,,
be516ec12277ab08f0637154e1ba5060,561242,565065,rejected,,rejected,eligible,Will Tulsi Gabbard win the 2028 US Presidential Election?,Will the Democrats win the 2028 US Presidential Election?,0.2269,0.1,1.0,,,,
e8af3932bb64f988367dcce26d335be2,561254,565065,rejected,,rejected,ineligible,Will Kim Kardashian win the 2028 US Presidential Election?,Will the Democrats win the 2028 US Presidential Election?,0.2259,0.1,1.0,,,,
e508aab11f8716a1a97c4896885b4a23,561235,565065,rejected,,rejected,eligible,Will Wes Moore win the 2028 US Presidential Election?,Will the Democrats win the 2028 US Presidential Election?,0.2256,0.1,1.0,,,,
a3967f58d5c4d476e90bb80f0245101f,561261,565065,rejected,,rejected,eligible,Will Jon Ossoff win the 2028 US Presidential Election?,Will the Democrats win the 2028 US Presidential Election?,0.2256,0.1,1.0,,,,
388e523392a91d7082c2a2988cf15f16,540817,540881,rejected,,rejected,,New Rihanna Album before GTA VI?,GTA VI released before June 2026?,0.2161,0.425,0.4,,,,
ba978eaf8bffd077f7d8bb88b0a583bb,540820,540881,rejected,,rejected,ineligible,Trump out as President before GTA VI?,GTA VI released before June 2026?,0.2085,0.425,0.4,,,,
5cd795d9710c7e66b2c910ffceff9bfb,540817,540881,rejected,,rejected,ineligible,New Rihanna Album before GTA VI?,GTA VI released before June 2026?,0.197,0.425,0.4,,,,
4896d82fe2e5f62452175f41e65b5a69,540819,540881,rejected,,rejected,,Will Jesus Christ return before GTA VI?,GTA VI released before June 2026?,0.1588,0.15,0.4,,,,
4e48362725756304216e7c9ddbbe1b8d,540818,540881,rejected,,rejected,,New Playboi Carti Album before GTA VI?,GTA VI released before June 2026?,0.1557,0.15,0.4,,,,
6f638068bffeb3ba21f869fa687df58e,540819,540881,rejected,,rejected,ineligible,Will Jesus Christ return before GTA VI?,GTA VI released before June 2026?,0.1535,0.15,0.4,,,,
9446e1cc43b82f8b8868f5f3b9136fe6,540818,540881,rejected,,rejected,ineligible,New Playboi Carti Album before GTA VI?,GTA VI released before June 2026?,0.15,0.15,0.4,,,,
907a0b689888f9ce8df9e4ac0efdc69e,540844,540881,rejected,,rejected,,Will bitcoin hit $1m before GTA VI?,GTA VI released before June 2026?,0.1467,0.15,0.4,,,,
2452c1428ede53f2477f945baf111d3f,540844,540881,rejected,,rejected,ineligible,Will bitcoin hit $1m before GTA VI?,GTA VI released before June 2026?,0.1396,0.15,0.4,,,,
b884d3af9ad68421c0febba9b78dcbec,540820,561243,rejected,,rejected,eligible,Trump out as President before GTA VI?,Will Donald Trump win the 2028 US Presidential Election?,0.1078,0.41,0.0,,,,
32105d86982c449ff05e7b5b07f263ea,540820,561973,rejected,,rejected,eligible,Trump out as President before GTA VI?,Will Donald Trump win the 2028 Republican presidential nomination?,0.1022,0.4,0.0,,,,
