space_id,space_name,domain,space_attribution_status,strategy_families_available,market_count,relationship_count,strict_relationship_count,exploratory_relationship_count,diagnostic_only_relationship_count,price_history_coverage_pct,aligned_tick_count,gross_violation_count,net_violation_count,accepted_trade_count,raw_fill_count,unique_violation_window_count,independent_violation_windows,distinct_relationships_traded,distinct_bundles_traded,simulated_pnl,average_trade_return_pct,median_trade_return_pct,total_trade_cost,total_return_pct,max_drawdown,total_slippage,avg_edge,median_edge,best_edge,worst_trade_pnl,best_trade_pnl,primary_blocker,secondary_blocker,suspicious_flag_count,accepted_trade_suspicious_flag_count,completeness_status,known_total_candidates,dominant_relationship_share_of_pnl,space_grade,recommended_next_action,dominant_trade_share_of_pnl,gross_opportunity_rows,integrity_warning,net_opportunity_rows,raw_replay_fills
07d506e253374f263e904d383a58bb1e,07d506e253374f263e904d383a58bb1e,,synthetic_or_missing,,0,0,0,0,3566,0.0,0,3597,3586,0,0,0,0,0,0,0.0,0.0,0.0,0.0,0.0,0.0,0.0,0.0,0.0,0.8005,0.0,0.0,economic_or_replay,,0,0,unknown,,0.0,B_PROMISING_GATE_BLOCKED,Run looser economic/replay preset (exploratory_trade_surface) on this space.,0.0,3597,,3586,0
089caf0e270e445bb06e54a63b74917d,089caf0e270e445bb06e54a63b74917d,,synthetic_or_missing,,0,0,0,0,0,0.0,0,58,48,0,0,0,0,0,0,0.0,0.0,0.0,0.0,0.0,0.0,0.0,0.0,0.0,0.025,0.0,0.0,economic_or_replay,,0,0,unknown,,0.0,B_PROMISING_GATE_BLOCKED,Run looser economic/replay preset (exploratory_trade_surface) on this space.,0.0,58,,48,0
09710712af37ce0f20f1be516ee57b73,09710712af37ce0f20f1be516ee57b73,,synthetic_or_missing,,0,0,0,0,3422,0.0,0,3538,3442,0,0,0,0,0,0,0.0,0.0,0.0,0.0,0.0,0.0,0.0,0.0,0.0,0.755,0.0,0.0,economic_or_replay,,0,0,unknown,,0.0,B_PROMISING_GATE_BLOCKED,Run looser economic/replay preset (exploratory_trade_surface) on this space.,0.0,3538,,3442,0
09d1c47f43ec1bb0f703ddcd94373d2d,09d1c47f43ec1bb0f703ddcd94373d2d,,synthetic_or_missing,,0,0,0,0,3602,0.0,0,3632,3621,0,0,0,0,0,0,0.0,0.0,0.0,0.0,0.0,0.0,0.0,0.0,0.0,0.7085,0.0,0.0,economic_or_replay,,0,0,unknown,,0.0,B_PROMISING_GATE_BLOCKED,Run looser economic/replay preset (exploratory_trade_surface) on this space.,0.0,3632,,3621,0
0b6d07e1b4fc8bf6607e55ee1f49d88c,0b6d07e1b4fc8bf6607e55ee1f49d88c,,synthetic_or_missing,,0,0,0,0,125,0.0,0,264,145,0,0,0,0,0,0,0.0,0.0,0.0,0.0,0.0,0.0,0.0,0.0,0.0,0.085,0.0,0.0,economic_or_replay,,0,0,unknown,,0.0,B_PROMISING_GATE_BLOCKED,Run looser economic/replay preset (exploratory_trade_surface) on this space.,0.0,264,,145,0
0dae4c7ee55662a5291baa962c3b7601,0dae4c7ee55662a5291baa962c3b7601,,synthetic_or_missing,,0,0,0,0,3416,0.0,0,3644,3416,0,0,0,0,0,0,0.0,0.0,0.0,0.0,0.0,0.0,0.0,0.0,0.0,0.745,0.0,0.0,economic_or_replay,,0,0,unknown,,0.0,B_PROMISING_GATE_BLOCKED,Run looser economic/replay preset (exploratory_trade_surface) on this space.,0.0,3644,,3416,0
0e69f68f13a7e9e9ff06741e7b2da41d,0e69f68f13a7e9e9ff06741e7b2da41d,,synthetic_or_missing,,0,0,0,0,3861,0.0,0,3861,3861,0,0,0,0,0,0,0.0,0.0,0.0,0.0,0.0,0.0,0.0,0.0,0.0,0.865,0.0,0.0,economic_or_replay,,0,0,unknown,,0.0,B_PROMISING_GATE_BLOCKED,Run looser economic/replay preset (exploratory_trade_surface) on this space.,0.0,3861,,3861,0
0e7c37808cfd2f32e5291426bc4dc812,0e7c37808cfd2f32e5291426bc4dc812,,synthetic_or_missing,,0,0,0,0,3501,0.0,0,3586,3501,0,0,0,0,0,0,0.0,0.0,0.0,0.0,0.0,0.0,0.0,0.0,0.0,0.5605,0.0,0.0,economic_or_replay,,0,0,unknown,,0.0,B_PROMISING_GATE_BLOCKED,Run looser economic/replay preset (exploratory_trade_surface) on this space.,0.0,3586,,3501,0
0e8631d60f527c74720931a440120cc7,0e8631d60f527c74720931a440120cc7,,synthetic_or_missing,,0,0,0,0,3621,0.0,0,3621,3621,0,0,0,0,0,0,0.0,0.0,0.0,0.0,0.0,0.0,0.0,0.0,0.0,0.635,0.0,0.0,economic_or_replay,,0,0,unknown,,0.0,B_PROMISING_GATE_BLOCKED,Run looser economic/replay preset (exploratory_trade_surface) on this space.,0.0,3621,,3621,0
0f1659e7a4a9343185d77ce9d62fc80b,0f1659e7a4a9343185d77ce9d62fc80b,,synthetic_or_missing,,0,0,0,0,605,0.0,0,732,625,0,0,0,0,0,0,0.0,0.0,0.0,0.0,0.0,0.0,0.0,0.0,0.0,0.18,0.0,0.0,economic_or_replay,,0,0,unknown,,0.0,B_PROMISING_GATE_BLOCKED,Run looser economic/replay preset (exploratory_trade_surface) on this space.,0.0,732,,625,0
0fc8b118d25cd06786dde98a9868ffd0,0fc8b118d25cd06786dde98a9868ffd0,,synthetic_or_missing,,0,0,0,0,3536,0.0,0,3572,3536,0,0,0,0,0,0,0.0,0.0,0.0,0.0,0.0,0.0,0.0,0.0,0.0,0.83,0.0,0.0,economic_or_replay,,0,0,unknown,,0.0,B_PROMISING_GATE_BLOCKED,Run looser economic/replay preset (exploratory_trade_surface) on this space.,0.0,3572,,3536,0
1303f6a7de164326ab7c0b8ecde5a186,1303f6a7de164326ab7c0b8ecde5a186,,synthetic_or_missing,,0,0,0,0,3920,0.0,0,3991,3920,0,0,0,0,0,0,0.0,0.0,0.0,0.0,0.0,0.0,0.0,0.0,0.0,0.705,0.0,0.0,economic_or_replay,,0,0,unknown,,0.0,B_PROMISING_GATE_BLOCKED,Run looser economic/replay preset (exploratory_trade_surface) on this space.,0.0,3991,,3920,0
164d4e28d713de23f133b38aafd460ca,164d4e28d713de23f133b38aafd460ca,,synthetic_or_missing,,0,0,0,0,4029,0.0,0,4053,4029,0,0,0,0,0,0,0.0,0.0,0.0,0.0,0.0,0.0,0.0,0.0,0.0,0.745,0.0,0.0,economic_or_replay,,0,0,unknown,,0.0,B_PROMISING_GATE_BLOCKED,Run looser economic/replay preset (exploratory_trade_surface) on this space.,0.0,4053,,4029,0
168bbfbb9860c4778688598c0a786afd,168bbfbb9860c4778688598c0a786afd,,synthetic_or_missing,,0,0,0,0,74,0.0,0,512,94,0,0,0,0,0,0,0.0,0.0,0.0,0.0,0.0,0.0,0.0,0.0,0.0,0.03,0.0,0.0,economic_or_replay,,0,0,unknown,,0.0,B_PROMISING_GATE_BLOCKED,Run looser economic/replay preset (exploratory_trade_surface) on this space.,0.0,512,,94,0
1834f6d8a0006738da37beb0d38cc163,1834f6d8a0006738da37beb0d38cc163,,synthetic_or_missing,,0,0,0,0,3455,0.0,0,3550,3455,0,0,0,0,0,0,0.0,0.0,0.0,0.0,0.0,0.0,0.0,0.0,0.0,0.8505,0.0,0.0,economic_or_replay,,0,0,unknown,,0.0,B_PROMISING_GATE_BLOCKED,Run looser economic/replay preset (exploratory_trade_surface) on this space.,0.0,3550,,3455,0
193a30b9adabf644d50f0bd30d6963ee,193a30b9adabf644d50f0bd30d6963ee,,synthetic_or_missing,,0,0,0,0,3597,0.0,0,1563,1527,0,0,0,0,0,0,0.0,0.0,0.0,0.0,0.0,0.0,0.0,0.0,0.0,0.553,0.0,0.0,economic_or_replay,,0,0,unknown,,0.0,B_PROMISING_GATE_BLOCKED,Run looser economic/replay preset (exploratory_trade_surface) on this space.,0.0,1563,,1527,0
2020_us_presidential_election_candidate_winner,2020_us_presidential_election_candidate_winner,,outcome_space,pairwise_mutual_exclusion,0,6,0,0,0,0.0,0,0,0,0,0,0,0,0,0,0.0,0.0,0.0,0.0,0.0,0.0,0.0,0.0,0.0,0.0,0.0,0.0,,,0,0,unknown,,0.0,C_INFRASTRUCTURE_BLOCKED,"Backfill price history for markets in this space, then run alignment and a backtest.",0.0,0,,0,0
2022_republicans_presidential_nomination,2022_republicans_presidential_nomination,,outcome_space,pairwise_mutual_exclusion,0,1,0,0,0,0.0,0,0,0,0,0,0,0,0,0,0.0,0.0,0.0,0.0,0.0,0.0,0.0,0.0,0.0,0.0,0.0,0.0,,,0,0,unknown,,0.0,C_INFRASTRUCTURE_BLOCKED,"Backfill price history for markets in this space, then run alignment and a backtest.",0.0,0,,0,0
2022_us_presidential_election_candidate_winner,2022_us_presidential_election_candidate_winner,,outcome_space,pairwise_mutual_exclusion,0,1,0,0,0,0.0,0,0,0,0,0,0,0,0,0,0.0,0.0,0.0,0.0,0.0,0.0,0.0,0.0,0.0,0.0,0.0,0.0,,,0,0,unknown,,0.0,C_INFRASTRUCTURE_BLOCKED,"Backfill price history for markets in this space, then run alignment and a backtest.",0.0,0,,0,0
2025_us_presidential_election_candidate_winner,2025_us_presidential_election_candidate_winner,,outcome_space,pairwise_mutual_exclusion,0,66,0,0,0,0.0,0,0,0,0,0,0,0,0,0,0.0,0.0,0.0,0.0,0.0,0.0,0.0,0.0,0.0,0.0,0.0,0.0,,,0,0,unknown,,0.0,C_INFRASTRUCTURE_BLOCKED,"Backfill price history for markets in this space, then run alignment and a backtest.",0.0,0,,0,0
2026_colombian_presidential_election_candidate_winner,2026_colombian_presidential_election_candidate_winner,,outcome_space,none;pairwise_mutual_exclusion,0,235,0,0,5,1.0,0,0,0,0,0,0,0,0,0,0.0,0.0,0.0,0.0,0.0,0.0,0.0,0.0,0.0,0.0,0.0,0.0,,,0,0,unknown,,0.0,E_INVALID_OR_AUDIT_RISK,Repair taxonomy/templates — space is dominated by diagnostic-only relationships.,0.0,0,,0,0
2026_colombian_presidential_election_first_round,2026_colombian_presidential_election_first_round,,outcome_space,none;pairwise_mutual_exclusion,0,317,0,0,139,1.0,0,0,0,0,0,0,0,0,0,0.0,0.0,0.0,0.0,0.0,0.0,0.0,0.0,0.0,0.0,0.0,0.0,,,0,0,unknown,,0.0,E_INVALID_OR_AUDIT_RISK,Repair taxonomy/templates — space is dominated by diagnostic-only relationships.,0.0,0,,0,0
2026_korea_dp_win_the_2026_south_korean_local_elections_presidential_election_party_winner,2026_korea_dp_win_the_2026_south_korean_local_elections_presidential_election_party_winner,,outcome_space,none,0,3,0,0,3,1.0,0,0,0,0,0,0,0,0,0,0.0,0.0,0.0,0.0,0.0,0.0,0.0,0.0,0.0,0.0,0.0,0.0,,,0,0,unknown,,0.0,E_INVALID_OR_AUDIT_RISK,Repair taxonomy/templates — space is dominated by diagnostic-only relationships.,0.0,0,,0,0
2026_local_government_elections_in_the_2026_taiwan_local_elections_presidential_election,2026_local_government_elections_in_the_2026_taiwan_local_elections_presidential_election,,outcome_space,none,0,2,0,0,0,1.0,0,0,0,0,0,0,0,0,0,0.0,0.0,0.0,0.0,0.0,0.0,0.0,0.0,0.0,0.0,0.0,0.0,,,0,0,unknown,,0.0,D_VALID_BUT_STRATEGICALLY_WEAK,Low priority — relationships exist and have price coverage but no signal observed.,0.0,0,,0,0
2026_local_government_elections_in_the_2026_taiwan_local_elections_presidential_election_candidate_winner,2026_local_government_elections_in_the_2026_taiwan_local_elections_presidential_election_candidate_winner,,outcome_space,pairwise_mutual_exclusion,0,2,0,0,0,1.0,0,0,0,0,0,0,0,0,0,0.0,0.0,0.0,0.0,0.0,0.0,0.0,0.0,0.0,0.0,0.0,0.0,,,0,0,unknown,,0.0,D_VALID_BUT_STRATEGICALLY_WEAK,Low priority — relationships exist and have price coverage but no signal observed.,0.0,0,,0,0
2026_nhl_stanley_cup,2026_nhl_stanley_cup,,outcome_space,pairwise_mutual_exclusion,0,28,0,0,0,1.0,0,0,0,0,0,0,0,0,0,0.0,0.0,0.0,0.0,0.0,0.0,0.0,0.0,0.0,0.0,0.0,0.0,,,0,0,unknown,,0.0,D_VALID_BUT_STRATEGICALLY_WEAK,Low priority — relationships exist and have price coverage but no signal observed.,0.0,0,,0,0
2026_us_presidential_election_candidate_winner,2026_us_presidential_election_candidate_winner,,outcome_space,pairwise_mutual_exclusion,0,272,0,0,0,1.0,0,0,0,0,0,0,0,0,0,0.0,0.0,0.0,0.0,0.0,0.0,0.0,0.0,0.0,0.0,0.0,0.0,,,0,0,unknown,,0.0,D_VALID_BUT_STRATEGICALLY_WEAK,Low priority — relationships exist and have price coverage but no signal observed.,0.0,0,,0,0
2026_will_aaron_ford_win_the_2026_nevada_governor_democratic_primary_election_presidential_election_candidate_winner,2026_will_aaron_ford_win_the_2026_nevada_governor_democratic_primary_election_presidential_election_candidate_winner,,outcome_space,none,0,1,0,0,1,1.0,0,0,0,0,0,0,0,0,0,0.0,0.0,0.0,0.0,0.0,0.0,0.0,0.0,0.0,0.0,0.0,0.0,,,0,0,unknown,,0.0,E_INVALID_OR_AUDIT_RISK,Repair taxonomy/templates — space is dominated by diagnostic-only relationships.,0.0,0,,0,0
2026_will_adam_crum_win_the_2026_alaska_governor_election_presidential_election_candidate_winner,2026_will_adam_crum_win_the_2026_alaska_governor_election_presidential_election_candidate_winner,,outcome_space,none,0,48,0,0,48,1.0,0,0,0,0,0,0,0,0,0,0.0,0.0,0.0,0.0,0.0,0.0,0.0,0.0,0.0,0.0,0.0,0.0,,,0,0,unknown,,0.0,E_INVALID_OR_AUDIT_RISK,Repair taxonomy/templates — space is dominated by diagnostic-only relationships.,0.0,0,,0,0
2026_will_adam_miller_win_the_2026_los_angeles_mayoral_election_presidential_election_candidate_winner,2026_will_adam_miller_win_the_2026_los_angeles_mayoral_election_presidential_election_candidate_winner,,outcome_space,none,0,35,0,0,35,1.0,0,0,0,0,0,0,0,0,0,0.0,0.0,0.0,0.0,0.0,0.0,0.0,0.0,0.0,0.0,0.0,0.0,,,0,0,unknown,,0.0,E_INVALID_OR_AUDIT_RISK,Repair taxonomy/templates — space is dominated by diagnostic-only relationships.,0.0,0,,0,0
2026_will_afd_win_the_most_seats_in_the_2026_berlin_state_elections_presidential_election_candidate_winner,2026_will_afd_win_the_most_seats_in_the_2026_berlin_state_elections_presidential_election_candidate_winner,,outcome_space,none,0,6,0,0,6,1.0,0,0,0,0,0,0,0,0,0,0.0,0.0,0.0,0.0,0.0,0.0,0.0,0.0,0.0,0.0,0.0,0.0,,,0,0,unknown,,0.0,E_INVALID_OR_AUDIT_RISK,Repair taxonomy/templates — space is dominated by diagnostic-only relationships.,0.0,0,,0,0
2026_will_ahn_cheol_soo_win_the_2026_gyeonggi_province_gubernatorial_election_presidential_election_candidate_winner,2026_will_ahn_cheol_soo_win_the_2026_gyeonggi_province_gubernatorial_election_presidential_election_candidate_winner,,outcome_space,none,0,21,0,0,21,1.0,0,0,0,0,0,0,0,0,0,0.0,0.0,0.0,0.0,0.0,0.0,0.0,0.0,0.0,0.0,0.0,0.0,,,0,0,unknown,,0.0,E_INVALID_OR_AUDIT_RISK,Repair taxonomy/templates — space is dominated by diagnostic-only relationships.,0.0,0,,0,0
2026_will_ahn_cheol_soo_win_the_2026_seoul_mayoral_election_presidential_election_candidate_winner,2026_will_ahn_cheol_soo_win_the_2026_seoul_mayoral_election_presidential_election_candidate_winner,,outcome_space,none,0,31,0,0,31,1.0,0,0,0,0,0,0,0,0,0,0.0,0.0,0.0,0.0,0.0,0.0,0.0,0.0,0.0,0.0,0.0,0.0,,,0,0,unknown,,0.0,E_INVALID_OR_AUDIT_RISK,Repair taxonomy/templates — space is dominated by diagnostic-only relationships.,0.0,0,,0,0
2026_will_alex_padilla_win_the_california_governor_election_in_2026_presidential_election_candidate_winner,2026_will_alex_padilla_win_the_california_governor_election_in_2026_presidential_election_candidate_winner,,outcome_space,none,0,21,0,0,21,1.0,0,0,0,0,0,0,0,0,0,0.0,0.0,0.0,0.0,0.0,0.0,0.0,0.0,0.0,0.0,0.0,0.0,,,0,0,unknown,,0.0,E_INVALID_OR_AUDIT_RISK,Repair taxonomy/templates — space is dominated by diagnostic-only relationships.,0.0,0,,0,0
2026_will_andy_biggs_win_the_2026_arizona_governor_republican_primary_election_presidential_election_candidate_winner,2026_will_andy_biggs_win_the_2026_arizona_governor_republican_primary_election_presidential_election_candidate_winner,,outcome_space,none,0,2,0,0,2,1.0,0,0,0,0,0,0,0,0,0,0.0,0.0,0.0,0.0,0.0,0.0,0.0,0.0,0.0,0.0,0.0,0.0,,,0,0,unknown,,0.0,E_INVALID_OR_AUDIT_RISK,Repair taxonomy/templates — space is dominated by diagnostic-only relationships.,0.0,0,,0,0
2026_will_antonio_villaraigosa_win_the_california_governor_election_in_2026_presidential_election_candidate_winner,2026_will_antonio_villaraigosa_win_the_california_governor_election_in_2026_presidential_election_candidate_winner,,outcome_space,none,0,19,0,0,19,1.0,0,0,0,0,0,0,0,0,0,0.0,0.0,0.0,0.0,0.0,0.0,0.0,0.0,0.0,0.0,0.0,0.0,,,0,0,unknown,,0.0,E_INVALID_OR_AUDIT_RISK,Repair taxonomy/templates — space is dominated by diagnostic-only relationships.,0.0,0,,0,0
2026_will_arya_azma_win_the_2026_oklahoma_governor_democratic_primary_election_presidential_election_candidate_winner,2026_will_arya_azma_win_the_2026_oklahoma_governor_democratic_primary_election_presidential_election_candidate_winner,,outcome_space,none,0,1,0,0,1,1.0,0,0,0,0,0,0,0,0,0,0.0,0.0,0.0,0.0,0.0,0.0,0.0,0.0,0.0,0.0,0.0,0.0,,,0,0,unknown,,0.0,E_INVALID_OR_AUDIT_RISK,Repair taxonomy/templates — space is dominated by diagnostic-only relationships.,0.0,0,,0,0
2026_will_asaad_alnajjar_win_the_2026_los_angeles_mayoral_election_presidential_election_candidate_winner,2026_will_asaad_alnajjar_win_the_2026_los_angeles_mayoral_election_presidential_election_candidate_winner,,outcome_space,none,0,43,0,0,43,1.0,0,0,0,0,0,0,0,0,0,0.0,0.0,0.0,0.0,0.0,0.0,0.0,0.0,0.0,0.0,0.0,0.0,,,0,0,unknown,,0.0,E_INVALID_OR_AUDIT_RISK,Repair taxonomy/templates — space is dominated by diagnostic-only relationships.,0.0,0,,0,0
2026_will_austin_beutner_win_the_2026_los_angeles_mayoral_election_presidential_election_candidate_winner,2026_will_austin_beutner_win_the_2026_los_angeles_mayoral_election_presidential_election_candidate_winner,,outcome_space,none,0,40,0,0,40,1.0,0,0,0,0,0,0,0,0,0,0.0,0.0,0.0,0.0,0.0,0.0,0.0,0.0,0.0,0.0,0.0,0.0,,,0,0,unknown,,0.0,E_INVALID_OR_AUDIT_RISK,Repair taxonomy/templates — space is dominated by diagnostic-only relationships.,0.0,0,,0,0
2026_will_bae_june_young_win_the_2026_incheon_mayoral_election_presidential_election_candidate_winner,2026_will_bae_june_young_win_the_2026_incheon_mayoral_election_presidential_election_candidate_winner,,outcome_space,none,0,6,0,0,6,1.0,0,0,0,0,0,0,0,0,0,0.0,0.0,0.0,0.0,0.0,0.0,0.0,0.0,0.0,0.0,0.0,0.0,,,0,0,unknown,,0.0,E_INVALID_OR_AUDIT_RISK,Repair taxonomy/templates — space is dominated by diagnostic-only relationships.,0.0,0,,0,0
2026_will_barbara_kirkmeyer_win_the_2026_colorado_governor_republican_primary_election_presidential_election_candidate_winner,2026_will_barbara_kirkmeyer_win_the_2026_colorado_governor_republican_primary_election_presidential_election_candidate_winner,,outcome_space,none,0,10,0,0,10,1.0,0,0,0,0,0,0,0,0,0,0.0,0.0,0.0,0.0,0.0,0.0,0.0,0.0,0.0,0.0,0.0,0.0,,,0,0,unknown,,0.0,E_INVALID_OR_AUDIT_RISK,Repair taxonomy/templates — space is dominated by diagnostic-only relationships.,0.0,0,,0,0
2026_will_belinda_robertson_win_the_2026_new_mexico_governor_republican_primary_election_presidential_election_candidate_winner,2026_will_belinda_robertson_win_the_2026_new_mexico_governor_republican_primary_election_presidential_election_candidate_winner,,outcome_space,none,0,6,0,0,6,1.0,0,0,0,0,0,0,0,0,0,0.0,0.0,0.0,0.0,0.0,0.0,0.0,0.0,0.0,0.0,0.0,0.0,,,0,0,unknown,,0.0,E_INVALID_OR_AUDIT_RISK,Repair taxonomy/templates — space is dominated by diagnostic-only relationships.,0.0,0,,0,0
2026_will_bernadette_wilson_win_the_2026_alaska_governor_election_presidential_election_candidate_winner,2026_will_bernadette_wilson_win_the_2026_alaska_governor_election_presidential_election_candidate_winner,,outcome_space,none,0,41,0,0,41,1.0,0,0,0,0,0,0,0,0,0,0.0,0.0,0.0,0.0,0.0,0.0,0.0,0.0,0.0,0.0,0.0,0.0,,,0,0,unknown,,0.0,E_INVALID_OR_AUDIT_RISK,Repair taxonomy/templates — space is dominated by diagnostic-only relationships.,0.0,0,,0,0
2026_will_betsy_mccaughey_win_the_2026_connecticut_governor_republican_primary_election_presidential_election_candidate_winner,2026_will_betsy_mccaughey_win_the_2026_connecticut_governor_republican_primary_election_presidential_election_candidate_winner,,outcome_space,none,0,1,0,0,1,1.0,0,0,0,0,0,0,0,0,0,0.0,0.0,0.0,0.0,0.0,0.0,0.0,0.0,0.0,0.0,0.0,0.0,,,0,0,unknown,,0.0,E_INVALID_OR_AUDIT_RISK,Repair taxonomy/templates — space is dominated by diagnostic-only relationships.,0.0,0,,0,0
2026_will_betsy_mccaughey_win_the_2026_new_york_governor_republican_primary_election_presidential_election_candidate_winner,2026_will_betsy_mccaughey_win_the_2026_new_york_governor_republican_primary_election_presidential_election_candidate_winner,,outcome_space,none,0,2,0,0,2,1.0,0,0,0,0,0,0,0,0,0,0.0,0.0,0.0,0.0,0.0,0.0,0.0,0.0,0.0,0.0,0.0,0.0,,,0,0,unknown,,0.0,E_INVALID_OR_AUDIT_RISK,Repair taxonomy/templates — space is dominated by diagnostic-only relationships.,0.0,0,,0,0
2026_will_betty_yee_win_the_california_governor_election_in_2026_presidential_election_candidate_winner,2026_will_betty_yee_win_the_california_governor_election_in_2026_presidential_election_candidate_winner,,outcome_space,none,0,14,0,0,14,1.0,0,0,0,0,0,0,0,0,0,0.0,0.0,0.0,0.0,0.0,0.0,0.0,0.0,0.0,0.0,0.0,0.0,,,0,0,unknown,,0.0,E_INVALID_OR_AUDIT_RISK,Repair taxonomy/templates — space is dominated by diagnostic-only relationships.,0.0,0,,0,0
2026_will_bob_brinkerhoff_win_the_2026_colorado_governor_republican_primary_election_presidential_election_candidate_winner,2026_will_bob_brinkerhoff_win_the_2026_colorado_governor_republican_primary_election_presidential_election_candidate_winner,,outcome_space,none,0,2,0,0,2,1.0,0,0,0,0,0,0,0,0,0,0.0,0.0,0.0,0.0,0.0,0.0,0.0,0.0,0.0,0.0,0.0,0.0,,,0,0,unknown,,0.0,E_INVALID_OR_AUDIT_RISK,Repair taxonomy/templates — space is dominated by diagnostic-only relationships.,0.0,0,,0,0
2026_will_brad_raffensperger_win_the_2026_georgia_governor_republican_primary_election_presidential_election_candidate_winner,2026_will_brad_raffensperger_win_the_2026_georgia_governor_republican_primary_election_presidential_election_candidate_winner,,outcome_space,none,0,4,0,0,4,1.0,0,0,0,0,0,0,0,0,0,0.0,0.0,0.0,0.0,0.0,0.0,0.0,0.0,0.0,0.0,0.0,0.0,,,0,0,unknown,,0.0,E_INVALID_OR_AUDIT_RISK,Repair taxonomy/templates — space is dominated by diagnostic-only relationships.,0.0,0,,0,0
2026_will_brian_cillessen_win_the_2026_new_mexico_governor_republican_primary_election_presidential_election_candidate_winner,2026_will_brian_cillessen_win_the_2026_new_mexico_governor_republican_primary_election_presidential_election_candidate_winner,,outcome_space,none,0,7,0,0,7,1.0,0,0,0,0,0,0,0,0,0,0.0,0.0,0.0,0.0,0.0,0.0,0.0,0.0,0.0,0.0,0.0,0.0,,,0,0,unknown,,0.0,E_INVALID_OR_AUDIT_RISK,Repair taxonomy/templates — space is dominated by diagnostic-only relationships.,0.0,0,,0,0
2026_will_bruce_walden_win_the_2026_alaska_governor_election_presidential_election_candidate_winner,2026_will_bruce_walden_win_the_2026_alaska_governor_election_presidential_election_candidate_winner,,outcome_space,none,0,35,0,0,35,1.0,0,0,0,0,0,0,0,0,0,0.0,0.0,0.0,0.0,0.0,0.0,0.0,0.0,0.0,0.0,0.0,0.0,,,0,0,unknown,,0.0,E_INVALID_OR_AUDIT_RISK,Repair taxonomy/templates — space is dominated by diagnostic-only relationships.,0.0,0,,0,0
2026_will_brycen_garrison_win_the_2026_colorado_governor_republican_primary_election_presidential_election_candidate_winner,2026_will_brycen_garrison_win_the_2026_colorado_governor_republican_primary_election_presidential_election_candidate_winner,,outcome_space,none,0,3,0,0,3,1.0,0,0,0,0,0,0,0,0,0,0.0,0.0,0.0,0.0,0.0,0.0,0.0,0.0,0.0,0.0,0.0,0.0,,,0,0,unknown,,0.0,E_INVALID_OR_AUDIT_RISK,Repair taxonomy/templates — space is dominated by diagnostic-only relationships.,0.0,0,,0,0
2026_will_burt_jones_win_the_2026_georgia_governor_republican_primary_election_presidential_election_candidate_winner,2026_will_burt_jones_win_the_2026_georgia_governor_republican_primary_election_presidential_election_candidate_winner,,outcome_space,none,0,5,0,0,5,1.0,0,0,0,0,0,0,0,0,0,0.0,0.0,0.0,0.0,0.0,0.0,0.0,0.0,0.0,0.0,0.0,0.0,,,0,0,unknown,,0.0,E_INVALID_OR_AUDIT_RISK,Repair taxonomy/templates — space is dominated by diagnostic-only relationships.,0.0,0,,0,0
2026_will_butch_ware_win_the_california_governor_election_in_2026_presidential_election_candidate_winner,2026_will_butch_ware_win_the_california_governor_election_in_2026_presidential_election_candidate_winner,,outcome_space,none,0,15,0,0,15,1.0,0,0,0,0,0,0,0,0,0,0.0,0.0,0.0,0.0,0.0,0.0,0.0,0.0,0.0,0.0,0.0,0.0,,,0,0,unknown,,0.0,E_INVALID_OR_AUDIT_RISK,Repair taxonomy/templates — space is dominated by diagnostic-only relationships.,0.0,0,,0,0
2026_will_caleb_kintz_win_the_2026_oregon_governor_republican_primary_election_presidential_election_candidate_winner,2026_will_caleb_kintz_win_the_2026_oregon_governor_republican_primary_election_presidential_election_candidate_winner,,outcome_space,none,0,2,0,0,2,1.0,0,0,0,0,0,0,0,0,0,0.0,0.0,0.0,0.0,0.0,0.0,0.0,0.0,0.0,0.0,0.0,0.0,,,0,0,unknown,,0.0,E_INVALID_OR_AUDIT_RISK,Repair taxonomy/templates — space is dominated by diagnostic-only relationships.,0.0,0,,0,0
2026_will_cdu_win_the_most_seats_in_the_2026_berlin_state_elections_presidential_election_candidate_winner,2026_will_cdu_win_the_most_seats_in_the_2026_berlin_state_elections_presidential_election_candidate_winner,,outcome_space,none,0,7,0,0,7,1.0,0,0,0,0,0,0,0,0,0,0.0,0.0,0.0,0.0,0.0,0.0,0.0,0.0,0.0,0.0,0.0,0.0,,,0,0,unknown,,0.0,E_INVALID_OR_AUDIT_RISK,Repair taxonomy/templates — space is dominated by diagnostic-only relationships.,0.0,0,,0,0
2026_will_chad_bianco_win_the_california_governor_election_in_2026_presidential_election_candidate_winner,2026_will_chad_bianco_win_the_california_governor_election_in_2026_presidential_election_candidate_winner,,outcome_space,none,0,11,0,0,11,1.0,0,0,0,0,0,0,0,0,0,0.0,0.0,0.0,0.0,0.0,0.0,0.0,0.0,0.0,0.0,0.0,0.0,,,0,0,unknown,,0.0,E_INVALID_OR_AUDIT_RISK,Repair taxonomy/templates — space is dominated by diagnostic-only relationships.,0.0,0,,0,0
2026_will_chael_sonnen_win_the_2026_oregon_governor_republican_primary_election_presidential_election_candidate_winner,2026_will_chael_sonnen_win_the_2026_oregon_governor_republican_primary_election_presidential_election_candidate_winner,,outcome_space,none,0,5,0,0,5,1.0,0,0,0,0,0,0,0,0,0,0.0,0.0,0.0,0.0,0.0,0.0,0.0,0.0,0.0,0.0,0.0,0.0,,,0,0,unknown,,0.0,E_INVALID_OR_AUDIT_RISK,Repair taxonomy/templates — space is dominated by diagnostic-only relationships.,0.0,0,,0,0
2026_will_charles_mccall_win_the_2026_oklahoma_governor_republican_primary_election_presidential_election_candidate_winner,2026_will_charles_mccall_win_the_2026_oklahoma_governor_republican_primary_election_presidential_election_candidate_winner,,outcome_space,none,0,3,0,0,3,1.0,0,0,0,0,0,0,0,0,0,0.0,0.0,0.0,0.0,0.0,0.0,0.0,0.0,0.0,0.0,0.0,0.0,,,0,0,unknown,,0.0,E_INVALID_OR_AUDIT_RISK,Repair taxonomy/templates — space is dominated by diagnostic-only relationships.,0.0,0,,0,0
2026_will_chip_keating_win_the_2026_oklahoma_governor_republican_primary_election_presidential_election_candidate_winner,2026_will_chip_keating_win_the_2026_oklahoma_governor_republican_primary_election_presidential_election_candidate_winner,,outcome_space,none,0,6,0,0,6,1.0,0,0,0,0,0,0,0,0,0,0.0,0.0,0.0,0.0,0.0,0.0,0.0,0.0,0.0,0.0,0.0,0.0,,,0,0,unknown,,0.0,E_INVALID_OR_AUDIT_RISK,Repair taxonomy/templates — space is dominated by diagnostic-only relationships.,0.0,0,,0,0
2026_will_cho_eun_hee_win_the_2026_seoul_mayoral_election_presidential_election_candidate_winner,2026_will_cho_eun_hee_win_the_2026_seoul_mayoral_election_presidential_election_candidate_winner,,outcome_space,none,0,32,0,0,32,1.0,0,0,0,0,0,0,0,0,0,0.0,0.0,0.0,0.0,0.0,0.0,0.0,0.0,0.0,0.0,0.0,0.0,,,0,0,unknown,,0.0,E_INVALID_OR_AUDIT_RISK,Repair taxonomy/templates — space is dominated by diagnostic-only relationships.,0.0,0,,0,0
2026_will_cho_eung_chun_win_the_2026_gyeonggi_province_gubernatorial_election_presidential_election_candidate_winner,2026_will_cho_eung_chun_win_the_2026_gyeonggi_province_gubernatorial_election_presidential_election_candidate_winner,,outcome_space,none,0,19,0,0,19,1.0,0,0,0,0,0,0,0,0,0,0.0,0.0,0.0,0.0,0.0,0.0,0.0,0.0,0.0,0.0,0.0,0.0,,,0,0,unknown,,0.0,E_INVALID_OR_AUDIT_RISK,Repair taxonomy/templates — space is dominated by diagnostic-only relationships.,0.0,0,,0,0
2026_will_cho_gil_hyeong_win_the_2026_chungcheongbuk_province_gubernatorial_election_presidential_election_candidate_winner,2026_will_cho_gil_hyeong_win_the_2026_chungcheongbuk_province_gubernatorial_election_presidential_election_candidate_winner,,outcome_space,none,0,7,0,0,7,1.0,0,0,0,0,0,0,0,0,0,0.0,0.0,0.0,0.0,0.0,0.0,0.0,0.0,0.0,0.0,0.0,0.0,,,0,0,unknown,,0.0,E_INVALID_OR_AUDIT_RISK,Repair taxonomy/templates — space is dominated by diagnostic-only relationships.,0.0,0,,0,0
2026_will_cho_kuk_win_the_2026_busan_mayoral_election_presidential_election_candidate_winner,2026_will_cho_kuk_win_the_2026_busan_mayoral_election_presidential_election_candidate_winner,,outcome_space,none,0,9,0,0,9,1.0,0,0,0,0,0,0,0,0,0,0.0,0.0,0.0,0.0,0.0,0.0,0.0,0.0,0.0,0.0,0.0,0.0,,,0,0,unknown,,0.0,E_INVALID_OR_AUDIT_RISK,Repair taxonomy/templates — space is dominated by diagnostic-only relationships.,0.0,0,,0,0
2026_will_cho_kuk_win_the_2026_seoul_mayoral_election_presidential_election_candidate_winner,2026_will_cho_kuk_win_the_2026_seoul_mayoral_election_presidential_election_candidate_winner,,outcome_space,none,0,22,0,0,22,1.0,0,0,0,0,0,0,0,0,0,0.0,0.0,0.0,0.0,0.0,0.0,0.0,0.0,0.0,0.0,0.0,0.0,,,0,0,unknown,,0.0,E_INVALID_OR_AUDIT_RISK,Repair taxonomy/templates — space is dominated by diagnostic-only relationships.,0.0,0,,0,0
2026_will_cho_kyoung_tae_win_the_2026_busan_mayoral_election_presidential_election_candidate_winner,2026_will_cho_kyoung_tae_win_the_2026_busan_mayoral_election_presidential_election_candidate_winner,,outcome_space,none,0,18,0,0,18,1.0,0,0,0,0,0,0,0,0,0,0.0,0.0,0.0,0.0,0.0,0.0,0.0,0.0,0.0,0.0,0.0,0.0,,,0,0,unknown,,0.0,E_INVALID_OR_AUDIT_RISK,Repair taxonomy/templates — space is dominated by diagnostic-only relationships.,0.0,0,,0,0
2026_will_choi_in_ho_win_the_2026_busan_mayoral_election_presidential_election_candidate_winner,2026_will_choi_in_ho_win_the_2026_busan_mayoral_election_presidential_election_candidate_winner,,outcome_space,none,0,14,0,0,14,1.0,0,0,0,0,0,0,0,0,0,0.0,0.0,0.0,0.0,0.0,0.0,0.0,0.0,0.0,0.0,0.0,0.0,,,0,0,unknown,,0.0,E_INVALID_OR_AUDIT_RISK,Repair taxonomy/templates — space is dominated by diagnostic-only relationships.,0.0,0,,0,0
2026_will_chong_won_oh_win_the_2026_seoul_mayoral_election_presidential_election_candidate_winner,2026_will_chong_won_oh_win_the_2026_seoul_mayoral_election_presidential_election_candidate_winner,,outcome_space,none,0,26,0,0,26,1.0,0,0,0,0,0,0,0,0,0,0.0,0.0,0.0,0.0,0.0,0.0,0.0,0.0,0.0,0.0,0.0,0.0,,,0,0,unknown,,0.0,E_INVALID_OR_AUDIT_RISK,Repair taxonomy/templates — space is dominated by diagnostic-only relationships.,0.0,0,,0,0
2026_will_choo_mi_ae_win_the_2026_gyeonggi_province_gubernatorial_election_presidential_election_candidate_winner,2026_will_choo_mi_ae_win_the_2026_gyeonggi_province_gubernatorial_election_presidential_election_candidate_winner,,outcome_space,none,0,31,0,0,31,1.0,0,0,0,0,0,0,0,0,0,0.0,0.0,0.0,0.0,0.0,0.0,0.0,0.0,0.0,0.0,0.0,0.0,,,0,0,unknown,,0.0,E_INVALID_OR_AUDIT_RISK,Repair taxonomy/templates — space is dominated by diagnostic-only relationships.,0.0,0,,0,0
2026_will_chris_carr_win_the_2026_georgia_governor_republican_primary_election_presidential_election_candidate_winner,2026_will_chris_carr_win_the_2026_georgia_governor_republican_primary_election_presidential_election_candidate_winner,,outcome_space,none,0,7,0,0,7,1.0,0,0,0,0,0,0,0,0,0,0.0,0.0,0.0,0.0,0.0,0.0,0.0,0.0,0.0,0.0,0.0,0.0,,,0,0,unknown,,0.0,E_INVALID_OR_AUDIT_RISK,Repair taxonomy/templates — space is dominated by diagnostic-only relationships.,0.0,0,,0,0
2026_will_chris_dudley_win_the_2026_oregon_governor_republican_primary_election_presidential_election_candidate_winner,2026_will_chris_dudley_win_the_2026_oregon_governor_republican_primary_election_presidential_election_candidate_winner,,outcome_space,none,0,6,0,0,6,1.0,0,0,0,0,0,0,0,0,0,0.0,0.0,0.0,0.0,0.0,0.0,0.0,0.0,0.0,0.0,0.0,0.0,,,0,0,unknown,,0.0,E_INVALID_OR_AUDIT_RISK,Repair taxonomy/templates — space is dominated by diagnostic-only relationships.,0.0,0,,0,0
2026_will_christine_drazan_win_the_2026_oregon_governor_republican_primary_election_presidential_election_candidate_winner,2026_will_christine_drazan_win_the_2026_oregon_governor_republican_primary_election_presidential_election_candidate_winner,,outcome_space,none,0,8,0,0,8,1.0,0,0,0,0,0,0,0,0,0,0.0,0.0,0.0,0.0,0.0,0.0,0.0,0.0,0.0,0.0,0.0,0.0,,,0,0,unknown,,0.0,E_INVALID_OR_AUDIT_RISK,Repair taxonomy/templates — space is dominated by diagnostic-only relationships.,0.0,0,,0,0
2026_will_chun_jae_soo_win_the_2026_busan_mayoral_election_presidential_election_candidate_winner,2026_will_chun_jae_soo_win_the_2026_busan_mayoral_election_presidential_election_candidate_winner,,outcome_space,none,0,13,0,0,13,1.0,0,0,0,0,0,0,0,0,0,0.0,0.0,0.0,0.0,0.0,0.0,0.0,0.0,0.0,0.0,0.0,0.0,,,0,0,unknown,,0.0,E_INVALID_OR_AUDIT_RISK,Repair taxonomy/templates — space is dominated by diagnostic-only relationships.,0.0,0,,0,0
2026_will_chung_il_young_win_the_2026_incheon_mayoral_election_presidential_election_candidate_winner,2026_will_chung_il_young_win_the_2026_incheon_mayoral_election_presidential_election_candidate_winner,,outcome_space,none,0,2,0,0,2,1.0,0,0,0,0,0,0,0,0,0,0.0,0.0,0.0,0.0,0.0,0.0,0.0,0.0,0.0,0.0,0.0,0.0,,,0,0,unknown,,0.0,E_INVALID_OR_AUDIT_RISK,Repair taxonomy/templates — space is dominated by diagnostic-only relationships.,0.0,0,,0,0
2026_will_chung_jin_suk_win_the_2026_chungcheongnam_province_gubernatorial_election_presidential_election_candidate_winner,2026_will_chung_jin_suk_win_the_2026_chungcheongnam_province_gubernatorial_election_presidential_election_candidate_winner,,outcome_space,none,0,16,0,0,16,1.0,0,0,0,0,0,0,0,0,0,0.0,0.0,0.0,0.0,0.0,0.0,0.0,0.0,0.0,0.0,0.0,0.0,,,0,0,unknown,,0.0,E_INVALID_OR_AUDIT_RISK,Repair taxonomy/templates — space is dominated by diagnostic-only relationships.,0.0,0,,0,0
2026_will_clark_dean_win_the_2026_georgia_governor_republican_primary_election_presidential_election_candidate_winner,2026_will_clark_dean_win_the_2026_georgia_governor_republican_primary_election_presidential_election_candidate_winner,,outcome_space,none,0,6,0,0,6,1.0,0,0,0,0,0,0,0,0,0,0.0,0.0,0.0,0.0,0.0,0.0,0.0,0.0,0.0,0.0,0.0,0.0,,,0,0,unknown,,0.0,E_INVALID_OR_AUDIT_RISK,Repair taxonomy/templates — space is dominated by diagnostic-only relationships.,0.0,0,,0,0
2026_will_click_bishop_win_the_2026_alaska_governor_election_presidential_election_candidate_winner,2026_will_click_bishop_win_the_2026_alaska_governor_election_presidential_election_candidate_winner,,outcome_space,none,0,50,0,0,50,1.0,0,0,0,0,0,0,0,0,0,0.0,0.0,0.0,0.0,0.0,0.0,0.0,0.0,0.0,0.0,0.0,0.0,,,0,0,unknown,,0.0,E_INVALID_OR_AUDIT_RISK,Repair taxonomy/templates — space is dominated by diagnostic-only relationships.,0.0,0,,0,0
2026_will_coalition_avenir_qu_bec_win_the_most_seats_in_the_2026_quebec_general_election_presidential_election_candidate_winner,2026_will_coalition_avenir_qu_bec_win_the_most_seats_in_the_2026_quebec_general_election_presidential_election_candidate_winner,,outcome_space,none,0,5,0,0,5,1.0,0,0,0,0,0,0,0,0,0,0.0,0.0,0.0,0.0,0.0,0.0,0.0,0.0,0.0,0.0,0.0,0.0,,,0,0,unknown,,0.0,E_INVALID_OR_AUDIT_RISK,Repair taxonomy/templates — space is dominated by diagnostic-only relationships.,0.0,0,,0,0
2026_will_cyndi_munson_win_the_2026_oklahoma_governor_democratic_primary_election_presidential_election_candidate_winner,2026_will_cyndi_munson_win_the_2026_oklahoma_governor_democratic_primary_election_presidential_election_candidate_winner,,outcome_space,none,0,2,0,0,2,1.0,0,0,0,0,0,0,0,0,0,0.0,0.0,0.0,0.0,0.0,0.0,0.0,0.0,0.0,0.0,0.0,0.0,,,0,0,unknown,,0.0,E_INVALID_OR_AUDIT_RISK,Repair taxonomy/templates — space is dominated by diagnostic-only relationships.,0.0,0,,0,0
2026_will_daniel_mercuri_win_the_california_governor_election_in_2026_presidential_election_candidate_winner,2026_will_daniel_mercuri_win_the_california_governor_election_in_2026_presidential_election_candidate_winner,,outcome_space,none,0,9,0,0,9,1.0,0,0,0,0,0,0,0,0,0,0.0,0.0,0.0,0.0,0.0,0.0,0.0,0.0,0.0,0.0,0.0,0.0,,,0,0,unknown,,0.0,E_INVALID_OR_AUDIT_RISK,Repair taxonomy/templates — space is dominated by diagnostic-only relationships.,0.0,0,,0,0
2026_will_daniel_thomas_win_the_2026_colorado_governor_republican_primary_election_presidential_election_candidate_winner,2026_will_daniel_thomas_win_the_2026_colorado_governor_republican_primary_election_presidential_election_candidate_winner,,outcome_space,none,0,1,0,0,1,1.0,0,0,0,0,0,0,0,0,0,0.0,0.0,0.0,0.0,0.0,0.0,0.0,0.0,0.0,0.0,0.0,0.0,,,0,0,unknown,,0.0,E_INVALID_OR_AUDIT_RISK,Repair taxonomy/templates — space is dominated by diagnostic-only relationships.,0.0,0,,0,0
2026_will_danielle_bethell_win_the_2026_oregon_governor_republican_primary_election_presidential_election_candidate_winner,2026_will_danielle_bethell_win_the_2026_oregon_governor_republican_primary_election_presidential_election_candidate_winner,,outcome_space,none,0,10,0,0,10,1.0,0,0,0,0,0,0,0,0,0,0.0,0.0,0.0,0.0,0.0,0.0,0.0,0.0,0.0,0.0,0.0,0.0,,,0,0,unknown,,0.0,E_INVALID_OR_AUDIT_RISK,Repair taxonomy/templates — space is dominated by diagnostic-only relationships.,0.0,0,,0,0
2026_will_david_bronson_win_the_2026_alaska_governor_election_presidential_election_candidate_winner,2026_will_david_bronson_win_the_2026_alaska_governor_election_presidential_election_candidate_winner,,outcome_space,none,0,49,0,0,49,1.0,0,0,0,0,0,0,0,0,0,0.0,0.0,0.0,0.0,0.0,0.0,0.0,0.0,0.0,0.0,0.0,0.0,,,0,0,unknown,,0.0,E_INVALID_OR_AUDIT_RISK,Repair taxonomy/templates — space is dominated by diagnostic-only relationships.,0.0,0,,0,0
2026_will_david_hughes_win_the_2026_colorado_governor_democratic_primary_election_presidential_election_candidate_winner,2026_will_david_hughes_win_the_2026_colorado_governor_democratic_primary_election_presidential_election_candidate_winner,,outcome_space,none,0,1,0,0,1,1.0,0,0,0,0,0,0,0,0,0,0.0,0.0,0.0,0.0,0.0,0.0,0.0,0.0,0.0,0.0,0.0,0.0,,,0,0,unknown,,0.0,E_INVALID_OR_AUDIT_RISK,Repair taxonomy/templates — space is dominated by diagnostic-only relationships.,0.0,0,,0,0
2026_will_david_medina_win_the_2026_oregon_governor_republican_primary_election_presidential_election_candidate_winner,2026_will_david_medina_win_the_2026_oregon_governor_republican_primary_election_presidential_election_candidate_winner,,outcome_space,none,0,3,0,0,3,1.0,0,0,0,0,0,0,0,0,0,0.0,0.0,0.0,0.0,0.0,0.0,0.0,0.0,0.0,0.0,0.0,0.0,,,0,0,unknown,,0.0,E_INVALID_OR_AUDIT_RISK,Repair taxonomy/templates — space is dominated by diagnostic-only relationships.,0.0,0,,0,0
2026_will_david_schweikert_win_the_2026_arizona_governor_republican_primary_election_presidential_election_candidate_winner,2026_will_david_schweikert_win_the_2026_arizona_governor_republican_primary_election_presidential_election_candidate_winner,,outcome_space,none,0,1,0,0,1,1.0,0,0,0,0,0,0,0,0,0,0.0,0.0,0.0,0.0,0.0,0.0,0.0,0.0,0.0,0.0,0.0,0.0,,,0,0,unknown,,0.0,E_INVALID_OR_AUDIT_RISK,Repair taxonomy/templates — space is dominated by diagnostic-only relationships.,0.0,0,,0,0
2026_will_david_tulley_win_the_2026_new_york_governor_republican_primary_election_presidential_election_candidate_winner,2026_will_david_tulley_win_the_2026_new_york_governor_republican_primary_election_presidential_election_candidate_winner,,outcome_space,none,0,2,0,0,2,1.0,0,0,0,0,0,0,0,0,0,0.0,0.0,0.0,0.0,0.0,0.0,0.0,0.0,0.0,0.0,0.0,0.0,,,0,0,unknown,,0.0,E_INVALID_OR_AUDIT_RISK,Repair taxonomy/templates — space is dominated by diagnostic-only relationships.,0.0,0,,0,0
2026_will_deaglan_mceachern_win_the_2026_new_hampshire_governor_democratic_primary_election_presidential_election_candidate_winner,2026_will_deaglan_mceachern_win_the_2026_new_hampshire_governor_democratic_primary_election_presidential_election_candidate_winner,,outcome_space,none,0,2,0,0,2,1.0,0,0,0,0,0,0,0,0,0,0.0,0.0,0.0,0.0,0.0,0.0,0.0,0.0,0.0,0.0,0.0,0.0,,,0,0,unknown,,0.0,E_INVALID_OR_AUDIT_RISK,Repair taxonomy/templates — space is dominated by diagnostic-only relationships.,0.0,0,,0,0
2026_will_deb_haaland_win_the_2026_new_mexico_governor_democratic_primary_election_presidential_election_candidate_winner,2026_will_deb_haaland_win_the_2026_new_mexico_governor_democratic_primary_election_presidential_election_candidate_winner,,outcome_space,none,0,1,0,0,1,1.0,0,0,0,0,0,0,0,0,0,0.0,0.0,0.0,0.0,0.0,0.0,0.0,0.0,0.0,0.0,0.0,0.0,,,0,0,unknown,,0.0,E_INVALID_OR_AUDIT_RISK,Repair taxonomy/templates — space is dominated by diagnostic-only relationships.,0.0,0,,0,0
2026_will_do_jong_hwan_win_the_2026_chungcheongbuk_province_gubernatorial_election_presidential_election_candidate_winner,2026_will_do_jong_hwan_win_the_2026_chungcheongbuk_province_gubernatorial_election_presidential_election_candidate_winner,,outcome_space,none,0,1,0,0,1,1.0,0,0,0,0,0,0,0,0,0,0.0,0.0,0.0,0.0,0.0,0.0,0.0,0.0,0.0,0.0,0.0,0.0,,,0,0,unknown,,0.0,E_INVALID_OR_AUDIT_RISK,Repair taxonomy/templates — space is dominated by diagnostic-only relationships.,0.0,0,,0,0
2026_will_donovan_fenton_win_the_2026_new_hampshire_governor_democratic_primary_election_presidential_election_candidate_winner,2026_will_donovan_fenton_win_the_2026_new_hampshire_governor_democratic_primary_election_presidential_election_candidate_winner,,outcome_space,none,0,1,0,0,1,1.0,0,0,0,0,0,0,0,0,0,0.0,0.0,0.0,0.0,0.0,0.0,0.0,0.0,0.0,0.0,0.0,0.0,,,0,0,unknown,,0.0,E_INVALID_OR_AUDIT_RISK,Repair taxonomy/templates — space is dominated by diagnostic-only relationships.,0.0,0,,0,0
2026_will_doug_jones_win_the_2026_alabama_governor_democratic_primary_election_presidential_election_candidate_winner,2026_will_doug_jones_win_the_2026_alabama_governor_democratic_primary_election_presidential_election_candidate_winner,,outcome_space,none,0,1,0,0,1,1.0,0,0,0,0,0,0,0,0,0,0.0,0.0,0.0,0.0,0.0,0.0,0.0,0.0,0.0,0.0,0.0,0.0,,,0,0,unknown,,0.0,E_INVALID_OR_AUDIT_RISK,Repair taxonomy/templates — space is dominated by diagnostic-only relationships.,0.0,0,,0,0
2026_will_duke_rodriguez_win_the_2026_new_mexico_governor_republican_primary_election_presidential_election_candidate_winner,2026_will_duke_rodriguez_win_the_2026_new_mexico_governor_republican_primary_election_presidential_election_candidate_winner,,outcome_space,none,0,5,0,0,5,1.0,0,0,0,0,0,0,0,0,0,0.0,0.0,0.0,0.0,0.0,0.0,0.0,0.0,0.0,0.0,0.0,0.0,,,0,0,unknown,,0.0,E_INVALID_OR_AUDIT_RISK,Repair taxonomy/templates — space is dominated by diagnostic-only relationships.,0.0,0,,0,0
2026_will_ed_diehl_win_the_2026_oregon_governor_republican_primary_election_presidential_election_candidate_winner,2026_will_ed_diehl_win_the_2026_oregon_governor_republican_primary_election_presidential_election_candidate_winner,,outcome_space,none,0,4,0,0,4,1.0,0,0,0,0,0,0,0,0,0,0.0,0.0,0.0,0.0,0.0,0.0,0.0,0.0,0.0,0.0,0.0,0.0,,,0,0,unknown,,0.0,E_INVALID_OR_AUDIT_RISK,Repair taxonomy/templates — space is dominated by diagnostic-only relationships.,0.0,0,,0,0
2026_will_edna_devries_win_the_2026_alaska_governor_election_presidential_election_candidate_winner,2026_will_edna_devries_win_the_2026_alaska_governor_election_presidential_election_candidate_winner,,outcome_space,none,0,46,0,0,46,1.0,0,0,0,0,0,0,0,0,0,0.0,0.0,0.0,0.0,0.0,0.0,0.0,0.0,0.0,0.0,0.0,0.0,,,0,0,unknown,,0.0,E_INVALID_OR_AUDIT_RISK,Repair taxonomy/templates — space is dominated by diagnostic-only relationships.,0.0,0,,0,0
2026_will_eleni_kounalakis_win_the_california_governor_election_in_2026_presidential_election_candidate_winner,2026_will_eleni_kounalakis_win_the_california_governor_election_in_2026_presidential_election_candidate_winner,,outcome_space,none,0,10,0,0,10,1.0,0,0,0,0,0,0,0,0,0,0.0,0.0,0.0,0.0,0.0,0.0,0.0,0.0,0.0,0.0,0.0,0.0,,,0,0,unknown,,0.0,E_INVALID_OR_AUDIT_RISK,Repair taxonomy/templates — space is dominated by diagnostic-only relationships.,0.0,0,,0,0
2026_will_elise_stefanik_win_the_2026_new_york_governor_republican_primary_election_presidential_election_candidate_winner,2026_will_elise_stefanik_win_the_2026_new_york_governor_republican_primary_election_presidential_election_candidate_winner,,outcome_space,none,0,4,0,0,4,1.0,0,0,0,0,0,0,0,0,0,0.0,0.0,0.0,0.0,0.0,0.0,0.0,0.0,0.0,0.0,0.0,0.0,,,0,0,unknown,,0.0,E_INVALID_OR_AUDIT_RISK,Repair taxonomy/templates — space is dominated by diagnostic-only relationships.,0.0,0,,0,0
2026_will_eric_swalwell_win_the_california_governor_election_in_2026_presidential_election_candidate_winner,2026_will_eric_swalwell_win_the_california_governor_election_in_2026_presidential_election_candidate_winner,,outcome_space,none,0,4,0,0,4,1.0,0,0,0,0,0,0,0,0,0,0.0,0.0,0.0,0.0,0.0,0.0,0.0,0.0,0.0,0.0,0.0,0.0,,,0,0,unknown,,0.0,E_INVALID_OR_AUDIT_RISK,Repair taxonomy/templates — space is dominated by diagnostic-only relationships.,0.0,0,,0,0
2026_will_erin_stewart_win_the_2026_connecticut_governor_republican_primary_election_presidential_election_candidate_winner,2026_will_erin_stewart_win_the_2026_connecticut_governor_republican_primary_election_presidential_election_candidate_winner,,outcome_space,none,0,4,0,0,4,1.0,0,0,0,0,0,0,0,0,0,0.0,0.0,0.0,0.0,0.0,0.0,0.0,0.0,0.0,0.0,0.0,0.0,,,0,0,unknown,,0.0,E_INVALID_OR_AUDIT_RISK,Repair taxonomy/templates — space is dominated by diagnostic-only relationships.,0.0,0,,0,0
2026_will_fdp_win_the_most_seats_in_the_2026_berlin_state_elections_presidential_election_candidate_winner,2026_will_fdp_win_the_most_seats_in_the_2026_berlin_state_elections_presidential_election_candidate_winner,,outcome_space,none,0,3,0,0,3,1.0,0,0,0,0,0,0,0,0,0,0.0,0.0,0.0,0.0,0.0,0.0,0.0,0.0,0.0,0.0,0.0,0.0,,,0,0,unknown,,0.0,E_INVALID_OR_AUDIT_RISK,Repair taxonomy/templates — space is dominated by diagnostic-only relationships.,0.0,0,,0,0
2026_will_fw_win_the_most_seats_in_the_2026_berlin_state_elections_presidential_election_candidate_winner,2026_will_fw_win_the_most_seats_in_the_2026_berlin_state_elections_presidential_election_candidate_winner,,outcome_space,none,0,1,0,0,1,1.0,0,0,0,0,0,0,0,0,0,0.0,0.0,0.0,0.0,0.0,0.0,0.0,0.0,0.0,0.0,0.0,0.0,,,0,0,unknown,,0.0,E_INVALID_OR_AUDIT_RISK,Repair taxonomy/templates — space is dominated by diagnostic-only relationships.,0.0,0,,0,0
2026_will_genter_drummond_win_the_2026_oklahoma_governor_republican_primary_election_presidential_election_candidate_winner,2026_will_genter_drummond_win_the_2026_oklahoma_governor_republican_primary_election_presidential_election_candidate_winner,,outcome_space,none,0,7,0,0,7,1.0,0,0,0,0,0,0,0,0,0,0.0,0.0,0.0,0.0,0.0,0.0,0.0,0.0,0.0,0.0,0.0,0.0,,,0,0,unknown,,0.0,E_INVALID_OR_AUDIT_RISK,Repair taxonomy/templates — space is dominated by diagnostic-only relationships.,0.0,0,,0,0
2026_will_gina_viola_win_the_2026_los_angeles_mayoral_election_presidential_election_candidate_winner,2026_will_gina_viola_win_the_2026_los_angeles_mayoral_election_presidential_election_candidate_winner,,outcome_space,none,0,42,0,0,42,1.0,0,0,0,0,0,0,0,0,0,0.0,0.0,0.0,0.0,0.0,0.0,0.0,0.0,0.0,0.0,0.0,0.0,,,0,0,unknown,,0.0,E_INVALID_OR_AUDIT_RISK,Repair taxonomy/templates — space is dominated by diagnostic-only relationships.,0.0,0,,0,0
2026_will_gr_ne_win_the_most_seats_in_the_2026_berlin_state_elections_presidential_election_candidate_winner,2026_will_gr_ne_win_the_most_seats_in_the_2026_berlin_state_elections_presidential_election_candidate_winner,,outcome_space,none,0,5,0,0,5,1.0,0,0,0,0,0,0,0,0,0,0.0,0.0,0.0,0.0,0.0,0.0,0.0,0.0,0.0,0.0,0.0,0.0,,,0,0,unknown,,0.0,E_INVALID_OR_AUDIT_RISK,Repair taxonomy/templates — space is dominated by diagnostic-only relationships.,0.0,0,,0,0
2026_will_greg_hull_win_the_2026_new_mexico_governor_republican_primary_election_presidential_election_candidate_winner,2026_will_greg_hull_win_the_2026_new_mexico_governor_republican_primary_election_presidential_election_candidate_winner,,outcome_space,none,0,9,0,0,9,1.0,0,0,0,0,0,0,0,0,0,0.0,0.0,0.0,0.0,0.0,0.0,0.0,0.0,0.0,0.0,0.0,0.0,,,0,0,unknown,,0.0,E_INVALID_OR_AUDIT_RISK,Repair taxonomy/templates — space is dominated by diagnostic-only relationships.,0.0,0,,0,0
2026_will_greg_lopez_win_the_2026_colorado_governor_republican_primary_election_presidential_election_candidate_winner,2026_will_greg_lopez_win_the_2026_colorado_governor_republican_primary_election_presidential_election_candidate_winner,,outcome_space,none,0,9,0,0,9,1.0,0,0,0,0,0,0,0,0,0,0.0,0.0,0.0,0.0,0.0,0.0,0.0,0.0,0.0,0.0,0.0,0.0,,,0,0,unknown,,0.0,E_INVALID_OR_AUDIT_RISK,Repair taxonomy/templates — space is dominated by diagnostic-only relationships.,0.0,0,,0,0
2026_will_gregg_kirkpatrick_win_the_2026_georgia_governor_republican_primary_election_presidential_election_candidate_winner,2026_will_gregg_kirkpatrick_win_the_2026_georgia_governor_republican_primary_election_presidential_election_candidate_winner,,outcome_space,none,0,2,0,0,2,1.0,0,0,0,0,0,0,0,0,0,0.0,0.0,0.0,0.0,0.0,0.0,0.0,0.0,0.0,0.0,0.0,0.0,,,0,0,unknown,,0.0,E_INVALID_OR_AUDIT_RISK,Repair taxonomy/templates — space is dominated by diagnostic-only relationships.,0.0,0,,0,0
2026_will_han_dong_hoon_win_the_2026_gyeonggi_province_gubernatorial_election_presidential_election_candidate_winner,2026_will_han_dong_hoon_win_the_2026_gyeonggi_province_gubernatorial_election_presidential_election_candidate_winner,,outcome_space,none,0,24,0,0,24,1.0,0,0,0,0,0,0,0,0,0,0.0,0.0,0.0,0.0,0.0,0.0,0.0,0.0,0.0,0.0,0.0,0.0,,,0,0,unknown,,0.0,E_INVALID_OR_AUDIT_RISK,Repair taxonomy/templates — space is dominated by diagnostic-only relationships.,0.0,0,,0,0
2026_will_han_dong_hoon_win_the_2026_seoul_mayoral_election_presidential_election_candidate_winner,2026_will_han_dong_hoon_win_the_2026_seoul_mayoral_election_presidential_election_candidate_winner,,outcome_space,none,0,32,0,0,32,1.0,0,0,0,0,0,0,0,0,0,0.0,0.0,0.0,0.0,0.0,0.0,0.0,0.0,0.0,0.0,0.0,0.0,,,0,0,unknown,,0.0,E_INVALID_OR_AUDIT_RISK,Repair taxonomy/templates — space is dominated by diagnostic-only relationships.,0.0,0,,0,0
2026_will_han_jun_ho_win_the_2026_gyeonggi_province_gubernatorial_election_presidential_election_candidate_winner,2026_will_han_jun_ho_win_the_2026_gyeonggi_province_gubernatorial_election_presidential_election_candidate_winner,,outcome_space,none,0,29,0,0,29,1.0,0,0,0,0,0,0,0,0,0,0.0,0.0,0.0,0.0,0.0,0.0,0.0,0.0,0.0,0.0,0.0,0.0,,,0,0,unknown,,0.0,E_INVALID_OR_AUDIT_RISK,Repair taxonomy/templates — space is dominated by diagnostic-only relationships.,0.0,0,,0,0
2026_will_hank_kroll_win_the_2026_alaska_governor_election_presidential_election_candidate_winner,2026_will_hank_kroll_win_the_2026_alaska_governor_election_presidential_election_candidate_winner,,outcome_space,none,0,36,0,0,36,1.0,0,0,0,0,0,0,0,0,0,0.0,0.0,0.0,0.0,0.0,0.0,0.0,0.0,0.0,0.0,0.0,0.0,,,0,0,unknown,,0.0,E_INVALID_OR_AUDIT_RISK,Repair taxonomy/templates — space is dominated by diagnostic-only relationships.,0.0,0,,0,0
2026_will_hong_ihk_pyo_win_the_2026_seoul_mayoral_election_presidential_election_candidate_winner,2026_will_hong_ihk_pyo_win_the_2026_seoul_mayoral_election_presidential_election_candidate_winner,,outcome_space,none,0,24,0,0,24,1.0,0,0,0,0,0,0,0,0,0,0.0,0.0,0.0,0.0,0.0,0.0,0.0,0.0,0.0,0.0,0.0,0.0,,,0,0,unknown,,0.0,E_INVALID_OR_AUDIT_RISK,Repair taxonomy/templates — space is dominated by diagnostic-only relationships.,0.0,0,,0,0
2026_will_hong_soon_heon_win_the_2026_busan_mayoral_election_presidential_election_candidate_winner,2026_will_hong_soon_heon_win_the_2026_busan_mayoral_election_presidential_election_candidate_winner,,outcome_space,none,0,10,0,0,10,1.0,0,0,0,0,0,0,0,0,0,0.0,0.0,0.0,0.0,0.0,0.0,0.0,0.0,0.0,0.0,0.0,0.0,,,0,0,unknown,,0.0,E_INVALID_OR_AUDIT_RISK,Repair taxonomy/templates — space is dominated by diagnostic-only relationships.,0.0,0,,0,0
2026_will_ja_mel_brown_win_the_2026_alabama_governor_democratic_primary_election_presidential_election_candidate_winner,2026_will_ja_mel_brown_win_the_2026_alabama_governor_democratic_primary_election_presidential_election_candidate_winner,,outcome_space,none,0,3,0,0,3,1.0,0,0,0,0,0,0,0,0,0,0.0,0.0,0.0,0.0,0.0,0.0,0.0,0.0,0.0,0.0,0.0,0.0,,,0,0,unknown,,0.0,E_INVALID_OR_AUDIT_RISK,Repair taxonomy/templates — space is dominated by diagnostic-only relationships.,0.0,0,,0,0
2026_will_jake_merrick_win_the_2026_oklahoma_governor_republican_primary_election_presidential_election_candidate_winner,2026_will_jake_merrick_win_the_2026_oklahoma_governor_republican_primary_election_presidential_election_candidate_winner,,outcome_space,none,0,2,0,0,2,1.0,0,0,0,0,0,0,0,0,0,0.0,0.0,0.0,0.0,0.0,0.0,0.0,0.0,0.0,0.0,0.0,0.0,,,0,0,unknown,,0.0,E_INVALID_OR_AUDIT_RISK,Repair taxonomy/templates — space is dominated by diagnostic-only relationships.,0.0,0,,0,0
2026_will_james_parkin_win_the_2026_alaska_governor_election_presidential_election_candidate_winner,2026_will_james_parkin_win_the_2026_alaska_governor_election_presidential_election_candidate_winner,,outcome_space,none,0,43,0,0,43,1.0,0,0,0,0,0,0,0,0,0,0.0,0.0,0.0,0.0,0.0,0.0,0.0,0.0,0.0,0.0,0.0,0.0,,,0,0,unknown,,0.0,E_INVALID_OR_AUDIT_RISK,Repair taxonomy/templates — space is dominated by diagnostic-only relationships.,0.0,0,,0,0
2026_will_jason_clark_win_the_2026_colorado_governor_republican_primary_election_presidential_election_candidate_winner,2026_will_jason_clark_win_the_2026_colorado_governor_republican_primary_election_presidential_election_candidate_winner,,outcome_space,none,0,12,0,0,12,1.0,0,0,0,0,0,0,0,0,0,0.0,0.0,0.0,0.0,0.0,0.0,0.0,0.0,0.0,0.0,0.0,0.0,,,0,0,unknown,,0.0,E_INVALID_OR_AUDIT_RISK,Repair taxonomy/templates — space is dominated by diagnostic-only relationships.,0.0,0,,0,0
2026_will_jason_mikesell_win_the_2026_colorado_governor_republican_primary_election_presidential_election_candidate_winner,2026_will_jason_mikesell_win_the_2026_colorado_governor_republican_primary_election_presidential_election_candidate_winner,,outcome_space,none,0,6,0,0,6,1.0,0,0,0,0,0,0,0,0,0,0.0,0.0,0.0,0.0,0.0,0.0,0.0,0.0,0.0,0.0,0.0,0.0,,,0,0,unknown,,0.0,E_INVALID_OR_AUDIT_RISK,Repair taxonomy/templates — space is dominated by diagnostic-only relationships.,0.0,0,,0,0
2026_will_jeon_hyun_heui_win_the_2026_seoul_mayoral_election_presidential_election_candidate_winner,2026_will_jeon_hyun_heui_win_the_2026_seoul_mayoral_election_presidential_election_candidate_winner,,outcome_space,none,0,23,0,0,23,1.0,0,0,0,0,0,0,0,0,0,0.0,0.0,0.0,0.0,0.0,0.0,0.0,0.0,0.0,0.0,0.0,0.0,,,0,0,unknown,,0.0,E_INVALID_OR_AUDIT_RISK,Repair taxonomy/templates — space is dominated by diagnostic-only relationships.,0.0,0,,0,0
2026_will_john_kiper_win_the_2026_new_hampshire_governor_democratic_primary_election_presidential_election_candidate_winner,2026_will_john_kiper_win_the_2026_new_hampshire_governor_democratic_primary_election_presidential_election_candidate_winner,,outcome_space,none,0,4,0,0,4,1.0,0,0,0,0,0,0,0,0,0,0.0,0.0,0.0,0.0,0.0,0.0,0.0,0.0,0.0,0.0,0.0,0.0,,,0,0,unknown,,0.0,E_INVALID_OR_AUDIT_RISK,Repair taxonomy/templates — space is dominated by diagnostic-only relationships.,0.0,0,,0,0
2026_will_john_sanchez_win_the_2026_new_mexico_governor_republican_primary_election_presidential_election_candidate_winner,2026_will_john_sanchez_win_the_2026_new_mexico_governor_republican_primary_election_presidential_election_candidate_winner,,outcome_space,none,0,1,0,0,1,1.0,0,0,0,0,0,0,0,0,0,0.0,0.0,0.0,0.0,0.0,0.0,0.0,0.0,0.0,0.0,0.0,0.0,,,0,0,unknown,,0.0,E_INVALID_OR_AUDIT_RISK,Repair taxonomy/templates — space is dominated by diagnostic-only relationships.,0.0,0,,0,0
2026_will_jon_gray_ginsberg_win_the_2026_colorado_governor_republican_primary_election_presidential_election_candidate_winner,2026_will_jon_gray_ginsberg_win_the_2026_colorado_governor_republican_primary_election_presidential_election_candidate_winner,,outcome_space,none,0,4,0,0,4,1.0,0,0,0,0,0,0,0,0,0,0.0,0.0,0.0,0.0,0.0,0.0,0.0,0.0,0.0,0.0,0.0,0.0,,,0,0,unknown,,0.0,E_INVALID_OR_AUDIT_RISK,Repair taxonomy/templates — space is dominated by diagnostic-only relationships.,0.0,0,,0,0
2026_will_jonathan_kreiss_tomkins_win_the_2026_alaska_governor_election_presidential_election_candidate_winner,2026_will_jonathan_kreiss_tomkins_win_the_2026_alaska_governor_election_presidential_election_candidate_winner,,outcome_space,none,0,37,0,0,37,1.0,0,0,0,0,0,0,0,0,0,0.0,0.0,0.0,0.0,0.0,0.0,0.0,0.0,0.0,0.0,0.0,0.0,,,0,0,unknown,,0.0,E_INVALID_OR_AUDIT_RISK,Repair taxonomy/templates — space is dominated by diagnostic-only relationships.,0.0,0,,0,0
2026_will_josh_elliott_win_the_2026_connecticut_governor_democratic_primary_election_presidential_election_candidate_winner,2026_will_josh_elliott_win_the_2026_connecticut_governor_democratic_primary_election_presidential_election_candidate_winner,,outcome_space,none,0,1,0,0,1,1.0,0,0,0,0,0,0,0,0,0,0.0,0.0,0.0,0.0,0.0,0.0,0.0,0.0,0.0,0.0,0.0,0.0,,,0,0,unknown,,0.0,E_INVALID_OR_AUDIT_RISK,Repair taxonomy/templates — space is dominated by diagnostic-only relationships.,0.0,0,,0,0
2026_will_joshua_griffin_win_the_2026_colorado_governor_republican_primary_election_presidential_election_candidate_winner,2026_will_joshua_griffin_win_the_2026_colorado_governor_republican_primary_election_presidential_election_candidate_winner,,outcome_space,none,0,11,0,0,11,1.0,0,0,0,0,0,0,0,0,0,0.0,0.0,0.0,0.0,0.0,0.0,0.0,0.0,0.0,0.0,0.0,0.0,,,0,0,unknown,,0.0,E_INVALID_OR_AUDIT_RISK,Repair taxonomy/templates — space is dominated by diagnostic-only relationships.,0.0,0,,0,0
2026_will_judith_nakamura_win_the_2026_new_mexico_governor_republican_primary_election_presidential_election_candidate_winner,2026_will_judith_nakamura_win_the_2026_new_mexico_governor_republican_primary_election_presidential_election_candidate_winner,,outcome_space,none,0,3,0,0,3,1.0,0,0,0,0,0,0,0,0,0,0.0,0.0,0.0,0.0,0.0,0.0,0.0,0.0,0.0,0.0,0.0,0.0,,,0,0,unknown,,0.0,E_INVALID_OR_AUDIT_RISK,Repair taxonomy/templates — space is dominated by diagnostic-only relationships.,0.0,0,,0,0
2026_will_kamala_harris_win_the_california_governor_election_in_2026_presidential_election_candidate_winner,2026_will_kamala_harris_win_the_california_governor_election_in_2026_presidential_election_candidate_winner,,outcome_space,none,0,2,0,0,2,1.0,0,0,0,0,0,0,0,0,0,0.0,0.0,0.0,0.0,0.0,0.0,0.0,0.0,0.0,0.0,0.0,0.0,,,0,0,unknown,,0.0,E_INVALID_OR_AUDIT_RISK,Repair taxonomy/templates — space is dominated by diagnostic-only relationships.,0.0,0,,0,0
2026_will_kang_hoon_sik_win_the_2026_chungcheongnam_province_gubernatorial_election_presidential_election_candidate_winner,2026_will_kang_hoon_sik_win_the_2026_chungcheongnam_province_gubernatorial_election_presidential_election_candidate_winner,,outcome_space,none,0,10,0,0,10,1.0,0,0,0,0,0,0,0,0,0,0.0,0.0,0.0,0.0,0.0,0.0,0.0,0.0,0.0,0.0,0.0,0.0,,,0,0,unknown,,0.0,E_INVALID_OR_AUDIT_RISK,Repair taxonomy/templates — space is dominated by diagnostic-only relationships.,0.0,0,,0,0
2026_will_kang_hoon_sik_win_the_2026_seoul_mayoral_election_presidential_election_candidate_winner,2026_will_kang_hoon_sik_win_the_2026_seoul_mayoral_election_presidential_election_candidate_winner,,outcome_space,none,0,22,0,0,22,1.0,0,0,0,0,0,0,0,0,0,0.0,0.0,0.0,0.0,0.0,0.0,0.0,0.0,0.0,0.0,0.0,0.0,,,0,0,unknown,,0.0,E_INVALID_OR_AUDIT_RISK,Repair taxonomy/templates — space is dominated by diagnostic-only relationships.,0.0,0,,0,0
2026_will_kang_seung_kyu_win_the_2026_chungcheongnam_province_gubernatorial_election_presidential_election_candidate_winner,2026_will_kang_seung_kyu_win_the_2026_chungcheongnam_province_gubernatorial_election_presidential_election_candidate_winner,,outcome_space,none,0,14,0,0,14,1.0,0,0,0,0,0,0,0,0,0,0.0,0.0,0.0,0.0,0.0,0.0,0.0,0.0,0.0,0.0,0.0,0.0,,,0,0,unknown,,0.0,E_INVALID_OR_AUDIT_RISK,Repair taxonomy/templates — space is dominated by diagnostic-only relationships.,0.0,0,,0,0
2026_will_karen_bass_win_the_2026_los_angeles_mayoral_election_presidential_election_candidate_winner,2026_will_karen_bass_win_the_2026_los_angeles_mayoral_election_presidential_election_candidate_winner,,outcome_space,none,0,45,0,0,45,1.0,0,0,0,0,0,0,0,0,0,0.0,0.0,0.0,0.0,0.0,0.0,0.0,0.0,0.0,0.0,0.0,0.0,,,0,0,unknown,,0.0,E_INVALID_OR_AUDIT_RISK,Repair taxonomy/templates — space is dominated by diagnostic-only relationships.,0.0,0,,0,0
2026_will_katie_porter_win_the_california_governor_election_in_2026_presidential_election_candidate_winner,2026_will_katie_porter_win_the_california_governor_election_in_2026_presidential_election_candidate_winner,,outcome_space,none,0,20,0,0,20,1.0,0,0,0,0,0,0,0,0,0,0.0,0.0,0.0,0.0,0.0,0.0,0.0,0.0,0.0,0.0,0.0,0.0,,,0,0,unknown,,0.0,E_INVALID_OR_AUDIT_RISK,Repair taxonomy/templates — space is dominated by diagnostic-only relationships.,0.0,0,,0,0
2026_will_kelly_ayotte_win_the_2026_new_hampshire_governor_republican_primary_election_presidential_election_candidate_winner,2026_will_kelly_ayotte_win_the_2026_new_hampshire_governor_republican_primary_election_presidential_election_candidate_winner,,outcome_space,none,0,1,0,0,1,1.0,0,0,0,0,0,0,0,0,0,0.0,0.0,0.0,0.0,0.0,0.0,0.0,0.0,0.0,0.0,0.0,0.0,,,0,0,unknown,,0.0,E_INVALID_OR_AUDIT_RISK,Repair taxonomy/templates — space is dominated by diagnostic-only relationships.,0.0,0,,0,0
2026_will_ken_mcfeeters_win_the_2026_alabama_governor_republican_primary_election_presidential_election_candidate_winner,2026_will_ken_mcfeeters_win_the_2026_alabama_governor_republican_primary_election_presidential_election_candidate_winner,,outcome_space,none,0,1,0,0,1,1.0,0,0,0,0,0,0,0,0,0,0.0,0.0,0.0,0.0,0.0,0.0,0.0,0.0,0.0,0.0,0.0,0.0,,,0,0,unknown,,0.0,E_INVALID_OR_AUDIT_RISK,Repair taxonomy/templates — space is dominated by diagnostic-only relationships.,0.0,0,,0,0
2026_will_ken_yasger_win_the_2026_georgia_governor_republican_primary_election_presidential_election_candidate_winner,2026_will_ken_yasger_win_the_2026_georgia_governor_republican_primary_election_presidential_election_candidate_winner,,outcome_space,none,0,3,0,0,3,1.0,0,0,0,0,0,0,0,0,0,0.0,0.0,0.0,0.0,0.0,0.0,0.0,0.0,0.0,0.0,0.0,0.0,,,0,0,unknown,,0.0,E_INVALID_OR_AUDIT_RISK,Repair taxonomy/templates — space is dominated by diagnostic-only relationships.,0.0,0,,0,0
2026_will_kim_byeong_ju_win_the_2026_gyeonggi_province_gubernatorial_election_presidential_election_candidate_winner,2026_will_kim_byeong_ju_win_the_2026_gyeonggi_province_gubernatorial_election_presidential_election_candidate_winner,,outcome_space,none,0,32,0,0,32,1.0,0,0,0,0,0,0,0,0,0,0.0,0.0,0.0,0.0,0.0,0.0,0.0,0.0,0.0,0.0,0.0,0.0,,,0,0,unknown,,0.0,E_INVALID_OR_AUDIT_RISK,Repair taxonomy/templates — space is dominated by diagnostic-only relationships.,0.0,0,,0,0
2026_will_kim_do_eup_win_the_2026_busan_mayoral_election_presidential_election_candidate_winner,2026_will_kim_do_eup_win_the_2026_busan_mayoral_election_presidential_election_candidate_winner,,outcome_space,none,0,19,0,0,19,1.0,0,0,0,0,0,0,0,0,0,0.0,0.0,0.0,0.0,0.0,0.0,0.0,0.0,0.0,0.0,0.0,0.0,,,0,0,unknown,,0.0,E_INVALID_OR_AUDIT_RISK,Repair taxonomy/templates — space is dominated by diagnostic-only relationships.,0.0,0,,0,0
2026_will_kim_do_kyun_win_the_2026_gangwon_province_gubernatorial_election_presidential_election_candidate_winner,2026_will_kim_do_kyun_win_the_2026_gangwon_province_gubernatorial_election_presidential_election_candidate_winner,,outcome_space,none,0,3,0,0,3,1.0,0,0,0,0,0,0,0,0,0,0.0,0.0,0.0,0.0,0.0,0.0,0.0,0.0,0.0,0.0,0.0,0.0,,,0,0,unknown,,0.0,E_INVALID_OR_AUDIT_RISK,Repair taxonomy/templates — space is dominated by diagnostic-only relationships.,0.0,0,,0,0
2026_will_kim_dong_yeon_win_the_2026_gyeonggi_province_gubernatorial_election_presidential_election_candidate_winner,2026_will_kim_dong_yeon_win_the_2026_gyeonggi_province_gubernatorial_election_presidential_election_candidate_winner,,outcome_space,none,0,33,0,0,33,1.0,0,0,0,0,0,0,0,0,0,0.0,0.0,0.0,0.0,0.0,0.0,0.0,0.0,0.0,0.0,0.0,0.0,,,0,0,unknown,,0.0,E_INVALID_OR_AUDIT_RISK,Repair taxonomy/templates — space is dominated by diagnostic-only relationships.,0.0,0,,0,0
2026_will_kim_eun_hye_win_the_2026_gyeonggi_province_gubernatorial_election_presidential_election_candidate_winner,2026_will_kim_eun_hye_win_the_2026_gyeonggi_province_gubernatorial_election_presidential_election_candidate_winner,,outcome_space,none,0,26,0,0,26,1.0,0,0,0,0,0,0,0,0,0,0.0,0.0,0.0,0.0,0.0,0.0,0.0,0.0,0.0,0.0,0.0,0.0,,,0,0,unknown,,0.0,E_INVALID_OR_AUDIT_RISK,Repair taxonomy/templates — space is dominated by diagnostic-only relationships.,0.0,0,,0,0
2026_will_kim_jin_tae_win_the_2026_gangwon_province_gubernatorial_election_presidential_election_candidate_winner,2026_will_kim_jin_tae_win_the_2026_gangwon_province_gubernatorial_election_presidential_election_candidate_winner,,outcome_space,none,0,6,0,0,6,1.0,0,0,0,0,0,0,0,0,0,0.0,0.0,0.0,0.0,0.0,0.0,0.0,0.0,0.0,0.0,0.0,0.0,,,0,0,unknown,,0.0,E_INVALID_OR_AUDIT_RISK,Repair taxonomy/templates — space is dominated by diagnostic-only relationships.,0.0,0,,0,0
2026_will_kim_moon_soo_win_the_2026_gyeonggi_province_gubernatorial_election_presidential_election_candidate_winner,2026_will_kim_moon_soo_win_the_2026_gyeonggi_province_gubernatorial_election_presidential_election_candidate_winner,,outcome_space,none,0,24,0,0,24,1.0,0,0,0,0,0,0,0,0,0,0.0,0.0,0.0,0.0,0.0,0.0,0.0,0.0,0.0,0.0,0.0,0.0,,,0,0,unknown,,0.0,E_INVALID_OR_AUDIT_RISK,Repair taxonomy/templates — space is dominated by diagnostic-only relationships.,0.0,0,,0,0
2026_will_kim_tae_heum_win_the_2026_chungcheongnam_province_gubernatorial_election_presidential_election_candidate_winner,2026_will_kim_tae_heum_win_the_2026_chungcheongnam_province_gubernatorial_election_presidential_election_candidate_winner,,outcome_space,none,0,17,0,0,17,1.0,0,0,0,0,0,0,0,0,0,0.0,0.0,0.0,0.0,0.0,0.0,0.0,0.0,0.0,0.0,0.0,0.0,,,0,0,unknown,,0.0,E_INVALID_OR_AUDIT_RISK,Repair taxonomy/templates — space is dominated by diagnostic-only relationships.,0.0,0,,0,0
2026_will_kim_wan_seop_win_the_2026_gangwon_province_gubernatorial_election_presidential_election_candidate_winner,2026_will_kim_wan_seop_win_the_2026_gangwon_province_gubernatorial_election_presidential_election_candidate_winner,,outcome_space,none,0,7,0,0,7,1.0,0,0,0,0,0,0,0,0,0,0.0,0.0,0.0,0.0,0.0,0.0,0.0,0.0,0.0,0.0,0.0,0.0,,,0,0,unknown,,0.0,E_INVALID_OR_AUDIT_RISK,Repair taxonomy/templates — space is dominated by diagnostic-only relationships.,0.0,0,,0,0
2026_will_kim_young_choon_win_the_2026_busan_mayoral_election_presidential_election_candidate_winner,2026_will_kim_young_choon_win_the_2026_busan_mayoral_election_presidential_election_candidate_winner,,outcome_space,none,0,11,0,0,11,1.0,0,0,0,0,0,0,0,0,0,0.0,0.0,0.0,0.0,0.0,0.0,0.0,0.0,0.0,0.0,0.0,0.0,,,0,0,unknown,,0.0,E_INVALID_OR_AUDIT_RISK,Repair taxonomy/templates — space is dominated by diagnostic-only relationships.,0.0,0,,0,0
2026_will_kim_young_hwan_win_the_2026_chungcheongbuk_province_gubernatorial_election_presidential_election_candidate_winner,2026_will_kim_young_hwan_win_the_2026_chungcheongbuk_province_gubernatorial_election_presidential_election_candidate_winner,,outcome_space,none,0,8,0,0,8,1.0,0,0,0,0,0,0,0,0,0,0.0,0.0,0.0,0.0,0.0,0.0,0.0,0.0,0.0,0.0,0.0,0.0,,,0,0,unknown,,0.0,E_INVALID_OR_AUDIT_RISK,Repair taxonomy/templates — space is dominated by diagnostic-only relationships.,0.0,0,,0,0
2026_will_kweon_seong_dong_win_the_2026_gangwon_province_gubernatorial_election_presidential_election_candidate_winner,2026_will_kweon_seong_dong_win_the_2026_gangwon_province_gubernatorial_election_presidential_election_candidate_winner,,outcome_space,none,0,5,0,0,5,1.0,0,0,0,0,0,0,0,0,0,0.0,0.0,0.0,0.0,0.0,0.0,0.0,0.0,0.0,0.0,0.0,0.0,,,0,0,unknown,,0.0,E_INVALID_OR_AUDIT_RISK,Repair taxonomy/templates — space is dominated by diagnostic-only relationships.,0.0,0,,0,0
2026_will_kyle_duyck_win_the_2026_oregon_governor_republican_primary_election_presidential_election_candidate_winner,2026_will_kyle_duyck_win_the_2026_oregon_governor_republican_primary_election_presidential_election_candidate_winner,,outcome_space,none,0,9,0,0,9,1.0,0,0,0,0,0,0,0,0,0,0.0,0.0,0.0,0.0,0.0,0.0,0.0,0.0,0.0,0.0,0.0,0.0,,,0,0,unknown,,0.0,E_INVALID_OR_AUDIT_RISK,Repair taxonomy/templates — space is dominated by diagnostic-only relationships.,0.0,0,,0,0
2026_will_kyle_langford_win_the_california_governor_election_in_2026_presidential_election_candidate_winner,2026_will_kyle_langford_win_the_california_governor_election_in_2026_presidential_election_candidate_winner,,outcome_space,none,0,12,0,0,12,1.0,0,0,0,0,0,0,0,0,0,0.0,0.0,0.0,0.0,0.0,0.0,0.0,0.0,0.0,0.0,0.0,0.0,,,0,0,unknown,,0.0,E_INVALID_OR_AUDIT_RISK,Repair taxonomy/templates — space is dominated by diagnostic-only relationships.,0.0,0,,0,0
2026_will_lee_chul_gyu_win_the_2026_gangwon_province_gubernatorial_election_presidential_election_candidate_winner,2026_will_lee_chul_gyu_win_the_2026_gangwon_province_gubernatorial_election_presidential_election_candidate_winner,,outcome_space,none,0,6,0,0,6,1.0,0,0,0,0,0,0,0,0,0,0.0,0.0,0.0,0.0,0.0,0.0,0.0,0.0,0.0,0.0,0.0,0.0,,,0,0,unknown,,0.0,E_INVALID_OR_AUDIT_RISK,Repair taxonomy/templates — space is dominated by diagnostic-only relationships.,0.0,0,,0,0
2026_will_lee_hak_jae_win_the_2026_incheon_mayoral_election_presidential_election_candidate_winner,2026_will_lee_hak_jae_win_the_2026_incheon_mayoral_election_presidential_election_candidate_winner,,outcome_space,none,0,5,0,0,5,1.0,0,0,0,0,0,0,0,0,0,0.0,0.0,0.0,0.0,0.0,0.0,0.0,0.0,0.0,0.0,0.0,0.0,,,0,0,unknown,,0.0,E_INVALID_OR_AUDIT_RISK,Repair taxonomy/templates — space is dominated by diagnostic-only relationships.,0.0,0,,0,0
2026_will_lee_jae_sung_win_the_2026_busan_mayoral_election_presidential_election_candidate_winner,2026_will_lee_jae_sung_win_the_2026_busan_mayoral_election_presidential_election_candidate_winner,,outcome_space,none,0,12,0,0,12,1.0,0,0,0,0,0,0,0,0,0,0.0,0.0,0.0,0.0,0.0,0.0,0.0,0.0,0.0,0.0,0.0,0.0,,,0,0,unknown,,0.0,E_INVALID_OR_AUDIT_RISK,Repair taxonomy/templates — space is dominated by diagnostic-only relationships.,0.0,0,,0,0
2026_will_lee_jong_bae_win_the_2026_chungcheongbuk_province_gubernatorial_election_presidential_election_candidate_winner,2026_will_lee_jong_bae_win_the_2026_chungcheongbuk_province_gubernatorial_election_presidential_election_candidate_winner,,outcome_space,none,0,6,0,0,6,1.0,0,0,0,0,0,0,0,0,0,0.0,0.0,0.0,0.0,0.0,0.0,0.0,0.0,0.0,0.0,0.0,0.0,,,0,0,unknown,,0.0,E_INVALID_OR_AUDIT_RISK,Repair taxonomy/templates — space is dominated by diagnostic-only relationships.,0.0,0,,0,0
2026_will_lee_jun_seok_win_the_2026_gyeonggi_province_gubernatorial_election_presidential_election_candidate_winner,2026_will_lee_jun_seok_win_the_2026_gyeonggi_province_gubernatorial_election_presidential_election_candidate_winner,,outcome_space,none,0,21,0,0,21,1.0,0,0,0,0,0,0,0,0,0,0.0,0.0,0.0,0.0,0.0,0.0,0.0,0.0,0.0,0.0,0.0,0.0,,,0,0,unknown,,0.0,E_INVALID_OR_AUDIT_RISK,Repair taxonomy/templates — space is dominated by diagnostic-only relationships.,0.0,0,,0,0
2026_will_lee_kwang_jae_win_the_2026_gangwon_province_gubernatorial_election_presidential_election_candidate_winner,2026_will_lee_kwang_jae_win_the_2026_gangwon_province_gubernatorial_election_presidential_election_candidate_winner,,outcome_space,none,0,2,0,0,2,1.0,0,0,0,0,0,0,0,0,0,0.0,0.0,0.0,0.0,0.0,0.0,0.0,0.0,0.0,0.0,0.0,0.0,,,0,0,unknown,,0.0,E_INVALID_OR_AUDIT_RISK,Repair taxonomy/templates — space is dominated by diagnostic-only relationships.,0.0,0,,0,0
2026_will_lee_un_ju_win_the_2026_gyeonggi_province_gubernatorial_election_presidential_election_candidate_winner,2026_will_lee_un_ju_win_the_2026_gyeonggi_province_gubernatorial_election_presidential_election_candidate_winner,,outcome_space,none,0,28,0,0,28,1.0,0,0,0,0,0,0,0,0,0,0.0,0.0,0.0,0.0,0.0,0.0,0.0,0.0,0.0,0.0,0.0,0.0,,,0,0,unknown,,0.0,E_INVALID_OR_AUDIT_RISK,Repair taxonomy/templates — space is dominated by diagnostic-only relationships.,0.0,0,,0,0
2026_will_leisa_mitchell_haynes_win_the_2026_oklahoma_governor_republican_primary_election_presidential_election_candidate_winner,2026_will_leisa_mitchell_haynes_win_the_2026_oklahoma_governor_republican_primary_election_presidential_election_candidate_winner,,outcome_space,none,0,5,0,0,5,1.0,0,0,0,0,0,0,0,0,0,0.0,0.0,0.0,0.0,0.0,0.0,0.0,0.0,0.0,0.0,0.0,0.0,,,0,0,unknown,,0.0,E_INVALID_OR_AUDIT_RISK,Repair taxonomy/templates — space is dominated by diagnostic-only relationships.,0.0,0,,0,0
2026_will_leland_olinger_ii_win_the_2026_georgia_governor_republican_primary_election_presidential_election_candidate_winner,2026_will_leland_olinger_ii_win_the_2026_georgia_governor_republican_primary_election_presidential_election_candidate_winner,,outcome_space,none,0,1,0,0,1,1.0,0,0,0,0,0,0,0,0,0,0.0,0.0,0.0,0.0,0.0,0.0,0.0,0.0,0.0,0.0,0.0,0.0,,,0,0,unknown,,0.0,E_INVALID_OR_AUDIT_RISK,Repair taxonomy/templates — space is dominated by diagnostic-only relationships.,0.0,0,,0,0
2026_will_leo_zacky_win_the_california_governor_election_in_2026_presidential_election_candidate_winner,2026_will_leo_zacky_win_the_california_governor_election_in_2026_presidential_election_candidate_winner,,outcome_space,none,0,6,0,0,6,1.0,0,0,0,0,0,0,0,0,0,0.0,0.0,0.0,0.0,0.0,0.0,0.0,0.0,0.0,0.0,0.0,0.0,,,0,0,unknown,,0.0,E_INVALID_OR_AUDIT_RISK,Repair taxonomy/templates — space is dominated by diagnostic-only relationships.,0.0,0,,0,0
2026_will_lindsey_horvath_win_the_2026_los_angeles_mayoral_election_presidential_election_candidate_winner,2026_will_lindsey_horvath_win_the_2026_los_angeles_mayoral_election_presidential_election_candidate_winner,,outcome_space,none,0,39,0,0,39,1.0,0,0,0,0,0,0,0,0,0,0.0,0.0,0.0,0.0,0.0,0.0,0.0,0.0,0.0,0.0,0.0,0.0,,,0,0,unknown,,0.0,E_INVALID_OR_AUDIT_RISK,Repair taxonomy/templates — space is dominated by diagnostic-only relationships.,0.0,0,,0,0
2026_will_linke_win_the_most_seats_in_the_2026_berlin_state_elections_presidential_election_candidate_winner,2026_will_linke_win_the_most_seats_in_the_2026_berlin_state_elections_presidential_election_candidate_winner,,outcome_space,none,0,2,0,0,2,1.0,0,0,0,0,0,0,0,0,0,0.0,0.0,0.0,0.0,0.0,0.0,0.0,0.0,0.0,0.0,0.0,0.0,,,0,0,unknown,,0.0,E_INVALID_OR_AUDIT_RISK,Repair taxonomy/templates — space is dominated by diagnostic-only relationships.,0.0,0,,0,0
2026_will_lisa_murkowski_win_the_2026_alaska_governor_election_presidential_election_candidate_winner,2026_will_lisa_murkowski_win_the_2026_alaska_governor_election_presidential_election_candidate_winner,,outcome_space,none,0,40,0,0,40,1.0,0,0,0,0,0,0,0,0,0,0.0,0.0,0.0,0.0,0.0,0.0,0.0,0.0,0.0,0.0,0.0,0.0,,,0,0,unknown,,0.0,E_INVALID_OR_AUDIT_RISK,Repair taxonomy/templates — space is dominated by diagnostic-only relationships.,0.0,0,,0,0
2026_will_mark_baisley_win_the_2026_colorado_governor_republican_primary_election_presidential_election_candidate_winner,2026_will_mark_baisley_win_the_2026_colorado_governor_republican_primary_election_presidential_election_candidate_winner,,outcome_space,none,0,14,0,0,14,1.0,0,0,0,0,0,0,0,0,0,0.0,0.0,0.0,0.0,0.0,0.0,0.0,0.0,0.0,0.0,0.0,0.0,,,0,0,unknown,,0.0,E_INVALID_OR_AUDIT_RISK,Repair taxonomy/templates — space is dominated by diagnostic-only relationships.,0.0,0,,0,0
2026_will_mark_murphy_win_the_2026_new_mexico_governor_republican_primary_election_presidential_election_candidate_winner,2026_will_mark_murphy_win_the_2026_new_mexico_governor_republican_primary_election_presidential_election_candidate_winner,,outcome_space,none,0,4,0,0,4,1.0,0,0,0,0,0,0,0,0,0,0.0,0.0,0.0,0.0,0.0,0.0,0.0,0.0,0.0,0.0,0.0,0.0,,,0,0,unknown,,0.0,E_INVALID_OR_AUDIT_RISK,Repair taxonomy/templates — space is dominated by diagnostic-only relationships.,0.0,0,,0,0
2026_will_mary_peltola_win_the_2026_alaska_governor_election_presidential_election_candidate_winner,2026_will_mary_peltola_win_the_2026_alaska_governor_election_presidential_election_candidate_winner,,outcome_space,none,0,38,0,0,38,1.0,0,0,0,0,0,0,0,0,0,0.0,0.0,0.0,0.0,0.0,0.0,0.0,0.0,0.0,0.0,0.0,0.0,,,0,0,unknown,,0.0,E_INVALID_OR_AUDIT_RISK,Repair taxonomy/templates — space is dominated by diagnostic-only relationships.,0.0,0,,0,0
2026_will_matt_claman_win_the_2026_alaska_governor_election_presidential_election_candidate_winner,2026_will_matt_claman_win_the_2026_alaska_governor_election_presidential_election_candidate_winner,,outcome_space,none,0,34,0,0,34,1.0,0,0,0,0,0,0,0,0,0,0.0,0.0,0.0,0.0,0.0,0.0,0.0,0.0,0.0,0.0,0.0,0.0,,,0,0,unknown,,0.0,E_INVALID_OR_AUDIT_RISK,Repair taxonomy/templates — space is dominated by diagnostic-only relationships.,0.0,0,,0,0
2026_will_matt_heilala_win_the_2026_alaska_governor_election_presidential_election_candidate_winner,2026_will_matt_heilala_win_the_2026_alaska_governor_election_presidential_election_candidate_winner,,outcome_space,none,0,45,0,0,45,1.0,0,0,0,0,0,0,0,0,0,0.0,0.0,0.0,0.0,0.0,0.0,0.0,0.0,0.0,0.0,0.0,0.0,,,0,0,unknown,,0.0,E_INVALID_OR_AUDIT_RISK,Repair taxonomy/templates — space is dominated by diagnostic-only relationships.,0.0,0,,0,0
2026_will_matt_mahan_win_the_california_governor_election_in_2026_presidential_election_candidate_winner,2026_will_matt_mahan_win_the_california_governor_election_in_2026_presidential_election_candidate_winner,,outcome_space,none,0,1,0,0,1,1.0,0,0,0,0,0,0,0,0,0,0.0,0.0,0.0,0.0,0.0,0.0,0.0,0.0,0.0,0.0,0.0,0.0,,,0,0,unknown,,0.0,E_INVALID_OR_AUDIT_RISK,Repair taxonomy/templates — space is dominated by diagnostic-only relationships.,0.0,0,,0,0
2026_will_michael_bennet_win_the_2026_colorado_governor_democratic_primary_election_presidential_election_candidate_winner,2026_will_michael_bennet_win_the_2026_colorado_governor_democratic_primary_election_presidential_election_candidate_winner,,outcome_space,none,0,3,0,0,3,1.0,0,0,0,0,0,0,0,0,0,0.0,0.0,0.0,0.0,0.0,0.0,0.0,0.0,0.0,0.0,0.0,0.0,,,0,0,unknown,,0.0,E_INVALID_OR_AUDIT_RISK,Repair taxonomy/templates — space is dominated by diagnostic-only relationships.,0.0,0,,0,0
2026_will_michael_younger_win_the_california_governor_election_in_2026_presidential_election_candidate_winner,2026_will_michael_younger_win_the_california_governor_election_in_2026_presidential_election_candidate_winner,,outcome_space,none,0,7,0,0,7,1.0,0,0,0,0,0,0,0,0,0,0.0,0.0,0.0,0.0,0.0,0.0,0.0,0.0,0.0,0.0,0.0,0.0,,,0,0,unknown,,0.0,E_INVALID_OR_AUDIT_RISK,Repair taxonomy/templates — space is dominated by diagnostic-only relationships.,0.0,0,,0,0
2026_will_mike_mazzei_win_the_2026_oklahoma_governor_republican_primary_election_presidential_election_candidate_winner,2026_will_mike_mazzei_win_the_2026_oklahoma_governor_republican_primary_election_presidential_election_candidate_winner,,outcome_space,none,0,4,0,0,4,1.0,0,0,0,0,0,0,0,0,0,0.0,0.0,0.0,0.0,0.0,0.0,0.0,0.0,0.0,0.0,0.0,0.0,,,0,0,unknown,,0.0,E_INVALID_OR_AUDIT_RISK,Repair taxonomy/templates — space is dominated by diagnostic-only relationships.,0.0,0,,0,0
2026_will_monica_rodriguez_win_the_2026_los_angeles_mayoral_election_presidential_election_candidate_winner,2026_will_monica_rodriguez_win_the_2026_los_angeles_mayoral_election_presidential_election_candidate_winner,,outcome_space,none,0,38,0,0,38,1.0,0,0,0,0,0,0,0,0,0,0.0,0.0,0.0,0.0,0.0,0.0,0.0,0.0,0.0,0.0,0.0,0.0,,,0,0,unknown,,0.0,E_INVALID_OR_AUDIT_RISK,Repair taxonomy/templates — space is dominated by diagnostic-only relationships.,0.0,0,,0,0
2026_will_moon_jin_seok_win_the_2026_chungcheongnam_province_gubernatorial_election_presidential_election_candidate_winner,2026_will_moon_jin_seok_win_the_2026_chungcheongnam_province_gubernatorial_election_presidential_election_candidate_winner,,outcome_space,none,0,10,0,0,10,1.0,0,0,0,0,0,0,0,0,0,0.0,0.0,0.0,0.0,0.0,0.0,0.0,0.0,0.0,0.0,0.0,0.0,,,0,0,unknown,,0.0,E_INVALID_OR_AUDIT_RISK,Repair taxonomy/templates — space is dominated by diagnostic-only relationships.,0.0,0,,0,0
2026_will_na_kyung_won_win_the_2026_gyeonggi_province_gubernatorial_election_presidential_election_candidate_winner,2026_will_na_kyung_won_win_the_2026_gyeonggi_province_gubernatorial_election_presidential_election_candidate_winner,,outcome_space,none,0,19,0,0,19,1.0,0,0,0,0,0,0,0,0,0,0.0,0.0,0.0,0.0,0.0,0.0,0.0,0.0,0.0,0.0,0.0,0.0,,,0,0,unknown,,0.0,E_INVALID_OR_AUDIT_RISK,Repair taxonomy/templates — space is dominated by diagnostic-only relationships.,0.0,0,,0,0
2026_will_na_kyung_won_win_the_2026_seoul_mayoral_election_presidential_election_candidate_winner,2026_will_na_kyung_won_win_the_2026_seoul_mayoral_election_presidential_election_candidate_winner,,outcome_space,none,0,34,0,0,34,1.0,0,0,0,0,0,0,0,0,0,0.0,0.0,0.0,0.0,0.0,0.0,0.0,0.0,0.0,0.0,0.0,0.0,,,0,0,unknown,,0.0,E_INVALID_OR_AUDIT_RISK,Repair taxonomy/templates — space is dominated by diagnostic-only relationships.,0.0,0,,0,0
2026_will_nancy_dahlstrom_win_the_2026_alaska_governor_election_presidential_election_candidate_winner,2026_will_nancy_dahlstrom_win_the_2026_alaska_governor_election_presidential_election_candidate_winner,,outcome_space,none,0,47,0,0,47,1.0,0,0,0,0,0,0,0,0,0,0.0,0.0,0.0,0.0,0.0,0.0,0.0,0.0,0.0,0.0,0.0,0.0,,,0,0,unknown,,0.0,E_INVALID_OR_AUDIT_RISK,Repair taxonomy/templates — space is dominated by diagnostic-only relationships.,0.0,0,,0,0
2026_will_nicole_shanahan_win_the_california_governor_election_in_2026_presidential_election_candidate_winner,2026_will_nicole_shanahan_win_the_california_governor_election_in_2026_presidential_election_candidate_winner,,outcome_space,none,0,5,0,0,5,1.0,0,0,0,0,0,0,0,0,0,0.0,0.0,0.0,0.0,0.0,0.0,0.0,0.0,0.0,0.0,0.0,0.0,,,0,0,unknown,,0.0,E_INVALID_OR_AUDIT_RISK,Repair taxonomy/templates — space is dominated by diagnostic-only relationships.,0.0,0,,0,0
2026_will_nithya_raman_win_the_2026_los_angeles_mayoral_election_presidential_election_candidate_winner,2026_will_nithya_raman_win_the_2026_los_angeles_mayoral_election_presidential_election_candidate_winner,,outcome_space,none,0,36,0,0,36,1.0,0,0,0,0,0,0,0,0,0,0.0,0.0,0.0,0.0,0.0,0.0,0.0,0.0,0.0,0.0,0.0,0.0,,,0,0,unknown,,0.0,E_INVALID_OR_AUDIT_RISK,Repair taxonomy/templates — space is dominated by diagnostic-only relationships.,0.0,0,,0,0
2026_will_noh_yeong_min_win_the_2026_chungcheongbuk_province_gubernatorial_election_presidential_election_candidate_winner,2026_will_noh_yeong_min_win_the_2026_chungcheongbuk_province_gubernatorial_election_presidential_election_candidate_winner,,outcome_space,none,0,3,0,0,3,1.0,0,0,0,0,0,0,0,0,0,0.0,0.0,0.0,0.0,0.0,0.0,0.0,0.0,0.0,0.0,0.0,0.0,,,0,0,unknown,,0.0,E_INVALID_OR_AUDIT_RISK,Repair taxonomy/templates — space is dominated by diagnostic-only relationships.,0.0,0,,0,0
2026_will_oh_se_hoon_win_the_2026_seoul_mayoral_election_presidential_election_candidate_winner,2026_will_oh_se_hoon_win_the_2026_seoul_mayoral_election_presidential_election_candidate_winner,,outcome_space,none,0,34,0,0,34,1.0,0,0,0,0,0,0,0,0,0,0.0,0.0,0.0,0.0,0.0,0.0,0.0,0.0,0.0,0.0,0.0,0.0,,,0,0,unknown,,0.0,E_INVALID_OR_AUDIT_RISK,Repair taxonomy/templates — space is dominated by diagnostic-only relationships.,0.0,0,,0,0
2026_will_park_chan_dae_win_the_2026_incheon_mayoral_election_presidential_election_candidate_winner,2026_will_park_chan_dae_win_the_2026_incheon_mayoral_election_presidential_election_candidate_winner,,outcome_space,none,0,4,0,0,4,1.0,0,0,0,0,0,0,0,0,0,0.0,0.0,0.0,0.0,0.0,0.0,0.0,0.0,0.0,0.0,0.0,0.0,,,0,0,unknown,,0.0,E_INVALID_OR_AUDIT_RISK,Repair taxonomy/templates — space is dominated by diagnostic-only relationships.,0.0,0,,0,0
2026_will_park_heong_joon_win_the_2026_busan_mayoral_election_presidential_election_candidate_winner,2026_will_park_heong_joon_win_the_2026_busan_mayoral_election_presidential_election_candidate_winner,,outcome_space,none,0,20,0,0,20,1.0,0,0,0,0,0,0,0,0,0,0.0,0.0,0.0,0.0,0.0,0.0,0.0,0.0,0.0,0.0,0.0,0.0,,,0,0,unknown,,0.0,E_INVALID_OR_AUDIT_RISK,Repair taxonomy/templates — space is dominated by diagnostic-only relationships.,0.0,0,,0,0
2026_will_park_hong_keun_win_the_2026_seoul_mayoral_election_presidential_election_candidate_winner,2026_will_park_hong_keun_win_the_2026_seoul_mayoral_election_presidential_election_candidate_winner,,outcome_space,none,0,27,0,0,27,1.0,0,0,0,0,0,0,0,0,0,0.0,0.0,0.0,0.0,0.0,0.0,0.0,0.0,0.0,0.0,0.0,0.0,,,0,0,unknown,,0.0,E_INVALID_OR_AUDIT_RISK,Repair taxonomy/templates — space is dominated by diagnostic-only relationships.,0.0,0,,0,0
2026_will_park_jae_ho_win_the_2026_busan_mayoral_election_presidential_election_candidate_winner,2026_will_park_jae_ho_win_the_2026_busan_mayoral_election_presidential_election_candidate_winner,,outcome_space,none,0,15,0,0,15,1.0,0,0,0,0,0,0,0,0,0,0.0,0.0,0.0,0.0,0.0,0.0,0.0,0.0,0.0,0.0,0.0,0.0,,,0,0,unknown,,0.0,E_INVALID_OR_AUDIT_RISK,Repair taxonomy/templates — space is dominated by diagnostic-only relationships.,0.0,0,,0,0
2026_will_park_ju_min_win_the_2026_seoul_mayoral_election_presidential_election_candidate_winner,2026_will_park_ju_min_win_the_2026_seoul_mayoral_election_presidential_election_candidate_winner,,outcome_space,none,0,29,0,0,29,1.0,0,0,0,0,0,0,0,0,0,0.0,0.0,0.0,0.0,0.0,0.0,0.0,0.0,0.0,0.0,0.0,0.0,,,0,0,unknown,,0.0,E_INVALID_OR_AUDIT_RISK,Repair taxonomy/templates — space is dominated by diagnostic-only relationships.,0.0,0,,0,0
2026_will_park_nam_choon_win_the_2026_incheon_mayoral_election_presidential_election_candidate_winner,2026_will_park_nam_choon_win_the_2026_incheon_mayoral_election_presidential_election_candidate_winner,,outcome_space,none,0,3,0,0,3,1.0,0,0,0,0,0,0,0,0,0,0.0,0.0,0.0,0.0,0.0,0.0,0.0,0.0,0.0,0.0,0.0,0.0,,,0,0,unknown,,0.0,E_INVALID_OR_AUDIT_RISK,Repair taxonomy/templates — space is dominated by diagnostic-only relationships.,0.0,0,,0,0
2026_will_park_seong_hoon_win_the_2026_busan_mayoral_election_presidential_election_candidate_winner,2026_will_park_seong_hoon_win_the_2026_busan_mayoral_election_presidential_election_candidate_winner,,outcome_space,none,0,16,0,0,16,1.0,0,0,0,0,0,0,0,0,0,0.0,0.0,0.0,0.0,0.0,0.0,0.0,0.0,0.0,0.0,0.0,0.0,,,0,0,unknown,,0.0,E_INVALID_OR_AUDIT_RISK,Repair taxonomy/templates — space is dominated by diagnostic-only relationships.,0.0,0,,0,0
2026_will_park_soo_hyun_win_the_2026_chungcheongnam_province_gubernatorial_election_presidential_election_candidate_winner,2026_will_park_soo_hyun_win_the_2026_chungcheongnam_province_gubernatorial_election_presidential_election_candidate_winner,,outcome_space,none,0,9,0,0,9,1.0,0,0,0,0,0,0,0,0,0,0.0,0.0,0.0,0.0,0.0,0.0,0.0,0.0,0.0,0.0,0.0,0.0,,,0,0,unknown,,0.0,E_INVALID_OR_AUDIT_RISK,Repair taxonomy/templates — space is dominated by diagnostic-only relationships.,0.0,0,,0,0
2026_will_park_yong_jin_win_the_2026_seoul_mayoral_election_presidential_election_candidate_winner,2026_will_park_yong_jin_win_the_2026_seoul_mayoral_election_presidential_election_candidate_winner,,outcome_space,none,0,28,0,0,28,1.0,0,0,0,0,0,0,0,0,0,0.0,0.0,0.0,0.0,0.0,0.0,0.0,0.0,0.0,0.0,0.0,0.0,,,0,0,unknown,,0.0,E_INVALID_OR_AUDIT_RISK,Repair taxonomy/templates — space is dominated by diagnostic-only relationships.,0.0,0,,0,0
2026_will_parti_conservateur_du_qu_bec_win_the_most_seats_in_the_2026_quebec_general_election_presidential_election_candidate_winner,2026_will_parti_conservateur_du_qu_bec_win_the_most_seats_in_the_2026_quebec_general_election_presidential_election_candidate_winner,,outcome_space,none,0,1,0,0,1,1.0,0,0,0,0,0,0,0,0,0,0.0,0.0,0.0,0.0,0.0,0.0,0.0,0.0,0.0,0.0,0.0,0.0,,,0,0,unknown,,0.0,E_INVALID_OR_AUDIT_RISK,Repair taxonomy/templates — space is dominated by diagnostic-only relationships.,0.0,0,,0,0
2026_will_parti_lib_ral_du_qu_bec_win_the_most_seats_in_the_2026_quebec_general_election_presidential_election_candidate_winner,2026_will_parti_lib_ral_du_qu_bec_win_the_most_seats_in_the_2026_quebec_general_election_presidential_election_candidate_winner,,outcome_space,none,0,3,0,0,3,1.0,0,0,0,0,0,0,0,0,0,0.0,0.0,0.0,0.0,0.0,0.0,0.0,0.0,0.0,0.0,0.0,0.0,,,0,0,unknown,,0.0,E_INVALID_OR_AUDIT_RISK,Repair taxonomy/templates — space is dominated by diagnostic-only relationships.,0.0,0,,0,0
2026_will_parti_qu_b_cois_win_the_most_seats_in_the_2026_quebec_general_election_presidential_election_candidate_winner,2026_will_parti_qu_b_cois_win_the_most_seats_in_the_2026_quebec_general_election_presidential_election_candidate_winner,,outcome_space,none,0,4,0,0,4,1.0,0,0,0,0,0,0,0,0,0,0.0,0.0,0.0,0.0,0.0,0.0,0.0,0.0,0.0,0.0,0.0,0.0,,,0,0,unknown,,0.0,E_INVALID_OR_AUDIT_RISK,Repair taxonomy/templates — space is dominated by diagnostic-only relationships.,0.0,0,,0,0
2026_will_pat_hahn_win_the_2026_new_york_governor_republican_primary_election_presidential_election_candidate_winner,2026_will_pat_hahn_win_the_2026_new_york_governor_republican_primary_election_presidential_election_candidate_winner,,outcome_space,none,0,3,0,0,3,1.0,0,0,0,0,0,0,0,0,0,0.0,0.0,0.0,0.0,0.0,0.0,0.0,0.0,0.0,0.0,0.0,0.0,,,0,0,unknown,,0.0,E_INVALID_OR_AUDIT_RISK,Repair taxonomy/templates — space is dominated by diagnostic-only relationships.,0.0,0,,0,0
2026_will_patrick_kopke_hales_win_the_2026_oregon_governor_republican_primary_election_presidential_election_candidate_winner,2026_will_patrick_kopke_hales_win_the_2026_oregon_governor_republican_primary_election_presidential_election_candidate_winner,,outcome_space,none,0,1,0,0,1,1.0,0,0,0,0,0,0,0,0,0,0.0,0.0,0.0,0.0,0.0,0.0,0.0,0.0,0.0,0.0,0.0,0.0,,,0,0,unknown,,0.0,E_INVALID_OR_AUDIT_RISK,Repair taxonomy/templates — space is dominated by diagnostic-only relationships.,0.0,0,,0,0
2026_will_phil_weiser_win_the_2026_colorado_governor_democratic_primary_election_presidential_election_candidate_winner,2026_will_phil_weiser_win_the_2026_colorado_governor_democratic_primary_election_presidential_election_candidate_winner,,outcome_space,none,0,2,0,0,2,1.0,0,0,0,0,0,0,0,0,0,0.0,0.0,0.0,0.0,0.0,0.0,0.0,0.0,0.0,0.0,0.0,0.0,,,0,0,unknown,,0.0,E_INVALID_OR_AUDIT_RISK,Repair taxonomy/templates — space is dominated by diagnostic-only relationships.,0.0,0,,0,0
2026_will_qu_bec_solidaire_win_the_most_seats_in_the_2026_quebec_general_election_presidential_election_candidate_winner,2026_will_qu_bec_solidaire_win_the_most_seats_in_the_2026_quebec_general_election_presidential_election_candidate_winner,,outcome_space,none,0,2,0,0,2,1.0,0,0,0,0,0,0,0,0,0,0.0,0.0,0.0,0.0,0.0,0.0,0.0,0.0,0.0,0.0,0.0,0.0,,,0,0,unknown,,0.0,E_INVALID_OR_AUDIT_RISK,Repair taxonomy/templates — space is dominated by diagnostic-only relationships.,0.0,0,,0,0
2026_will_rae_huang_win_the_2026_los_angeles_mayoral_election_presidential_election_candidate_winner,2026_will_rae_huang_win_the_2026_los_angeles_mayoral_election_presidential_election_candidate_winner,,outcome_space,none,0,37,0,0,37,1.0,0,0,0,0,0,0,0,0,0,0.0,0.0,0.0,0.0,0.0,0.0,0.0,0.0,0.0,0.0,0.0,0.0,,,0,0,unknown,,0.0,E_INVALID_OR_AUDIT_RISK,Repair taxonomy/templates — space is dominated by diagnostic-only relationships.,0.0,0,,0,0
2026_will_rick_caruso_win_the_2026_los_angeles_mayoral_election_presidential_election_candidate_winner,2026_will_rick_caruso_win_the_2026_los_angeles_mayoral_election_presidential_election_candidate_winner,,outcome_space,none,0,44,0,0,44,1.0,0,0,0,0,0,0,0,0,0,0.0,0.0,0.0,0.0,0.0,0.0,0.0,0.0,0.0,0.0,0.0,0.0,,,0,0,unknown,,0.0,E_INVALID_OR_AUDIT_RISK,Repair taxonomy/templates — space is dominated by diagnostic-only relationships.,0.0,0,,0,0
2026_will_rick_caruso_win_the_california_governor_election_in_2026_presidential_election_candidate_winner,2026_will_rick_caruso_win_the_california_governor_election_in_2026_presidential_election_candidate_winner,,outcome_space,none,0,23,0,0,23,1.0,0,0,0,0,0,0,0,0,0,0.0,0.0,0.0,0.0,0.0,0.0,0.0,0.0,0.0,0.0,0.0,0.0,,,0,0,unknown,,0.0,E_INVALID_OR_AUDIT_RISK,Repair taxonomy/templates — space is dominated by diagnostic-only relationships.,0.0,0,,0,0
2026_will_robert_neuman_win_the_2026_oregon_governor_republican_primary_election_presidential_election_candidate_winner,2026_will_robert_neuman_win_the_2026_oregon_governor_republican_primary_election_presidential_election_candidate_winner,,outcome_space,none,0,7,0,0,7,1.0,0,0,0,0,0,0,0,0,0,0.0,0.0,0.0,0.0,0.0,0.0,0.0,0.0,0.0,0.0,0.0,0.0,,,0,0,unknown,,0.0,E_INVALID_OR_AUDIT_RISK,Repair taxonomy/templates — space is dominated by diagnostic-only relationships.,0.0,0,,0,0
2026_will_ryan_fazio_win_the_2026_connecticut_governor_republican_primary_election_presidential_election_candidate_winner,2026_will_ryan_fazio_win_the_2026_connecticut_governor_republican_primary_election_presidential_election_candidate_winner,,outcome_space,none,0,3,0,0,3,1.0,0,0,0,0,0,0,0,0,0,0.0,0.0,0.0,0.0,0.0,0.0,0.0,0.0,0.0,0.0,0.0,0.0,,,0,0,unknown,,0.0,E_INVALID_OR_AUDIT_RISK,Repair taxonomy/templates — space is dominated by diagnostic-only relationships.,0.0,0,,0,0
2026_will_ryan_walters_win_the_2026_oklahoma_governor_republican_primary_election_presidential_election_candidate_winner,2026_will_ryan_walters_win_the_2026_oklahoma_governor_republican_primary_election_presidential_election_candidate_winner,,outcome_space,none,0,1,0,0,1,1.0,0,0,0,0,0,0,0,0,0,0.0,0.0,0.0,0.0,0.0,0.0,0.0,0.0,0.0,0.0,0.0,0.0,,,0,0,unknown,,0.0,E_INVALID_OR_AUDIT_RISK,Repair taxonomy/templates — space is dominated by diagnostic-only relationships.,0.0,0,,0,0
2026_will_sam_bregman_win_the_2026_new_mexico_governor_democratic_primary_election_presidential_election_candidate_winner,2026_will_sam_bregman_win_the_2026_new_mexico_governor_democratic_primary_election_presidential_election_candidate_winner,,outcome_space,none,0,2,0,0,2,1.0,0,0,0,0,0,0,0,0,0,0.0,0.0,0.0,0.0,0.0,0.0,0.0,0.0,0.0,0.0,0.0,0.0,,,0,0,unknown,,0.0,E_INVALID_OR_AUDIT_RISK,Repair taxonomy/templates — space is dominated by diagnostic-only relationships.,0.0,0,,0,0
2026_will_scott_bottoms_win_the_2026_colorado_governor_republican_primary_election_presidential_election_candidate_winner,2026_will_scott_bottoms_win_the_2026_colorado_governor_republican_primary_election_presidential_election_candidate_winner,,outcome_space,none,0,13,0,0,13,1.0,0,0,0,0,0,0,0,0,0,0.0,0.0,0.0,0.0,0.0,0.0,0.0,0.0,0.0,0.0,0.0,0.0,,,0,0,unknown,,0.0,E_INVALID_OR_AUDIT_RISK,Repair taxonomy/templates — space is dominated by diagnostic-only relationships.,0.0,0,,0,0
2026_will_seo_young_kyo_win_the_2026_seoul_mayoral_election_presidential_election_candidate_winner,2026_will_seo_young_kyo_win_the_2026_seoul_mayoral_election_presidential_election_candidate_winner,,outcome_space,none,0,25,0,0,25,1.0,0,0,0,0,0,0,0,0,0,0.0,0.0,0.0,0.0,0.0,0.0,0.0,0.0,0.0,0.0,0.0,0.0,,,0,0,unknown,,0.0,E_INVALID_OR_AUDIT_RISK,Repair taxonomy/templates — space is dominated by diagnostic-only relationships.,0.0,0,,0,0
2026_will_shelley_hughes_win_the_2026_alaska_governor_election_presidential_election_candidate_winner,2026_will_shelley_hughes_win_the_2026_alaska_governor_election_presidential_election_candidate_winner,,outcome_space,none,0,44,0,0,44,1.0,0,0,0,0,0,0,0,0,0,0.0,0.0,0.0,0.0,0.0,0.0,0.0,0.0,0.0,0.0,0.0,0.0,,,0,0,unknown,,0.0,E_INVALID_OR_AUDIT_RISK,Repair taxonomy/templates — space is dominated by diagnostic-only relationships.,0.0,0,,0,0
2026_will_shin_yong_han_win_the_2026_chungcheongbuk_province_gubernatorial_election_presidential_election_candidate_winner,2026_will_shin_yong_han_win_the_2026_chungcheongbuk_province_gubernatorial_election_presidential_election_candidate_winner,,outcome_space,none,0,4,0,0,4,1.0,0,0,0,0,0,0,0,0,0,0.0,0.0,0.0,0.0,0.0,0.0,0.0,0.0,0.0,0.0,0.0,0.0,,,0,0,unknown,,0.0,E_INVALID_OR_AUDIT_RISK,Repair taxonomy/templates — space is dominated by diagnostic-only relationships.,0.0,0,,0,0
2026_will_song_gi_heon_win_the_2026_gangwon_province_gubernatorial_election_presidential_election_candidate_winner,2026_will_song_gi_heon_win_the_2026_gangwon_province_gubernatorial_election_presidential_election_candidate_winner,,outcome_space,none,0,1,0,0,1,1.0,0,0,0,0,0,0,0,0,0,0.0,0.0,0.0,0.0,0.0,0.0,0.0,0.0,0.0,0.0,0.0,0.0,,,0,0,unknown,,0.0,E_INVALID_OR_AUDIT_RISK,Repair taxonomy/templates — space is dominated by diagnostic-only relationships.,0.0,0,,0,0
2026_will_song_ki_sub_win_the_2026_chungcheongbuk_province_gubernatorial_election_presidential_election_candidate_winner,2026_will_song_ki_sub_win_the_2026_chungcheongbuk_province_gubernatorial_election_presidential_election_candidate_winner,,outcome_space,none,0,2,0,0,2,1.0,0,0,0,0,0,0,0,0,0,0.0,0.0,0.0,0.0,0.0,0.0,0.0,0.0,0.0,0.0,0.0,0.0,,,0,0,unknown,,0.0,E_INVALID_OR_AUDIT_RISK,Repair taxonomy/templates — space is dominated by diagnostic-only relationships.,0.0,0,,0,0
2026_will_spd_win_the_most_seats_in_the_2026_berlin_state_elections_presidential_election_candidate_winner,2026_will_spd_win_the_most_seats_in_the_2026_berlin_state_elections_presidential_election_candidate_winner,,outcome_space,none,0,4,0,0,4,1.0,0,0,0,0,0,0,0,0,0,0.0,0.0,0.0,0.0,0.0,0.0,0.0,0.0,0.0,0.0,0.0,0.0,,,0,0,unknown,,0.0,E_INVALID_OR_AUDIT_RISK,Repair taxonomy/templates — space is dominated by diagnostic-only relationships.,0.0,0,,0,0
2026_will_spencer_pratt_win_the_2026_los_angeles_mayoral_election_presidential_election_candidate_winner,2026_will_spencer_pratt_win_the_2026_los_angeles_mayoral_election_presidential_election_candidate_winner,,outcome_space,none,0,41,0,0,41,1.0,0,0,0,0,0,0,0,0,0,0.0,0.0,0.0,0.0,0.0,0.0,0.0,0.0,0.0,0.0,0.0,0.0,,,0,0,unknown,,0.0,E_INVALID_OR_AUDIT_RISK,Repair taxonomy/templates — space is dominated by diagnostic-only relationships.,0.0,0,,0,0
2026_will_stephen_cloobeck_win_the_california_governor_election_in_2026_presidential_election_candidate_winner,2026_will_stephen_cloobeck_win_the_california_governor_election_in_2026_presidential_election_candidate_winner,,outcome_space,none,0,16,0,0,16,1.0,0,0,0,0,0,0,0,0,0,0.0,0.0,0.0,0.0,0.0,0.0,0.0,0.0,0.0,0.0,0.0,0.0,,,0,0,unknown,,0.0,E_INVALID_OR_AUDIT_RISK,Repair taxonomy/templates — space is dominated by diagnostic-only relationships.,0.0,0,,0,0
2026_will_stevan_gess_win_the_2026_colorado_governor_republican_primary_election_presidential_election_candidate_winner,2026_will_stevan_gess_win_the_2026_colorado_governor_republican_primary_election_presidential_election_candidate_winner,,outcome_space,none,0,5,0,0,5,1.0,0,0,0,0,0,0,0,0,0,0.0,0.0,0.0,0.0,0.0,0.0,0.0,0.0,0.0,0.0,0.0,0.0,,,0,0,unknown,,0.0,E_INVALID_OR_AUDIT_RISK,Repair taxonomy/templates — space is dominated by diagnostic-only relationships.,0.0,0,,0,0
2026_will_steve_hilton_win_the_california_governor_election_in_2026_presidential_election_candidate_winner,2026_will_steve_hilton_win_the_california_governor_election_in_2026_presidential_election_candidate_winner,,outcome_space,none,0,18,0,0,18,1.0,0,0,0,0,0,0,0,0,0,0.0,0.0,0.0,0.0,0.0,0.0,0.0,0.0,0.0,0.0,0.0,0.0,,,0,0,unknown,,0.0,E_INVALID_OR_AUDIT_RISK,Repair taxonomy/templates — space is dominated by diagnostic-only relationships.,0.0,0,,0,0
2026_will_steve_lanier_win_the_2026_new_mexico_governor_republican_primary_election_presidential_election_candidate_winner,2026_will_steve_lanier_win_the_2026_new_mexico_governor_republican_primary_election_presidential_election_candidate_winner,,outcome_space,none,0,8,0,0,8,1.0,0,0,0,0,0,0,0,0,0,0.0,0.0,0.0,0.0,0.0,0.0,0.0,0.0,0.0,0.0,0.0,0.0,,,0,0,unknown,,0.0,E_INVALID_OR_AUDIT_RISK,Repair taxonomy/templates — space is dominated by diagnostic-only relationships.,0.0,0,,0,0
2026_will_suh_byung_soo_win_the_2026_busan_mayoral_election_presidential_election_candidate_winner,2026_will_suh_byung_soo_win_the_2026_busan_mayoral_election_presidential_election_candidate_winner,,outcome_space,none,0,17,0,0,17,1.0,0,0,0,0,0,0,0,0,0,0.0,0.0,0.0,0.0,0.0,0.0,0.0,0.0,0.0,0.0,0.0,0.0,,,0,0,unknown,,0.0,E_INVALID_OR_AUDIT_RISK,Repair taxonomy/templates — space is dominated by diagnostic-only relationships.,0.0,0,,0,0
2026_will_sung_il_jong_win_the_2026_chungcheongnam_province_gubernatorial_election_presidential_election_candidate_winner,2026_will_sung_il_jong_win_the_2026_chungcheongnam_province_gubernatorial_election_presidential_election_candidate_winner,,outcome_space,none,0,13,0,0,13,1.0,0,0,0,0,0,0,0,0,0,0.0,0.0,0.0,0.0,0.0,0.0,0.0,0.0,0.0,0.0,0.0,0.0,,,0,0,unknown,,0.0,E_INVALID_OR_AUDIT_RISK,Repair taxonomy/templates — space is dominated by diagnostic-only relationships.,0.0,0,,0,0
2026_will_susana_martinez_win_the_2026_new_mexico_governor_republican_primary_election_presidential_election_candidate_winner,2026_will_susana_martinez_win_the_2026_new_mexico_governor_republican_primary_election_presidential_election_candidate_winner,,outcome_space,none,0,2,0,0,2,1.0,0,0,0,0,0,0,0,0,0,0.0,0.0,0.0,0.0,0.0,0.0,0.0,0.0,0.0,0.0,0.0,0.0,,,0,0,unknown,,0.0,E_INVALID_OR_AUDIT_RISK,Repair taxonomy/templates — space is dominated by diagnostic-only relationships.,0.0,0,,0,0
2026_will_the_centre_party_c_win_the_most_seats_in_the_2026_swedish_parliamentary_election_presidential_election_candidate_winner,2026_will_the_centre_party_c_win_the_most_seats_in_the_2026_swedish_parliamentary_election_presidential_election_candidate_winner,,outcome_space,none,0,5,0,0,5,1.0,0,0,0,0,0,0,0,0,0,0.0,0.0,0.0,0.0,0.0,0.0,0.0,0.0,0.0,0.0,0.0,0.0,,,0,0,unknown,,0.0,E_INVALID_OR_AUDIT_RISK,Repair taxonomy/templates — space is dominated by diagnostic-only relationships.,0.0,0,,0,0
2026_will_the_christian_democrats_kd_win_the_most_seats_in_the_2026_swedish_parliamentary_election_presidential_election_party_winner,2026_will_the_christian_democrats_kd_win_the_most_seats_in_the_2026_swedish_parliamentary_election_presidential_election_party_winner,,outcome_space,none,0,3,0,0,3,1.0,0,0,0,0,0,0,0,0,0,0.0,0.0,0.0,0.0,0.0,0.0,0.0,0.0,0.0,0.0,0.0,0.0,,,0,0,unknown,,0.0,E_INVALID_OR_AUDIT_RISK,Repair taxonomy/templates — space is dominated by diagnostic-only relationships.,0.0,0,,0,0
2026_will_the_green_party_mp_win_the_most_seats_in_the_2026_swedish_parliamentary_election_presidential_election_candidate_winner,2026_will_the_green_party_mp_win_the_most_seats_in_the_2026_swedish_parliamentary_election_presidential_election_candidate_winner,,outcome_space,none,0,2,0,0,2,1.0,0,0,0,0,0,0,0,0,0,0.0,0.0,0.0,0.0,0.0,0.0,0.0,0.0,0.0,0.0,0.0,0.0,,,0,0,unknown,,0.0,E_INVALID_OR_AUDIT_RISK,Repair taxonomy/templates — space is dominated by diagnostic-only relationships.,0.0,0,,0,0
2026_will_the_left_party_v_win_the_most_seats_in_the_2026_swedish_parliamentary_election_presidential_election_candidate_winner,2026_will_the_left_party_v_win_the_most_seats_in_the_2026_swedish_parliamentary_election_presidential_election_candidate_winner,,outcome_space,none,0,4,0,0,4,1.0,0,0,0,0,0,0,0,0,0,0.0,0.0,0.0,0.0,0.0,0.0,0.0,0.0,0.0,0.0,0.0,0.0,,,0,0,unknown,,0.0,E_INVALID_OR_AUDIT_RISK,Repair taxonomy/templates — space is dominated by diagnostic-only relationships.,0.0,0,,0,0
2026_will_the_liberals_l_win_the_most_seats_in_the_2026_swedish_parliamentary_election_presidential_election_candidate_winner,2026_will_the_liberals_l_win_the_most_seats_in_the_2026_swedish_parliamentary_election_presidential_election_candidate_winner,,outcome_space,none,0,1,0,0,1,1.0,0,0,0,0,0,0,0,0,0,0.0,0.0,0.0,0.0,0.0,0.0,0.0,0.0,0.0,0.0,0.0,0.0,,,0,0,unknown,,0.0,E_INVALID_OR_AUDIT_RISK,Repair taxonomy/templates — space is dominated by diagnostic-only relationships.,0.0,0,,0,0
2026_will_the_moderate_party_m_win_the_most_seats_in_the_2026_swedish_parliamentary_election_presidential_election_candidate_winner,2026_will_the_moderate_party_m_win_the_most_seats_in_the_2026_swedish_parliamentary_election_presidential_election_candidate_winner,,outcome_space,none,0,6,0,0,6,1.0,0,0,0,0,0,0,0,0,0,0.0,0.0,0.0,0.0,0.0,0.0,0.0,0.0,0.0,0.0,0.0,0.0,,,0,0,unknown,,0.0,E_INVALID_OR_AUDIT_RISK,Repair taxonomy/templates — space is dominated by diagnostic-only relationships.,0.0,0,,0,0
2026_will_the_people_power_party_ppp_win_the_2026_south_korean_local_elections_presidential_election_candidate_winner,2026_will_the_people_power_party_ppp_win_the_2026_south_korean_local_elections_presidential_election_candidate_winner,,outcome_space,none,0,4,0,0,4,1.0,0,0,0,0,0,0,0,0,0,0.0,0.0,0.0,0.0,0.0,0.0,0.0,0.0,0.0,0.0,0.0,0.0,,,0,0,unknown,,0.0,E_INVALID_OR_AUDIT_RISK,Repair taxonomy/templates — space is dominated by diagnostic-only relationships.,0.0,0,,0,0
2026_will_the_progressive_party_pp_win_the_2026_south_korean_local_elections_presidential_election_candidate_winner,2026_will_the_progressive_party_pp_win_the_2026_south_korean_local_elections_presidential_election_candidate_winner,,outcome_space,none,0,1,0,0,1,1.0,0,0,0,0,0,0,0,0,0,0.0,0.0,0.0,0.0,0.0,0.0,0.0,0.0,0.0,0.0,0.0,0.0,,,0,0,unknown,,0.0,E_INVALID_OR_AUDIT_RISK,Repair taxonomy/templates — space is dominated by diagnostic-only relationships.,0.0,0,,0,0
2026_will_the_rebuilding_korea_party_rkp_win_the_2026_south_korean_local_elections_presidential_election_candidate_winner,2026_will_the_rebuilding_korea_party_rkp_win_the_2026_south_korean_local_elections_presidential_election_candidate_winner,,outcome_space,none,0,2,0,0,2,1.0,0,0,0,0,0,0,0,0,0,0.0,0.0,0.0,0.0,0.0,0.0,0.0,0.0,0.0,0.0,0.0,0.0,,,0,0,unknown,,0.0,E_INVALID_OR_AUDIT_RISK,Repair taxonomy/templates — space is dominated by diagnostic-only relationships.,0.0,0,,0,0
2026_will_the_sweden_democrats_sd_win_the_most_seats_in_the_2026_swedish_parliamentary_election_presidential_election_party_winner,2026_will_the_sweden_democrats_sd_win_the_most_seats_in_the_2026_swedish_parliamentary_election_presidential_election_party_winner,,outcome_space,none,0,7,0,0,7,1.0,0,0,0,0,0,0,0,0,0,0.0,0.0,0.0,0.0,0.0,0.0,0.0,0.0,0.0,0.0,0.0,0.0,,,0,0,unknown,,0.0,E_INVALID_OR_AUDIT_RISK,Repair taxonomy/templates — space is dominated by diagnostic-only relationships.,0.0,0,,0,0
2026_will_the_swedish_social_democratic_party_s_win_the_most_seats_in_the_2026_swedish_parliamentary_election_presidential_election_party_winner,2026_will_the_swedish_social_democratic_party_s_win_the_most_seats_in_the_2026_swedish_parliamentary_election_presidential_election_party_winner,,outcome_space,none,0,8,0,0,8,1.0,0,0,0,0,0,0,0,0,0,0.0,0.0,0.0,0.0,0.0,0.0,0.0,0.0,0.0,0.0,0.0,0.0,,,0,0,unknown,,0.0,E_INVALID_OR_AUDIT_RISK,Repair taxonomy/templates — space is dominated by diagnostic-only relationships.,0.0,0,,0,0
2026_will_timothy_wilcox_win_the_2026_connecticut_governor_republican_primary_election_presidential_election_candidate_winner,2026_will_timothy_wilcox_win_the_2026_connecticut_governor_republican_primary_election_presidential_election_candidate_winner,,outcome_space,none,0,2,0,0,2,1.0,0,0,0,0,0,0,0,0,0,0.0,0.0,0.0,0.0,0.0,0.0,0.0,0.0,0.0,0.0,0.0,0.0,,,0,0,unknown,,0.0,E_INVALID_OR_AUDIT_RISK,Repair taxonomy/templates — space is dominated by diagnostic-only relationships.,0.0,0,,0,0
2026_will_tom_begich_win_the_2026_alaska_governor_election_presidential_election_candidate_winner,2026_will_tom_begich_win_the_2026_alaska_governor_election_presidential_election_candidate_winner,,outcome_space,none,0,39,0,0,39,1.0,0,0,0,0,0,0,0,0,0,0.0,0.0,0.0,0.0,0.0,0.0,0.0,0.0,0.0,0.0,0.0,0.0,,,0,0,unknown,,0.0,E_INVALID_OR_AUDIT_RISK,Repair taxonomy/templates — space is dominated by diagnostic-only relationships.,0.0,0,,0,0
2026_will_tom_sherman_win_the_2026_new_hampshire_governor_democratic_primary_election_presidential_election_candidate_winner,2026_will_tom_sherman_win_the_2026_new_hampshire_governor_democratic_primary_election_presidential_election_candidate_winner,,outcome_space,none,0,3,0,0,3,1.0,0,0,0,0,0,0,0,0,0,0.0,0.0,0.0,0.0,0.0,0.0,0.0,0.0,0.0,0.0,0.0,0.0,,,0,0,unknown,,0.0,E_INVALID_OR_AUDIT_RISK,Repair taxonomy/templates — space is dominated by diagnostic-only relationships.,0.0,0,,0,0
2026_will_tom_steyer_win_the_california_governor_election_in_2026_presidential_election_candidate_winner,2026_will_tom_steyer_win_the_california_governor_election_in_2026_presidential_election_candidate_winner,,outcome_space,none,0,3,0,0,3,1.0,0,0,0,0,0,0,0,0,0,0.0,0.0,0.0,0.0,0.0,0.0,0.0,0.0,0.0,0.0,0.0,0.0,,,0,0,unknown,,0.0,E_INVALID_OR_AUDIT_RISK,Repair taxonomy/templates — space is dominated by diagnostic-only relationships.,0.0,0,,0,0
2026_will_toni_atkins_win_the_california_governor_election_in_2026_presidential_election_candidate_winner,2026_will_toni_atkins_win_the_california_governor_election_in_2026_presidential_election_candidate_winner,,outcome_space,none,0,13,0,0,13,1.0,0,0,0,0,0,0,0,0,0,0.0,0.0,0.0,0.0,0.0,0.0,0.0,0.0,0.0,0.0,0.0,0.0,,,0,0,unknown,,0.0,E_INVALID_OR_AUDIT_RISK,Repair taxonomy/templates — space is dominated by diagnostic-only relationships.,0.0,0,,0,0
2026_will_tony_thurmond_win_the_california_governor_election_in_2026_presidential_election_candidate_winner,2026_will_tony_thurmond_win_the_california_governor_election_in_2026_presidential_election_candidate_winner,,outcome_space,none,0,8,0,0,8,1.0,0,0,0,0,0,0,0,0,0,0.0,0.0,0.0,0.0,0.0,0.0,0.0,0.0,0.0,0.0,0.0,0.0,,,0,0,unknown,,0.0,E_INVALID_OR_AUDIT_RISK,Repair taxonomy/templates — space is dominated by diagnostic-only relationships.,0.0,0,,0,0
2026_will_treg_taylor_win_the_2026_alaska_governor_election_presidential_election_candidate_winner,2026_will_treg_taylor_win_the_2026_alaska_governor_election_presidential_election_candidate_winner,,outcome_space,none,0,42,0,0,42,1.0,0,0,0,0,0,0,0,0,0,0.0,0.0,0.0,0.0,0.0,0.0,0.0,0.0,0.0,0.0,0.0,0.0,,,0,0,unknown,,0.0,E_INVALID_OR_AUDIT_RISK,Repair taxonomy/templates — space is dominated by diagnostic-only relationships.,0.0,0,,0,0
2026_will_victor_marx_win_the_2026_colorado_governor_republican_primary_election_presidential_election_candidate_winner,2026_will_victor_marx_win_the_2026_colorado_governor_republican_primary_election_presidential_election_candidate_winner,,outcome_space,none,0,8,0,0,8,1.0,0,0,0,0,0,0,0,0,0,0.0,0.0,0.0,0.0,0.0,0.0,0.0,0.0,0.0,0.0,0.0,0.0,,,0,0,unknown,,0.0,E_INVALID_OR_AUDIT_RISK,Repair taxonomy/templates — space is dominated by diagnostic-only relationships.,0.0,0,,0,0
2026_will_will_boyd_win_the_2026_alabama_governor_democratic_primary_election_presidential_election_candidate_winner,2026_will_will_boyd_win_the_2026_alabama_governor_democratic_primary_election_presidential_election_candidate_winner,,outcome_space,none,0,4,0,0,4,1.0,0,0,0,0,0,0,0,0,0,0.0,0.0,0.0,0.0,0.0,0.0,0.0,0.0,0.0,0.0,0.0,0.0,,,0,0,unknown,,0.0,E_INVALID_OR_AUDIT_RISK,Repair taxonomy/templates — space is dominated by diagnostic-only relationships.,0.0,0,,0,0
2026_will_will_mcbride_win_the_2026_colorado_governor_republican_primary_election_presidential_election_candidate_winner,2026_will_will_mcbride_win_the_2026_colorado_governor_republican_primary_election_presidential_election_candidate_winner,,outcome_space,none,0,7,0,0,7,1.0,0,0,0,0,0,0,0,0,0,0.0,0.0,0.0,0.0,0.0,0.0,0.0,0.0,0.0,0.0,0.0,0.0,,,0,0,unknown,,0.0,E_INVALID_OR_AUDIT_RISK,Repair taxonomy/templates — space is dominated by diagnostic-only relationships.,0.0,0,,0,0
2026_will_won_hee_ryong_win_the_2026_gyeonggi_province_gubernatorial_election_presidential_election_candidate_winner,2026_will_won_hee_ryong_win_the_2026_gyeonggi_province_gubernatorial_election_presidential_election_candidate_winner,,outcome_space,none,0,23,0,0,23,1.0,0,0,0,0,0,0,0,0,0,0.0,0.0,0.0,0.0,0.0,0.0,0.0,0.0,0.0,0.0,0.0,0.0,,,0,0,unknown,,0.0,E_INVALID_OR_AUDIT_RISK,Repair taxonomy/templates — space is dominated by diagnostic-only relationships.,0.0,0,,0,0
2026_will_woo_sang_ho_win_the_2026_gangwon_province_gubernatorial_election_presidential_election_candidate_winner,2026_will_woo_sang_ho_win_the_2026_gangwon_province_gubernatorial_election_presidential_election_candidate_winner,,outcome_space,none,0,4,0,0,4,1.0,0,0,0,0,0,0,0,0,0,0.0,0.0,0.0,0.0,0.0,0.0,0.0,0.0,0.0,0.0,0.0,0.0,,,0,0,unknown,,0.0,E_INVALID_OR_AUDIT_RISK,Repair taxonomy/templates — space is dominated by diagnostic-only relationships.,0.0,0,,0,0
2026_will_xavier_becerra_win_the_california_governor_election_in_2026_presidential_election_candidate_winner,2026_will_xavier_becerra_win_the_california_governor_election_in_2026_presidential_election_candidate_winner,,outcome_space,none,0,17,0,0,17,1.0,0,0,0,0,0,0,0,0,0,0.0,0.0,0.0,0.0,0.0,0.0,0.0,0.0,0.0,0.0,0.0,0.0,,,0,0,unknown,,0.0,E_INVALID_OR_AUDIT_RISK,Repair taxonomy/templates — space is dominated by diagnostic-only relationships.,0.0,0,,0,0
2026_will_yang_hyang_ja_win_the_2026_gyeonggi_province_gubernatorial_election_presidential_election_candidate_winner,2026_will_yang_hyang_ja_win_the_2026_gyeonggi_province_gubernatorial_election_presidential_election_candidate_winner,,outcome_space,none,0,18,0,0,18,1.0,0,0,0,0,0,0,0,0,0,0.0,0.0,0.0,0.0,0.0,0.0,0.0,0.0,0.0,0.0,0.0,0.0,,,0,0,unknown,,0.0,E_INVALID_OR_AUDIT_RISK,Repair taxonomy/templates — space is dominated by diagnostic-only relationships.,0.0,0,,0,0
2026_will_yang_seung_jo_win_the_2026_chungcheongnam_province_gubernatorial_election_presidential_election_candidate_winner,2026_will_yang_seung_jo_win_the_2026_chungcheongnam_province_gubernatorial_election_presidential_election_candidate_winner,,outcome_space,none,0,12,0,0,12,1.0,0,0,0,0,0,0,0,0,0,0.0,0.0,0.0,0.0,0.0,0.0,0.0,0.0,0.0,0.0,0.0,0.0,,,0,0,unknown,,0.0,E_INVALID_OR_AUDIT_RISK,Repair taxonomy/templates — space is dominated by diagnostic-only relationships.,0.0,0,,0,0
2026_will_yeom_tae_yeong_win_the_2026_gyeonggi_province_gubernatorial_election_presidential_election_candidate_winner,2026_will_yeom_tae_yeong_win_the_2026_gyeonggi_province_gubernatorial_election_presidential_election_candidate_winner,,outcome_space,none,0,30,0,0,30,1.0,0,0,0,0,0,0,0,0,0,0.0,0.0,0.0,0.0,0.0,0.0,0.0,0.0,0.0,0.0,0.0,0.0,,,0,0,unknown,,0.0,E_INVALID_OR_AUDIT_RISK,Repair taxonomy/templates — space is dominated by diagnostic-only relationships.,0.0,0,,0,0
2026_will_yolanda_flowers_win_the_2026_alabama_governor_democratic_primary_election_presidential_election_candidate_winner,2026_will_yolanda_flowers_win_the_2026_alabama_governor_democratic_primary_election_presidential_election_candidate_winner,,outcome_space,none,0,2,0,0,2,1.0,0,0,0,0,0,0,0,0,0,0.0,0.0,0.0,0.0,0.0,0.0,0.0,0.0,0.0,0.0,0.0,0.0,,,0,0,unknown,,0.0,E_INVALID_OR_AUDIT_RISK,Repair taxonomy/templates — space is dominated by diagnostic-only relationships.,0.0,0,,0,0
2026_will_yoo_dong_soo_win_the_2026_incheon_mayoral_election_presidential_election_candidate_winner,2026_will_yoo_dong_soo_win_the_2026_incheon_mayoral_election_presidential_election_candidate_winner,,outcome_space,none,0,1,0,0,1,1.0,0,0,0,0,0,0,0,0,0,0.0,0.0,0.0,0.0,0.0,0.0,0.0,0.0,0.0,0.0,0.0,0.0,,,0,0,unknown,,0.0,E_INVALID_OR_AUDIT_RISK,Repair taxonomy/templates — space is dominated by diagnostic-only relationships.,0.0,0,,0,0
2026_will_yoo_jeong_bok_win_the_2026_incheon_mayoral_election_presidential_election_candidate_winner,2026_will_yoo_jeong_bok_win_the_2026_incheon_mayoral_election_presidential_election_candidate_winner,,outcome_space,none,0,8,0,0,8,1.0,0,0,0,0,0,0,0,0,0,0.0,0.0,0.0,0.0,0.0,0.0,0.0,0.0,0.0,0.0,0.0,0.0,,,0,0,unknown,,0.0,E_INVALID_OR_AUDIT_RISK,Repair taxonomy/templates — space is dominated by diagnostic-only relationships.,0.0,0,,0,0
2026_will_yoo_seong_min_win_the_2026_gyeonggi_province_gubernatorial_election_presidential_election_candidate_winner,2026_will_yoo_seong_min_win_the_2026_gyeonggi_province_gubernatorial_election_presidential_election_candidate_winner,,outcome_space,none,0,27,0,0,27,1.0,0,0,0,0,0,0,0,0,0,0.0,0.0,0.0,0.0,0.0,0.0,0.0,0.0,0.0,0.0,0.0,0.0,,,0,0,unknown,,0.0,E_INVALID_OR_AUDIT_RISK,Repair taxonomy/templates — space is dominated by diagnostic-only relationships.,0.0,0,,0,0
2026_will_yoon_hee_geun_win_the_2026_chungcheongbuk_province_gubernatorial_election_presidential_election_candidate_winner,2026_will_yoon_hee_geun_win_the_2026_chungcheongbuk_province_gubernatorial_election_presidential_election_candidate_winner,,outcome_space,none,0,5,0,0,5,1.0,0,0,0,0,0,0,0,0,0,0.0,0.0,0.0,0.0,0.0,0.0,0.0,0.0,0.0,0.0,0.0,0.0,,,0,0,unknown,,0.0,E_INVALID_OR_AUDIT_RISK,Repair taxonomy/templates — space is dominated by diagnostic-only relationships.,0.0,0,,0,0
2026_will_yoon_sang_hyun_win_the_2026_chungcheongnam_province_gubernatorial_election_presidential_election_candidate_winner,2026_will_yoon_sang_hyun_win_the_2026_chungcheongnam_province_gubernatorial_election_presidential_election_candidate_winner,,outcome_space,none,0,14,0,0,14,1.0,0,0,0,0,0,0,0,0,0,0.0,0.0,0.0,0.0,0.0,0.0,0.0,0.0,0.0,0.0,0.0,0.0,,,0,0,unknown,,0.0,E_INVALID_OR_AUDIT_RISK,Repair taxonomy/templates — space is dominated by diagnostic-only relationships.,0.0,0,,0,0
2026_will_yoon_sang_hyun_win_the_2026_incheon_mayoral_election_presidential_election_candidate_winner,2026_will_yoon_sang_hyun_win_the_2026_incheon_mayoral_election_presidential_election_candidate_winner,,outcome_space,none,0,8,0,0,8,1.0,0,0,0,0,0,0,0,0,0,0.0,0.0,0.0,0.0,0.0,0.0,0.0,0.0,0.0,0.0,0.0,0.0,,,0,0,unknown,,0.0,E_INVALID_OR_AUDIT_RISK,Repair taxonomy/templates — space is dominated by diagnostic-only relationships.,0.0,0,,0,0
2027_reference_clock,2027_reference_clock,,outcome_space,none,0,1,0,0,1,1.0,0,0,0,0,0,0,0,0,0,0.0,0.0,0.0,0.0,0.0,0.0,0.0,0.0,0.0,0.0,0.0,0.0,,,0,0,unknown,,0.0,E_INVALID_OR_AUDIT_RISK,Repair taxonomy/templates — space is dominated by diagnostic-only relationships.,0.0,0,,0,0
2027_us_presidential_election_candidate_winner,2027_us_presidential_election_candidate_winner,,outcome_space,pairwise_mutual_exclusion,0,1260,0,0,0,1.0,0,0,0,0,0,0,0,0,0,0.0,0.0,0.0,0.0,0.0,0.0,0.0,0.0,0.0,0.0,0.0,0.0,,,0,0,unknown,,0.0,D_VALID_BUT_STRATEGICALLY_WEAK,Low priority — relationships exist and have price coverage but no signal observed.,0.0,0,,0,0
2028_democrats_presidential_nomination,2028_democrats_presidential_nomination,,outcome_space,none;pairwise_mutual_exclusion,0,1213,0,0,267,1.0,0,0,0,0,0,0,0,0,0,0.0,0.0,0.0,0.0,0.0,0.0,0.0,0.0,0.0,0.0,0.0,0.0,,,0,0,unknown,,0.0,E_INVALID_OR_AUDIT_RISK,Repair taxonomy/templates — space is dominated by diagnostic-only relationships.,0.0,0,,0,0
2028_republicans_presidential_nomination,2028_republicans_presidential_nomination,,outcome_space,none;pairwise_mutual_exclusion,0,599,0,0,7,1.0,0,0,0,0,0,0,0,0,0,0.0,0.0,0.0,0.0,0.0,0.0,0.0,0.0,0.0,0.0,0.0,0.0,,,0,0,unknown,,0.0,E_INVALID_OR_AUDIT_RISK,Repair taxonomy/templates — space is dominated by diagnostic-only relationships.,0.0,0,,0,0
2028_us_presidential_election,2028_us_presidential_election,,outcome_space,none,0,72,0,0,0,1.0,0,0,0,0,0,0,0,0,0,0.0,0.0,0.0,0.0,0.0,0.0,0.0,0.0,0.0,0.0,0.0,0.0,,,0,0,unknown,,0.0,D_VALID_BUT_STRATEGICALLY_WEAK,Low priority — relationships exist and have price coverage but no signal observed.,0.0,0,,0,0
2028_us_presidential_election_candidate_winner,2028_us_presidential_election_candidate_winner,,outcome_space,none;pairwise_mutual_exclusion,0,657,0,0,27,1.0,0,0,0,0,0,0,0,0,0,0.0,0.0,0.0,0.0,0.0,0.0,0.0,0.0,0.0,0.0,0.0,0.0,,,0,0,unknown,,0.0,E_INVALID_OR_AUDIT_RISK,Repair taxonomy/templates — space is dominated by diagnostic-only relationships.,0.0,0,,0,0
2028_us_presidential_election_party_winner,2028_us_presidential_election_party_winner,,outcome_space,none;party_inverse,0,27,0,0,26,1.0,0,0,0,0,0,0,0,0,0,0.0,0.0,0.0,0.0,0.0,0.0,0.0,0.0,0.0,0.0,0.0,0.0,,,0,0,unknown,,0.0,E_INVALID_OR_AUDIT_RISK,Repair taxonomy/templates — space is dominated by diagnostic-only relationships.,0.0,0,,0,0
22630d0d2c41d215c5f8673855f7de93,22630d0d2c41d215c5f8673855f7de93,,synthetic_or_missing,,0,0,0,0,3188,0.0,0,0,0,0,0,0,0,0,0,0.0,0.0,0.0,0.0,0.0,0.0,0.0,0.0,0.0,0.0,0.0,0.0,economic_or_replay,,0,0,unknown,,0.0,E_INVALID_OR_AUDIT_RISK,Repair taxonomy/templates — space is dominated by diagnostic-only relationships.,0.0,0,,0,0
22a0bad2a76fc42670e8f63e7ec8a3a7,22a0bad2a76fc42670e8f63e7ec8a3a7,,synthetic_or_missing,,0,0,0,0,3780,0.0,0,0,0,0,0,0,0,0,0,0.0,0.0,0.0,0.0,0.0,0.0,0.0,0.0,0.0,0.0,0.0,0.0,economic_or_replay,,0,0,unknown,,0.0,E_INVALID_OR_AUDIT_RISK,Repair taxonomy/templates — space is dominated by diagnostic-only relationships.,0.0,0,,0,0
234e12d6201336c4fd6c5909b29cb13e,234e12d6201336c4fd6c5909b29cb13e,,synthetic_or_missing,,0,0,0,0,148,0.0,0,241,168,0,0,0,0,0,0,0.0,0.0,0.0,0.0,0.0,0.0,0.0,0.0,0.0,0.045,0.0,0.0,economic_or_replay,,0,0,unknown,,0.0,B_PROMISING_GATE_BLOCKED,Run looser economic/replay preset (exploratory_trade_surface) on this space.,0.0,241,,168,0
23fb7c567440a3832b2a55de9f742660,23fb7c567440a3832b2a55de9f742660,,synthetic_or_missing,,0,0,0,0,3624,0.0,0,0,0,0,0,0,0,0,0,0.0,0.0,0.0,0.0,0.0,0.0,0.0,0.0,0.0,0.0,0.0,0.0,economic_or_replay,,0,0,unknown,,0.0,E_INVALID_OR_AUDIT_RISK,Repair taxonomy/templates — space is dominated by diagnostic-only relationships.,0.0,0,,0,0
270321b9b2105d28794c7397ec1ba58b,270321b9b2105d28794c7397ec1ba58b,,synthetic_or_missing,,0,0,0,0,3681,0.0,0,0,0,0,0,0,0,0,0,0.0,0.0,0.0,0.0,0.0,0.0,0.0,0.0,0.0,0.0,0.0,0.0,economic_or_replay,,0,0,unknown,,0.0,E_INVALID_OR_AUDIT_RISK,Repair taxonomy/templates — space is dominated by diagnostic-only relationships.,0.0,0,,0,0
299d2b1226c67e8db34dd9eab212f5dd,299d2b1226c67e8db34dd9eab212f5dd,,synthetic_or_missing,,0,0,0,0,184,0.0,0,301,204,0,0,0,0,0,0,0.0,0.0,0.0,0.0,0.0,0.0,0.0,0.0,0.0,0.135,0.0,0.0,economic_or_replay,,0,0,unknown,,0.0,B_PROMISING_GATE_BLOCKED,Run looser economic/replay preset (exploratory_trade_surface) on this space.,0.0,301,,204,0
29c710d65213864fad25dfc66d367a89,29c710d65213864fad25dfc66d367a89,,synthetic_or_missing,,0,0,0,0,3357,0.0,0,0,0,0,0,0,0,0,0,0.0,0.0,0.0,0.0,0.0,0.0,0.0,0.0,0.0,0.0,0.0,0.0,economic_or_replay,,0,0,unknown,,0.0,E_INVALID_OR_AUDIT_RISK,Repair taxonomy/templates — space is dominated by diagnostic-only relationships.,0.0,0,,0,0
29ce306191d99c10cf7a56ae83a9a7d0,29ce306191d99c10cf7a56ae83a9a7d0,,synthetic_or_missing,,0,0,0,0,5,0.0,0,38,25,0,0,0,0,0,0,0.0,0.0,0.0,0.0,0.0,0.0,0.0,0.0,0.0,0.105,0.0,0.0,economic_or_replay,,0,0,unknown,,0.0,B_PROMISING_GATE_BLOCKED,Run looser economic/replay preset (exploratory_trade_surface) on this space.,0.0,38,,25,0
2a7b6441346fede6377195a44d3f63fc,2a7b6441346fede6377195a44d3f63fc,,synthetic_or_missing,,0,0,0,0,138,0.0,0,254,158,0,0,0,0,0,0,0.0,0.0,0.0,0.0,0.0,0.0,0.0,0.0,0.0,0.135,0.0,0.0,economic_or_replay,,0,0,unknown,,0.0,B_PROMISING_GATE_BLOCKED,Run looser economic/replay preset (exploratory_trade_surface) on this space.,0.0,254,,158,0
2d658627813c5d54ee8f2a57432f988f,2d658627813c5d54ee8f2a57432f988f,,synthetic_or_missing,,0,0,0,0,3585,0.0,0,0,0,0,0,0,0,0,0,0.0,0.0,0.0,0.0,0.0,0.0,0.0,0.0,0.0,0.0,0.0,0.0,economic_or_replay,,0,0,unknown,,0.0,E_INVALID_OR_AUDIT_RISK,Repair taxonomy/templates — space is dominated by diagnostic-only relationships.,0.0,0,,0,0
2f3c1036e2d86652760221932e4de294,2f3c1036e2d86652760221932e4de294,,synthetic_or_missing,,0,0,0,0,3924,0.0,0,0,0,0,0,0,0,0,0,0.0,0.0,0.0,0.0,0.0,0.0,0.0,0.0,0.0,0.0,0.0,0.0,economic_or_replay,,0,0,unknown,,0.0,E_INVALID_OR_AUDIT_RISK,Repair taxonomy/templates — space is dominated by diagnostic-only relationships.,0.0,0,,0,0
31456bc7e0cc95c6e80409644d1da78d,31456bc7e0cc95c6e80409644d1da78d,,synthetic_or_missing,,0,0,0,0,3584,0.0,0,0,0,0,0,0,0,0,0,0.0,0.0,0.0,0.0,0.0,0.0,0.0,0.0,0.0,0.0,0.0,0.0,economic_or_replay,,0,0,unknown,,0.0,E_INVALID_OR_AUDIT_RISK,Repair taxonomy/templates — space is dominated by diagnostic-only relationships.,0.0,0,,0,0
32709eedb4745277a78047af8b96e18f,32709eedb4745277a78047af8b96e18f,,synthetic_or_missing,,0,0,0,0,0,0.0,0,11,11,0,0,0,0,0,0,0.0,0.0,0.0,0.0,0.0,0.0,0.0,0.0,0.0,0.02,0.0,0.0,,,0,0,unknown,,0.0,B_PROMISING_GATE_BLOCKED,Gross violations exist but no blocker identified — check alignment and run exploratory preset.,0.0,11,,11,0
32927896912c8f53bfb426f58ad8504c,32927896912c8f53bfb426f58ad8504c,,synthetic_or_missing,,0,0,0,0,0,0.0,0,12,12,0,0,0,0,0,0,0.0,0.0,0.0,0.0,0.0,0.0,0.0,0.0,0.0,0.01,0.0,0.0,,,0,0,unknown,,0.0,B_PROMISING_GATE_BLOCKED,Gross violations exist but no blocker identified — check alignment and run exploratory preset.,0.0,12,,12,0
32f269a8d4937b172be2efd745b23b6e,32f269a8d4937b172be2efd745b23b6e,,synthetic_or_missing,,0,0,0,0,0,0.0,0,11,11,0,0,0,0,0,0,0.0,0.0,0.0,0.0,0.0,0.0,0.0,0.0,0.0,0.01,0.0,0.0,,,0,0,unknown,,0.0,B_PROMISING_GATE_BLOCKED,Gross violations exist but no blocker identified — check alignment and run exploratory preset.,0.0,11,,11,0
331fed6bce44c6ee8897fac038ca9c07,331fed6bce44c6ee8897fac038ca9c07,,synthetic_or_missing,,0,0,0,0,0,0.0,0,1,1,0,0,0,0,0,0,0.0,0.0,0.0,0.0,0.0,0.0,0.0,0.0,0.0,0.105,0.0,0.0,,,0,0,unknown,,0.0,B_PROMISING_GATE_BLOCKED,Gross violations exist but no blocker identified — check alignment and run exploratory preset.,0.0,1,,1,0
336fb073a0a5a8d83bf51e5be1cfc3a5,336fb073a0a5a8d83bf51e5be1cfc3a5,,synthetic_or_missing,,0,0,0,0,0,0.0,0,11,11,0,0,0,0,0,0,0.0,0.0,0.0,0.0,0.0,0.0,0.0,0.0,0.0,0.1,0.0,0.0,,,0,0,unknown,,0.0,B_PROMISING_GATE_BLOCKED,Gross violations exist but no blocker identified — check alignment and run exploratory preset.,0.0,11,,11,0
337aff8ba2fe66c3a86df390bb183e74,337aff8ba2fe66c3a86df390bb183e74,,synthetic_or_missing,,0,0,0,0,3801,0.0,0,0,0,0,0,0,0,0,0,0.0,0.0,0.0,0.0,0.0,0.0,0.0,0.0,0.0,0.0,0.0,0.0,economic_or_replay,,0,0,unknown,,0.0,E_INVALID_OR_AUDIT_RISK,Repair taxonomy/templates — space is dominated by diagnostic-only relationships.,0.0,0,,0,0
33a391671878ff81e028e2e6489eb27b,33a391671878ff81e028e2e6489eb27b,,synthetic_or_missing,,0,0,0,0,0,0.0,0,36,12,0,0,0,0,0,0,0.0,0.0,0.0,0.0,0.0,0.0,0.0,0.0,0.0,0.08,0.0,0.0,,,0,0,unknown,,0.0,B_PROMISING_GATE_BLOCKED,Gross violations exist but no blocker identified — check alignment and run exploratory preset.,0.0,36,,12,0
34977d6e841a52f141f767448e549d96,34977d6e841a52f141f767448e549d96,,synthetic_or_missing,,0,0,0,0,3501,0.0,0,0,0,0,0,0,0,0,0,0.0,0.0,0.0,0.0,0.0,0.0,0.0,0.0,0.0,0.0,0.0,0.0,economic_or_replay,,0,0,unknown,,0.0,E_INVALID_OR_AUDIT_RISK,Repair taxonomy/templates — space is dominated by diagnostic-only relationships.,0.0,0,,0,0
35fa9d18e9e505bfa611d4f0ea2f904d,35fa9d18e9e505bfa611d4f0ea2f904d,,synthetic_or_missing,,0,0,0,0,3693,0.0,0,0,0,0,0,0,0,0,0,0.0,0.0,0.0,0.0,0.0,0.0,0.0,0.0,0.0,0.0,0.0,0.0,economic_or_replay,,0,0,unknown,,0.0,E_INVALID_OR_AUDIT_RISK,Repair taxonomy/templates — space is dominated by diagnostic-only relationships.,0.0,0,,0,0
37c0a7441edf25e0ad6cea04482bbdee,37c0a7441edf25e0ad6cea04482bbdee,,synthetic_or_missing,,0,0,0,0,3545,0.0,0,0,0,0,0,0,0,0,0,0.0,0.0,0.0,0.0,0.0,0.0,0.0,0.0,0.0,0.0,0.0,0.0,economic_or_replay,,0,0,unknown,,0.0,E_INVALID_OR_AUDIT_RISK,Repair taxonomy/templates — space is dominated by diagnostic-only relationships.,0.0,0,,0,0
392a5b412f4a90250fada5c23542d5fe,392a5b412f4a90250fada5c23542d5fe,,synthetic_or_missing,,0,0,0,0,4,0.0,0,24,24,0,0,0,0,0,0,0.0,0.0,0.0,0.0,0.0,0.0,0.0,0.0,0.0,0.155,0.0,0.0,economic_or_replay,,0,0,unknown,,0.0,B_PROMISING_GATE_BLOCKED,Run looser economic/replay preset (exploratory_trade_surface) on this space.,0.0,24,,24,0
3a74be0673cb21366bf41eb696778c20,3a74be0673cb21366bf41eb696778c20,,synthetic_or_missing,,0,0,0,0,0,0.0,0,12,12,0,0,0,0,0,0,0.0,0.0,0.0,0.0,0.0,0.0,0.0,0.0,0.0,0.01,0.0,0.0,,,0,0,unknown,,0.0,B_PROMISING_GATE_BLOCKED,Gross violations exist but no blocker identified — check alignment and run exploratory preset.,0.0,12,,12,0
3d02069202ad25bcdc17a32b163e315f,3d02069202ad25bcdc17a32b163e315f,,synthetic_or_missing,,0,0,0,0,0,0.0,0,12,12,0,0,0,0,0,0,0.0,0.0,0.0,0.0,0.0,0.0,0.0,0.0,0.0,0.205,0.0,0.0,,,0,0,unknown,,0.0,B_PROMISING_GATE_BLOCKED,Gross violations exist but no blocker identified — check alignment and run exploratory preset.,0.0,12,,12,0
3ef7ab400bb6350c5664c9ea0816c0e4,3ef7ab400bb6350c5664c9ea0816c0e4,,synthetic_or_missing,,0,0,0,0,3491,0.0,0,0,0,0,0,0,0,0,0,0.0,0.0,0.0,0.0,0.0,0.0,0.0,0.0,0.0,0.0,0.0,0.0,economic_or_replay,,0,0,unknown,,0.0,E_INVALID_OR_AUDIT_RISK,Repair taxonomy/templates — space is dominated by diagnostic-only relationships.,0.0,0,,0,0
40d18feadae9152c2d3d0a3a1a5ef3d9,40d18feadae9152c2d3d0a3a1a5ef3d9,,synthetic_or_missing,,0,0,0,0,3669,0.0,0,0,0,0,0,0,0,0,0,0.0,0.0,0.0,0.0,0.0,0.0,0.0,0.0,0.0,0.0,0.0,0.0,economic_or_replay,,0,0,unknown,,0.0,E_INVALID_OR_AUDIT_RISK,Repair taxonomy/templates — space is dominated by diagnostic-only relationships.,0.0,0,,0,0
45dfa1dde25eb0de9883f382a9b3b88c,45dfa1dde25eb0de9883f382a9b3b88c,,synthetic_or_missing,,0,0,0,0,29,0.0,0,73,49,0,0,0,0,0,0,0.0,0.0,0.0,0.0,0.0,0.0,0.0,0.0,0.0,0.19,0.0,0.0,economic_or_replay,,0,0,unknown,,0.0,B_PROMISING_GATE_BLOCKED,Run looser economic/replay preset (exploratory_trade_surface) on this space.,0.0,73,,49,0
4717dea40bf560cea8cf03ed73c02fe4,4717dea40bf560cea8cf03ed73c02fe4,,synthetic_or_missing,,0,0,0,0,2061,0.0,0,0,0,0,0,0,0,0,0,0.0,0.0,0.0,0.0,0.0,0.0,0.0,0.0,0.0,0.0,0.0,0.0,economic_or_replay,,0,0,unknown,,0.0,E_INVALID_OR_AUDIT_RISK,Repair taxonomy/templates — space is dominated by diagnostic-only relationships.,0.0,0,,0,0
4821b527799328ccd29eb8fd8faaf140,4821b527799328ccd29eb8fd8faaf140,,synthetic_or_missing,,0,0,0,0,77,0.0,0,121,97,0,0,0,0,0,0,0.0,0.0,0.0,0.0,0.0,0.0,0.0,0.0,0.0,0.125,0.0,0.0,economic_or_replay,,0,0,unknown,,0.0,B_PROMISING_GATE_BLOCKED,Run looser economic/replay preset (exploratory_trade_surface) on this space.,0.0,121,,97,0
509c35d092efc546c03e2eb60f70c312,509c35d092efc546c03e2eb60f70c312,,synthetic_or_missing,,0,0,0,0,0,0.0,0,12,12,0,0,0,0,0,0,0.0,0.0,0.0,0.0,0.0,0.0,0.0,0.0,0.0,0.015,0.0,0.0,,,0,0,unknown,,0.0,B_PROMISING_GATE_BLOCKED,Gross violations exist but no blocker identified — check alignment and run exploratory preset.,0.0,12,,12,0
5243e86e2cfac905de9a02c61c70dc9a,5243e86e2cfac905de9a02c61c70dc9a,,synthetic_or_missing,,0,0,0,0,2,0.0,0,24,22,0,0,0,0,0,0,0.0,0.0,0.0,0.0,0.0,0.0,0.0,0.0,0.0,0.115,0.0,0.0,economic_or_replay,,0,0,unknown,,0.0,B_PROMISING_GATE_BLOCKED,Run looser economic/replay preset (exploratory_trade_surface) on this space.,0.0,24,,22,0
579c2ef89461cd3b4fd7f77592393b3f,579c2ef89461cd3b4fd7f77592393b3f,,synthetic_or_missing,,0,0,0,0,0,0.0,0,11,11,0,0,0,0,0,0,0.0,0.0,0.0,0.0,0.0,0.0,0.0,0.0,0.0,0.015,0.0,0.0,,,0,0,unknown,,0.0,B_PROMISING_GATE_BLOCKED,Gross violations exist but no blocker identified — check alignment and run exploratory preset.,0.0,11,,11,0
65888c6efec59ca0118239d864490e2c,65888c6efec59ca0118239d864490e2c,,synthetic_or_missing,,0,0,0,0,15,0.0,0,60,35,0,0,0,0,0,0,0.0,0.0,0.0,0.0,0.0,0.0,0.0,0.0,0.0,0.14,0.0,0.0,economic_or_replay,,0,0,unknown,,0.0,B_PROMISING_GATE_BLOCKED,Run looser economic/replay preset (exploratory_trade_surface) on this space.,0.0,60,,35,0
6619b77c1227b88fb05b1c0e3829be56,6619b77c1227b88fb05b1c0e3829be56,,synthetic_or_missing,,0,0,0,0,162,0.0,0,424,182,0,0,0,0,0,0,0.0,0.0,0.0,0.0,0.0,0.0,0.0,0.0,0.0,0.025,0.0,0.0,economic_or_replay,,0,0,unknown,,0.0,B_PROMISING_GATE_BLOCKED,Run looser economic/replay preset (exploratory_trade_surface) on this space.,0.0,424,,182,0
6bfa64b2e41e91493ae8aa287072eb1e,6bfa64b2e41e91493ae8aa287072eb1e,,synthetic_or_missing,,0,0,0,0,0,0.0,0,23,11,0,0,0,0,0,0,0.0,0.0,0.0,0.0,0.0,0.0,0.0,0.0,0.0,0.01,0.0,0.0,,,0,0,unknown,,0.0,B_PROMISING_GATE_BLOCKED,Gross violations exist but no blocker identified — check alignment and run exploratory preset.,0.0,23,,11,0
6c82b13c8a9b6bb61b5b825a8c743137,6c82b13c8a9b6bb61b5b825a8c743137,,synthetic_or_missing,,0,0,0,0,0,0.0,0,61,13,0,0,0,0,0,0,0.0,0.0,0.0,0.0,0.0,0.0,0.0,0.0,0.0,0.02,0.0,0.0,,,0,0,unknown,,0.0,B_PROMISING_GATE_BLOCKED,Gross violations exist but no blocker identified — check alignment and run exploratory preset.,0.0,61,,13,0
729e8c26f673592e67c9384bf5c27b17,729e8c26f673592e67c9384bf5c27b17,,synthetic_or_missing,,0,0,0,0,172,0.0,0,216,192,0,0,0,0,0,0,0.0,0.0,0.0,0.0,0.0,0.0,0.0,0.0,0.0,0.06,0.0,0.0,economic_or_replay,,0,0,unknown,,0.0,B_PROMISING_GATE_BLOCKED,Run looser economic/replay preset (exploratory_trade_surface) on this space.,0.0,216,,192,0
76405aef13934b11bd2be96b93e36dc8,76405aef13934b11bd2be96b93e36dc8,,synthetic_or_missing,,0,0,0,0,0,0.0,0,11,11,0,0,0,0,0,0,0.0,0.0,0.0,0.0,0.0,0.0,0.0,0.0,0.0,0.07,0.0,0.0,,,0,0,unknown,,0.0,B_PROMISING_GATE_BLOCKED,Gross violations exist but no blocker identified — check alignment and run exploratory preset.,0.0,11,,11,0
76628cf2e1805f1b8d94bf7999a3ff1f,76628cf2e1805f1b8d94bf7999a3ff1f,,synthetic_or_missing,,0,0,0,0,52,0.0,0,108,72,0,0,0,0,0,0,0.0,0.0,0.0,0.0,0.0,0.0,0.0,0.0,0.0,0.12,0.0,0.0,economic_or_replay,,0,0,unknown,,0.0,B_PROMISING_GATE_BLOCKED,Run looser economic/replay preset (exploratory_trade_surface) on this space.,0.0,108,,72,0
78a79cbd3ff0315f035e00fe4fa72734,78a79cbd3ff0315f035e00fe4fa72734,,synthetic_or_missing,,0,0,0,0,0,0.0,0,22,13,0,0,0,0,0,0,0.0,0.0,0.0,0.0,0.0,0.0,0.0,0.0,0.0,0.17,0.0,0.0,,,0,0,unknown,,0.0,B_PROMISING_GATE_BLOCKED,Gross violations exist but no blocker identified — check alignment and run exploratory preset.,0.0,22,,13,0
79f41448f6a138afe3c70c099c34b65b,79f41448f6a138afe3c70c099c34b65b,,synthetic_or_missing,,0,0,0,0,229,0.0,0,347,249,0,0,0,0,0,0,0.0,0.0,0.0,0.0,0.0,0.0,0.0,0.0,0.0,0.195,0.0,0.0,economic_or_replay,,0,0,unknown,,0.0,B_PROMISING_GATE_BLOCKED,Run looser economic/replay preset (exploratory_trade_surface) on this space.,0.0,347,,249,0
7ae60177bc700cfb4a638daa2f900aca,7ae60177bc700cfb4a638daa2f900aca,,synthetic_or_missing,,0,0,0,0,0,0.0,0,12,12,0,0,0,0,0,0,0.0,0.0,0.0,0.0,0.0,0.0,0.0,0.0,0.0,0.055,0.0,0.0,,,0,0,unknown,,0.0,B_PROMISING_GATE_BLOCKED,Gross violations exist but no blocker identified — check alignment and run exploratory preset.,0.0,12,,12,0
7cbf2e093c1ad446f78c518f0a5e9661,7cbf2e093c1ad446f78c518f0a5e9661,,synthetic_or_missing,,0,0,0,0,0,0.0,0,12,12,0,0,0,0,0,0,0.0,0.0,0.0,0.0,0.0,0.0,0.0,0.0,0.0,0.01,0.0,0.0,,,0,0,unknown,,0.0,B_PROMISING_GATE_BLOCKED,Gross violations exist but no blocker identified — check alignment and run exploratory preset.,0.0,12,,12,0
7f7bc31f4dc34677ccb396bfd60d7dcd,7f7bc31f4dc34677ccb396bfd60d7dcd,,synthetic_or_missing,,0,0,0,0,4,0.0,0,85,24,0,0,0,0,0,0,0.0,0.0,0.0,0.0,0.0,0.0,0.0,0.0,0.0,0.045,0.0,0.0,economic_or_replay,,0,0,unknown,,0.0,B_PROMISING_GATE_BLOCKED,Run looser economic/replay preset (exploratory_trade_surface) on this space.,0.0,85,,24,0
80cba358a3bcb458bd9fcaa152892ac3,80cba358a3bcb458bd9fcaa152892ac3,,synthetic_or_missing,,0,0,0,0,12,0.0,0,47,32,0,0,0,0,0,0,0.0,0.0,0.0,0.0,0.0,0.0,0.0,0.0,0.0,0.13,0.0,0.0,economic_or_replay,,0,0,unknown,,0.0,B_PROMISING_GATE_BLOCKED,Run looser economic/replay preset (exploratory_trade_surface) on this space.,0.0,47,,32,0
8299c03deea1b670880325790a95563b,8299c03deea1b670880325790a95563b,,synthetic_or_missing,,0,0,0,0,3,0.0,0,23,23,0,0,0,0,0,0,0.0,0.0,0.0,0.0,0.0,0.0,0.0,0.0,0.0,0.065,0.0,0.0,economic_or_replay,,0,0,unknown,,0.0,B_PROMISING_GATE_BLOCKED,Run looser economic/replay preset (exploratory_trade_surface) on this space.,0.0,23,,23,0
83fc5be6cdc831e0d846ad64fed522d9,83fc5be6cdc831e0d846ad64fed522d9,,synthetic_or_missing,,0,0,0,0,435,0.0,0,551,455,0,0,0,0,0,0,0.0,0.0,0.0,0.0,0.0,0.0,0.0,0.0,0.0,0.205,0.0,0.0,economic_or_replay,,0,0,unknown,,0.0,B_PROMISING_GATE_BLOCKED,Run looser economic/replay preset (exploratory_trade_surface) on this space.,0.0,551,,455,0
8835ddaa3f8bc66fec239c71fb30f9f0,8835ddaa3f8bc66fec239c71fb30f9f0,,synthetic_or_missing,,0,0,0,0,0,0.0,0,1,1,0,0,0,0,0,0,0.0,0.0,0.0,0.0,0.0,0.0,0.0,0.0,0.0,0.07,0.0,0.0,,,0,0,unknown,,0.0,B_PROMISING_GATE_BLOCKED,Gross violations exist but no blocker identified — check alignment and run exploratory preset.,0.0,1,,1,0
88908b6680a0c0fb608ea0bc42835ea5,88908b6680a0c0fb608ea0bc42835ea5,,synthetic_or_missing,,0,0,0,0,4,0.0,0,48,24,0,0,0,0,0,0,0.0,0.0,0.0,0.0,0.0,0.0,0.0,0.0,0.0,0.015,0.0,0.0,economic_or_replay,,0,0,unknown,,0.0,B_PROMISING_GATE_BLOCKED,Run looser economic/replay preset (exploratory_trade_surface) on this space.,0.0,48,,24,0
915c6a9e712b950e7e99897b2728a68f,915c6a9e712b950e7e99897b2728a68f,,synthetic_or_missing,,0,0,0,0,0,0.0,0,12,0,0,0,0,0,0,0,0.0,0.0,0.0,0.0,0.0,0.0,0.0,0.0,0.0,0.005,0.0,0.0,,,0,0,unknown,,0.0,B_PROMISING_GATE_BLOCKED,Gross violations exist but no blocker identified — check alignment and run exploratory preset.,0.0,12,,0,0
96038a33b4b777079655f9e2d42121bf,96038a33b4b777079655f9e2d42121bf,,synthetic_or_missing,,0,0,0,0,0,0.0,0,1,1,0,0,0,0,0,0,0.0,0.0,0.0,0.0,0.0,0.0,0.0,0.0,0.0,0.055,0.0,0.0,,,0,0,unknown,,0.0,B_PROMISING_GATE_BLOCKED,Gross violations exist but no blocker identified — check alignment and run exploratory preset.,0.0,1,,1,0
97358512daafef96f1ca16ae679d98aa,97358512daafef96f1ca16ae679d98aa,,synthetic_or_missing,,0,0,0,0,0,0.0,0,13,0,0,0,0,0,0,0,0.0,0.0,0.0,0.0,0.0,0.0,0.0,0.0,0.0,0.005,0.0,0.0,,,0,0,unknown,,0.0,B_PROMISING_GATE_BLOCKED,Gross violations exist but no blocker identified — check alignment and run exploratory preset.,0.0,13,,0,0
988a50b12b5f496fa93b89544fed6999,988a50b12b5f496fa93b89544fed6999,,synthetic_or_missing,,0,0,0,0,0,0.0,0,11,11,0,0,0,0,0,0,0.0,0.0,0.0,0.0,0.0,0.0,0.0,0.0,0.0,0.02,0.0,0.0,,,0,0,unknown,,0.0,B_PROMISING_GATE_BLOCKED,Gross violations exist but no blocker identified — check alignment and run exploratory preset.,0.0,11,,11,0
9aa5909a7845386824139d8f62499f9f,9aa5909a7845386824139d8f62499f9f,,synthetic_or_missing,,0,0,0,0,0,0.0,0,1,1,0,0,0,0,0,0,0.0,0.0,0.0,0.0,0.0,0.0,0.0,0.0,0.0,0.055,0.0,0.0,,,0,0,unknown,,0.0,B_PROMISING_GATE_BLOCKED,Gross violations exist but no blocker identified — check alignment and run exploratory preset.,0.0,1,,1,0
a01e7ac13dee7a72d09c24e3c9507416,a01e7ac13dee7a72d09c24e3c9507416,,synthetic_or_missing,,0,0,0,0,0,0.0,0,1,1,0,0,0,0,0,0,0.0,0.0,0.0,0.0,0.0,0.0,0.0,0.0,0.0,0.04,0.0,0.0,,,0,0,unknown,,0.0,B_PROMISING_GATE_BLOCKED,Gross violations exist but no blocker identified — check alignment and run exploratory preset.,0.0,1,,1,0
b04eb558b84e2d2fb5cea00e9bb33450,b04eb558b84e2d2fb5cea00e9bb33450,,synthetic_or_missing,,0,0,0,0,0,0.0,0,1,1,0,0,0,0,0,0,0.0,0.0,0.0,0.0,0.0,0.0,0.0,0.0,0.0,0.18,0.0,0.0,,,0,0,unknown,,0.0,B_PROMISING_GATE_BLOCKED,Gross violations exist but no blocker identified — check alignment and run exploratory preset.,0.0,1,,1,0
b0b96e5e044d7f9cc6975e168e16b9d1,b0b96e5e044d7f9cc6975e168e16b9d1,,synthetic_or_missing,,0,0,0,0,54,0.0,0,98,74,0,0,0,0,0,0,0.0,0.0,0.0,0.0,0.0,0.0,0.0,0.0,0.0,0.095,0.0,0.0,economic_or_replay,,0,0,unknown,,0.0,B_PROMISING_GATE_BLOCKED,Run looser economic/replay preset (exploratory_trade_surface) on this space.,0.0,98,,74,0
b4b47c7aa77212b49a6f3e20f5975d08,b4b47c7aa77212b49a6f3e20f5975d08,,synthetic_or_missing,,0,0,0,0,0,0.0,0,1,1,0,0,0,0,0,0,0.0,0.0,0.0,0.0,0.0,0.0,0.0,0.0,0.0,0.17,0.0,0.0,,,0,0,unknown,,0.0,B_PROMISING_GATE_BLOCKED,Gross violations exist but no blocker identified — check alignment and run exploratory preset.,0.0,1,,1,0
b4c97a02decd7a1a28a18c217e183b82,b4c97a02decd7a1a28a18c217e183b82,,synthetic_or_missing,,0,0,0,0,4,0.0,0,36,24,0,0,0,0,0,0,0.0,0.0,0.0,0.0,0.0,0.0,0.0,0.0,0.0,0.015,0.0,0.0,economic_or_replay,,0,0,unknown,,0.0,B_PROMISING_GATE_BLOCKED,Run looser economic/replay preset (exploratory_trade_surface) on this space.,0.0,36,,24,0
b6a558f27ef30e178ae52eb157858c62,b6a558f27ef30e178ae52eb157858c62,,synthetic_or_missing,,0,0,0,0,593,0.0,0,995,613,0,0,0,0,0,0,0.0,0.0,0.0,0.0,0.0,0.0,0.0,0.0,0.0,0.045,0.0,0.0,economic_or_replay,,0,0,unknown,,0.0,B_PROMISING_GATE_BLOCKED,Run looser economic/replay preset (exploratory_trade_surface) on this space.,0.0,995,,613,0
b8e66d1c6d5f73f3dd536a5ec680333e,b8e66d1c6d5f73f3dd536a5ec680333e,,synthetic_or_missing,,0,0,0,0,5,0.0,0,37,25,0,0,0,0,0,0,0.0,0.0,0.0,0.0,0.0,0.0,0.0,0.0,0.0,0.055,0.0,0.0,economic_or_replay,,0,0,unknown,,0.0,B_PROMISING_GATE_BLOCKED,Run looser economic/replay preset (exploratory_trade_surface) on this space.,0.0,37,,25,0
b9289532be4cf45f7e862f5a3fecaa8e,b9289532be4cf45f7e862f5a3fecaa8e,,synthetic_or_missing,,0,0,0,0,0,0.0,0,13,13,0,0,0,0,0,0,0.0,0.0,0.0,0.0,0.0,0.0,0.0,0.0,0.0,0.075,0.0,0.0,,,0,0,unknown,,0.0,B_PROMISING_GATE_BLOCKED,Gross violations exist but no blocker identified — check alignment and run exploratory preset.,0.0,13,,13,0
ba7bd8e0ef5d6393a4a53b6a289a7ef6,ba7bd8e0ef5d6393a4a53b6a289a7ef6,,synthetic_or_missing,,0,0,0,0,4,0.0,0,36,24,0,0,0,0,0,0,0.0,0.0,0.0,0.0,0.0,0.0,0.0,0.0,0.0,0.025,0.0,0.0,economic_or_replay,,0,0,unknown,,0.0,B_PROMISING_GATE_BLOCKED,Run looser economic/replay preset (exploratory_trade_surface) on this space.,0.0,36,,24,0
c21007dfd8c4af715579e4b8dab1510f,c21007dfd8c4af715579e4b8dab1510f,,synthetic_or_missing,,0,0,0,0,0,0.0,0,12,0,0,0,0,0,0,0,0.0,0.0,0.0,0.0,0.0,0.0,0.0,0.0,0.0,0.001,0.0,0.0,,,0,0,unknown,,0.0,B_PROMISING_GATE_BLOCKED,Gross violations exist but no blocker identified — check alignment and run exploratory preset.,0.0,12,,0,0
c987c50d7a2a9556cf802eb00a1d1e00,c987c50d7a2a9556cf802eb00a1d1e00,,synthetic_or_missing,,0,0,0,0,0,0.0,0,1,1,0,0,0,0,0,0,0.0,0.0,0.0,0.0,0.0,0.0,0.0,0.0,0.0,0.18,0.0,0.0,,,0,0,unknown,,0.0,B_PROMISING_GATE_BLOCKED,Gross violations exist but no blocker identified — check alignment and run exploratory preset.,0.0,1,,1,0
cc38739383b259041cd6f652ea5b1e0c,cc38739383b259041cd6f652ea5b1e0c,,synthetic_or_missing,,0,0,0,0,0,0.0,0,12,0,0,0,0,0,0,0,0.0,0.0,0.0,0.0,0.0,0.0,0.0,0.0,0.0,0.005,0.0,0.0,,,0,0,unknown,,0.0,B_PROMISING_GATE_BLOCKED,Gross violations exist but no blocker identified — check alignment and run exploratory preset.,0.0,12,,0,0
cc608c350ca6f2f4aa296e38afd4d871,cc608c350ca6f2f4aa296e38afd4d871,,synthetic_or_missing,,0,0,0,0,0,0.0,0,1,1,0,0,0,0,0,0,0.0,0.0,0.0,0.0,0.0,0.0,0.0,0.0,0.0,0.11,0.0,0.0,,,0,0,unknown,,0.0,B_PROMISING_GATE_BLOCKED,Gross violations exist but no blocker identified — check alignment and run exploratory preset.,0.0,1,,1,0
ce9808b4cdb2fffdbdab5bcb133f084c,ce9808b4cdb2fffdbdab5bcb133f084c,,synthetic_or_missing,,0,0,0,0,0,0.0,0,24,12,0,0,0,0,0,0,0.0,0.0,0.0,0.0,0.0,0.0,0.0,0.0,0.0,0.075,0.0,0.0,,,0,0,unknown,,0.0,B_PROMISING_GATE_BLOCKED,Gross violations exist but no blocker identified — check alignment and run exploratory preset.,0.0,24,,12,0
champions_league_champion,champions_league_champion,,outcome_space,none;pairwise_mutual_exclusion,0,6,0,0,3,1.0,0,0,0,0,0,0,0,0,0,0.0,0.0,0.0,0.0,0.0,0.0,0.0,0.0,0.0,0.0,0.0,0.0,,,0,0,unknown,,0.0,E_INVALID_OR_AUDIT_RISK,Repair taxonomy/templates — space is dominated by diagnostic-only relationships.,0.0,0,,0,0
d69b3b5d0669e0c1f3d53201056a2c34,d69b3b5d0669e0c1f3d53201056a2c34,,synthetic_or_missing,,0,0,0,0,0,0.0,0,24,11,0,0,0,0,0,0,0.0,0.0,0.0,0.0,0.0,0.0,0.0,0.0,0.0,0.015,0.0,0.0,,,0,0,unknown,,0.0,B_PROMISING_GATE_BLOCKED,Gross violations exist but no blocker identified — check alignment and run exploratory preset.,0.0,24,,11,0
d8decd2c01dc2cd9208fe91968646c7a,d8decd2c01dc2cd9208fe91968646c7a,,synthetic_or_missing,,0,0,0,0,331,0.0,0,422,351,0,0,0,0,0,0,0.0,0.0,0.0,0.0,0.0,0.0,0.0,0.0,0.0,0.155,0.0,0.0,economic_or_replay,,0,0,unknown,,0.0,B_PROMISING_GATE_BLOCKED,Run looser economic/replay preset (exploratory_trade_surface) on this space.,0.0,422,,351,0
d9a5ab9e31b5a5aee20f7550759c23ac,d9a5ab9e31b5a5aee20f7550759c23ac,,synthetic_or_missing,,0,0,0,0,0,0.0,0,50,13,0,0,0,0,0,0,0.0,0.0,0.0,0.0,0.0,0.0,0.0,0.0,0.0,0.025,0.0,0.0,,,0,0,unknown,,0.0,B_PROMISING_GATE_BLOCKED,Gross violations exist but no blocker identified — check alignment and run exploratory preset.,0.0,50,,13,0
dba7691a0a31931198a1e6325c258ab3,dba7691a0a31931198a1e6325c258ab3,,synthetic_or_missing,,0,0,0,0,16,0.0,0,48,36,0,0,0,0,0,0,0.0,0.0,0.0,0.0,0.0,0.0,0.0,0.0,0.0,0.01,0.0,0.0,economic_or_replay,,0,0,unknown,,0.0,B_PROMISING_GATE_BLOCKED,Run looser economic/replay preset (exploratory_trade_surface) on this space.,0.0,48,,36,0
e2283b3d41fdd1219d14bae8a6164bac,e2283b3d41fdd1219d14bae8a6164bac,,synthetic_or_missing,,0,0,0,0,0,0.0,0,11,11,0,0,0,0,0,0,0.0,0.0,0.0,0.0,0.0,0.0,0.0,0.0,0.0,0.01,0.0,0.0,,,0,0,unknown,,0.0,B_PROMISING_GATE_BLOCKED,Gross violations exist but no blocker identified — check alignment and run exploratory preset.,0.0,11,,11,0
e57647fb774afab310b026df92d04f16,e57647fb774afab310b026df92d04f16,,synthetic_or_missing,,0,0,0,0,293,0.0,0,673,313,0,0,0,0,0,0,0.0,0.0,0.0,0.0,0.0,0.0,0.0,0.0,0.0,0.085,0.0,0.0,economic_or_replay,,0,0,unknown,,0.0,B_PROMISING_GATE_BLOCKED,Run looser economic/replay preset (exploratory_trade_surface) on this space.,0.0,673,,313,0
e68ba2ce9642e2981e47a8fc1ba75a7c,e68ba2ce9642e2981e47a8fc1ba75a7c,,synthetic_or_missing,,0,0,0,0,0,0.0,0,12,12,0,0,0,0,0,0,0.0,0.0,0.0,0.0,0.0,0.0,0.0,0.0,0.0,0.015,0.0,0.0,,,0,0,unknown,,0.0,B_PROMISING_GATE_BLOCKED,Gross violations exist but no blocker identified — check alignment and run exploratory preset.,0.0,12,,12,0
ea7f9b785f6ecd5a91badfb9d72cd16b,ea7f9b785f6ecd5a91badfb9d72cd16b,,synthetic_or_missing,,0,0,0,0,0,0.0,0,1,1,0,0,0,0,0,0,0.0,0.0,0.0,0.0,0.0,0.0,0.0,0.0,0.0,0.145,0.0,0.0,,,0,0,unknown,,0.0,B_PROMISING_GATE_BLOCKED,Gross violations exist but no blocker identified — check alignment and run exploratory preset.,0.0,1,,1,0
eeb39e2b3cb7f23a6f3fb33f230feb98,eeb39e2b3cb7f23a6f3fb33f230feb98,,synthetic_or_missing,,0,0,0,0,79,0.0,0,207,99,0,0,0,0,0,0,0.0,0.0,0.0,0.0,0.0,0.0,0.0,0.0,0.0,0.03,0.0,0.0,economic_or_replay,,0,0,unknown,,0.0,B_PROMISING_GATE_BLOCKED,Run looser economic/replay preset (exploratory_trade_surface) on this space.,0.0,207,,99,0
ef09820d9acdd19e8705a7ba35760a3d,ef09820d9acdd19e8705a7ba35760a3d,,synthetic_or_missing,,0,0,0,0,0,0.0,0,11,11,0,0,0,0,0,0,0.0,0.0,0.0,0.0,0.0,0.0,0.0,0.0,0.0,0.04,0.0,0.0,,,0,0,unknown,,0.0,B_PROMISING_GATE_BLOCKED,Gross violations exist but no blocker identified — check alignment and run exploratory preset.,0.0,11,,11,0
f4eab91b2410f25b2244548c193beb5a,f4eab91b2410f25b2244548c193beb5a,,synthetic_or_missing,,0,0,0,0,0,0.0,0,1,1,0,0,0,0,0,0,0.0,0.0,0.0,0.0,0.0,0.0,0.0,0.0,0.0,0.045,0.0,0.0,,,0,0,unknown,,0.0,B_PROMISING_GATE_BLOCKED,Gross violations exist but no blocker identified — check alignment and run exploratory preset.,0.0,1,,1,0
fd17630b6872127e9c9a3c2b3f3a4c57,fd17630b6872127e9c9a3c2b3f3a4c57,,synthetic_or_missing,,0,0,0,0,3,0.0,0,167,23,0,0,0,0,0,0,0.0,0.0,0.0,0.0,0.0,0.0,0.0,0.0,0.0,0.03,0.0,0.0,economic_or_replay,,0,0,unknown,,0.0,B_PROMISING_GATE_BLOCKED,Run looser economic/replay preset (exploratory_trade_surface) on this space.,0.0,167,,23,0
fe60b6d8eab4b4177359e014d059cf07,fe60b6d8eab4b4177359e014d059cf07,,synthetic_or_missing,,0,0,0,0,4,0.0,0,37,24,0,0,0,0,0,0,0.0,0.0,0.0,0.0,0.0,0.0,0.0,0.0,0.0,0.06,0.0,0.0,economic_or_replay,,0,0,unknown,,0.0,B_PROMISING_GATE_BLOCKED,Run looser economic/replay preset (exploratory_trade_surface) on this space.,0.0,37,,24,0
finish_position,finish_position,,outcome_space,none;pairwise_mutual_exclusion,0,349,0,0,308,1.0,0,0,0,0,0,0,0,0,0,0.0,0.0,0.0,0.0,0.0,0.0,0.0,0.0,0.0,0.0,0.0,0.0,,,0,0,unknown,,0.0,E_INVALID_OR_AUDIT_RISK,Repair taxonomy/templates — space is dominated by diagnostic-only relationships.,0.0,0,,0,0
gta_vi_reference_clock,gta_vi_reference_clock,,outcome_space,none,0,55,0,0,47,1.0,0,0,0,0,0,0,0,0,0,0.0,0.0,0.0,0.0,0.0,0.0,0.0,0.0,0.0,0.0,0.0,0.0,,,0,0,unknown,,0.0,E_INVALID_OR_AUDIT_RISK,Repair taxonomy/templates — space is dominated by diagnostic-only relationships.,0.0,0,,0,0
june_2026_reference_clock,june_2026_reference_clock,,outcome_space,none,0,1,0,0,1,1.0,0,0,0,0,0,0,0,0,0,0.0,0.0,0.0,0.0,0.0,0.0,0.0,0.0,0.0,0.0,0.0,0.0,,,0,0,unknown,,0.0,E_INVALID_OR_AUDIT_RISK,Repair taxonomy/templates — space is dominated by diagnostic-only relationships.,0.0,0,,0,0
ligue_1_champion,ligue_1_champion,,outcome_space,pairwise_mutual_exclusion,0,1,0,0,0,1.0,0,0,0,0,0,0,0,0,0,0.0,0.0,0.0,0.0,0.0,0.0,0.0,0.0,0.0,0.0,0.0,0.0,,,0,0,unknown,,0.0,D_VALID_BUT_STRATEGICALLY_WEAK,Low priority — relationships exist and have price coverage but no signal observed.,0.0,0,,0,0
nba_eastern_conference_winner,nba_eastern_conference_winner,,outcome_space,pairwise_mutual_exclusion,0,6,0,0,0,1.0,0,0,0,0,0,0,0,0,0,0.0,0.0,0.0,0.0,0.0,0.0,0.0,0.0,0.0,0.0,0.0,0.0,,,0,0,unknown,,0.0,D_VALID_BUT_STRATEGICALLY_WEAK,Low priority — relationships exist and have price coverage but no signal observed.,0.0,0,,0,0
nba_finals,nba_finals,,outcome_space,nesting;pairwise_mutual_exclusion,0,28,7,0,0,1.0,0,0,0,0,0,0,0,0,0,0.0,0.0,0.0,0.0,0.0,0.0,0.0,0.0,0.0,0.0,0.0,0.0,,,0,0,unknown,,0.0,D_VALID_BUT_STRATEGICALLY_WEAK,Low priority — relationships exist and have price coverage but no signal observed.,0.0,0,,0,0
nba_western_conference_winner,nba_western_conference_winner,,outcome_space,pairwise_mutual_exclusion,0,7,0,0,0,1.0,0,0,0,0,0,0,0,0,0,0.0,0.0,0.0,0.0,0.0,0.0,0.0,0.0,0.0,0.0,0.0,0.0,,,0,0,unknown,,0.0,D_VALID_BUT_STRATEGICALLY_WEAK,Low priority — relationships exist and have price coverage but no signal observed.,0.0,0,,0,0
next_actor_announced,next_actor_announced,,outcome_space,pairwise_mutual_exclusion,0,105,0,0,0,1.0,0,0,0,0,0,0,0,0,0,0.0,0.0,0.0,0.0,0.0,0.0,0.0,0.0,0.0,0.0,0.0,0.0,,,0,0,unknown,,0.0,D_VALID_BUT_STRATEGICALLY_WEAK,Low priority — relationships exist and have price coverage but no signal observed.,0.0,0,,0,0
premier_league_champion,premier_league_champion,,outcome_space,none;pairwise_mutual_exclusion,0,3,0,0,2,1.0,0,0,0,0,0,0,0,0,0,0.0,0.0,0.0,0.0,0.0,0.0,0.0,0.0,0.0,0.0,0.0,0.0,,,0,0,unknown,,0.0,E_INVALID_OR_AUDIT_RISK,Repair taxonomy/templates — space is dominated by diagnostic-only relationships.,0.0,0,,0,0
premier_league_finish_position,premier_league_finish_position,,outcome_space,nesting;none;pairwise_mutual_exclusion,0,140,3,0,125,1.0,0,0,0,0,0,0,0,0,0,0.0,0.0,0.0,0.0,0.0,0.0,0.0,0.0,0.0,0.0,0.0,0.0,,,0,0,unknown,,0.0,D_VALID_BUT_STRATEGICALLY_WEAK,Low priority — relationships exist and have price coverage but no signal observed.,0.0,0,,0,0
same_reference_clock_before_gta_vi,same_reference_clock_before_gta_vi,,context_space,,0,2,0,0,2,1.0,0,0,0,0,0,0,0,0,0,0.0,0.0,0.0,0.0,0.0,0.0,0.0,0.0,0.0,0.0,0.0,0.0,,,0,0,unknown,,0.0,E_INVALID_OR_AUDIT_RISK,Repair taxonomy/templates — space is dominated by diagnostic-only relationships.,0.0,0,,0,0
unattributed_no_space,unattributed_no_space,,synthetic_or_missing,none,0,13503,0,0,13494,1.0,0,0,0,0,0,0,0,0,0,0.0,0.0,0.0,0.0,0.0,0.0,0.0,0.0,0.0,0.0,0.0,0.0,,,0,0,unknown,,0.0,E_INVALID_OR_AUDIT_RISK,Repair taxonomy/templates — space is dominated by diagnostic-only relationships.,0.0,0,,0,0
unknown_year_democrats_presidential_nomination,unknown_year_democrats_presidential_nomination,,outcome_space,pairwise_mutual_exclusion,0,1,0,0,0,0.0,0,0,0,0,0,0,0,0,0,0.0,0.0,0.0,0.0,0.0,0.0,0.0,0.0,0.0,0.0,0.0,0.0,,,0,0,unknown,,0.0,C_INFRASTRUCTURE_BLOCKED,"Backfill price history for markets in this space, then run alignment and a backtest.",0.0,0,,0,0
unknown_year_us_presidential_election_candidate_winner,unknown_year_us_presidential_election_candidate_winner,,outcome_space,pairwise_mutual_exclusion,0,81,0,0,0,0.9,0,0,0,0,0,0,0,0,0,0.0,0.0,0.0,0.0,0.0,0.0,0.0,0.0,0.0,0.0,0.0,0.0,,,0,0,unknown,,0.0,D_VALID_BUT_STRATEGICALLY_WEAK,Low priority — relationships exist and have price coverage but no signal observed.,0.0,0,,0,0
world_cup_champion,world_cup_champion,,outcome_space,none;pairwise_mutual_exclusion,0,1184,0,0,56,1.0,0,0,0,0,0,0,0,0,0,0.0,0.0,0.0,0.0,0.0,0.0,0.0,0.0,0.0,0.0,0.0,0.0,,,0,0,unknown,,0.0,E_INVALID_OR_AUDIT_RISK,Repair taxonomy/templates — space is dominated by diagnostic-only relationships.,0.0,0,,0,0
