fees_usdc,fill_price,fill_ts_ms,first_entry_or_reentry,gross_edge,label,leg,net_edge_after_cost,notional_usdc,preset_name,relationship_id,shares,slippage_cost_usdc,space_attribution_status,space_id,strategy_family,template_id,token_id,trade_id,violation_window_id
0.0,0.4824,1758243610000,first,0.07,RESEARCH-ONLY — exploratory_trade_surface,a,0.06,2.0,ollama_hypothesis_surface,76405aef13934b11bd2be96b93e36dc8,4.1459369817578775,0.01,context_space,2026_us_presidential_election_candidate_winner,mutual_exclusion,,106302272146511626715366732538958019243031587527887799373406690681902311718700,95d51aecdfe14ec68ff26fbfe7e782a1,3fb2ebc3f88a516aa5c3fea6
0.0,0.59295,1758243610000,first,0.07,RESEARCH-ONLY — exploratory_trade_surface,b,0.06,2.0,ollama_hypothesis_surface,76405aef13934b11bd2be96b93e36dc8,3.372965680074205,0.01,context_space,2026_us_presidential_election_candidate_winner,mutual_exclusion,,79191939610100241429039499950443680906623179487184628479206155805558220344190,41a1167181124c6c9a1df81edcf5e2ea,3fb2ebc3f88a516aa5c3fea6
0.0,0.4824,1758247210000,reentry,0.07,RESEARCH-ONLY — exploratory_trade_surface,a,0.06,2.0,ollama_hypothesis_surface,76405aef13934b11bd2be96b93e36dc8,4.1459369817578775,0.01,context_space,2026_us_presidential_election_candidate_winner,mutual_exclusion,,106302272146511626715366732538958019243031587527887799373406690681902311718700,863310a8126847339bbf83bc80cd6e03,3fb2ebc3f88a516aa5c3fea6
0.0,0.59295,1758247210000,reentry,0.07,RESEARCH-ONLY — exploratory_trade_surface,b,0.06,2.0,ollama_hypothesis_surface,76405aef13934b11bd2be96b93e36dc8,3.372965680074205,0.01,context_space,2026_us_presidential_election_candidate_winner,mutual_exclusion,,79191939610100241429039499950443680906623179487184628479206155805558220344190,65cbcfe374264ce99096cff240ae9c8d,3fb2ebc3f88a516aa5c3fea6
0.0,0.4824,1758250810000,reentry,0.07,RESEARCH-ONLY — exploratory_trade_surface,a,0.06,2.0,ollama_hypothesis_surface,76405aef13934b11bd2be96b93e36dc8,4.1459369817578775,0.01,context_space,2026_us_presidential_election_candidate_winner,mutual_exclusion,,106302272146511626715366732538958019243031587527887799373406690681902311718700,b5b183405d9a45608a8c67c7bef66f85,3fb2ebc3f88a516aa5c3fea6
0.0,0.59295,1758250810000,reentry,0.07,RESEARCH-ONLY — exploratory_trade_surface,b,0.06,2.0,ollama_hypothesis_surface,76405aef13934b11bd2be96b93e36dc8,3.372965680074205,0.01,context_space,2026_us_presidential_election_candidate_winner,mutual_exclusion,,79191939610100241429039499950443680906623179487184628479206155805558220344190,7c12596eb44c49108282dcf2996fc11a,3fb2ebc3f88a516aa5c3fea6
0.0,0.4824,1758254410000,reentry,0.07,RESEARCH-ONLY — exploratory_trade_surface,a,0.06,2.0,ollama_hypothesis_surface,76405aef13934b11bd2be96b93e36dc8,4.1459369817578775,0.01,context_space,2026_us_presidential_election_candidate_winner,mutual_exclusion,,106302272146511626715366732538958019243031587527887799373406690681902311718700,9750ff6fcfb842a699a8dee500b5e178,3fb2ebc3f88a516aa5c3fea6
0.0,0.59295,1758254410000,reentry,0.07,RESEARCH-ONLY — exploratory_trade_surface,b,0.06,2.0,ollama_hypothesis_surface,76405aef13934b11bd2be96b93e36dc8,3.372965680074205,0.01,context_space,2026_us_presidential_election_candidate_winner,mutual_exclusion,,79191939610100241429039499950443680906623179487184628479206155805558220344190,498db1d75940433184d90ae5b05f794d,3fb2ebc3f88a516aa5c3fea6
0.0,0.4824,1758258010000,reentry,0.07,RESEARCH-ONLY — exploratory_trade_surface,a,0.06,2.0,ollama_hypothesis_surface,76405aef13934b11bd2be96b93e36dc8,4.1459369817578775,0.01,context_space,2026_us_presidential_election_candidate_winner,mutual_exclusion,,106302272146511626715366732538958019243031587527887799373406690681902311718700,f558cd9873924c288d7295f30f81b46b,3fb2ebc3f88a516aa5c3fea6
0.0,0.59295,1758258010000,reentry,0.07,RESEARCH-ONLY — exploratory_trade_surface,b,0.06,2.0,ollama_hypothesis_surface,76405aef13934b11bd2be96b93e36dc8,3.372965680074205,0.01,context_space,2026_us_presidential_election_candidate_winner,mutual_exclusion,,79191939610100241429039499950443680906623179487184628479206155805558220344190,933bc2209fe347fd8ce5b9980c25fd0a,3fb2ebc3f88a516aa5c3fea6
0.0,0.4824,1758261610000,reentry,0.07,RESEARCH-ONLY — exploratory_trade_surface,a,0.06,2.0,ollama_hypothesis_surface,76405aef13934b11bd2be96b93e36dc8,4.1459369817578775,0.01,context_space,2026_us_presidential_election_candidate_winner,mutual_exclusion,,106302272146511626715366732538958019243031587527887799373406690681902311718700,64dccf3201544207bbe459299cebeb83,3fb2ebc3f88a516aa5c3fea6
0.0,0.59295,1758261610000,reentry,0.07,RESEARCH-ONLY — exploratory_trade_surface,b,0.06,2.0,ollama_hypothesis_surface,76405aef13934b11bd2be96b93e36dc8,3.372965680074205,0.01,context_space,2026_us_presidential_election_candidate_winner,mutual_exclusion,,79191939610100241429039499950443680906623179487184628479206155805558220344190,63c2663980dd4dbdb7557b910e7cbbde,3fb2ebc3f88a516aa5c3fea6
0.0,0.4824,1758265210000,reentry,0.07,RESEARCH-ONLY — exploratory_trade_surface,a,0.06,2.0,ollama_hypothesis_surface,76405aef13934b11bd2be96b93e36dc8,4.1459369817578775,0.01,context_space,2026_us_presidential_election_candidate_winner,mutual_exclusion,,106302272146511626715366732538958019243031587527887799373406690681902311718700,0b10d636c99e4ee4ad13df8fbadd4c47,3fb2ebc3f88a516aa5c3fea6
0.0,0.59295,1758265210000,reentry,0.07,RESEARCH-ONLY — exploratory_trade_surface,b,0.06,2.0,ollama_hypothesis_surface,76405aef13934b11bd2be96b93e36dc8,3.372965680074205,0.01,context_space,2026_us_presidential_election_candidate_winner,mutual_exclusion,,79191939610100241429039499950443680906623179487184628479206155805558220344190,96a07387d53b4f5fad5965b3143ea277,3fb2ebc3f88a516aa5c3fea6
0.0,0.4824,1758268810000,reentry,0.07,RESEARCH-ONLY — exploratory_trade_surface,a,0.06,2.0,ollama_hypothesis_surface,76405aef13934b11bd2be96b93e36dc8,4.1459369817578775,0.01,context_space,2026_us_presidential_election_candidate_winner,mutual_exclusion,,106302272146511626715366732538958019243031587527887799373406690681902311718700,3df0b6acb4644b53a3af38189eb027d8,3fb2ebc3f88a516aa5c3fea6
0.0,0.59295,1758268810000,reentry,0.07,RESEARCH-ONLY — exploratory_trade_surface,b,0.06,2.0,ollama_hypothesis_surface,76405aef13934b11bd2be96b93e36dc8,3.372965680074205,0.01,context_space,2026_us_presidential_election_candidate_winner,mutual_exclusion,,79191939610100241429039499950443680906623179487184628479206155805558220344190,e9db571a690a4e3abdcc997a491b967e,3fb2ebc3f88a516aa5c3fea6
0.0,0.4824,1758272410000,reentry,0.07,RESEARCH-ONLY — exploratory_trade_surface,a,0.06,2.0,ollama_hypothesis_surface,76405aef13934b11bd2be96b93e36dc8,4.1459369817578775,0.01,context_space,2026_us_presidential_election_candidate_winner,mutual_exclusion,,106302272146511626715366732538958019243031587527887799373406690681902311718700,a9af3a7e05f94776a00660bccfe5951a,3fb2ebc3f88a516aa5c3fea6
0.0,0.59295,1758272410000,reentry,0.07,RESEARCH-ONLY — exploratory_trade_surface,b,0.06,2.0,ollama_hypothesis_surface,76405aef13934b11bd2be96b93e36dc8,3.372965680074205,0.01,context_space,2026_us_presidential_election_candidate_winner,mutual_exclusion,,79191939610100241429039499950443680906623179487184628479206155805558220344190,b09ad138dcb04048b8a8eea888da8097,3fb2ebc3f88a516aa5c3fea6
0.0,0.4824,1758276010000,reentry,0.07,RESEARCH-ONLY — exploratory_trade_surface,a,0.06,2.0,ollama_hypothesis_surface,76405aef13934b11bd2be96b93e36dc8,4.1459369817578775,0.01,context_space,2026_us_presidential_election_candidate_winner,mutual_exclusion,,106302272146511626715366732538958019243031587527887799373406690681902311718700,5301f46823f04fd2b22d3ccb4c178325,3fb2ebc3f88a516aa5c3fea6
0.0,0.59295,1758276010000,reentry,0.07,RESEARCH-ONLY — exploratory_trade_surface,b,0.06,2.0,ollama_hypothesis_surface,76405aef13934b11bd2be96b93e36dc8,3.372965680074205,0.01,context_space,2026_us_presidential_election_candidate_winner,mutual_exclusion,,79191939610100241429039499950443680906623179487184628479206155805558220344190,b1303835b7394478990de1fd1ce81a34,3fb2ebc3f88a516aa5c3fea6
0.0,0.4824,1758279610000,reentry,0.07,RESEARCH-ONLY — exploratory_trade_surface,a,0.06,2.0,ollama_hypothesis_surface,76405aef13934b11bd2be96b93e36dc8,4.1459369817578775,0.01,context_space,2026_us_presidential_election_candidate_winner,mutual_exclusion,,106302272146511626715366732538958019243031587527887799373406690681902311718700,b7f0836261d24de49c1e64ec7a0888b5,3fb2ebc3f88a516aa5c3fea6
0.0,0.59295,1758279610000,reentry,0.07,RESEARCH-ONLY — exploratory_trade_surface,b,0.06,2.0,ollama_hypothesis_surface,76405aef13934b11bd2be96b93e36dc8,3.372965680074205,0.01,context_space,2026_us_presidential_election_candidate_winner,mutual_exclusion,,79191939610100241429039499950443680906623179487184628479206155805558220344190,a348e8d03ee540918d1afe8951178dc9,3fb2ebc3f88a516aa5c3fea6
0.0,0.768825,1777723210000,first,0.02,RESEARCH-ONLY — exploratory_trade_surface,a,0.01,2.0,ollama_hypothesis_surface,089caf0e270e445bb06e54a63b74917d,2.6013722238480796,0.01,context_space,unknown_year_us_presidential_election_candidate_winner,mutual_exclusion,,5154529759143354321965408580500124466061411864975031283027488892061050073342,6a57ce8125cc44a6865fc6c109482d4d,0b19934e79adca2ac36b0874
0.0,0.256275,1777723210000,first,0.02,RESEARCH-ONLY — exploratory_trade_surface,b,0.01,2.0,ollama_hypothesis_surface,089caf0e270e445bb06e54a63b74917d,7.804116671544239,0.01,context_space,unknown_year_us_presidential_election_candidate_winner,mutual_exclusion,,29839239030455345331935107628562858693253410752781588028421925645563808428122,d71dc0a265414cf0a30090b68b91eb69,0b19934e79adca2ac36b0874
0.0,0.768825,1777726810000,reentry,0.02,RESEARCH-ONLY — exploratory_trade_surface,a,0.01,2.0,ollama_hypothesis_surface,089caf0e270e445bb06e54a63b74917d,2.6013722238480796,0.01,context_space,unknown_year_us_presidential_election_candidate_winner,mutual_exclusion,,5154529759143354321965408580500124466061411864975031283027488892061050073342,9e2be3be0d4648ba9075bf10aa413a39,0b19934e79adca2ac36b0874
0.0,0.256275,1777726810000,reentry,0.02,RESEARCH-ONLY — exploratory_trade_surface,b,0.01,2.0,ollama_hypothesis_surface,089caf0e270e445bb06e54a63b74917d,7.804116671544239,0.01,context_space,unknown_year_us_presidential_election_candidate_winner,mutual_exclusion,,29839239030455345331935107628562858693253410752781588028421925645563808428122,0b9beff13c084044a7475eecc43ae84a,0b19934e79adca2ac36b0874
0.0,0.768825,1777730410000,reentry,0.02,RESEARCH-ONLY — exploratory_trade_surface,a,0.01,2.0,ollama_hypothesis_surface,089caf0e270e445bb06e54a63b74917d,2.6013722238480796,0.01,context_space,unknown_year_us_presidential_election_candidate_winner,mutual_exclusion,,5154529759143354321965408580500124466061411864975031283027488892061050073342,418674867acd4e93b8eff9429b8db065,0b19934e79adca2ac36b0874
0.0,0.256275,1777730410000,reentry,0.02,RESEARCH-ONLY — exploratory_trade_surface,b,0.01,2.0,ollama_hypothesis_surface,089caf0e270e445bb06e54a63b74917d,7.804116671544239,0.01,context_space,unknown_year_us_presidential_election_candidate_winner,mutual_exclusion,,29839239030455345331935107628562858693253410752781588028421925645563808428122,2e7e7c854e224c2eaf34af0c0430e064,0b19934e79adca2ac36b0874
0.0,0.768825,1777734010000,reentry,0.02,RESEARCH-ONLY — exploratory_trade_surface,a,0.01,2.0,ollama_hypothesis_surface,089caf0e270e445bb06e54a63b74917d,2.6013722238480796,0.01,context_space,unknown_year_us_presidential_election_candidate_winner,mutual_exclusion,,5154529759143354321965408580500124466061411864975031283027488892061050073342,1827015e0a4e4401a97dd7b47e7cdd33,0b19934e79adca2ac36b0874
0.0,0.256275,1777734010000,reentry,0.02,RESEARCH-ONLY — exploratory_trade_surface,b,0.01,2.0,ollama_hypothesis_surface,089caf0e270e445bb06e54a63b74917d,7.804116671544239,0.01,context_space,unknown_year_us_presidential_election_candidate_winner,mutual_exclusion,,29839239030455345331935107628562858693253410752781588028421925645563808428122,ac8a1d19b1624942bddc5581a00aa052,0b19934e79adca2ac36b0874
0.0,0.768825,1777737610000,reentry,0.02,RESEARCH-ONLY — exploratory_trade_surface,a,0.01,2.0,ollama_hypothesis_surface,089caf0e270e445bb06e54a63b74917d,2.6013722238480796,0.01,context_space,unknown_year_us_presidential_election_candidate_winner,mutual_exclusion,,5154529759143354321965408580500124466061411864975031283027488892061050073342,d7b64ab62e0e47dba8bde2663afed558,0b19934e79adca2ac36b0874
0.0,0.256275,1777737610000,reentry,0.02,RESEARCH-ONLY — exploratory_trade_surface,b,0.01,2.0,ollama_hypothesis_surface,089caf0e270e445bb06e54a63b74917d,7.804116671544239,0.01,context_space,unknown_year_us_presidential_election_candidate_winner,mutual_exclusion,,29839239030455345331935107628562858693253410752781588028421925645563808428122,40a61f51deb54694a27efcf9b67f8f80,0b19934e79adca2ac36b0874
0.0,0.768825,1777741210000,reentry,0.02,RESEARCH-ONLY — exploratory_trade_surface,a,0.01,2.0,ollama_hypothesis_surface,089caf0e270e445bb06e54a63b74917d,2.6013722238480796,0.01,context_space,unknown_year_us_presidential_election_candidate_winner,mutual_exclusion,,5154529759143354321965408580500124466061411864975031283027488892061050073342,77ab7b327cd64827a0d1d8fbda5ac14f,0b19934e79adca2ac36b0874
0.0,0.256275,1777741210000,reentry,0.02,RESEARCH-ONLY — exploratory_trade_surface,b,0.01,2.0,ollama_hypothesis_surface,089caf0e270e445bb06e54a63b74917d,7.804116671544239,0.01,context_space,unknown_year_us_presidential_election_candidate_winner,mutual_exclusion,,29839239030455345331935107628562858693253410752781588028421925645563808428122,24f785ae607946a9836a566bc1ada8db,0b19934e79adca2ac36b0874
0.0,0.768825,1777744810000,reentry,0.02,RESEARCH-ONLY — exploratory_trade_surface,a,0.01,2.0,ollama_hypothesis_surface,089caf0e270e445bb06e54a63b74917d,2.6013722238480796,0.01,context_space,unknown_year_us_presidential_election_candidate_winner,mutual_exclusion,,5154529759143354321965408580500124466061411864975031283027488892061050073342,3bac623fe9f346b2ba621dfb599edaeb,0b19934e79adca2ac36b0874
0.0,0.256275,1777744810000,reentry,0.02,RESEARCH-ONLY — exploratory_trade_surface,b,0.01,2.0,ollama_hypothesis_surface,089caf0e270e445bb06e54a63b74917d,7.804116671544239,0.01,context_space,unknown_year_us_presidential_election_candidate_winner,mutual_exclusion,,29839239030455345331935107628562858693253410752781588028421925645563808428122,2989f270a86a46a2a3133921efb50795,0b19934e79adca2ac36b0874
0.0,0.768825,1777748410000,reentry,0.02,RESEARCH-ONLY — exploratory_trade_surface,a,0.01,2.0,ollama_hypothesis_surface,089caf0e270e445bb06e54a63b74917d,2.6013722238480796,0.01,context_space,unknown_year_us_presidential_election_candidate_winner,mutual_exclusion,,5154529759143354321965408580500124466061411864975031283027488892061050073342,a40e67fa5394450489ab8c01f18982ae,0b19934e79adca2ac36b0874
0.0,0.256275,1777748410000,reentry,0.02,RESEARCH-ONLY — exploratory_trade_surface,b,0.01,2.0,ollama_hypothesis_surface,089caf0e270e445bb06e54a63b74917d,7.804116671544239,0.01,context_space,unknown_year_us_presidential_election_candidate_winner,mutual_exclusion,,29839239030455345331935107628562858693253410752781588028421925645563808428122,442838d67adb4863b4d816ef4a3a2347,0b19934e79adca2ac36b0874
0.0,0.768825,1777752010000,reentry,0.02,RESEARCH-ONLY — exploratory_trade_surface,a,0.01,2.0,ollama_hypothesis_surface,089caf0e270e445bb06e54a63b74917d,2.6013722238480796,0.01,context_space,unknown_year_us_presidential_election_candidate_winner,mutual_exclusion,,5154529759143354321965408580500124466061411864975031283027488892061050073342,dde2ed7592aa45a6bd174ec5a51c0736,0b19934e79adca2ac36b0874
0.0,0.256275,1777752010000,reentry,0.02,RESEARCH-ONLY — exploratory_trade_surface,b,0.01,2.0,ollama_hypothesis_surface,089caf0e270e445bb06e54a63b74917d,7.804116671544239,0.01,context_space,unknown_year_us_presidential_election_candidate_winner,mutual_exclusion,,29839239030455345331935107628562858693253410752781588028421925645563808428122,b14523f0d33147ccb473bf0cb8ff4e3a,0b19934e79adca2ac36b0874
0.0,0.768825,1777755610000,reentry,0.02,RESEARCH-ONLY — exploratory_trade_surface,a,0.01,2.0,ollama_hypothesis_surface,089caf0e270e445bb06e54a63b74917d,2.6013722238480796,0.01,context_space,unknown_year_us_presidential_election_candidate_winner,mutual_exclusion,,5154529759143354321965408580500124466061411864975031283027488892061050073342,54034660320343178e063d7ddfa9c6af,0b19934e79adca2ac36b0874
0.0,0.256275,1777755610000,reentry,0.02,RESEARCH-ONLY — exploratory_trade_surface,b,0.01,2.0,ollama_hypothesis_surface,089caf0e270e445bb06e54a63b74917d,7.804116671544239,0.01,context_space,unknown_year_us_presidential_election_candidate_winner,mutual_exclusion,,29839239030455345331935107628562858693253410752781588028421925645563808428122,5bd9b3b8650d44b99d8a5763188688d6,0b19934e79adca2ac36b0874
0.0,0.768825,1777759210000,reentry,0.02,RESEARCH-ONLY — exploratory_trade_surface,a,0.01,2.0,ollama_hypothesis_surface,089caf0e270e445bb06e54a63b74917d,2.6013722238480796,0.01,context_space,unknown_year_us_presidential_election_candidate_winner,mutual_exclusion,,5154529759143354321965408580500124466061411864975031283027488892061050073342,5c80b725fef141178e76d25b49ce7cc3,0b19934e79adca2ac36b0874
0.0,0.256275,1777759210000,reentry,0.02,RESEARCH-ONLY — exploratory_trade_surface,b,0.01,2.0,ollama_hypothesis_surface,089caf0e270e445bb06e54a63b74917d,7.804116671544239,0.01,context_space,unknown_year_us_presidential_election_candidate_winner,mutual_exclusion,,29839239030455345331935107628562858693253410752781588028421925645563808428122,667a73f3257f451895ca41a865c84bc1,0b19934e79adca2ac36b0874
0.0,0.768825,1777762810000,reentry,0.02,RESEARCH-ONLY — exploratory_trade_surface,a,0.01,2.0,ollama_hypothesis_surface,089caf0e270e445bb06e54a63b74917d,2.6013722238480796,0.01,context_space,unknown_year_us_presidential_election_candidate_winner,mutual_exclusion,,5154529759143354321965408580500124466061411864975031283027488892061050073342,ae77a867aae149afba34b22fe5f6e84f,0b19934e79adca2ac36b0874
0.0,0.256275,1777762810000,reentry,0.02,RESEARCH-ONLY — exploratory_trade_surface,b,0.01,2.0,ollama_hypothesis_surface,089caf0e270e445bb06e54a63b74917d,7.804116671544239,0.01,context_space,unknown_year_us_presidential_election_candidate_winner,mutual_exclusion,,29839239030455345331935107628562858693253410752781588028421925645563808428122,89b6fdf94f9546d38ffffcabd1e4db40,0b19934e79adca2ac36b0874
0.0,0.5427,1778025610000,reentry,0.02,RESEARCH-ONLY — exploratory_trade_surface,a,0.01,2.0,ollama_hypothesis_surface,089caf0e270e445bb06e54a63b74917d,3.6852773171181132,0.01,context_space,unknown_year_us_presidential_election_candidate_winner,mutual_exclusion,,5154529759143354321965408580500124466061411864975031283027488892061050073342,f09fca85526041c3950b1ca89322ddc2,a9468a58f820cfef4cd99b02
0.0,0.4824,1778025610000,reentry,0.02,RESEARCH-ONLY — exploratory_trade_surface,b,0.01,2.0,ollama_hypothesis_surface,089caf0e270e445bb06e54a63b74917d,4.1459369817578775,0.01,context_space,unknown_year_us_presidential_election_candidate_winner,mutual_exclusion,,29839239030455345331935107628562858693253410752781588028421925645563808428122,3b6e9f87baa148fa818be3a8684ab113,a9468a58f820cfef4cd99b02
0.0,0.5427,1778029210000,reentry,0.02,RESEARCH-ONLY — exploratory_trade_surface,a,0.01,2.0,ollama_hypothesis_surface,089caf0e270e445bb06e54a63b74917d,3.6852773171181132,0.01,context_space,unknown_year_us_presidential_election_candidate_winner,mutual_exclusion,,5154529759143354321965408580500124466061411864975031283027488892061050073342,02239fb148e749d6a5dd668a8fddb160,a9468a58f820cfef4cd99b02
0.0,0.4824,1778029210000,reentry,0.02,RESEARCH-ONLY — exploratory_trade_surface,b,0.01,2.0,ollama_hypothesis_surface,089caf0e270e445bb06e54a63b74917d,4.1459369817578775,0.01,context_space,unknown_year_us_presidential_election_candidate_winner,mutual_exclusion,,29839239030455345331935107628562858693253410752781588028421925645563808428122,494debfc8e9f4a669be1969f2065399c,a9468a58f820cfef4cd99b02
0.0,0.5427,1778032810000,reentry,0.02,RESEARCH-ONLY — exploratory_trade_surface,a,0.01,2.0,ollama_hypothesis_surface,089caf0e270e445bb06e54a63b74917d,3.6852773171181132,0.01,context_space,unknown_year_us_presidential_election_candidate_winner,mutual_exclusion,,5154529759143354321965408580500124466061411864975031283027488892061050073342,f984372e345448608466e01eda637a96,a9468a58f820cfef4cd99b02
0.0,0.4824,1778032810000,reentry,0.02,RESEARCH-ONLY — exploratory_trade_surface,b,0.01,2.0,ollama_hypothesis_surface,089caf0e270e445bb06e54a63b74917d,4.1459369817578775,0.01,context_space,unknown_year_us_presidential_election_candidate_winner,mutual_exclusion,,29839239030455345331935107628562858693253410752781588028421925645563808428122,a627efa978d8416a81435567298161b0,a9468a58f820cfef4cd99b02
0.0,0.5427,1778036410000,reentry,0.02,RESEARCH-ONLY — exploratory_trade_surface,a,0.01,2.0,ollama_hypothesis_surface,089caf0e270e445bb06e54a63b74917d,3.6852773171181132,0.01,context_space,unknown_year_us_presidential_election_candidate_winner,mutual_exclusion,,5154529759143354321965408580500124466061411864975031283027488892061050073342,84c41a5a23b7436f8ec9ea859bfca1f8,a9468a58f820cfef4cd99b02
0.0,0.4824,1778036410000,reentry,0.02,RESEARCH-ONLY — exploratory_trade_surface,b,0.01,2.0,ollama_hypothesis_surface,089caf0e270e445bb06e54a63b74917d,4.1459369817578775,0.01,context_space,unknown_year_us_presidential_election_candidate_winner,mutual_exclusion,,29839239030455345331935107628562858693253410752781588028421925645563808428122,c034f21e24ec4ed39a0de006d706ba75,a9468a58f820cfef4cd99b02
0.0,0.5427,1778040010000,reentry,0.02,RESEARCH-ONLY — exploratory_trade_surface,a,0.01,2.0,ollama_hypothesis_surface,089caf0e270e445bb06e54a63b74917d,3.6852773171181132,0.01,context_space,unknown_year_us_presidential_election_candidate_winner,mutual_exclusion,,5154529759143354321965408580500124466061411864975031283027488892061050073342,d32d526b254c43a3be8075bfb663afdf,a9468a58f820cfef4cd99b02
0.0,0.4824,1778040010000,reentry,0.02,RESEARCH-ONLY — exploratory_trade_surface,b,0.01,2.0,ollama_hypothesis_surface,089caf0e270e445bb06e54a63b74917d,4.1459369817578775,0.01,context_space,unknown_year_us_presidential_election_candidate_winner,mutual_exclusion,,29839239030455345331935107628562858693253410752781588028421925645563808428122,559059f9d3514b9c8e8395633efa04fd,a9468a58f820cfef4cd99b02
0.0,0.5427,1778043610000,reentry,0.02,RESEARCH-ONLY — exploratory_trade_surface,a,0.01,2.0,ollama_hypothesis_surface,089caf0e270e445bb06e54a63b74917d,3.6852773171181132,0.01,context_space,unknown_year_us_presidential_election_candidate_winner,mutual_exclusion,,5154529759143354321965408580500124466061411864975031283027488892061050073342,b6b896a2bb1747e1afec3ada910b2d59,a9468a58f820cfef4cd99b02
0.0,0.4824,1778043610000,reentry,0.02,RESEARCH-ONLY — exploratory_trade_surface,b,0.01,2.0,ollama_hypothesis_surface,089caf0e270e445bb06e54a63b74917d,4.1459369817578775,0.01,context_space,unknown_year_us_presidential_election_candidate_winner,mutual_exclusion,,29839239030455345331935107628562858693253410752781588028421925645563808428122,3f1278597f994b2c8726278b95538d42,a9468a58f820cfef4cd99b02
0.0,0.5427,1778047210000,reentry,0.02,RESEARCH-ONLY — exploratory_trade_surface,a,0.01,2.0,ollama_hypothesis_surface,089caf0e270e445bb06e54a63b74917d,3.6852773171181132,0.01,context_space,unknown_year_us_presidential_election_candidate_winner,mutual_exclusion,,5154529759143354321965408580500124466061411864975031283027488892061050073342,fbd2ad0deec049089942729d42f3c186,a9468a58f820cfef4cd99b02
0.0,0.4824,1778047210000,reentry,0.02,RESEARCH-ONLY — exploratory_trade_surface,b,0.01,2.0,ollama_hypothesis_surface,089caf0e270e445bb06e54a63b74917d,4.1459369817578775,0.01,context_space,unknown_year_us_presidential_election_candidate_winner,mutual_exclusion,,29839239030455345331935107628562858693253410752781588028421925645563808428122,6fae0702636948ca9737e4d33824c269,a9468a58f820cfef4cd99b02
0.0,0.5427,1778050810000,reentry,0.02,RESEARCH-ONLY — exploratory_trade_surface,a,0.01,2.0,ollama_hypothesis_surface,089caf0e270e445bb06e54a63b74917d,3.6852773171181132,0.01,context_space,unknown_year_us_presidential_election_candidate_winner,mutual_exclusion,,5154529759143354321965408580500124466061411864975031283027488892061050073342,700f2c1a1fd84838862253d171ae9902,a9468a58f820cfef4cd99b02
0.0,0.4824,1778050810000,reentry,0.02,RESEARCH-ONLY — exploratory_trade_surface,b,0.01,2.0,ollama_hypothesis_surface,089caf0e270e445bb06e54a63b74917d,4.1459369817578775,0.01,context_space,unknown_year_us_presidential_election_candidate_winner,mutual_exclusion,,29839239030455345331935107628562858693253410752781588028421925645563808428122,013fbd1743344d808c38001bd9310fab,a9468a58f820cfef4cd99b02
0.0,0.5427,1778054410000,reentry,0.02,RESEARCH-ONLY — exploratory_trade_surface,a,0.01,2.0,ollama_hypothesis_surface,089caf0e270e445bb06e54a63b74917d,3.6852773171181132,0.01,context_space,unknown_year_us_presidential_election_candidate_winner,mutual_exclusion,,5154529759143354321965408580500124466061411864975031283027488892061050073342,c9695648c1b748b8a6b4a8a685f38623,a9468a58f820cfef4cd99b02
0.0,0.4824,1778054410000,reentry,0.02,RESEARCH-ONLY — exploratory_trade_surface,b,0.01,2.0,ollama_hypothesis_surface,089caf0e270e445bb06e54a63b74917d,4.1459369817578775,0.01,context_space,unknown_year_us_presidential_election_candidate_winner,mutual_exclusion,,29839239030455345331935107628562858693253410752781588028421925645563808428122,fec6d4c96ee0401c8e5d3b014f02a563,a9468a58f820cfef4cd99b02
0.0,0.5427,1778058010000,reentry,0.02,RESEARCH-ONLY — exploratory_trade_surface,a,0.01,2.0,ollama_hypothesis_surface,089caf0e270e445bb06e54a63b74917d,3.6852773171181132,0.01,context_space,unknown_year_us_presidential_election_candidate_winner,mutual_exclusion,,5154529759143354321965408580500124466061411864975031283027488892061050073342,b4ab5094bfcd4b2bbc4d44cc7d3a45b1,a9468a58f820cfef4cd99b02
0.0,0.4824,1778058010000,reentry,0.02,RESEARCH-ONLY — exploratory_trade_surface,b,0.01,2.0,ollama_hypothesis_surface,089caf0e270e445bb06e54a63b74917d,4.1459369817578775,0.01,context_space,unknown_year_us_presidential_election_candidate_winner,mutual_exclusion,,29839239030455345331935107628562858693253410752781588028421925645563808428122,db9041a41a86438fb98de77e3fa30f7a,a9468a58f820cfef4cd99b02
0.0,0.5427,1778061610000,reentry,0.02,RESEARCH-ONLY — exploratory_trade_surface,a,0.01,2.0,ollama_hypothesis_surface,089caf0e270e445bb06e54a63b74917d,3.6852773171181132,0.01,context_space,unknown_year_us_presidential_election_candidate_winner,mutual_exclusion,,5154529759143354321965408580500124466061411864975031283027488892061050073342,13a4ca5acfc2493a8b20e6c23d2885d5,a9468a58f820cfef4cd99b02
0.0,0.4824,1778061610000,reentry,0.02,RESEARCH-ONLY — exploratory_trade_surface,b,0.01,2.0,ollama_hypothesis_surface,089caf0e270e445bb06e54a63b74917d,4.1459369817578775,0.01,context_space,unknown_year_us_presidential_election_candidate_winner,mutual_exclusion,,29839239030455345331935107628562858693253410752781588028421925645563808428122,ab3c41f3c66644dcaf00bf48556ead9a,a9468a58f820cfef4cd99b02
0.0,0.5427,1778065210000,reentry,0.02,RESEARCH-ONLY — exploratory_trade_surface,a,0.01,2.0,ollama_hypothesis_surface,089caf0e270e445bb06e54a63b74917d,3.6852773171181132,0.01,context_space,unknown_year_us_presidential_election_candidate_winner,mutual_exclusion,,5154529759143354321965408580500124466061411864975031283027488892061050073342,60649bfe70a1487486d89e48a49cec01,a9468a58f820cfef4cd99b02
0.0,0.4824,1778065210000,reentry,0.02,RESEARCH-ONLY — exploratory_trade_surface,b,0.01,2.0,ollama_hypothesis_surface,089caf0e270e445bb06e54a63b74917d,4.1459369817578775,0.01,context_space,unknown_year_us_presidential_election_candidate_winner,mutual_exclusion,,29839239030455345331935107628562858693253410752781588028421925645563808428122,bb77a8672962498ca694ec4fe855e9b7,a9468a58f820cfef4cd99b02
0.0,0.67335,1778371210000,reentry,0.025,RESEARCH-ONLY — exploratory_trade_surface,a,0.015,2.0,ollama_hypothesis_surface,089caf0e270e445bb06e54a63b74917d,2.970223509319076,0.01,context_space,unknown_year_us_presidential_election_candidate_winner,mutual_exclusion,,5154529759143354321965408580500124466061411864975031283027488892061050073342,45a0c8cc74c845bd9356b2f2d63a2f01,8974d5d0b6fa3a73a0341fd3
0.0,0.356775,1778371210000,reentry,0.025,RESEARCH-ONLY — exploratory_trade_surface,b,0.015,2.0,ollama_hypothesis_surface,089caf0e270e445bb06e54a63b74917d,5.605773947165581,0.01,context_space,unknown_year_us_presidential_election_candidate_winner,mutual_exclusion,,29839239030455345331935107628562858693253410752781588028421925645563808428122,7d243fede21043adac5a4a0bc1eca3bc,8974d5d0b6fa3a73a0341fd3
0.0,0.7035,1753405206000,first,0.015,RESEARCH-ONLY — exploratory_trade_surface,a,0.005,2.0,ollama_hypothesis_surface,0b14f32acefb31b6de8901ae,2.8429282160625444,0.01,context_space,llm_hyp_540881_559651_temporal_ordering_pair,temporal,,109289569086508934142323222102974769075074494425163878721602922903101062859033,71a77d7c1ab241a29cfc290d3c119443,acd49abdd469c2038d4a24f7
0.0,0.316575,1753405206000,first,0.015,RESEARCH-ONLY — exploratory_trade_surface,b,0.005,2.0,ollama_hypothesis_surface,0b14f32acefb31b6de8901ae,6.317618257916766,0.01,context_space,llm_hyp_540881_559651_temporal_ordering_pair,temporal,,25659310674993675562345759665114759892400026242514633218387667107987341231962,a05c180cab2e40e9b4f00771a166827e,acd49abdd469c2038d4a24f7
0.0,0.7035,1753408806000,reentry,0.015,RESEARCH-ONLY — exploratory_trade_surface,a,0.005,2.0,ollama_hypothesis_surface,0b14f32acefb31b6de8901ae,2.8429282160625444,0.01,context_space,llm_hyp_540881_559651_temporal_ordering_pair,temporal,,109289569086508934142323222102974769075074494425163878721602922903101062859033,c5b54f1aaa6a4daea40d5b73838cc2e3,acd49abdd469c2038d4a24f7
0.0,0.316575,1753408806000,reentry,0.015,RESEARCH-ONLY — exploratory_trade_surface,b,0.005,2.0,ollama_hypothesis_surface,0b14f32acefb31b6de8901ae,6.317618257916766,0.01,context_space,llm_hyp_540881_559651_temporal_ordering_pair,temporal,,25659310674993675562345759665114759892400026242514633218387667107987341231962,c18be364eb4d46daafe93e3ad8a884a7,acd49abdd469c2038d4a24f7
0.0,0.7035,1753412406000,reentry,0.015,RESEARCH-ONLY — exploratory_trade_surface,a,0.005,2.0,ollama_hypothesis_surface,0b14f32acefb31b6de8901ae,2.8429282160625444,0.01,context_space,llm_hyp_540881_559651_temporal_ordering_pair,temporal,,109289569086508934142323222102974769075074494425163878721602922903101062859033,5ff7f63382ab4271a70cc2ac13b28256,acd49abdd469c2038d4a24f7
0.0,0.316575,1753412406000,reentry,0.015,RESEARCH-ONLY — exploratory_trade_surface,b,0.005,2.0,ollama_hypothesis_surface,0b14f32acefb31b6de8901ae,6.317618257916766,0.01,context_space,llm_hyp_540881_559651_temporal_ordering_pair,temporal,,25659310674993675562345759665114759892400026242514633218387667107987341231962,9ee14241ba4f4993be3a3ead3eb87980,acd49abdd469c2038d4a24f7
0.0,0.7035,1753416006000,reentry,0.015,RESEARCH-ONLY — exploratory_trade_surface,a,0.005,2.0,ollama_hypothesis_surface,0b14f32acefb31b6de8901ae,2.8429282160625444,0.01,context_space,llm_hyp_540881_559651_temporal_ordering_pair,temporal,,109289569086508934142323222102974769075074494425163878721602922903101062859033,91a832042a8f4264b43c2a4d2546f8c9,acd49abdd469c2038d4a24f7
0.0,0.316575,1753416006000,reentry,0.015,RESEARCH-ONLY — exploratory_trade_surface,b,0.005,2.0,ollama_hypothesis_surface,0b14f32acefb31b6de8901ae,6.317618257916766,0.01,context_space,llm_hyp_540881_559651_temporal_ordering_pair,temporal,,25659310674993675562345759665114759892400026242514633218387667107987341231962,00e96e594d174590b645fe0308b9c10c,acd49abdd469c2038d4a24f7
0.0,0.7035,1753419606000,reentry,0.015,RESEARCH-ONLY — exploratory_trade_surface,a,0.005,2.0,ollama_hypothesis_surface,0b14f32acefb31b6de8901ae,2.8429282160625444,0.01,context_space,llm_hyp_540881_559651_temporal_ordering_pair,temporal,,109289569086508934142323222102974769075074494425163878721602922903101062859033,e377d63d5d074efdb3c7dff1eff5a7b7,acd49abdd469c2038d4a24f7
0.0,0.316575,1753419606000,reentry,0.015,RESEARCH-ONLY — exploratory_trade_surface,b,0.005,2.0,ollama_hypothesis_surface,0b14f32acefb31b6de8901ae,6.317618257916766,0.01,context_space,llm_hyp_540881_559651_temporal_ordering_pair,temporal,,25659310674993675562345759665114759892400026242514633218387667107987341231962,80c8aece6d534c5fa26e9ba977281143,acd49abdd469c2038d4a24f7
0.0,0.7035,1753423206000,reentry,0.015,RESEARCH-ONLY — exploratory_trade_surface,a,0.005,2.0,ollama_hypothesis_surface,0b14f32acefb31b6de8901ae,2.8429282160625444,0.01,context_space,llm_hyp_540881_559651_temporal_ordering_pair,temporal,,109289569086508934142323222102974769075074494425163878721602922903101062859033,c02a238fadb545f2af419090e1f1cd3a,acd49abdd469c2038d4a24f7
0.0,0.316575,1753423206000,reentry,0.015,RESEARCH-ONLY — exploratory_trade_surface,b,0.005,2.0,ollama_hypothesis_surface,0b14f32acefb31b6de8901ae,6.317618257916766,0.01,context_space,llm_hyp_540881_559651_temporal_ordering_pair,temporal,,25659310674993675562345759665114759892400026242514633218387667107987341231962,e1be1d0f862248ad96a9dec80be147bf,acd49abdd469c2038d4a24f7
0.0,0.7035,1753426806000,reentry,0.015,RESEARCH-ONLY — exploratory_trade_surface,a,0.005,2.0,ollama_hypothesis_surface,0b14f32acefb31b6de8901ae,2.8429282160625444,0.01,context_space,llm_hyp_540881_559651_temporal_ordering_pair,temporal,,109289569086508934142323222102974769075074494425163878721602922903101062859033,03141128a1024791a7adf1df73b5d6f0,acd49abdd469c2038d4a24f7
0.0,0.316575,1753426806000,reentry,0.015,RESEARCH-ONLY — exploratory_trade_surface,b,0.005,2.0,ollama_hypothesis_surface,0b14f32acefb31b6de8901ae,6.317618257916766,0.01,context_space,llm_hyp_540881_559651_temporal_ordering_pair,temporal,,25659310674993675562345759665114759892400026242514633218387667107987341231962,3105de28f2144d4b915284d0f8755c81,acd49abdd469c2038d4a24f7
0.0,0.7035,1753430406000,reentry,0.015,RESEARCH-ONLY — exploratory_trade_surface,a,0.005,2.0,ollama_hypothesis_surface,0b14f32acefb31b6de8901ae,2.8429282160625444,0.01,context_space,llm_hyp_540881_559651_temporal_ordering_pair,temporal,,109289569086508934142323222102974769075074494425163878721602922903101062859033,55765c722aec46fca9398c48903f8954,acd49abdd469c2038d4a24f7
0.0,0.316575,1753430406000,reentry,0.015,RESEARCH-ONLY — exploratory_trade_surface,b,0.005,2.0,ollama_hypothesis_surface,0b14f32acefb31b6de8901ae,6.317618257916766,0.01,context_space,llm_hyp_540881_559651_temporal_ordering_pair,temporal,,25659310674993675562345759665114759892400026242514633218387667107987341231962,33eba9b833bb4267bdf9cf9568c0a9f9,acd49abdd469c2038d4a24f7
0.0,0.7035,1753434006000,reentry,0.015,RESEARCH-ONLY — exploratory_trade_surface,a,0.005,2.0,ollama_hypothesis_surface,0b14f32acefb31b6de8901ae,2.8429282160625444,0.01,context_space,llm_hyp_540881_559651_temporal_ordering_pair,temporal,,109289569086508934142323222102974769075074494425163878721602922903101062859033,d87210a4fbda4facb11cdca6ac471019,acd49abdd469c2038d4a24f7
0.0,0.316575,1753434006000,reentry,0.015,RESEARCH-ONLY — exploratory_trade_surface,b,0.005,2.0,ollama_hypothesis_surface,0b14f32acefb31b6de8901ae,6.317618257916766,0.01,context_space,llm_hyp_540881_559651_temporal_ordering_pair,temporal,,25659310674993675562345759665114759892400026242514633218387667107987341231962,6ff85f2aebdc48f09f5c86f114038913,acd49abdd469c2038d4a24f7
0.0,0.7035,1753437606000,reentry,0.015,RESEARCH-ONLY — exploratory_trade_surface,a,0.005,2.0,ollama_hypothesis_surface,0b14f32acefb31b6de8901ae,2.8429282160625444,0.01,context_space,llm_hyp_540881_559651_temporal_ordering_pair,temporal,,109289569086508934142323222102974769075074494425163878721602922903101062859033,90bc307852a047849c0fdb3c4a7032c0,acd49abdd469c2038d4a24f7
0.0,0.316575,1753437606000,reentry,0.015,RESEARCH-ONLY — exploratory_trade_surface,b,0.005,2.0,ollama_hypothesis_surface,0b14f32acefb31b6de8901ae,6.317618257916766,0.01,context_space,llm_hyp_540881_559651_temporal_ordering_pair,temporal,,25659310674993675562345759665114759892400026242514633218387667107987341231962,ee518170b1b2488dad256f199352770f,acd49abdd469c2038d4a24f7
0.0,0.7035,1753441206000,reentry,0.015,RESEARCH-ONLY — exploratory_trade_surface,a,0.005,2.0,ollama_hypothesis_surface,0b14f32acefb31b6de8901ae,2.8429282160625444,0.01,context_space,llm_hyp_540881_559651_temporal_ordering_pair,temporal,,109289569086508934142323222102974769075074494425163878721602922903101062859033,9390363cb26643999be968410311cf05,acd49abdd469c2038d4a24f7
0.0,0.316575,1753441206000,reentry,0.015,RESEARCH-ONLY — exploratory_trade_surface,b,0.005,2.0,ollama_hypothesis_surface,0b14f32acefb31b6de8901ae,6.317618257916766,0.01,context_space,llm_hyp_540881_559651_temporal_ordering_pair,temporal,,25659310674993675562345759665114759892400026242514633218387667107987341231962,d2188f629b3649818633f081112400f8,acd49abdd469c2038d4a24f7
0.0,0.7035,1753444806000,reentry,0.015,RESEARCH-ONLY — exploratory_trade_surface,a,0.005,2.0,ollama_hypothesis_surface,0b14f32acefb31b6de8901ae,2.8429282160625444,0.01,context_space,llm_hyp_540881_559651_temporal_ordering_pair,temporal,,109289569086508934142323222102974769075074494425163878721602922903101062859033,f8dfd3b2e86047f1a9051ea4dac875e5,acd49abdd469c2038d4a24f7
0.0,0.316575,1753444806000,reentry,0.015,RESEARCH-ONLY — exploratory_trade_surface,b,0.005,2.0,ollama_hypothesis_surface,0b14f32acefb31b6de8901ae,6.317618257916766,0.01,context_space,llm_hyp_540881_559651_temporal_ordering_pair,temporal,,25659310674993675562345759665114759892400026242514633218387667107987341231962,8fd4f56445504e15960a83fe11b8eab3,acd49abdd469c2038d4a24f7
0.0,0.7035,1753448406000,reentry,0.035,RESEARCH-ONLY — exploratory_trade_surface,a,0.025,2.0,ollama_hypothesis_surface,0b14f32acefb31b6de8901ae,2.8429282160625444,0.01,context_space,llm_hyp_540881_559651_temporal_ordering_pair,temporal,,109289569086508934142323222102974769075074494425163878721602922903101062859033,148112458c354fac9ec9f3903043ed90,acd49abdd469c2038d4a24f7
0.0,0.336675,1753448406000,reentry,0.035,RESEARCH-ONLY — exploratory_trade_surface,b,0.025,2.0,ollama_hypothesis_surface,0b14f32acefb31b6de8901ae,5.940447018638152,0.01,context_space,llm_hyp_540881_559651_temporal_ordering_pair,temporal,,25659310674993675562345759665114759892400026242514633218387667107987341231962,1739c9895f58438f9cab371d3511793f,acd49abdd469c2038d4a24f7
0.0,0.7035,1753452006000,reentry,0.035,RESEARCH-ONLY — exploratory_trade_surface,a,0.025,2.0,ollama_hypothesis_surface,0b14f32acefb31b6de8901ae,2.8429282160625444,0.01,context_space,llm_hyp_540881_559651_temporal_ordering_pair,temporal,,109289569086508934142323222102974769075074494425163878721602922903101062859033,b4f3e620a1fe4e06b8e3cf014746b2ec,acd49abdd469c2038d4a24f7
0.0,0.336675,1753452006000,reentry,0.035,RESEARCH-ONLY — exploratory_trade_surface,b,0.025,2.0,ollama_hypothesis_surface,0b14f32acefb31b6de8901ae,5.940447018638152,0.01,context_space,llm_hyp_540881_559651_temporal_ordering_pair,temporal,,25659310674993675562345759665114759892400026242514633218387667107987341231962,a1ba1a3293ec422d8a129d6f1a9b3217,acd49abdd469c2038d4a24f7
0.0,0.7035,1753455606000,reentry,0.035,RESEARCH-ONLY — exploratory_trade_surface,a,0.025,2.0,ollama_hypothesis_surface,0b14f32acefb31b6de8901ae,2.8429282160625444,0.01,context_space,llm_hyp_540881_559651_temporal_ordering_pair,temporal,,109289569086508934142323222102974769075074494425163878721602922903101062859033,9356734d4291400c9f23dbf7fc601c81,acd49abdd469c2038d4a24f7
0.0,0.336675,1753455606000,reentry,0.035,RESEARCH-ONLY — exploratory_trade_surface,b,0.025,2.0,ollama_hypothesis_surface,0b14f32acefb31b6de8901ae,5.940447018638152,0.01,context_space,llm_hyp_540881_559651_temporal_ordering_pair,temporal,,25659310674993675562345759665114759892400026242514633218387667107987341231962,a10d6612b04741a589938437dcab2209,acd49abdd469c2038d4a24f7
0.0,0.7035,1753459206000,reentry,0.035,RESEARCH-ONLY — exploratory_trade_surface,a,0.025,2.0,ollama_hypothesis_surface,0b14f32acefb31b6de8901ae,2.8429282160625444,0.01,context_space,llm_hyp_540881_559651_temporal_ordering_pair,temporal,,109289569086508934142323222102974769075074494425163878721602922903101062859033,18a0b89de6da4fc2aa70298f3e8dd0d8,acd49abdd469c2038d4a24f7
0.0,0.336675,1753459206000,reentry,0.035,RESEARCH-ONLY — exploratory_trade_surface,b,0.025,2.0,ollama_hypothesis_surface,0b14f32acefb31b6de8901ae,5.940447018638152,0.01,context_space,llm_hyp_540881_559651_temporal_ordering_pair,temporal,,25659310674993675562345759665114759892400026242514633218387667107987341231962,6aaaf4661df949cfad23cffa5ddfb542,acd49abdd469c2038d4a24f7
0.0,0.7035,1753462806000,reentry,0.035,RESEARCH-ONLY — exploratory_trade_surface,a,0.025,2.0,ollama_hypothesis_surface,0b14f32acefb31b6de8901ae,2.8429282160625444,0.01,context_space,llm_hyp_540881_559651_temporal_ordering_pair,temporal,,109289569086508934142323222102974769075074494425163878721602922903101062859033,e316f102ec5840969c2edb08934189ae,acd49abdd469c2038d4a24f7
0.0,0.336675,1753462806000,reentry,0.035,RESEARCH-ONLY — exploratory_trade_surface,b,0.025,2.0,ollama_hypothesis_surface,0b14f32acefb31b6de8901ae,5.940447018638152,0.01,context_space,llm_hyp_540881_559651_temporal_ordering_pair,temporal,,25659310674993675562345759665114759892400026242514633218387667107987341231962,c7357363c0c04cec8502d3276c4e0360,acd49abdd469c2038d4a24f7
0.0,0.7035,1753466406000,reentry,0.035,RESEARCH-ONLY — exploratory_trade_surface,a,0.025,2.0,ollama_hypothesis_surface,0b14f32acefb31b6de8901ae,2.8429282160625444,0.01,context_space,llm_hyp_540881_559651_temporal_ordering_pair,temporal,,109289569086508934142323222102974769075074494425163878721602922903101062859033,5767757e4053404eba4a35ac862fa934,acd49abdd469c2038d4a24f7
0.0,0.336675,1753466406000,reentry,0.035,RESEARCH-ONLY — exploratory_trade_surface,b,0.025,2.0,ollama_hypothesis_surface,0b14f32acefb31b6de8901ae,5.940447018638152,0.01,context_space,llm_hyp_540881_559651_temporal_ordering_pair,temporal,,25659310674993675562345759665114759892400026242514633218387667107987341231962,61cd4b0027e74a8a8d1201224bf0ce69,acd49abdd469c2038d4a24f7
0.0,0.7035,1753470006000,reentry,0.035,RESEARCH-ONLY — exploratory_trade_surface,a,0.025,2.0,ollama_hypothesis_surface,0b14f32acefb31b6de8901ae,2.8429282160625444,0.01,context_space,llm_hyp_540881_559651_temporal_ordering_pair,temporal,,109289569086508934142323222102974769075074494425163878721602922903101062859033,43b89a7dd16a464589ac3e7430f77dcf,acd49abdd469c2038d4a24f7
0.0,0.336675,1753470006000,reentry,0.035,RESEARCH-ONLY — exploratory_trade_surface,b,0.025,2.0,ollama_hypothesis_surface,0b14f32acefb31b6de8901ae,5.940447018638152,0.01,context_space,llm_hyp_540881_559651_temporal_ordering_pair,temporal,,25659310674993675562345759665114759892400026242514633218387667107987341231962,b804e1ff300a43cfa24468bef4fe45cf,acd49abdd469c2038d4a24f7
0.0,0.7035,1753473606000,reentry,0.035,RESEARCH-ONLY — exploratory_trade_surface,a,0.025,2.0,ollama_hypothesis_surface,0b14f32acefb31b6de8901ae,2.8429282160625444,0.01,context_space,llm_hyp_540881_559651_temporal_ordering_pair,temporal,,109289569086508934142323222102974769075074494425163878721602922903101062859033,6a99f8018c9d4f9e8c31e959114746b8,acd49abdd469c2038d4a24f7
0.0,0.336675,1753473606000,reentry,0.035,RESEARCH-ONLY — exploratory_trade_surface,b,0.025,2.0,ollama_hypothesis_surface,0b14f32acefb31b6de8901ae,5.940447018638152,0.01,context_space,llm_hyp_540881_559651_temporal_ordering_pair,temporal,,25659310674993675562345759665114759892400026242514633218387667107987341231962,53e77a9cd3d84785b61451f38b4b023b,acd49abdd469c2038d4a24f7
0.0,0.7035,1753477206000,reentry,0.035,RESEARCH-ONLY — exploratory_trade_surface,a,0.025,2.0,ollama_hypothesis_surface,0b14f32acefb31b6de8901ae,2.8429282160625444,0.01,context_space,llm_hyp_540881_559651_temporal_ordering_pair,temporal,,109289569086508934142323222102974769075074494425163878721602922903101062859033,834baf50a03c4416b1b64bc684f83fae,acd49abdd469c2038d4a24f7
0.0,0.336675,1753477206000,reentry,0.035,RESEARCH-ONLY — exploratory_trade_surface,b,0.025,2.0,ollama_hypothesis_surface,0b14f32acefb31b6de8901ae,5.940447018638152,0.01,context_space,llm_hyp_540881_559651_temporal_ordering_pair,temporal,,25659310674993675562345759665114759892400026242514633218387667107987341231962,c08c9706d4b9497db0c70e41ec72d69d,acd49abdd469c2038d4a24f7
0.0,0.7035,1753480806000,reentry,0.035,RESEARCH-ONLY — exploratory_trade_surface,a,0.025,2.0,ollama_hypothesis_surface,0b14f32acefb31b6de8901ae,2.8429282160625444,0.01,context_space,llm_hyp_540881_559651_temporal_ordering_pair,temporal,,109289569086508934142323222102974769075074494425163878721602922903101062859033,fbcfe0f8b6f74825ad6941ac43c398e2,acd49abdd469c2038d4a24f7
0.0,0.336675,1753480806000,reentry,0.035,RESEARCH-ONLY — exploratory_trade_surface,b,0.025,2.0,ollama_hypothesis_surface,0b14f32acefb31b6de8901ae,5.940447018638152,0.01,context_space,llm_hyp_540881_559651_temporal_ordering_pair,temporal,,25659310674993675562345759665114759892400026242514633218387667107987341231962,4ec7ee25f0b24e3a84e0acfec3897762,acd49abdd469c2038d4a24f7
0.0,0.7035,1753484406000,reentry,0.035,RESEARCH-ONLY — exploratory_trade_surface,a,0.025,2.0,ollama_hypothesis_surface,0b14f32acefb31b6de8901ae,2.8429282160625444,0.01,context_space,llm_hyp_540881_559651_temporal_ordering_pair,temporal,,109289569086508934142323222102974769075074494425163878721602922903101062859033,75d2c0de50184b63bbb3e6cda92d4556,acd49abdd469c2038d4a24f7
0.0,0.336675,1753484406000,reentry,0.035,RESEARCH-ONLY — exploratory_trade_surface,b,0.025,2.0,ollama_hypothesis_surface,0b14f32acefb31b6de8901ae,5.940447018638152,0.01,context_space,llm_hyp_540881_559651_temporal_ordering_pair,temporal,,25659310674993675562345759665114759892400026242514633218387667107987341231962,227ca73ea8734d6290b77f1447548121,acd49abdd469c2038d4a24f7
0.0,0.7035,1753488006000,reentry,0.035,RESEARCH-ONLY — exploratory_trade_surface,a,0.025,2.0,ollama_hypothesis_surface,0b14f32acefb31b6de8901ae,2.8429282160625444,0.01,context_space,llm_hyp_540881_559651_temporal_ordering_pair,temporal,,109289569086508934142323222102974769075074494425163878721602922903101062859033,e3edb0e5e85f4dfcaa34cba5b12cd64b,acd49abdd469c2038d4a24f7
0.0,0.336675,1753488006000,reentry,0.035,RESEARCH-ONLY — exploratory_trade_surface,b,0.025,2.0,ollama_hypothesis_surface,0b14f32acefb31b6de8901ae,5.940447018638152,0.01,context_space,llm_hyp_540881_559651_temporal_ordering_pair,temporal,,25659310674993675562345759665114759892400026242514633218387667107987341231962,1b5c90b43b804e0ea6935af0eb7fb48a,acd49abdd469c2038d4a24f7
0.0,0.7035,1753491606000,reentry,0.025,RESEARCH-ONLY — exploratory_trade_surface,a,0.015,2.0,ollama_hypothesis_surface,0b14f32acefb31b6de8901ae,2.8429282160625444,0.01,context_space,llm_hyp_540881_559651_temporal_ordering_pair,temporal,,109289569086508934142323222102974769075074494425163878721602922903101062859033,9f7fee7852ef454291aa907d47259fb5,acd49abdd469c2038d4a24f7
0.0,0.326625,1753491606000,reentry,0.025,RESEARCH-ONLY — exploratory_trade_surface,b,0.015,2.0,ollama_hypothesis_surface,0b14f32acefb31b6de8901ae,6.123230003827019,0.01,context_space,llm_hyp_540881_559651_temporal_ordering_pair,temporal,,25659310674993675562345759665114759892400026242514633218387667107987341231962,3b8ba1ea304f4eb2a3ab5d0164c59d07,acd49abdd469c2038d4a24f7
0.0,0.256275,1755216007000,first,0.04,RESEARCH-ONLY — exploratory_trade_surface,a,0.03,2.0,ollama_hypothesis_surface,a6edab19118abe85173fa9a8b0f4cbe4,7.804116671544239,0.01,context_space,sports_championship_conference_progression,nesting,,44914465637297319816681463234953032477919413063019359633128421605039733545953,b74e1b5793ba44c5a40963f44be72ec4,2ef42c5114504a1f7287c7be
0.0,0.216075,1755216007000,first,0.04,RESEARCH-ONLY — exploratory_trade_surface,b,0.03,2.0,ollama_hypothesis_surface,a6edab19118abe85173fa9a8b0f4cbe4,9.256045354622238,0.01,context_space,sports_championship_conference_progression,nesting,,105874436620923713168019020245858616944322383958692280683224180064376992665538,63c408e8439f46e39c404bab3c623521,2ef42c5114504a1f7287c7be
0.0,0.256275,1755219607000,reentry,0.04,RESEARCH-ONLY — exploratory_trade_surface,a,0.03,2.0,ollama_hypothesis_surface,a6edab19118abe85173fa9a8b0f4cbe4,7.804116671544239,0.01,context_space,sports_championship_conference_progression,nesting,,44914465637297319816681463234953032477919413063019359633128421605039733545953,81edb40fa7484db9ba827acd31c1bd75,2ef42c5114504a1f7287c7be
0.0,0.216075,1755219607000,reentry,0.04,RESEARCH-ONLY — exploratory_trade_surface,b,0.03,2.0,ollama_hypothesis_surface,a6edab19118abe85173fa9a8b0f4cbe4,9.256045354622238,0.01,context_space,sports_championship_conference_progression,nesting,,105874436620923713168019020245858616944322383958692280683224180064376992665538,8aa9f2fd055345baa5118514ea83cae2,2ef42c5114504a1f7287c7be
0.0,0.256275,1755223207000,reentry,0.04,RESEARCH-ONLY — exploratory_trade_surface,a,0.03,2.0,ollama_hypothesis_surface,a6edab19118abe85173fa9a8b0f4cbe4,7.804116671544239,0.01,context_space,sports_championship_conference_progression,nesting,,44914465637297319816681463234953032477919413063019359633128421605039733545953,d06020db261a428bb1164b5f93330c1c,2ef42c5114504a1f7287c7be
0.0,0.216075,1755223207000,reentry,0.04,RESEARCH-ONLY — exploratory_trade_surface,b,0.03,2.0,ollama_hypothesis_surface,a6edab19118abe85173fa9a8b0f4cbe4,9.256045354622238,0.01,context_space,sports_championship_conference_progression,nesting,,105874436620923713168019020245858616944322383958692280683224180064376992665538,7e6f9c8fc3864e0b86ce89344914d853,2ef42c5114504a1f7287c7be
0.0,0.256275,1755226807000,reentry,0.04,RESEARCH-ONLY — exploratory_trade_surface,a,0.03,2.0,ollama_hypothesis_surface,a6edab19118abe85173fa9a8b0f4cbe4,7.804116671544239,0.01,context_space,sports_championship_conference_progression,nesting,,44914465637297319816681463234953032477919413063019359633128421605039733545953,fa525ba149f143cbb17b5f6eb07d624a,2ef42c5114504a1f7287c7be
0.0,0.216075,1755226807000,reentry,0.04,RESEARCH-ONLY — exploratory_trade_surface,b,0.03,2.0,ollama_hypothesis_surface,a6edab19118abe85173fa9a8b0f4cbe4,9.256045354622238,0.01,context_space,sports_championship_conference_progression,nesting,,105874436620923713168019020245858616944322383958692280683224180064376992665538,83ff721bec1e4171aa16ffab2048a1e4,2ef42c5114504a1f7287c7be
0.0,0.256275,1755230407000,reentry,0.04,RESEARCH-ONLY — exploratory_trade_surface,a,0.03,2.0,ollama_hypothesis_surface,a6edab19118abe85173fa9a8b0f4cbe4,7.804116671544239,0.01,context_space,sports_championship_conference_progression,nesting,,44914465637297319816681463234953032477919413063019359633128421605039733545953,c6bda55639044d81be01a40a6db97639,2ef42c5114504a1f7287c7be
0.0,0.216075,1755230407000,reentry,0.04,RESEARCH-ONLY — exploratory_trade_surface,b,0.03,2.0,ollama_hypothesis_surface,a6edab19118abe85173fa9a8b0f4cbe4,9.256045354622238,0.01,context_space,sports_championship_conference_progression,nesting,,105874436620923713168019020245858616944322383958692280683224180064376992665538,ab927d7be6584997b36dbb953c309fb8,2ef42c5114504a1f7287c7be
0.0,0.256275,1755234007000,reentry,0.04,RESEARCH-ONLY — exploratory_trade_surface,a,0.03,2.0,ollama_hypothesis_surface,a6edab19118abe85173fa9a8b0f4cbe4,7.804116671544239,0.01,context_space,sports_championship_conference_progression,nesting,,44914465637297319816681463234953032477919413063019359633128421605039733545953,2fa787c047594a66b3be9b529d53930d,2ef42c5114504a1f7287c7be
0.0,0.216075,1755234007000,reentry,0.04,RESEARCH-ONLY — exploratory_trade_surface,b,0.03,2.0,ollama_hypothesis_surface,a6edab19118abe85173fa9a8b0f4cbe4,9.256045354622238,0.01,context_space,sports_championship_conference_progression,nesting,,105874436620923713168019020245858616944322383958692280683224180064376992665538,98453d25229a44dbb258edf8969aca0a,2ef42c5114504a1f7287c7be
0.0,0.256275,1755237607000,reentry,0.04,RESEARCH-ONLY — exploratory_trade_surface,a,0.03,2.0,ollama_hypothesis_surface,a6edab19118abe85173fa9a8b0f4cbe4,7.804116671544239,0.01,context_space,sports_championship_conference_progression,nesting,,44914465637297319816681463234953032477919413063019359633128421605039733545953,c3a6ca87eacd4205b5c4d5922f523538,2ef42c5114504a1f7287c7be
0.0,0.216075,1755237607000,reentry,0.04,RESEARCH-ONLY — exploratory_trade_surface,b,0.03,2.0,ollama_hypothesis_surface,a6edab19118abe85173fa9a8b0f4cbe4,9.256045354622238,0.01,context_space,sports_championship_conference_progression,nesting,,105874436620923713168019020245858616944322383958692280683224180064376992665538,f21b2ac1154b489eb7e6ffcf3a0ca1b4,2ef42c5114504a1f7287c7be
0.0,0.256275,1755241207000,reentry,0.04,RESEARCH-ONLY — exploratory_trade_surface,a,0.03,2.0,ollama_hypothesis_surface,a6edab19118abe85173fa9a8b0f4cbe4,7.804116671544239,0.01,context_space,sports_championship_conference_progression,nesting,,44914465637297319816681463234953032477919413063019359633128421605039733545953,013d741c1bf34de098e9f65b2faf8105,2ef42c5114504a1f7287c7be
0.0,0.216075,1755241207000,reentry,0.04,RESEARCH-ONLY — exploratory_trade_surface,b,0.03,2.0,ollama_hypothesis_surface,a6edab19118abe85173fa9a8b0f4cbe4,9.256045354622238,0.01,context_space,sports_championship_conference_progression,nesting,,105874436620923713168019020245858616944322383958692280683224180064376992665538,ba0adda6013341c8bf99dd7ef881660e,2ef42c5114504a1f7287c7be
0.0,0.256275,1755244807000,reentry,0.04,RESEARCH-ONLY — exploratory_trade_surface,a,0.03,2.0,ollama_hypothesis_surface,a6edab19118abe85173fa9a8b0f4cbe4,7.804116671544239,0.01,context_space,sports_championship_conference_progression,nesting,,44914465637297319816681463234953032477919413063019359633128421605039733545953,bd22741276974996ae588cffaf3f9e63,2ef42c5114504a1f7287c7be
0.0,0.216075,1755244807000,reentry,0.04,RESEARCH-ONLY — exploratory_trade_surface,b,0.03,2.0,ollama_hypothesis_surface,a6edab19118abe85173fa9a8b0f4cbe4,9.256045354622238,0.01,context_space,sports_championship_conference_progression,nesting,,105874436620923713168019020245858616944322383958692280683224180064376992665538,12725fd3e5794b6da90ecd8169f6fd88,2ef42c5114504a1f7287c7be
0.0,0.256275,1755248407000,reentry,0.04,RESEARCH-ONLY — exploratory_trade_surface,a,0.03,2.0,ollama_hypothesis_surface,a6edab19118abe85173fa9a8b0f4cbe4,7.804116671544239,0.01,context_space,sports_championship_conference_progression,nesting,,44914465637297319816681463234953032477919413063019359633128421605039733545953,57ffb35751bc41d8a6abae5138fab8e6,2ef42c5114504a1f7287c7be
0.0,0.216075,1755248407000,reentry,0.04,RESEARCH-ONLY — exploratory_trade_surface,b,0.03,2.0,ollama_hypothesis_surface,a6edab19118abe85173fa9a8b0f4cbe4,9.256045354622238,0.01,context_space,sports_championship_conference_progression,nesting,,105874436620923713168019020245858616944322383958692280683224180064376992665538,a896e36ff902448181eabe86a45db7ca,2ef42c5114504a1f7287c7be
0.0,0.256275,1755252007000,reentry,0.04,RESEARCH-ONLY — exploratory_trade_surface,a,0.03,2.0,ollama_hypothesis_surface,a6edab19118abe85173fa9a8b0f4cbe4,7.804116671544239,0.01,context_space,sports_championship_conference_progression,nesting,,44914465637297319816681463234953032477919413063019359633128421605039733545953,2020043ffdc74d7c90b6df68068eda66,2ef42c5114504a1f7287c7be
0.0,0.216075,1755252007000,reentry,0.04,RESEARCH-ONLY — exploratory_trade_surface,b,0.03,2.0,ollama_hypothesis_surface,a6edab19118abe85173fa9a8b0f4cbe4,9.256045354622238,0.01,context_space,sports_championship_conference_progression,nesting,,105874436620923713168019020245858616944322383958692280683224180064376992665538,6218c3cb314943f09055b20bb5d03b66,2ef42c5114504a1f7287c7be
0.0,0.256275,1755255607000,reentry,0.04,RESEARCH-ONLY — exploratory_trade_surface,a,0.03,2.0,ollama_hypothesis_surface,a6edab19118abe85173fa9a8b0f4cbe4,7.804116671544239,0.01,context_space,sports_championship_conference_progression,nesting,,44914465637297319816681463234953032477919413063019359633128421605039733545953,86e3a24fb9e8451d8200a0d185cc2d19,2ef42c5114504a1f7287c7be
0.0,0.216075,1755255607000,reentry,0.04,RESEARCH-ONLY — exploratory_trade_surface,b,0.03,2.0,ollama_hypothesis_surface,a6edab19118abe85173fa9a8b0f4cbe4,9.256045354622238,0.01,context_space,sports_championship_conference_progression,nesting,,105874436620923713168019020245858616944322383958692280683224180064376992665538,b7eb27d3fcbc4891a8f930a078cd5706,2ef42c5114504a1f7287c7be
0.0,0.256275,1755259207000,reentry,0.04,RESEARCH-ONLY — exploratory_trade_surface,a,0.03,2.0,ollama_hypothesis_surface,a6edab19118abe85173fa9a8b0f4cbe4,7.804116671544239,0.01,context_space,sports_championship_conference_progression,nesting,,44914465637297319816681463234953032477919413063019359633128421605039733545953,0590b6f5e73449e19d87f8687fc8cf29,2ef42c5114504a1f7287c7be
0.0,0.216075,1755259207000,reentry,0.04,RESEARCH-ONLY — exploratory_trade_surface,b,0.03,2.0,ollama_hypothesis_surface,a6edab19118abe85173fa9a8b0f4cbe4,9.256045354622238,0.01,context_space,sports_championship_conference_progression,nesting,,105874436620923713168019020245858616944322383958692280683224180064376992665538,56fc511149c946b29cff663bcc18584a,2ef42c5114504a1f7287c7be
0.0,0.256275,1755432007000,reentry,0.035,RESEARCH-ONLY — exploratory_trade_surface,a,0.025,2.0,ollama_hypothesis_surface,a6edab19118abe85173fa9a8b0f4cbe4,7.804116671544239,0.01,context_space,sports_championship_conference_progression,nesting,,44914465637297319816681463234953032477919413063019359633128421605039733545953,129758054be5464f94753e5961a0d5aa,c7ac1826174ee9a23d55bdb4
0.0,0.2211,1755432007000,reentry,0.035,RESEARCH-ONLY — exploratory_trade_surface,b,0.025,2.0,ollama_hypothesis_surface,a6edab19118abe85173fa9a8b0f4cbe4,9.045680687471732,0.01,context_space,sports_championship_conference_progression,nesting,,105874436620923713168019020245858616944322383958692280683224180064376992665538,d839dc7333df4f99965e87c6faa5ddfb,c7ac1826174ee9a23d55bdb4
0.0,0.256275,1755435607000,reentry,0.035,RESEARCH-ONLY — exploratory_trade_surface,a,0.025,2.0,ollama_hypothesis_surface,a6edab19118abe85173fa9a8b0f4cbe4,7.804116671544239,0.01,context_space,sports_championship_conference_progression,nesting,,44914465637297319816681463234953032477919413063019359633128421605039733545953,6da1086701e141bd899e982fd32cbdd4,c7ac1826174ee9a23d55bdb4
0.0,0.2211,1755435607000,reentry,0.035,RESEARCH-ONLY — exploratory_trade_surface,b,0.025,2.0,ollama_hypothesis_surface,a6edab19118abe85173fa9a8b0f4cbe4,9.045680687471732,0.01,context_space,sports_championship_conference_progression,nesting,,105874436620923713168019020245858616944322383958692280683224180064376992665538,16bb72dcc42842eab97ee31b96d70943,c7ac1826174ee9a23d55bdb4
0.0,0.256275,1755439207000,reentry,0.035,RESEARCH-ONLY — exploratory_trade_surface,a,0.025,2.0,ollama_hypothesis_surface,a6edab19118abe85173fa9a8b0f4cbe4,7.804116671544239,0.01,context_space,sports_championship_conference_progression,nesting,,44914465637297319816681463234953032477919413063019359633128421605039733545953,96f76296134d465387f4280a5e448374,c7ac1826174ee9a23d55bdb4
0.0,0.2211,1755439207000,reentry,0.035,RESEARCH-ONLY — exploratory_trade_surface,b,0.025,2.0,ollama_hypothesis_surface,a6edab19118abe85173fa9a8b0f4cbe4,9.045680687471732,0.01,context_space,sports_championship_conference_progression,nesting,,105874436620923713168019020245858616944322383958692280683224180064376992665538,ff4d1b0b73fd418980388628835921ae,c7ac1826174ee9a23d55bdb4
0.0,0.256275,1755442807000,reentry,0.035,RESEARCH-ONLY — exploratory_trade_surface,a,0.025,2.0,ollama_hypothesis_surface,a6edab19118abe85173fa9a8b0f4cbe4,7.804116671544239,0.01,context_space,sports_championship_conference_progression,nesting,,44914465637297319816681463234953032477919413063019359633128421605039733545953,262ae2dcef3c432e8f7857474ab6259e,c7ac1826174ee9a23d55bdb4
0.0,0.2211,1755442807000,reentry,0.035,RESEARCH-ONLY — exploratory_trade_surface,b,0.025,2.0,ollama_hypothesis_surface,a6edab19118abe85173fa9a8b0f4cbe4,9.045680687471732,0.01,context_space,sports_championship_conference_progression,nesting,,105874436620923713168019020245858616944322383958692280683224180064376992665538,127b1a0c01d3493995db9fe06ae29942,c7ac1826174ee9a23d55bdb4
0.0,0.256275,1755446407000,reentry,0.035,RESEARCH-ONLY — exploratory_trade_surface,a,0.025,2.0,ollama_hypothesis_surface,a6edab19118abe85173fa9a8b0f4cbe4,7.804116671544239,0.01,context_space,sports_championship_conference_progression,nesting,,44914465637297319816681463234953032477919413063019359633128421605039733545953,9dc2f6839b2b49449d543880a0f755cb,c7ac1826174ee9a23d55bdb4
0.0,0.2211,1755446407000,reentry,0.035,RESEARCH-ONLY — exploratory_trade_surface,b,0.025,2.0,ollama_hypothesis_surface,a6edab19118abe85173fa9a8b0f4cbe4,9.045680687471732,0.01,context_space,sports_championship_conference_progression,nesting,,105874436620923713168019020245858616944322383958692280683224180064376992665538,6d6c09f9f8ea4d14af405d05a0a18f2f,c7ac1826174ee9a23d55bdb4
0.0,0.256275,1755450007000,reentry,0.035,RESEARCH-ONLY — exploratory_trade_surface,a,0.025,2.0,ollama_hypothesis_surface,a6edab19118abe85173fa9a8b0f4cbe4,7.804116671544239,0.01,context_space,sports_championship_conference_progression,nesting,,44914465637297319816681463234953032477919413063019359633128421605039733545953,3bc5eb16cbfe4ad983d25798941963c1,c7ac1826174ee9a23d55bdb4
0.0,0.2211,1755450007000,reentry,0.035,RESEARCH-ONLY — exploratory_trade_surface,b,0.025,2.0,ollama_hypothesis_surface,a6edab19118abe85173fa9a8b0f4cbe4,9.045680687471732,0.01,context_space,sports_championship_conference_progression,nesting,,105874436620923713168019020245858616944322383958692280683224180064376992665538,cd9f15904cac4d818272546eb01fd94b,c7ac1826174ee9a23d55bdb4
0.0,0.256275,1755453607000,reentry,0.035,RESEARCH-ONLY — exploratory_trade_surface,a,0.025,2.0,ollama_hypothesis_surface,a6edab19118abe85173fa9a8b0f4cbe4,7.804116671544239,0.01,context_space,sports_championship_conference_progression,nesting,,44914465637297319816681463234953032477919413063019359633128421605039733545953,d0f550083c004398a1a972a3da3ea80f,c7ac1826174ee9a23d55bdb4
0.0,0.2211,1755453607000,reentry,0.035,RESEARCH-ONLY — exploratory_trade_surface,b,0.025,2.0,ollama_hypothesis_surface,a6edab19118abe85173fa9a8b0f4cbe4,9.045680687471732,0.01,context_space,sports_championship_conference_progression,nesting,,105874436620923713168019020245858616944322383958692280683224180064376992665538,6b8192bcbfe04dff959ded07f7227927,c7ac1826174ee9a23d55bdb4
0.0,0.256275,1755457207000,reentry,0.035,RESEARCH-ONLY — exploratory_trade_surface,a,0.025,2.0,ollama_hypothesis_surface,a6edab19118abe85173fa9a8b0f4cbe4,7.804116671544239,0.01,context_space,sports_championship_conference_progression,nesting,,44914465637297319816681463234953032477919413063019359633128421605039733545953,f632b7c4baf24b089169df57aa4d4107,c7ac1826174ee9a23d55bdb4
0.0,0.2211,1755457207000,reentry,0.035,RESEARCH-ONLY — exploratory_trade_surface,b,0.025,2.0,ollama_hypothesis_surface,a6edab19118abe85173fa9a8b0f4cbe4,9.045680687471732,0.01,context_space,sports_championship_conference_progression,nesting,,105874436620923713168019020245858616944322383958692280683224180064376992665538,39f242a264394e348b05192e266eef1a,c7ac1826174ee9a23d55bdb4
0.0,0.256275,1755460807000,reentry,0.035,RESEARCH-ONLY — exploratory_trade_surface,a,0.025,2.0,ollama_hypothesis_surface,a6edab19118abe85173fa9a8b0f4cbe4,7.804116671544239,0.01,context_space,sports_championship_conference_progression,nesting,,44914465637297319816681463234953032477919413063019359633128421605039733545953,02bb157d67ed496fa79798ff80f5ff79,c7ac1826174ee9a23d55bdb4
0.0,0.2211,1755460807000,reentry,0.035,RESEARCH-ONLY — exploratory_trade_surface,b,0.025,2.0,ollama_hypothesis_surface,a6edab19118abe85173fa9a8b0f4cbe4,9.045680687471732,0.01,context_space,sports_championship_conference_progression,nesting,,105874436620923713168019020245858616944322383958692280683224180064376992665538,4256fd5e810d4aeea9f1083f40e90098,c7ac1826174ee9a23d55bdb4
0.0,0.256275,1755464407000,reentry,0.035,RESEARCH-ONLY — exploratory_trade_surface,a,0.025,2.0,ollama_hypothesis_surface,a6edab19118abe85173fa9a8b0f4cbe4,7.804116671544239,0.01,context_space,sports_championship_conference_progression,nesting,,44914465637297319816681463234953032477919413063019359633128421605039733545953,08acfc3bfb254f40adad88de482a5b1b,c7ac1826174ee9a23d55bdb4
0.0,0.2211,1755464407000,reentry,0.035,RESEARCH-ONLY — exploratory_trade_surface,b,0.025,2.0,ollama_hypothesis_surface,a6edab19118abe85173fa9a8b0f4cbe4,9.045680687471732,0.01,context_space,sports_championship_conference_progression,nesting,,105874436620923713168019020245858616944322383958692280683224180064376992665538,a498af7976a2488c85051ce8d192d886,c7ac1826174ee9a23d55bdb4
0.0,0.256275,1755468007000,reentry,0.035,RESEARCH-ONLY — exploratory_trade_surface,a,0.025,2.0,ollama_hypothesis_surface,a6edab19118abe85173fa9a8b0f4cbe4,7.804116671544239,0.01,context_space,sports_championship_conference_progression,nesting,,44914465637297319816681463234953032477919413063019359633128421605039733545953,ee5d79ffab6642be95963c6647a04cca,c7ac1826174ee9a23d55bdb4
0.0,0.2211,1755468007000,reentry,0.035,RESEARCH-ONLY — exploratory_trade_surface,b,0.025,2.0,ollama_hypothesis_surface,a6edab19118abe85173fa9a8b0f4cbe4,9.045680687471732,0.01,context_space,sports_championship_conference_progression,nesting,,105874436620923713168019020245858616944322383958692280683224180064376992665538,4d9e6565b63a4f4c8cdbf24a24a492c4,c7ac1826174ee9a23d55bdb4
0.0,0.256275,1755471607000,reentry,0.035,RESEARCH-ONLY — exploratory_trade_surface,a,0.025,2.0,ollama_hypothesis_surface,a6edab19118abe85173fa9a8b0f4cbe4,7.804116671544239,0.01,context_space,sports_championship_conference_progression,nesting,,44914465637297319816681463234953032477919413063019359633128421605039733545953,f0ea38805350487d8a0ec5163020a433,c7ac1826174ee9a23d55bdb4
0.0,0.2211,1755471607000,reentry,0.035,RESEARCH-ONLY — exploratory_trade_surface,b,0.025,2.0,ollama_hypothesis_surface,a6edab19118abe85173fa9a8b0f4cbe4,9.045680687471732,0.01,context_space,sports_championship_conference_progression,nesting,,105874436620923713168019020245858616944322383958692280683224180064376992665538,6eb9c5b0f67245078ea2dd2efde40572,c7ac1826174ee9a23d55bdb4
0.0,0.039195,1765458007000,first,0.011,RESEARCH-ONLY — exploratory_trade_surface,a,0.001,2.0,ollama_hypothesis_surface,5910a43939d7ba6fe59cf6b80718e5c3,51.02691669855849,0.01,context_space,sports_championship_conference_progression,nesting,,12636035070565821048178968461063687179393834041535317885287743395873720755118,e7900bb27fc24839b30f6812fcf95ca2,daba84efdff911b3ab9f8d31
0.0,0.02814,1765458007000,first,0.011,RESEARCH-ONLY — exploratory_trade_surface,b,0.001,2.0,ollama_hypothesis_surface,5910a43939d7ba6fe59cf6b80718e5c3,71.07320540156361,0.01,context_space,sports_championship_conference_progression,nesting,,6842047670820419171425914468337077680927367717837404858652329372722501774629,f136881375884af1850624bb2e24d2e5,daba84efdff911b3ab9f8d31
0.0,0.039195,1765461607000,reentry,0.011,RESEARCH-ONLY — exploratory_trade_surface,a,0.001,2.0,ollama_hypothesis_surface,5910a43939d7ba6fe59cf6b80718e5c3,51.02691669855849,0.01,context_space,sports_championship_conference_progression,nesting,,12636035070565821048178968461063687179393834041535317885287743395873720755118,260fe36213b74e8492a19b1beee4f40f,c20dc8304382fc0dd383afdc
0.0,0.02814,1765461607000,reentry,0.011,RESEARCH-ONLY — exploratory_trade_surface,b,0.001,2.0,ollama_hypothesis_surface,5910a43939d7ba6fe59cf6b80718e5c3,71.07320540156361,0.01,context_space,sports_championship_conference_progression,nesting,,6842047670820419171425914468337077680927367717837404858652329372722501774629,05d1afb3f70047ffa6f5a9024623bf86,c20dc8304382fc0dd383afdc
0.0,0.039195,1765465207000,reentry,0.011,RESEARCH-ONLY — exploratory_trade_surface,a,0.001,2.0,ollama_hypothesis_surface,5910a43939d7ba6fe59cf6b80718e5c3,51.02691669855849,0.01,context_space,sports_championship_conference_progression,nesting,,12636035070565821048178968461063687179393834041535317885287743395873720755118,07dd25a797654934ab9e5ebfc34ea3f1,f1fd8efa2df92114c6d87794
0.0,0.02814,1765465207000,reentry,0.011,RESEARCH-ONLY — exploratory_trade_surface,b,0.001,2.0,ollama_hypothesis_surface,5910a43939d7ba6fe59cf6b80718e5c3,71.07320540156361,0.01,context_space,sports_championship_conference_progression,nesting,,6842047670820419171425914468337077680927367717837404858652329372722501774629,238ab8bdf3ec4c998cea94addf4092d8,f1fd8efa2df92114c6d87794
0.0,0.039195,1765468807000,reentry,0.011,RESEARCH-ONLY — exploratory_trade_surface,a,0.001,2.0,ollama_hypothesis_surface,5910a43939d7ba6fe59cf6b80718e5c3,51.02691669855849,0.01,context_space,sports_championship_conference_progression,nesting,,12636035070565821048178968461063687179393834041535317885287743395873720755118,827e7d6e6884492ea9ec98981b9a642a,c108ee3a0882c566143c7083
0.0,0.02814,1765468807000,reentry,0.011,RESEARCH-ONLY — exploratory_trade_surface,b,0.001,2.0,ollama_hypothesis_surface,5910a43939d7ba6fe59cf6b80718e5c3,71.07320540156361,0.01,context_space,sports_championship_conference_progression,nesting,,6842047670820419171425914468337077680927367717837404858652329372722501774629,f62c752b95004621b86f14b99c1d2920,c108ee3a0882c566143c7083
0.0,0.039195,1765472407000,reentry,0.011,RESEARCH-ONLY — exploratory_trade_surface,a,0.001,2.0,ollama_hypothesis_surface,5910a43939d7ba6fe59cf6b80718e5c3,51.02691669855849,0.01,context_space,sports_championship_conference_progression,nesting,,12636035070565821048178968461063687179393834041535317885287743395873720755118,52854b7432b64be4ace401f6c22fd484,419ad19b06e7d94e130d0d6a
0.0,0.02814,1765472407000,reentry,0.011,RESEARCH-ONLY — exploratory_trade_surface,b,0.001,2.0,ollama_hypothesis_surface,5910a43939d7ba6fe59cf6b80718e5c3,71.07320540156361,0.01,context_space,sports_championship_conference_progression,nesting,,6842047670820419171425914468337077680927367717837404858652329372722501774629,8faaa664b106471585c032f302407200,419ad19b06e7d94e130d0d6a
0.0,0.039195,1765476007000,reentry,0.011,RESEARCH-ONLY — exploratory_trade_surface,a,0.001,2.0,ollama_hypothesis_surface,5910a43939d7ba6fe59cf6b80718e5c3,51.02691669855849,0.01,context_space,sports_championship_conference_progression,nesting,,12636035070565821048178968461063687179393834041535317885287743395873720755118,c2cafd703bde4e3591fc38a3898df252,e624ca7cb1ac218d5c932460
0.0,0.02814,1765476007000,reentry,0.011,RESEARCH-ONLY — exploratory_trade_surface,b,0.001,2.0,ollama_hypothesis_surface,5910a43939d7ba6fe59cf6b80718e5c3,71.07320540156361,0.01,context_space,sports_championship_conference_progression,nesting,,6842047670820419171425914468337077680927367717837404858652329372722501774629,cc4586ea6c4e4f568244c30f0f8f3a57,e624ca7cb1ac218d5c932460
0.0,0.039195,1765479607000,reentry,0.011,RESEARCH-ONLY — exploratory_trade_surface,a,0.001,2.0,ollama_hypothesis_surface,5910a43939d7ba6fe59cf6b80718e5c3,51.02691669855849,0.01,context_space,sports_championship_conference_progression,nesting,,12636035070565821048178968461063687179393834041535317885287743395873720755118,0cf1ce9c34b74fe7adb4aa2996663f1f,672c7620f57fa448f4277f64
0.0,0.02814,1765479607000,reentry,0.011,RESEARCH-ONLY — exploratory_trade_surface,b,0.001,2.0,ollama_hypothesis_surface,5910a43939d7ba6fe59cf6b80718e5c3,71.07320540156361,0.01,context_space,sports_championship_conference_progression,nesting,,6842047670820419171425914468337077680927367717837404858652329372722501774629,941d3d92dba54c229b1d90bc9396b958,672c7620f57fa448f4277f64
0.0,0.039195,1765483207000,reentry,0.011,RESEARCH-ONLY — exploratory_trade_surface,a,0.001,2.0,ollama_hypothesis_surface,5910a43939d7ba6fe59cf6b80718e5c3,51.02691669855849,0.01,context_space,sports_championship_conference_progression,nesting,,12636035070565821048178968461063687179393834041535317885287743395873720755118,cadbc19728f444908cbf0f79c2c3a42d,b6982f6eb4a1ee033a8b3b02
0.0,0.02814,1765483207000,reentry,0.011,RESEARCH-ONLY — exploratory_trade_surface,b,0.001,2.0,ollama_hypothesis_surface,5910a43939d7ba6fe59cf6b80718e5c3,71.07320540156361,0.01,context_space,sports_championship_conference_progression,nesting,,6842047670820419171425914468337077680927367717837404858652329372722501774629,9dd7721f1eb5448e9c32a77d4511a2db,b6982f6eb4a1ee033a8b3b02
0.0,0.039195,1765486807000,reentry,0.011,RESEARCH-ONLY — exploratory_trade_surface,a,0.001,2.0,ollama_hypothesis_surface,5910a43939d7ba6fe59cf6b80718e5c3,51.02691669855849,0.01,context_space,sports_championship_conference_progression,nesting,,12636035070565821048178968461063687179393834041535317885287743395873720755118,f33248eade99417da746113c825a9235,495e765605ac722ab5915b6f
0.0,0.02814,1765486807000,reentry,0.011,RESEARCH-ONLY — exploratory_trade_surface,b,0.001,2.0,ollama_hypothesis_surface,5910a43939d7ba6fe59cf6b80718e5c3,71.07320540156361,0.01,context_space,sports_championship_conference_progression,nesting,,6842047670820419171425914468337077680927367717837404858652329372722501774629,40094c83f9e44a3697ecabcb0aa11d83,495e765605ac722ab5915b6f
0.0,0.039195,1765490407000,reentry,0.011,RESEARCH-ONLY — exploratory_trade_surface,a,0.001,2.0,ollama_hypothesis_surface,5910a43939d7ba6fe59cf6b80718e5c3,51.02691669855849,0.01,context_space,sports_championship_conference_progression,nesting,,12636035070565821048178968461063687179393834041535317885287743395873720755118,82f4ad6b31084f1a8a797652fa24a750,596799296fcc5438557c415c
0.0,0.02814,1765490407000,reentry,0.011,RESEARCH-ONLY — exploratory_trade_surface,b,0.001,2.0,ollama_hypothesis_surface,5910a43939d7ba6fe59cf6b80718e5c3,71.07320540156361,0.01,context_space,sports_championship_conference_progression,nesting,,6842047670820419171425914468337077680927367717837404858652329372722501774629,ca5cdcc553044eeabbc62e6e5158ba4e,596799296fcc5438557c415c
0.0,0.039195,1765494007000,reentry,0.011,RESEARCH-ONLY — exploratory_trade_surface,a,0.001,2.0,ollama_hypothesis_surface,5910a43939d7ba6fe59cf6b80718e5c3,51.02691669855849,0.01,context_space,sports_championship_conference_progression,nesting,,12636035070565821048178968461063687179393834041535317885287743395873720755118,f6bccc43935a4fe88935bcf19b5c2927,643a9ccf59884e2fd303293a
0.0,0.02814,1765494007000,reentry,0.011,RESEARCH-ONLY — exploratory_trade_surface,b,0.001,2.0,ollama_hypothesis_surface,5910a43939d7ba6fe59cf6b80718e5c3,71.07320540156361,0.01,context_space,sports_championship_conference_progression,nesting,,6842047670820419171425914468337077680927367717837404858652329372722501774629,a739cadf91044afa9ceae0888f5ebbc7,643a9ccf59884e2fd303293a
0.0,0.039195,1765497607000,reentry,0.011,RESEARCH-ONLY — exploratory_trade_surface,a,0.001,2.0,ollama_hypothesis_surface,5910a43939d7ba6fe59cf6b80718e5c3,51.02691669855849,0.01,context_space,sports_championship_conference_progression,nesting,,12636035070565821048178968461063687179393834041535317885287743395873720755118,1623d86379a54bd493cbc7444e984fb1,65418d8c7a87ad49b995fc6e
0.0,0.02814,1765497607000,reentry,0.011,RESEARCH-ONLY — exploratory_trade_surface,b,0.001,2.0,ollama_hypothesis_surface,5910a43939d7ba6fe59cf6b80718e5c3,71.07320540156361,0.01,context_space,sports_championship_conference_progression,nesting,,6842047670820419171425914468337077680927367717837404858652329372722501774629,a024dc3fd7864f838e4f9f1367b89854,65418d8c7a87ad49b995fc6e
0.0,0.03819,1765544407000,reentry,0.0105,RESEARCH-ONLY — exploratory_trade_surface,a,0.0005,2.0,ollama_hypothesis_surface,5910a43939d7ba6fe59cf6b80718e5c3,52.36973029588898,0.01,context_space,sports_championship_conference_progression,nesting,,12636035070565821048178968461063687179393834041535317885287743395873720755118,11cc1ac6ef144653affe475a28286faa,257abb69d43f4f315bb6ef5a
0.0,0.0276375,1765544407000,reentry,0.0105,RESEARCH-ONLY — exploratory_trade_surface,b,0.0005,2.0,ollama_hypothesis_surface,5910a43939d7ba6fe59cf6b80718e5c3,72.36544549977386,0.01,context_space,sports_championship_conference_progression,nesting,,6842047670820419171425914468337077680927367717837404858652329372722501774629,3f40ffd8f919454dab5f97beb2c6a903,257abb69d43f4f315bb6ef5a
0.0,0.03819,1765548007000,reentry,0.0105,RESEARCH-ONLY — exploratory_trade_surface,a,0.0005,2.0,ollama_hypothesis_surface,5910a43939d7ba6fe59cf6b80718e5c3,52.36973029588898,0.01,context_space,sports_championship_conference_progression,nesting,,12636035070565821048178968461063687179393834041535317885287743395873720755118,41f0ae4529ca4606a5ff2256af6889e6,d41ae5a68d4c6b5a5a2f77bb
0.0,0.0276375,1765548007000,reentry,0.0105,RESEARCH-ONLY — exploratory_trade_surface,b,0.0005,2.0,ollama_hypothesis_surface,5910a43939d7ba6fe59cf6b80718e5c3,72.36544549977386,0.01,context_space,sports_championship_conference_progression,nesting,,6842047670820419171425914468337077680927367717837404858652329372722501774629,83b427cf8f884e31bc02d7560f02f29d,d41ae5a68d4c6b5a5a2f77bb
0.0,0.03819,1765551607000,reentry,0.0105,RESEARCH-ONLY — exploratory_trade_surface,a,0.0005,2.0,ollama_hypothesis_surface,5910a43939d7ba6fe59cf6b80718e5c3,52.36973029588898,0.01,context_space,sports_championship_conference_progression,nesting,,12636035070565821048178968461063687179393834041535317885287743395873720755118,05ab076a1d94470ba17e0b3d685e58c4,df9f0d0f5f9e6a3e359a8ffa
0.0,0.0276375,1765551607000,reentry,0.0105,RESEARCH-ONLY — exploratory_trade_surface,b,0.0005,2.0,ollama_hypothesis_surface,5910a43939d7ba6fe59cf6b80718e5c3,72.36544549977386,0.01,context_space,sports_championship_conference_progression,nesting,,6842047670820419171425914468337077680927367717837404858652329372722501774629,719c77c4e1554dbaac4b22b0ebf87c2b,df9f0d0f5f9e6a3e359a8ffa
0.0,0.03819,1765555207000,reentry,0.0105,RESEARCH-ONLY — exploratory_trade_surface,a,0.0005,2.0,ollama_hypothesis_surface,5910a43939d7ba6fe59cf6b80718e5c3,52.36973029588898,0.01,context_space,sports_championship_conference_progression,nesting,,12636035070565821048178968461063687179393834041535317885287743395873720755118,8bb8610cded94c63b95537ade097bb24,e65ca70c598fb9834aa2920c
0.0,0.0276375,1765555207000,reentry,0.0105,RESEARCH-ONLY — exploratory_trade_surface,b,0.0005,2.0,ollama_hypothesis_surface,5910a43939d7ba6fe59cf6b80718e5c3,72.36544549977386,0.01,context_space,sports_championship_conference_progression,nesting,,6842047670820419171425914468337077680927367717837404858652329372722501774629,1af82b354c6049dd8a2cd53f21d9242e,e65ca70c598fb9834aa2920c
0.0,0.03819,1765558807000,reentry,0.0105,RESEARCH-ONLY — exploratory_trade_surface,a,0.0005,2.0,ollama_hypothesis_surface,5910a43939d7ba6fe59cf6b80718e5c3,52.36973029588898,0.01,context_space,sports_championship_conference_progression,nesting,,12636035070565821048178968461063687179393834041535317885287743395873720755118,075c47e6d832482da28e6f8b092e8842,23eb9b402044de31a9e39494
0.0,0.0276375,1765558807000,reentry,0.0105,RESEARCH-ONLY — exploratory_trade_surface,b,0.0005,2.0,ollama_hypothesis_surface,5910a43939d7ba6fe59cf6b80718e5c3,72.36544549977386,0.01,context_space,sports_championship_conference_progression,nesting,,6842047670820419171425914468337077680927367717837404858652329372722501774629,b7e20656918240bc9c41ea217ccfd922,23eb9b402044de31a9e39494
0.0,0.03819,1765562407000,reentry,0.0105,RESEARCH-ONLY — exploratory_trade_surface,a,0.0005,2.0,ollama_hypothesis_surface,5910a43939d7ba6fe59cf6b80718e5c3,52.36973029588898,0.01,context_space,sports_championship_conference_progression,nesting,,12636035070565821048178968461063687179393834041535317885287743395873720755118,1b694ee96a1f4004ac056ce776d79be7,c1b134d56c16d38e5f73e088
0.0,0.0276375,1765562407000,reentry,0.0105,RESEARCH-ONLY — exploratory_trade_surface,b,0.0005,2.0,ollama_hypothesis_surface,5910a43939d7ba6fe59cf6b80718e5c3,72.36544549977386,0.01,context_space,sports_championship_conference_progression,nesting,,6842047670820419171425914468337077680927367717837404858652329372722501774629,c287cb39835046a2a2d39f80ba9a44d8,c1b134d56c16d38e5f73e088
0.0,0.03819,1765566007000,reentry,0.0105,RESEARCH-ONLY — exploratory_trade_surface,a,0.0005,2.0,ollama_hypothesis_surface,5910a43939d7ba6fe59cf6b80718e5c3,52.36973029588898,0.01,context_space,sports_championship_conference_progression,nesting,,12636035070565821048178968461063687179393834041535317885287743395873720755118,98b5e774810047e59f9249219b75b342,1733d862f8891889a48c913a
0.0,0.0276375,1765566007000,reentry,0.0105,RESEARCH-ONLY — exploratory_trade_surface,b,0.0005,2.0,ollama_hypothesis_surface,5910a43939d7ba6fe59cf6b80718e5c3,72.36544549977386,0.01,context_space,sports_championship_conference_progression,nesting,,6842047670820419171425914468337077680927367717837404858652329372722501774629,5d22e1016fa74b03a147d19424076080,1733d862f8891889a48c913a
0.0,0.03819,1765569607000,reentry,0.0105,RESEARCH-ONLY — exploratory_trade_surface,a,0.0005,2.0,ollama_hypothesis_surface,5910a43939d7ba6fe59cf6b80718e5c3,52.36973029588898,0.01,context_space,sports_championship_conference_progression,nesting,,12636035070565821048178968461063687179393834041535317885287743395873720755118,9e75f2516a654174ae0fba6928447627,5d283cd10c0cb8686d9c3f08
0.0,0.0276375,1765569607000,reentry,0.0105,RESEARCH-ONLY — exploratory_trade_surface,b,0.0005,2.0,ollama_hypothesis_surface,5910a43939d7ba6fe59cf6b80718e5c3,72.36544549977386,0.01,context_space,sports_championship_conference_progression,nesting,,6842047670820419171425914468337077680927367717837404858652329372722501774629,e7d625b9806c4778a73ec58414424252,5d283cd10c0cb8686d9c3f08
0.0,0.03819,1765573207000,reentry,0.0105,RESEARCH-ONLY — exploratory_trade_surface,a,0.0005,2.0,ollama_hypothesis_surface,5910a43939d7ba6fe59cf6b80718e5c3,52.36973029588898,0.01,context_space,sports_championship_conference_progression,nesting,,12636035070565821048178968461063687179393834041535317885287743395873720755118,f511d72c310441d7879dc05581009dfc,95b291432cab69b992e13ce4
0.0,0.0276375,1765573207000,reentry,0.0105,RESEARCH-ONLY — exploratory_trade_surface,b,0.0005,2.0,ollama_hypothesis_surface,5910a43939d7ba6fe59cf6b80718e5c3,72.36544549977386,0.01,context_space,sports_championship_conference_progression,nesting,,6842047670820419171425914468337077680927367717837404858652329372722501774629,f23041d5c92c4bbfae5b02d29047bfb6,95b291432cab69b992e13ce4
0.0,0.03819,1765576807000,reentry,0.0105,RESEARCH-ONLY — exploratory_trade_surface,a,0.0005,2.0,ollama_hypothesis_surface,5910a43939d7ba6fe59cf6b80718e5c3,52.36973029588898,0.01,context_space,sports_championship_conference_progression,nesting,,12636035070565821048178968461063687179393834041535317885287743395873720755118,43162524257c406e953d43731531dd26,18674bf8c8c131fb0b1d694e
0.0,0.0276375,1765576807000,reentry,0.0105,RESEARCH-ONLY — exploratory_trade_surface,b,0.0005,2.0,ollama_hypothesis_surface,5910a43939d7ba6fe59cf6b80718e5c3,72.36544549977386,0.01,context_space,sports_championship_conference_progression,nesting,,6842047670820419171425914468337077680927367717837404858652329372722501774629,159f303ee11d44e9b6a333fbaac6904c,18674bf8c8c131fb0b1d694e
0.0,0.03819,1765580407000,reentry,0.0105,RESEARCH-ONLY — exploratory_trade_surface,a,0.0005,2.0,ollama_hypothesis_surface,5910a43939d7ba6fe59cf6b80718e5c3,52.36973029588898,0.01,context_space,sports_championship_conference_progression,nesting,,12636035070565821048178968461063687179393834041535317885287743395873720755118,96116fe1b7a5455cb5abbb1a1959128b,4ee4b70030cc2fafbce1daa2
0.0,0.0276375,1765580407000,reentry,0.0105,RESEARCH-ONLY — exploratory_trade_surface,b,0.0005,2.0,ollama_hypothesis_surface,5910a43939d7ba6fe59cf6b80718e5c3,72.36544549977386,0.01,context_space,sports_championship_conference_progression,nesting,,6842047670820419171425914468337077680927367717837404858652329372722501774629,3b33fc04eaa44d31a33135f11eb8461e,4ee4b70030cc2fafbce1daa2
0.0,0.03819,1765584007000,reentry,0.0105,RESEARCH-ONLY — exploratory_trade_surface,a,0.0005,2.0,ollama_hypothesis_surface,5910a43939d7ba6fe59cf6b80718e5c3,52.36973029588898,0.01,context_space,sports_championship_conference_progression,nesting,,12636035070565821048178968461063687179393834041535317885287743395873720755118,171e81ffa0cc46a39154e84e7bdbfeac,0fe11235433cac3c33ccdd65
0.0,0.0276375,1765584007000,reentry,0.0105,RESEARCH-ONLY — exploratory_trade_surface,b,0.0005,2.0,ollama_hypothesis_surface,5910a43939d7ba6fe59cf6b80718e5c3,72.36544549977386,0.01,context_space,sports_championship_conference_progression,nesting,,6842047670820419171425914468337077680927367717837404858652329372722501774629,a56a03ceac8f427b855121d529b70b3d,0fe11235433cac3c33ccdd65
0.0,0.039195,1765587607000,reentry,0.0125,RESEARCH-ONLY — exploratory_trade_surface,a,0.0025,2.0,ollama_hypothesis_surface,5910a43939d7ba6fe59cf6b80718e5c3,51.02691669855849,0.01,context_space,sports_championship_conference_progression,nesting,,12636035070565821048178968461063687179393834041535317885287743395873720755118,c5b6856d666246f0b2c9e792543fd9a7,0e4ffc409b01b0ff7a1d6ac0
0.0,0.0266325,1765587607000,reentry,0.0125,RESEARCH-ONLY — exploratory_trade_surface,b,0.0025,2.0,ollama_hypothesis_surface,5910a43939d7ba6fe59cf6b80718e5c3,75.09621702806722,0.01,context_space,sports_championship_conference_progression,nesting,,6842047670820419171425914468337077680927367717837404858652329372722501774629,c03613ff8ea04f00a178209a0bd57516,0e4ffc409b01b0ff7a1d6ac0
0.0,0.0417075,1777510807000,first,0.0115,RESEARCH-ONLY — exploratory_trade_surface,a,0.0015,2.0,ollama_hypothesis_surface,5cbaac0833c565c415abb666711492a7,47.95300605406702,0.01,context_space,sports_championship_conference_progression,nesting,,70799758189725267592147252808427831117090382599571633897338944002834894241449,b8beeb68fe55460699f06cbff365baf6,e50d2b1f5631ecf357b1657e
0.0,0.03015,1777510807000,first,0.0115,RESEARCH-ONLY — exploratory_trade_surface,b,0.0015,2.0,ollama_hypothesis_surface,5cbaac0833c565c415abb666711492a7,66.33499170812604,0.01,context_space,sports_championship_conference_progression,nesting,,92156510891798873020497715268024772851858076229893943637545856397683791106647,8c70d1f4e3c44985b79777ea0c91c5c5,e50d2b1f5631ecf357b1657e
0.0,0.0417075,1777514407000,reentry,0.0115,RESEARCH-ONLY — exploratory_trade_surface,a,0.0015,2.0,ollama_hypothesis_surface,5cbaac0833c565c415abb666711492a7,47.95300605406702,0.01,context_space,sports_championship_conference_progression,nesting,,70799758189725267592147252808427831117090382599571633897338944002834894241449,d0190ab3ca8e42fd81828000df7fb0dd,1e99007e664fc7db514ea195
0.0,0.03015,1777514407000,reentry,0.0115,RESEARCH-ONLY — exploratory_trade_surface,b,0.0015,2.0,ollama_hypothesis_surface,5cbaac0833c565c415abb666711492a7,66.33499170812604,0.01,context_space,sports_championship_conference_progression,nesting,,92156510891798873020497715268024772851858076229893943637545856397683791106647,15d33a920d8a4e70ad0ea21987a425b3,1e99007e664fc7db514ea195
0.0,0.0417075,1777518007000,reentry,0.0115,RESEARCH-ONLY — exploratory_trade_surface,a,0.0015,2.0,ollama_hypothesis_surface,5cbaac0833c565c415abb666711492a7,47.95300605406702,0.01,context_space,sports_championship_conference_progression,nesting,,70799758189725267592147252808427831117090382599571633897338944002834894241449,7b0d6965b2c64a94906dc5c99cb60b22,4720e83618b58d5a32717b4f
0.0,0.03015,1777518007000,reentry,0.0115,RESEARCH-ONLY — exploratory_trade_surface,b,0.0015,2.0,ollama_hypothesis_surface,5cbaac0833c565c415abb666711492a7,66.33499170812604,0.01,context_space,sports_championship_conference_progression,nesting,,92156510891798873020497715268024772851858076229893943637545856397683791106647,20a2ff45ae3d4c57844e499137b78a07,4720e83618b58d5a32717b4f
0.0,0.0417075,1777521607000,reentry,0.0115,RESEARCH-ONLY — exploratory_trade_surface,a,0.0015,2.0,ollama_hypothesis_surface,5cbaac0833c565c415abb666711492a7,47.95300605406702,0.01,context_space,sports_championship_conference_progression,nesting,,70799758189725267592147252808427831117090382599571633897338944002834894241449,a44fd387546945d9add144f54cd968eb,aa01f8ef28949ba9d99ab414
0.0,0.03015,1777521607000,reentry,0.0115,RESEARCH-ONLY — exploratory_trade_surface,b,0.0015,2.0,ollama_hypothesis_surface,5cbaac0833c565c415abb666711492a7,66.33499170812604,0.01,context_space,sports_championship_conference_progression,nesting,,92156510891798873020497715268024772851858076229893943637545856397683791106647,2abc2aab70ff49bb8b1e2523bb4e9114,aa01f8ef28949ba9d99ab414
0.0,0.0417075,1777525207000,reentry,0.0115,RESEARCH-ONLY — exploratory_trade_surface,a,0.0015,2.0,ollama_hypothesis_surface,5cbaac0833c565c415abb666711492a7,47.95300605406702,0.01,context_space,sports_championship_conference_progression,nesting,,70799758189725267592147252808427831117090382599571633897338944002834894241449,b39f8fe521654a9eb7186664d12cd161,2ea09ac52a7282c26b19b992
0.0,0.03015,1777525207000,reentry,0.0115,RESEARCH-ONLY — exploratory_trade_surface,b,0.0015,2.0,ollama_hypothesis_surface,5cbaac0833c565c415abb666711492a7,66.33499170812604,0.01,context_space,sports_championship_conference_progression,nesting,,92156510891798873020497715268024772851858076229893943637545856397683791106647,64efbfa23d0d4fe9ad764784bb2cdb8a,2ea09ac52a7282c26b19b992
0.0,0.0417075,1777528807000,reentry,0.0115,RESEARCH-ONLY — exploratory_trade_surface,a,0.0015,2.0,ollama_hypothesis_surface,5cbaac0833c565c415abb666711492a7,47.95300605406702,0.01,context_space,sports_championship_conference_progression,nesting,,70799758189725267592147252808427831117090382599571633897338944002834894241449,c9e3464deaec411790a753c9331cbb31,2c27177ab5e8b3a7e6301b78
0.0,0.03015,1777528807000,reentry,0.0115,RESEARCH-ONLY — exploratory_trade_surface,b,0.0015,2.0,ollama_hypothesis_surface,5cbaac0833c565c415abb666711492a7,66.33499170812604,0.01,context_space,sports_championship_conference_progression,nesting,,92156510891798873020497715268024772851858076229893943637545856397683791106647,8bbdb1e3f0c540da8425e092b0829b28,2c27177ab5e8b3a7e6301b78
0.0,0.0417075,1777532407000,reentry,0.0115,RESEARCH-ONLY — exploratory_trade_surface,a,0.0015,2.0,ollama_hypothesis_surface,5cbaac0833c565c415abb666711492a7,47.95300605406702,0.01,context_space,sports_championship_conference_progression,nesting,,70799758189725267592147252808427831117090382599571633897338944002834894241449,de3045ec24d14f11bd9057859d54353f,600d696dbdd2c9539616a8ce
0.0,0.03015,1777532407000,reentry,0.0115,RESEARCH-ONLY — exploratory_trade_surface,b,0.0015,2.0,ollama_hypothesis_surface,5cbaac0833c565c415abb666711492a7,66.33499170812604,0.01,context_space,sports_championship_conference_progression,nesting,,92156510891798873020497715268024772851858076229893943637545856397683791106647,3800a15f55ea414198cb3d6b6d38eb4c,600d696dbdd2c9539616a8ce
0.0,0.0417075,1777536007000,reentry,0.0115,RESEARCH-ONLY — exploratory_trade_surface,a,0.0015,2.0,ollama_hypothesis_surface,5cbaac0833c565c415abb666711492a7,47.95300605406702,0.01,context_space,sports_championship_conference_progression,nesting,,70799758189725267592147252808427831117090382599571633897338944002834894241449,8bdb80f3eaa847529df6d1b2c0132347,43661a22f4a15f37c2cbeaab
0.0,0.03015,1777536007000,reentry,0.0115,RESEARCH-ONLY — exploratory_trade_surface,b,0.0015,2.0,ollama_hypothesis_surface,5cbaac0833c565c415abb666711492a7,66.33499170812604,0.01,context_space,sports_championship_conference_progression,nesting,,92156510891798873020497715268024772851858076229893943637545856397683791106647,85620cda3b8c42609c298bd4ec677bc5,43661a22f4a15f37c2cbeaab
0.0,0.0417075,1777539607000,reentry,0.0115,RESEARCH-ONLY — exploratory_trade_surface,a,0.0015,2.0,ollama_hypothesis_surface,5cbaac0833c565c415abb666711492a7,47.95300605406702,0.01,context_space,sports_championship_conference_progression,nesting,,70799758189725267592147252808427831117090382599571633897338944002834894241449,5f31a747c31e441f9981acbfdc08e1d2,98da7c63ae5550f86a71bf87
0.0,0.03015,1777539607000,reentry,0.0115,RESEARCH-ONLY — exploratory_trade_surface,b,0.0015,2.0,ollama_hypothesis_surface,5cbaac0833c565c415abb666711492a7,66.33499170812604,0.01,context_space,sports_championship_conference_progression,nesting,,92156510891798873020497715268024772851858076229893943637545856397683791106647,6bad3e6ef89b4e1c96d7cb956e9ffbda,98da7c63ae5550f86a71bf87
0.0,0.0417075,1777543207000,reentry,0.0115,RESEARCH-ONLY — exploratory_trade_surface,a,0.0015,2.0,ollama_hypothesis_surface,5cbaac0833c565c415abb666711492a7,47.95300605406702,0.01,context_space,sports_championship_conference_progression,nesting,,70799758189725267592147252808427831117090382599571633897338944002834894241449,ee370bcd95f34050a4c2db6f6fac879c,56f5f784703f76c0d8b56ce7
0.0,0.03015,1777543207000,reentry,0.0115,RESEARCH-ONLY — exploratory_trade_surface,b,0.0015,2.0,ollama_hypothesis_surface,5cbaac0833c565c415abb666711492a7,66.33499170812604,0.01,context_space,sports_championship_conference_progression,nesting,,92156510891798873020497715268024772851858076229893943637545856397683791106647,ffcc67eeb6914af4aa0d63aac9b552b0,56f5f784703f76c0d8b56ce7
0.0,0.0417075,1777546807000,reentry,0.0115,RESEARCH-ONLY — exploratory_trade_surface,a,0.0015,2.0,ollama_hypothesis_surface,5cbaac0833c565c415abb666711492a7,47.95300605406702,0.01,context_space,sports_championship_conference_progression,nesting,,70799758189725267592147252808427831117090382599571633897338944002834894241449,7465db2504a5450aaa3f3f42f9cf5a21,8527082738dc14acc309e86f
0.0,0.03015,1777546807000,reentry,0.0115,RESEARCH-ONLY — exploratory_trade_surface,b,0.0015,2.0,ollama_hypothesis_surface,5cbaac0833c565c415abb666711492a7,66.33499170812604,0.01,context_space,sports_championship_conference_progression,nesting,,92156510891798873020497715268024772851858076229893943637545856397683791106647,062ce65121cd48638fb933f0a5694ced,8527082738dc14acc309e86f
0.0,0.0417075,1777550407000,reentry,0.0105,RESEARCH-ONLY — exploratory_trade_surface,a,0.0005,2.0,ollama_hypothesis_surface,5cbaac0833c565c415abb666711492a7,47.95300605406702,0.01,context_space,sports_championship_conference_progression,nesting,,70799758189725267592147252808427831117090382599571633897338944002834894241449,0f374d74eda54292ac7232fffe02f6e8,0eca322b48010d240f7f3daa
0.0,0.031155,1777550407000,reentry,0.0105,RESEARCH-ONLY — exploratory_trade_surface,b,0.0005,2.0,ollama_hypothesis_surface,5cbaac0833c565c415abb666711492a7,64.19515326592843,0.01,context_space,sports_championship_conference_progression,nesting,,92156510891798873020497715268024772851858076229893943637545856397683791106647,c1eaccb15ef74919a570c06612a2cd8b,0eca322b48010d240f7f3daa
0.0,0.105525,1760144410000,first,0.01,RESEARCH-ONLY — exploratory_trade_surface,a,0.0,2.0,ollama_hypothesis_surface,4d8e3f1dfa6859ea0a922dd6e3d3c163,18.952854773750296,0.01,context_space,sports_ranking_finish_position,nesting,,29725743828384026112095079361082994940901930932912573284486248321525587766137,49bffac402274cd7a149c69b4eadcef0,6d3b3c938b6ba0d9642c9f44
0.0,0.095475,1760144410000,first,0.01,RESEARCH-ONLY — exploratory_trade_surface,b,0.0,2.0,ollama_hypothesis_surface,4d8e3f1dfa6859ea0a922dd6e3d3c163,20.94789211835559,0.01,context_space,sports_ranking_finish_position,nesting,,51695045148799175684172272379992088967817952288318390606428003376915476428349,82a19b33169a48ba8c743c132185acdb,6d3b3c938b6ba0d9642c9f44
0.0,0.105525,1760148010000,reentry,0.01,RESEARCH-ONLY — exploratory_trade_surface,a,0.0,2.0,ollama_hypothesis_surface,4d8e3f1dfa6859ea0a922dd6e3d3c163,18.952854773750296,0.01,context_space,sports_ranking_finish_position,nesting,,29725743828384026112095079361082994940901930932912573284486248321525587766137,c3a49748bdea4e2c9b54bc60bf3069f8,6d3b3c938b6ba0d9642c9f44
0.0,0.095475,1760148010000,reentry,0.01,RESEARCH-ONLY — exploratory_trade_surface,b,0.0,2.0,ollama_hypothesis_surface,4d8e3f1dfa6859ea0a922dd6e3d3c163,20.94789211835559,0.01,context_space,sports_ranking_finish_position,nesting,,51695045148799175684172272379992088967817952288318390606428003376915476428349,675e76bba44242f3ae5f5793e7d72036,6d3b3c938b6ba0d9642c9f44
0.0,0.105525,1760151610000,reentry,0.01,RESEARCH-ONLY — exploratory_trade_surface,a,0.0,2.0,ollama_hypothesis_surface,4d8e3f1dfa6859ea0a922dd6e3d3c163,18.952854773750296,0.01,context_space,sports_ranking_finish_position,nesting,,29725743828384026112095079361082994940901930932912573284486248321525587766137,04a7bbedb42545248b264715a7c48d53,6d3b3c938b6ba0d9642c9f44
0.0,0.095475,1760151610000,reentry,0.01,RESEARCH-ONLY — exploratory_trade_surface,b,0.0,2.0,ollama_hypothesis_surface,4d8e3f1dfa6859ea0a922dd6e3d3c163,20.94789211835559,0.01,context_space,sports_ranking_finish_position,nesting,,51695045148799175684172272379992088967817952288318390606428003376915476428349,156c952e553041f19d77a46994473977,6d3b3c938b6ba0d9642c9f44
0.0,0.105525,1760155210000,reentry,0.01,RESEARCH-ONLY — exploratory_trade_surface,a,0.0,2.0,ollama_hypothesis_surface,4d8e3f1dfa6859ea0a922dd6e3d3c163,18.952854773750296,0.01,context_space,sports_ranking_finish_position,nesting,,29725743828384026112095079361082994940901930932912573284486248321525587766137,2140f308eec74283a47e987cc0cbddbf,6d3b3c938b6ba0d9642c9f44
0.0,0.095475,1760155210000,reentry,0.01,RESEARCH-ONLY — exploratory_trade_surface,b,0.0,2.0,ollama_hypothesis_surface,4d8e3f1dfa6859ea0a922dd6e3d3c163,20.94789211835559,0.01,context_space,sports_ranking_finish_position,nesting,,51695045148799175684172272379992088967817952288318390606428003376915476428349,969bac4efa3c42ff8855a04fba36052f,6d3b3c938b6ba0d9642c9f44
0.0,0.105525,1760158810000,reentry,0.01,RESEARCH-ONLY — exploratory_trade_surface,a,0.0,2.0,ollama_hypothesis_surface,4d8e3f1dfa6859ea0a922dd6e3d3c163,18.952854773750296,0.01,context_space,sports_ranking_finish_position,nesting,,29725743828384026112095079361082994940901930932912573284486248321525587766137,77509b96b7d14b4b9aeb1ae2780450bb,6d3b3c938b6ba0d9642c9f44
0.0,0.095475,1760158810000,reentry,0.01,RESEARCH-ONLY — exploratory_trade_surface,b,0.0,2.0,ollama_hypothesis_surface,4d8e3f1dfa6859ea0a922dd6e3d3c163,20.94789211835559,0.01,context_space,sports_ranking_finish_position,nesting,,51695045148799175684172272379992088967817952288318390606428003376915476428349,be6c95d2275b4067a807513ce6463ae5,6d3b3c938b6ba0d9642c9f44
0.0,0.105525,1760162410000,reentry,0.01,RESEARCH-ONLY — exploratory_trade_surface,a,0.0,2.0,ollama_hypothesis_surface,4d8e3f1dfa6859ea0a922dd6e3d3c163,18.952854773750296,0.01,context_space,sports_ranking_finish_position,nesting,,29725743828384026112095079361082994940901930932912573284486248321525587766137,a918c61598534aa7a65fdfc1f5c857e7,6d3b3c938b6ba0d9642c9f44
0.0,0.095475,1760162410000,reentry,0.01,RESEARCH-ONLY — exploratory_trade_surface,b,0.0,2.0,ollama_hypothesis_surface,4d8e3f1dfa6859ea0a922dd6e3d3c163,20.94789211835559,0.01,context_space,sports_ranking_finish_position,nesting,,51695045148799175684172272379992088967817952288318390606428003376915476428349,c5608df16574412fb0326ec621818fd2,6d3b3c938b6ba0d9642c9f44
0.0,0.105525,1760166010000,reentry,0.01,RESEARCH-ONLY — exploratory_trade_surface,a,0.0,2.0,ollama_hypothesis_surface,4d8e3f1dfa6859ea0a922dd6e3d3c163,18.952854773750296,0.01,context_space,sports_ranking_finish_position,nesting,,29725743828384026112095079361082994940901930932912573284486248321525587766137,406200c888184ef59a18f3b01753f44c,6d3b3c938b6ba0d9642c9f44
0.0,0.095475,1760166010000,reentry,0.01,RESEARCH-ONLY — exploratory_trade_surface,b,0.0,2.0,ollama_hypothesis_surface,4d8e3f1dfa6859ea0a922dd6e3d3c163,20.94789211835559,0.01,context_space,sports_ranking_finish_position,nesting,,51695045148799175684172272379992088967817952288318390606428003376915476428349,9d4a962fdf6b4b63a46407c596939c91,6d3b3c938b6ba0d9642c9f44
0.0,0.105525,1760169610000,reentry,0.01,RESEARCH-ONLY — exploratory_trade_surface,a,0.0,2.0,ollama_hypothesis_surface,4d8e3f1dfa6859ea0a922dd6e3d3c163,18.952854773750296,0.01,context_space,sports_ranking_finish_position,nesting,,29725743828384026112095079361082994940901930932912573284486248321525587766137,0920631935bb4b33b5b7962008f6daac,6d3b3c938b6ba0d9642c9f44
0.0,0.095475,1760169610000,reentry,0.01,RESEARCH-ONLY — exploratory_trade_surface,b,0.0,2.0,ollama_hypothesis_surface,4d8e3f1dfa6859ea0a922dd6e3d3c163,20.94789211835559,0.01,context_space,sports_ranking_finish_position,nesting,,51695045148799175684172272379992088967817952288318390606428003376915476428349,6c414cd8c8e144a0a35decbc89320808,6d3b3c938b6ba0d9642c9f44
0.0,0.105525,1760173210000,reentry,0.01,RESEARCH-ONLY — exploratory_trade_surface,a,0.0,2.0,ollama_hypothesis_surface,4d8e3f1dfa6859ea0a922dd6e3d3c163,18.952854773750296,0.01,context_space,sports_ranking_finish_position,nesting,,29725743828384026112095079361082994940901930932912573284486248321525587766137,5e688841ca414559a1c33e48b29d718c,6d3b3c938b6ba0d9642c9f44
0.0,0.095475,1760173210000,reentry,0.01,RESEARCH-ONLY — exploratory_trade_surface,b,0.0,2.0,ollama_hypothesis_surface,4d8e3f1dfa6859ea0a922dd6e3d3c163,20.94789211835559,0.01,context_space,sports_ranking_finish_position,nesting,,51695045148799175684172272379992088967817952288318390606428003376915476428349,4428cf3950fe424ba42a65c22b0beb88,6d3b3c938b6ba0d9642c9f44
0.0,0.105525,1760176810000,reentry,0.01,RESEARCH-ONLY — exploratory_trade_surface,a,0.0,2.0,ollama_hypothesis_surface,4d8e3f1dfa6859ea0a922dd6e3d3c163,18.952854773750296,0.01,context_space,sports_ranking_finish_position,nesting,,29725743828384026112095079361082994940901930932912573284486248321525587766137,e070988557b04156a815c32bfcd34a21,6d3b3c938b6ba0d9642c9f44
0.0,0.095475,1760176810000,reentry,0.01,RESEARCH-ONLY — exploratory_trade_surface,b,0.0,2.0,ollama_hypothesis_surface,4d8e3f1dfa6859ea0a922dd6e3d3c163,20.94789211835559,0.01,context_space,sports_ranking_finish_position,nesting,,51695045148799175684172272379992088967817952288318390606428003376915476428349,912958a56dcd450fb656dda1b7797273,6d3b3c938b6ba0d9642c9f44
0.0,0.105525,1760180410000,reentry,0.01,RESEARCH-ONLY — exploratory_trade_surface,a,0.0,2.0,ollama_hypothesis_surface,4d8e3f1dfa6859ea0a922dd6e3d3c163,18.952854773750296,0.01,context_space,sports_ranking_finish_position,nesting,,29725743828384026112095079361082994940901930932912573284486248321525587766137,a242a9940ed5449aa1dcd7a5ae3fb3df,6d3b3c938b6ba0d9642c9f44
0.0,0.095475,1760180410000,reentry,0.01,RESEARCH-ONLY — exploratory_trade_surface,b,0.0,2.0,ollama_hypothesis_surface,4d8e3f1dfa6859ea0a922dd6e3d3c163,20.94789211835559,0.01,context_space,sports_ranking_finish_position,nesting,,51695045148799175684172272379992088967817952288318390606428003376915476428349,8378b78b8ca94c8b951a84e08bdd179d,6d3b3c938b6ba0d9642c9f44
0.0,0.105525,1760184010000,reentry,0.01,RESEARCH-ONLY — exploratory_trade_surface,a,0.0,2.0,ollama_hypothesis_surface,4d8e3f1dfa6859ea0a922dd6e3d3c163,18.952854773750296,0.01,context_space,sports_ranking_finish_position,nesting,,29725743828384026112095079361082994940901930932912573284486248321525587766137,a593e3882f4f4fef8a6762a7e9d7180e,6d3b3c938b6ba0d9642c9f44
0.0,0.095475,1760184010000,reentry,0.01,RESEARCH-ONLY — exploratory_trade_surface,b,0.0,2.0,ollama_hypothesis_surface,4d8e3f1dfa6859ea0a922dd6e3d3c163,20.94789211835559,0.01,context_space,sports_ranking_finish_position,nesting,,51695045148799175684172272379992088967817952288318390606428003376915476428349,994b204eed7f4475b8e31f19197d11e6,6d3b3c938b6ba0d9642c9f44
0.0,0.105525,1760187610000,reentry,0.01,RESEARCH-ONLY — exploratory_trade_surface,a,0.0,2.0,ollama_hypothesis_surface,4d8e3f1dfa6859ea0a922dd6e3d3c163,18.952854773750296,0.01,context_space,sports_ranking_finish_position,nesting,,29725743828384026112095079361082994940901930932912573284486248321525587766137,d164c259c16143d8b0ebb4cd7f6742b1,6d3b3c938b6ba0d9642c9f44
0.0,0.095475,1760187610000,reentry,0.01,RESEARCH-ONLY — exploratory_trade_surface,b,0.0,2.0,ollama_hypothesis_surface,4d8e3f1dfa6859ea0a922dd6e3d3c163,20.94789211835559,0.01,context_space,sports_ranking_finish_position,nesting,,51695045148799175684172272379992088967817952288318390606428003376915476428349,3bebf15c963b4291b3a8d507055c04fd,6d3b3c938b6ba0d9642c9f44
0.0,0.105525,1760191210000,reentry,0.01,RESEARCH-ONLY — exploratory_trade_surface,a,0.0,2.0,ollama_hypothesis_surface,4d8e3f1dfa6859ea0a922dd6e3d3c163,18.952854773750296,0.01,context_space,sports_ranking_finish_position,nesting,,29725743828384026112095079361082994940901930932912573284486248321525587766137,31e14ce87637474cb74983007d0a8436,6d3b3c938b6ba0d9642c9f44
0.0,0.095475,1760191210000,reentry,0.01,RESEARCH-ONLY — exploratory_trade_surface,b,0.0,2.0,ollama_hypothesis_surface,4d8e3f1dfa6859ea0a922dd6e3d3c163,20.94789211835559,0.01,context_space,sports_ranking_finish_position,nesting,,51695045148799175684172272379992088967817952288318390606428003376915476428349,7e9416f1c7264a9f9aed5f6d2975832f,6d3b3c938b6ba0d9642c9f44
0.0,0.105525,1760194810000,reentry,0.01,RESEARCH-ONLY — exploratory_trade_surface,a,0.0,2.0,ollama_hypothesis_surface,4d8e3f1dfa6859ea0a922dd6e3d3c163,18.952854773750296,0.01,context_space,sports_ranking_finish_position,nesting,,29725743828384026112095079361082994940901930932912573284486248321525587766137,4bc6d1fef9b440b983104e6efffcc63f,6d3b3c938b6ba0d9642c9f44
0.0,0.095475,1760194810000,reentry,0.01,RESEARCH-ONLY — exploratory_trade_surface,b,0.0,2.0,ollama_hypothesis_surface,4d8e3f1dfa6859ea0a922dd6e3d3c163,20.94789211835559,0.01,context_space,sports_ranking_finish_position,nesting,,51695045148799175684172272379992088967817952288318390606428003376915476428349,7b492ffe5b2e4f6e97a8c25fcee7ce9d,6d3b3c938b6ba0d9642c9f44
0.0,0.105525,1760198410000,reentry,0.01,RESEARCH-ONLY — exploratory_trade_surface,a,0.0,2.0,ollama_hypothesis_surface,4d8e3f1dfa6859ea0a922dd6e3d3c163,18.952854773750296,0.01,context_space,sports_ranking_finish_position,nesting,,29725743828384026112095079361082994940901930932912573284486248321525587766137,78e5f851c85e4d1eb869ae2c3b2f3d34,6d3b3c938b6ba0d9642c9f44
0.0,0.095475,1760198410000,reentry,0.01,RESEARCH-ONLY — exploratory_trade_surface,b,0.0,2.0,ollama_hypothesis_surface,4d8e3f1dfa6859ea0a922dd6e3d3c163,20.94789211835559,0.01,context_space,sports_ranking_finish_position,nesting,,51695045148799175684172272379992088967817952288318390606428003376915476428349,4216fd31a66f41b1a5ba6a57f5969df9,6d3b3c938b6ba0d9642c9f44
0.0,0.105525,1760202010000,reentry,0.01,RESEARCH-ONLY — exploratory_trade_surface,a,0.0,2.0,ollama_hypothesis_surface,4d8e3f1dfa6859ea0a922dd6e3d3c163,18.952854773750296,0.01,context_space,sports_ranking_finish_position,nesting,,29725743828384026112095079361082994940901930932912573284486248321525587766137,886ee61a2d374495bb4c03df82c39c06,6d3b3c938b6ba0d9642c9f44
0.0,0.095475,1760202010000,reentry,0.01,RESEARCH-ONLY — exploratory_trade_surface,b,0.0,2.0,ollama_hypothesis_surface,4d8e3f1dfa6859ea0a922dd6e3d3c163,20.94789211835559,0.01,context_space,sports_ranking_finish_position,nesting,,51695045148799175684172272379992088967817952288318390606428003376915476428349,d9e7c3846ee741d19fd14c5a989a84a0,6d3b3c938b6ba0d9642c9f44
0.0,0.105525,1760205610000,reentry,0.01,RESEARCH-ONLY — exploratory_trade_surface,a,0.0,2.0,ollama_hypothesis_surface,4d8e3f1dfa6859ea0a922dd6e3d3c163,18.952854773750296,0.01,context_space,sports_ranking_finish_position,nesting,,29725743828384026112095079361082994940901930932912573284486248321525587766137,168806e2acd447c5910da6ed093daed5,6d3b3c938b6ba0d9642c9f44
0.0,0.095475,1760205610000,reentry,0.01,RESEARCH-ONLY — exploratory_trade_surface,b,0.0,2.0,ollama_hypothesis_surface,4d8e3f1dfa6859ea0a922dd6e3d3c163,20.94789211835559,0.01,context_space,sports_ranking_finish_position,nesting,,51695045148799175684172272379992088967817952288318390606428003376915476428349,b3d12e59e2534b619d8d479072829f87,6d3b3c938b6ba0d9642c9f44
0.0,0.105525,1760209210000,reentry,0.01,RESEARCH-ONLY — exploratory_trade_surface,a,0.0,2.0,ollama_hypothesis_surface,4d8e3f1dfa6859ea0a922dd6e3d3c163,18.952854773750296,0.01,context_space,sports_ranking_finish_position,nesting,,29725743828384026112095079361082994940901930932912573284486248321525587766137,d955883bab0f40d9b2cd870204e2bc27,6d3b3c938b6ba0d9642c9f44
0.0,0.095475,1760209210000,reentry,0.01,RESEARCH-ONLY — exploratory_trade_surface,b,0.0,2.0,ollama_hypothesis_surface,4d8e3f1dfa6859ea0a922dd6e3d3c163,20.94789211835559,0.01,context_space,sports_ranking_finish_position,nesting,,51695045148799175684172272379992088967817952288318390606428003376915476428349,cff7c059ef7e42f18f12e93f2534da20,6d3b3c938b6ba0d9642c9f44
0.0,0.105525,1760212810000,reentry,0.01,RESEARCH-ONLY — exploratory_trade_surface,a,0.0,2.0,ollama_hypothesis_surface,4d8e3f1dfa6859ea0a922dd6e3d3c163,18.952854773750296,0.01,context_space,sports_ranking_finish_position,nesting,,29725743828384026112095079361082994940901930932912573284486248321525587766137,253acb01b5894a56b2b54c637702ced3,6d3b3c938b6ba0d9642c9f44
0.0,0.095475,1760212810000,reentry,0.01,RESEARCH-ONLY — exploratory_trade_surface,b,0.0,2.0,ollama_hypothesis_surface,4d8e3f1dfa6859ea0a922dd6e3d3c163,20.94789211835559,0.01,context_space,sports_ranking_finish_position,nesting,,51695045148799175684172272379992088967817952288318390606428003376915476428349,28c72a0475444c07930fc9dbfd8ea5f0,6d3b3c938b6ba0d9642c9f44
0.0,0.105525,1760216410000,reentry,0.01,RESEARCH-ONLY — exploratory_trade_surface,a,0.0,2.0,ollama_hypothesis_surface,4d8e3f1dfa6859ea0a922dd6e3d3c163,18.952854773750296,0.01,context_space,sports_ranking_finish_position,nesting,,29725743828384026112095079361082994940901930932912573284486248321525587766137,80ea37d641d24645b4649c8a051f7ad8,6d3b3c938b6ba0d9642c9f44
0.0,0.095475,1760216410000,reentry,0.01,RESEARCH-ONLY — exploratory_trade_surface,b,0.0,2.0,ollama_hypothesis_surface,4d8e3f1dfa6859ea0a922dd6e3d3c163,20.94789211835559,0.01,context_space,sports_ranking_finish_position,nesting,,51695045148799175684172272379992088967817952288318390606428003376915476428349,1f0b400c47a94c9bb75a18b319b0bf06,6d3b3c938b6ba0d9642c9f44
0.0,0.105525,1760220010000,reentry,0.01,RESEARCH-ONLY — exploratory_trade_surface,a,0.0,2.0,ollama_hypothesis_surface,4d8e3f1dfa6859ea0a922dd6e3d3c163,18.952854773750296,0.01,context_space,sports_ranking_finish_position,nesting,,29725743828384026112095079361082994940901930932912573284486248321525587766137,cbf990d87d3641cabde65edf68ac6162,6d3b3c938b6ba0d9642c9f44
0.0,0.095475,1760220010000,reentry,0.01,RESEARCH-ONLY — exploratory_trade_surface,b,0.0,2.0,ollama_hypothesis_surface,4d8e3f1dfa6859ea0a922dd6e3d3c163,20.94789211835559,0.01,context_space,sports_ranking_finish_position,nesting,,51695045148799175684172272379992088967817952288318390606428003376915476428349,49ff806a55e846dfada858a5f2891809,6d3b3c938b6ba0d9642c9f44
0.0,0.105525,1760223610000,reentry,0.01,RESEARCH-ONLY — exploratory_trade_surface,a,0.0,2.0,ollama_hypothesis_surface,4d8e3f1dfa6859ea0a922dd6e3d3c163,18.952854773750296,0.01,context_space,sports_ranking_finish_position,nesting,,29725743828384026112095079361082994940901930932912573284486248321525587766137,c811862e436646ea8b924dbd39557786,6d3b3c938b6ba0d9642c9f44
0.0,0.095475,1760223610000,reentry,0.01,RESEARCH-ONLY — exploratory_trade_surface,b,0.0,2.0,ollama_hypothesis_surface,4d8e3f1dfa6859ea0a922dd6e3d3c163,20.94789211835559,0.01,context_space,sports_ranking_finish_position,nesting,,51695045148799175684172272379992088967817952288318390606428003376915476428349,4c9b9de981544d0f844a80a4293dd737,6d3b3c938b6ba0d9642c9f44
0.0,0.1005,1760313610000,reentry,0.01,RESEARCH-ONLY — exploratory_trade_surface,a,0.0,2.0,ollama_hypothesis_surface,4d8e3f1dfa6859ea0a922dd6e3d3c163,19.90049751243781,0.01,context_space,sports_ranking_finish_position,nesting,,29725743828384026112095079361082994940901930932912573284486248321525587766137,d45f290f9b374e88a3522e426414bfa1,eae4c758c92b73a3504120d4
0.0,0.09045,1760313610000,reentry,0.01,RESEARCH-ONLY — exploratory_trade_surface,b,0.0,2.0,ollama_hypothesis_surface,4d8e3f1dfa6859ea0a922dd6e3d3c163,22.111663902708678,0.01,context_space,sports_ranking_finish_position,nesting,,51695045148799175684172272379992088967817952288318390606428003376915476428349,364ce5154000430db4a42cc8f9b353bd,eae4c758c92b73a3504120d4
0.0,0.1005,1760317210000,reentry,0.01,RESEARCH-ONLY — exploratory_trade_surface,a,0.0,2.0,ollama_hypothesis_surface,4d8e3f1dfa6859ea0a922dd6e3d3c163,19.90049751243781,0.01,context_space,sports_ranking_finish_position,nesting,,29725743828384026112095079361082994940901930932912573284486248321525587766137,b71f1487e91b44e69d3c612133d8d631,eae4c758c92b73a3504120d4
0.0,0.09045,1760317210000,reentry,0.01,RESEARCH-ONLY — exploratory_trade_surface,b,0.0,2.0,ollama_hypothesis_surface,4d8e3f1dfa6859ea0a922dd6e3d3c163,22.111663902708678,0.01,context_space,sports_ranking_finish_position,nesting,,51695045148799175684172272379992088967817952288318390606428003376915476428349,7cf09331f0ce409dab01b105237ed4c1,eae4c758c92b73a3504120d4
