blocker_category,blocker_reason,relationship_id,signal_ts_ms,space_id,strategy_family
economic_or_replay,max_trades,5910a43939d7ba6fe59cf6b80718e5c3,1765573207000,sports_championship_conference_progression,nesting
economic_or_replay,max_trades,5910a43939d7ba6fe59cf6b80718e5c3,1765576807000,sports_championship_conference_progression,nesting
economic_or_replay,max_trades,5910a43939d7ba6fe59cf6b80718e5c3,1765580407000,sports_championship_conference_progression,nesting
economic_or_replay,max_trades,5910a43939d7ba6fe59cf6b80718e5c3,1765584007000,sports_championship_conference_progression,nesting
economic_or_replay,max_trades,5910a43939d7ba6fe59cf6b80718e5c3,1765587607000,sports_championship_conference_progression,nesting
economic_or_replay,max_trades,5910a43939d7ba6fe59cf6b80718e5c3,1765591207000,sports_championship_conference_progression,nesting
economic_or_replay,max_trades,5910a43939d7ba6fe59cf6b80718e5c3,1765594807000,sports_championship_conference_progression,nesting
economic_or_replay,max_trades,5910a43939d7ba6fe59cf6b80718e5c3,1765598407000,sports_championship_conference_progression,nesting
economic_or_replay,max_trades,5910a43939d7ba6fe59cf6b80718e5c3,1765602007000,sports_championship_conference_progression,nesting
economic_or_replay,max_trades,5910a43939d7ba6fe59cf6b80718e5c3,1765605607000,sports_championship_conference_progression,nesting
economic_or_replay,max_trades,5910a43939d7ba6fe59cf6b80718e5c3,1765609207000,sports_championship_conference_progression,nesting
economic_or_replay,max_trades,5910a43939d7ba6fe59cf6b80718e5c3,1765612807000,sports_championship_conference_progression,nesting
economic_or_replay,max_trades,5910a43939d7ba6fe59cf6b80718e5c3,1765616407000,sports_championship_conference_progression,nesting
economic_or_replay,max_trades,5910a43939d7ba6fe59cf6b80718e5c3,1765620007000,sports_championship_conference_progression,nesting
economic_or_replay,max_trades,5910a43939d7ba6fe59cf6b80718e5c3,1765623607000,sports_championship_conference_progression,nesting
economic_or_replay,max_trades,5910a43939d7ba6fe59cf6b80718e5c3,1765627207000,sports_championship_conference_progression,nesting
economic_or_replay,max_trades,5910a43939d7ba6fe59cf6b80718e5c3,1765630807000,sports_championship_conference_progression,nesting
economic_or_replay,max_trades,5910a43939d7ba6fe59cf6b80718e5c3,1765634407000,sports_championship_conference_progression,nesting
economic_or_replay,max_trades,5910a43939d7ba6fe59cf6b80718e5c3,1765638007000,sports_championship_conference_progression,nesting
economic_or_replay,max_trades,5910a43939d7ba6fe59cf6b80718e5c3,1765641607000,sports_championship_conference_progression,nesting
economic_or_replay,max_trades,5910a43939d7ba6fe59cf6b80718e5c3,1765645207000,sports_championship_conference_progression,nesting
economic_or_replay,max_trades,5910a43939d7ba6fe59cf6b80718e5c3,1765648807000,sports_championship_conference_progression,nesting
economic_or_replay,max_trades,5910a43939d7ba6fe59cf6b80718e5c3,1765652407000,sports_championship_conference_progression,nesting
economic_or_replay,max_trades,5910a43939d7ba6fe59cf6b80718e5c3,1765656007000,sports_championship_conference_progression,nesting
economic_or_replay,max_trades,5910a43939d7ba6fe59cf6b80718e5c3,1765659607000,sports_championship_conference_progression,nesting
economic_or_replay,max_trades,5910a43939d7ba6fe59cf6b80718e5c3,1765663207000,sports_championship_conference_progression,nesting
economic_or_replay,max_trades,5910a43939d7ba6fe59cf6b80718e5c3,1765666807000,sports_championship_conference_progression,nesting
economic_or_replay,max_trades,5910a43939d7ba6fe59cf6b80718e5c3,1765670407000,sports_championship_conference_progression,nesting
economic_or_replay,max_trades,5910a43939d7ba6fe59cf6b80718e5c3,1765674007000,sports_championship_conference_progression,nesting
economic_or_replay,max_trades,5910a43939d7ba6fe59cf6b80718e5c3,1765677607000,sports_championship_conference_progression,nesting
economic_or_replay,max_trades,5910a43939d7ba6fe59cf6b80718e5c3,1765681207000,sports_championship_conference_progression,nesting
economic_or_replay,max_trades,5910a43939d7ba6fe59cf6b80718e5c3,1765684807000,sports_championship_conference_progression,nesting
economic_or_replay,max_trades,5910a43939d7ba6fe59cf6b80718e5c3,1765688407000,sports_championship_conference_progression,nesting
economic_or_replay,max_trades,5910a43939d7ba6fe59cf6b80718e5c3,1765692007000,sports_championship_conference_progression,nesting
economic_or_replay,max_trades,5910a43939d7ba6fe59cf6b80718e5c3,1765695607000,sports_championship_conference_progression,nesting
economic_or_replay,max_trades,5910a43939d7ba6fe59cf6b80718e5c3,1765699207000,sports_championship_conference_progression,nesting
economic_or_replay,max_trades,5910a43939d7ba6fe59cf6b80718e5c3,1765702807000,sports_championship_conference_progression,nesting
economic_or_replay,max_trades,5910a43939d7ba6fe59cf6b80718e5c3,1765706407000,sports_championship_conference_progression,nesting
economic_or_replay,max_trades,5910a43939d7ba6fe59cf6b80718e5c3,1765710007000,sports_championship_conference_progression,nesting
economic_or_replay,max_trades,5910a43939d7ba6fe59cf6b80718e5c3,1765713607000,sports_championship_conference_progression,nesting
economic_or_replay,max_trades,a6edab19118abe85173fa9a8b0f4cbe4,1755457207000,sports_championship_conference_progression,nesting
economic_or_replay,max_trades,a6edab19118abe85173fa9a8b0f4cbe4,1755460807000,sports_championship_conference_progression,nesting
economic_or_replay,max_trades,a6edab19118abe85173fa9a8b0f4cbe4,1755464407000,sports_championship_conference_progression,nesting
economic_or_replay,max_trades,a6edab19118abe85173fa9a8b0f4cbe4,1755468007000,sports_championship_conference_progression,nesting
economic_or_replay,max_trades,a6edab19118abe85173fa9a8b0f4cbe4,1755471607000,sports_championship_conference_progression,nesting
economic_or_replay,max_trades,3496b04d1407bfa617b8d7e95b3dfc9a,1754596809000,sports_ranking_finish_position,contradiction
economic_or_replay,max_trades,3496b04d1407bfa617b8d7e95b3dfc9a,1754600409000,sports_ranking_finish_position,contradiction
economic_or_replay,max_trades,3496b04d1407bfa617b8d7e95b3dfc9a,1754604009000,sports_ranking_finish_position,contradiction
economic_or_replay,max_trades,3496b04d1407bfa617b8d7e95b3dfc9a,1754607609000,sports_ranking_finish_position,contradiction
economic_or_replay,max_trades,3496b04d1407bfa617b8d7e95b3dfc9a,1754611209000,sports_ranking_finish_position,contradiction
economic_or_replay,max_trades,3496b04d1407bfa617b8d7e95b3dfc9a,1754614809000,sports_ranking_finish_position,contradiction
economic_or_replay,max_trades,3496b04d1407bfa617b8d7e95b3dfc9a,1754618409000,sports_ranking_finish_position,contradiction
economic_or_replay,max_trades,3496b04d1407bfa617b8d7e95b3dfc9a,1754622009000,sports_ranking_finish_position,contradiction
economic_or_replay,max_trades,3496b04d1407bfa617b8d7e95b3dfc9a,1754625609000,sports_ranking_finish_position,contradiction
economic_or_replay,max_trades,3496b04d1407bfa617b8d7e95b3dfc9a,1754629209000,sports_ranking_finish_position,contradiction
economic_or_replay,max_trades,3496b04d1407bfa617b8d7e95b3dfc9a,1754632809000,sports_ranking_finish_position,contradiction
economic_or_replay,max_trades,3496b04d1407bfa617b8d7e95b3dfc9a,1754636409000,sports_ranking_finish_position,contradiction
economic_or_replay,max_trades,3496b04d1407bfa617b8d7e95b3dfc9a,1754640009000,sports_ranking_finish_position,contradiction
economic_or_replay,max_trades,3496b04d1407bfa617b8d7e95b3dfc9a,1754643609000,sports_ranking_finish_position,contradiction
economic_or_replay,max_trades,3496b04d1407bfa617b8d7e95b3dfc9a,1754647209000,sports_ranking_finish_position,contradiction
economic_or_replay,max_trades,3496b04d1407bfa617b8d7e95b3dfc9a,1754650809000,sports_ranking_finish_position,contradiction
economic_or_replay,max_trades,3496b04d1407bfa617b8d7e95b3dfc9a,1754654409000,sports_ranking_finish_position,contradiction
economic_or_replay,max_trades,3496b04d1407bfa617b8d7e95b3dfc9a,1754658009000,sports_ranking_finish_position,contradiction
economic_or_replay,max_trades,3496b04d1407bfa617b8d7e95b3dfc9a,1754661609000,sports_ranking_finish_position,contradiction
economic_or_replay,max_trades,3496b04d1407bfa617b8d7e95b3dfc9a,1754665209000,sports_ranking_finish_position,contradiction
economic_or_replay,max_trades,3496b04d1407bfa617b8d7e95b3dfc9a,1754668809000,sports_ranking_finish_position,contradiction
economic_or_replay,max_trades,3496b04d1407bfa617b8d7e95b3dfc9a,1754672409000,sports_ranking_finish_position,contradiction
economic_or_replay,max_trades,3496b04d1407bfa617b8d7e95b3dfc9a,1754676009000,sports_ranking_finish_position,contradiction
economic_or_replay,max_trades,3496b04d1407bfa617b8d7e95b3dfc9a,1754679609000,sports_ranking_finish_position,contradiction
economic_or_replay,max_trades,3496b04d1407bfa617b8d7e95b3dfc9a,1754683209000,sports_ranking_finish_position,contradiction
economic_or_replay,max_trades,3496b04d1407bfa617b8d7e95b3dfc9a,1754686809000,sports_ranking_finish_position,contradiction
economic_or_replay,max_trades,3496b04d1407bfa617b8d7e95b3dfc9a,1754690409000,sports_ranking_finish_position,contradiction
economic_or_replay,max_trades,3496b04d1407bfa617b8d7e95b3dfc9a,1754694009000,sports_ranking_finish_position,contradiction
economic_or_replay,max_trades,3496b04d1407bfa617b8d7e95b3dfc9a,1754697609000,sports_ranking_finish_position,contradiction
economic_or_replay,max_trades,3496b04d1407bfa617b8d7e95b3dfc9a,1754701209000,sports_ranking_finish_position,contradiction
economic_or_replay,max_trades,3496b04d1407bfa617b8d7e95b3dfc9a,1754704809000,sports_ranking_finish_position,contradiction
economic_or_replay,max_trades,3496b04d1407bfa617b8d7e95b3dfc9a,1754708409000,sports_ranking_finish_position,contradiction
economic_or_replay,max_trades,3496b04d1407bfa617b8d7e95b3dfc9a,1754712009000,sports_ranking_finish_position,contradiction
economic_or_replay,max_trades,3496b04d1407bfa617b8d7e95b3dfc9a,1754715609000,sports_ranking_finish_position,contradiction
economic_or_replay,max_trades,3496b04d1407bfa617b8d7e95b3dfc9a,1754719209000,sports_ranking_finish_position,contradiction
economic_or_replay,max_trades,3496b04d1407bfa617b8d7e95b3dfc9a,1754722809000,sports_ranking_finish_position,contradiction
economic_or_replay,max_trades,3496b04d1407bfa617b8d7e95b3dfc9a,1754726409000,sports_ranking_finish_position,contradiction
economic_or_replay,max_trades,3496b04d1407bfa617b8d7e95b3dfc9a,1754730009000,sports_ranking_finish_position,contradiction
economic_or_replay,max_trades,3496b04d1407bfa617b8d7e95b3dfc9a,1754733609000,sports_ranking_finish_position,contradiction
economic_or_replay,max_trades,3496b04d1407bfa617b8d7e95b3dfc9a,1754737209000,sports_ranking_finish_position,contradiction
economic_or_replay,max_trades,3496b04d1407bfa617b8d7e95b3dfc9a,1754740809000,sports_ranking_finish_position,contradiction
economic_or_replay,max_trades,3496b04d1407bfa617b8d7e95b3dfc9a,1754744409000,sports_ranking_finish_position,contradiction
economic_or_replay,max_trades,3496b04d1407bfa617b8d7e95b3dfc9a,1754748009000,sports_ranking_finish_position,contradiction
economic_or_replay,max_trades,3496b04d1407bfa617b8d7e95b3dfc9a,1754751609000,sports_ranking_finish_position,contradiction
economic_or_replay,max_trades,3496b04d1407bfa617b8d7e95b3dfc9a,1754755209000,sports_ranking_finish_position,contradiction
economic_or_replay,max_trades,3496b04d1407bfa617b8d7e95b3dfc9a,1754758809000,sports_ranking_finish_position,contradiction
economic_or_replay,max_trades,3496b04d1407bfa617b8d7e95b3dfc9a,1754762409000,sports_ranking_finish_position,contradiction
economic_or_replay,max_trades,3496b04d1407bfa617b8d7e95b3dfc9a,1754766009000,sports_ranking_finish_position,contradiction
economic_or_replay,max_trades,3496b04d1407bfa617b8d7e95b3dfc9a,1754769609000,sports_ranking_finish_position,contradiction
economic_or_replay,max_trades,3496b04d1407bfa617b8d7e95b3dfc9a,1754773209000,sports_ranking_finish_position,contradiction
economic_or_replay,max_trades,3496b04d1407bfa617b8d7e95b3dfc9a,1754776809000,sports_ranking_finish_position,contradiction
economic_or_replay,max_trades,3496b04d1407bfa617b8d7e95b3dfc9a,1754780409000,sports_ranking_finish_position,contradiction
economic_or_replay,max_trades,3496b04d1407bfa617b8d7e95b3dfc9a,1754784009000,sports_ranking_finish_position,contradiction
economic_or_replay,max_trades,3496b04d1407bfa617b8d7e95b3dfc9a,1754787609000,sports_ranking_finish_position,contradiction
economic_or_replay,max_trades,3496b04d1407bfa617b8d7e95b3dfc9a,1754791209000,sports_ranking_finish_position,contradiction
economic_or_replay,max_trades,3496b04d1407bfa617b8d7e95b3dfc9a,1754794809000,sports_ranking_finish_position,contradiction
economic_or_replay,max_trades,3496b04d1407bfa617b8d7e95b3dfc9a,1754798409000,sports_ranking_finish_position,contradiction
economic_or_replay,max_trades,3496b04d1407bfa617b8d7e95b3dfc9a,1754802009000,sports_ranking_finish_position,contradiction
economic_or_replay,max_trades,3496b04d1407bfa617b8d7e95b3dfc9a,1754805609000,sports_ranking_finish_position,contradiction
economic_or_replay,max_trades,3496b04d1407bfa617b8d7e95b3dfc9a,1754809209000,sports_ranking_finish_position,contradiction
economic_or_replay,max_trades,3496b04d1407bfa617b8d7e95b3dfc9a,1754812809000,sports_ranking_finish_position,contradiction
economic_or_replay,max_trades,3496b04d1407bfa617b8d7e95b3dfc9a,1754816409000,sports_ranking_finish_position,contradiction
economic_or_replay,max_trades,3496b04d1407bfa617b8d7e95b3dfc9a,1754820009000,sports_ranking_finish_position,contradiction
economic_or_replay,max_trades,3496b04d1407bfa617b8d7e95b3dfc9a,1754823609000,sports_ranking_finish_position,contradiction
economic_or_replay,max_trades,3496b04d1407bfa617b8d7e95b3dfc9a,1754827209000,sports_ranking_finish_position,contradiction
economic_or_replay,max_trades,3496b04d1407bfa617b8d7e95b3dfc9a,1754830809000,sports_ranking_finish_position,contradiction
economic_or_replay,max_trades,3496b04d1407bfa617b8d7e95b3dfc9a,1754834409000,sports_ranking_finish_position,contradiction
economic_or_replay,max_trades,3496b04d1407bfa617b8d7e95b3dfc9a,1754838009000,sports_ranking_finish_position,contradiction
economic_or_replay,max_trades,3496b04d1407bfa617b8d7e95b3dfc9a,1754841609000,sports_ranking_finish_position,contradiction
economic_or_replay,max_trades,3496b04d1407bfa617b8d7e95b3dfc9a,1754845209000,sports_ranking_finish_position,contradiction
economic_or_replay,max_trades,3496b04d1407bfa617b8d7e95b3dfc9a,1754848809000,sports_ranking_finish_position,contradiction
economic_or_replay,max_trades,3496b04d1407bfa617b8d7e95b3dfc9a,1754852409000,sports_ranking_finish_position,contradiction
economic_or_replay,max_trades,3496b04d1407bfa617b8d7e95b3dfc9a,1754856009000,sports_ranking_finish_position,contradiction
economic_or_replay,max_trades,3496b04d1407bfa617b8d7e95b3dfc9a,1754859609000,sports_ranking_finish_position,contradiction
economic_or_replay,max_trades,3496b04d1407bfa617b8d7e95b3dfc9a,1754863209000,sports_ranking_finish_position,contradiction
economic_or_replay,max_trades,3496b04d1407bfa617b8d7e95b3dfc9a,1754866809000,sports_ranking_finish_position,contradiction
economic_or_replay,max_trades,3496b04d1407bfa617b8d7e95b3dfc9a,1754870409000,sports_ranking_finish_position,contradiction
economic_or_replay,max_trades,3496b04d1407bfa617b8d7e95b3dfc9a,1754874009000,sports_ranking_finish_position,contradiction
economic_or_replay,max_trades,3496b04d1407bfa617b8d7e95b3dfc9a,1754877609000,sports_ranking_finish_position,contradiction
economic_or_replay,max_trades,3496b04d1407bfa617b8d7e95b3dfc9a,1754881209000,sports_ranking_finish_position,contradiction
economic_or_replay,max_trades,3496b04d1407bfa617b8d7e95b3dfc9a,1754884809000,sports_ranking_finish_position,contradiction
economic_or_replay,max_trades,3496b04d1407bfa617b8d7e95b3dfc9a,1754888409000,sports_ranking_finish_position,contradiction
economic_or_replay,max_trades,3496b04d1407bfa617b8d7e95b3dfc9a,1754892009000,sports_ranking_finish_position,contradiction
economic_or_replay,max_trades,3496b04d1407bfa617b8d7e95b3dfc9a,1754895609000,sports_ranking_finish_position,contradiction
economic_or_replay,max_trades,3496b04d1407bfa617b8d7e95b3dfc9a,1754899209000,sports_ranking_finish_position,contradiction
economic_or_replay,max_trades,3496b04d1407bfa617b8d7e95b3dfc9a,1754902809000,sports_ranking_finish_position,contradiction
economic_or_replay,max_trades,3496b04d1407bfa617b8d7e95b3dfc9a,1754906409000,sports_ranking_finish_position,contradiction
economic_or_replay,max_trades,3496b04d1407bfa617b8d7e95b3dfc9a,1754910009000,sports_ranking_finish_position,contradiction
economic_or_replay,max_trades,3496b04d1407bfa617b8d7e95b3dfc9a,1754913609000,sports_ranking_finish_position,contradiction
economic_or_replay,max_trades,3496b04d1407bfa617b8d7e95b3dfc9a,1754917209000,sports_ranking_finish_position,contradiction
economic_or_replay,max_trades,3496b04d1407bfa617b8d7e95b3dfc9a,1754920809000,sports_ranking_finish_position,contradiction
economic_or_replay,max_trades,3496b04d1407bfa617b8d7e95b3dfc9a,1754924409000,sports_ranking_finish_position,contradiction
economic_or_replay,max_trades,3496b04d1407bfa617b8d7e95b3dfc9a,1754928009000,sports_ranking_finish_position,contradiction
economic_or_replay,max_trades,3496b04d1407bfa617b8d7e95b3dfc9a,1754931609000,sports_ranking_finish_position,contradiction
economic_or_replay,max_trades,3496b04d1407bfa617b8d7e95b3dfc9a,1754935209000,sports_ranking_finish_position,contradiction
economic_or_replay,max_trades,3496b04d1407bfa617b8d7e95b3dfc9a,1754938809000,sports_ranking_finish_position,contradiction
economic_or_replay,max_trades,3496b04d1407bfa617b8d7e95b3dfc9a,1754942409000,sports_ranking_finish_position,contradiction
economic_or_replay,max_trades,3496b04d1407bfa617b8d7e95b3dfc9a,1754946009000,sports_ranking_finish_position,contradiction
economic_or_replay,max_trades,3496b04d1407bfa617b8d7e95b3dfc9a,1754949609000,sports_ranking_finish_position,contradiction
economic_or_replay,max_trades,3496b04d1407bfa617b8d7e95b3dfc9a,1754953209000,sports_ranking_finish_position,contradiction
economic_or_replay,max_trades,3496b04d1407bfa617b8d7e95b3dfc9a,1754956809000,sports_ranking_finish_position,contradiction
economic_or_replay,max_trades,3496b04d1407bfa617b8d7e95b3dfc9a,1754960409000,sports_ranking_finish_position,contradiction
economic_or_replay,max_trades,3496b04d1407bfa617b8d7e95b3dfc9a,1754964009000,sports_ranking_finish_position,contradiction
economic_or_replay,max_trades,3496b04d1407bfa617b8d7e95b3dfc9a,1754967609000,sports_ranking_finish_position,contradiction
economic_or_replay,max_trades,3496b04d1407bfa617b8d7e95b3dfc9a,1754971209000,sports_ranking_finish_position,contradiction
economic_or_replay,max_trades,3496b04d1407bfa617b8d7e95b3dfc9a,1754974809000,sports_ranking_finish_position,contradiction
economic_or_replay,max_trades,3496b04d1407bfa617b8d7e95b3dfc9a,1754978409000,sports_ranking_finish_position,contradiction
economic_or_replay,max_trades,3496b04d1407bfa617b8d7e95b3dfc9a,1754982009000,sports_ranking_finish_position,contradiction
economic_or_replay,max_trades,3496b04d1407bfa617b8d7e95b3dfc9a,1754985609000,sports_ranking_finish_position,contradiction
economic_or_replay,max_trades,3496b04d1407bfa617b8d7e95b3dfc9a,1754989209000,sports_ranking_finish_position,contradiction
economic_or_replay,max_trades,3496b04d1407bfa617b8d7e95b3dfc9a,1754992809000,sports_ranking_finish_position,contradiction
economic_or_replay,max_trades,3496b04d1407bfa617b8d7e95b3dfc9a,1754996409000,sports_ranking_finish_position,contradiction
economic_or_replay,max_trades,3496b04d1407bfa617b8d7e95b3dfc9a,1755000009000,sports_ranking_finish_position,contradiction
economic_or_replay,max_trades,3496b04d1407bfa617b8d7e95b3dfc9a,1755003609000,sports_ranking_finish_position,contradiction
economic_or_replay,max_trades,3496b04d1407bfa617b8d7e95b3dfc9a,1755007209000,sports_ranking_finish_position,contradiction
economic_or_replay,max_trades,3496b04d1407bfa617b8d7e95b3dfc9a,1755010809000,sports_ranking_finish_position,contradiction
economic_or_replay,max_trades,3496b04d1407bfa617b8d7e95b3dfc9a,1755014409000,sports_ranking_finish_position,contradiction
economic_or_replay,max_trades,3496b04d1407bfa617b8d7e95b3dfc9a,1755018009000,sports_ranking_finish_position,contradiction
economic_or_replay,max_trades,3496b04d1407bfa617b8d7e95b3dfc9a,1755021609000,sports_ranking_finish_position,contradiction
economic_or_replay,max_trades,3496b04d1407bfa617b8d7e95b3dfc9a,1755025209000,sports_ranking_finish_position,contradiction
economic_or_replay,max_trades,3496b04d1407bfa617b8d7e95b3dfc9a,1755028809000,sports_ranking_finish_position,contradiction
economic_or_replay,max_trades,3496b04d1407bfa617b8d7e95b3dfc9a,1755032409000,sports_ranking_finish_position,contradiction
economic_or_replay,max_trades,3496b04d1407bfa617b8d7e95b3dfc9a,1755036009000,sports_ranking_finish_position,contradiction
economic_or_replay,max_trades,3496b04d1407bfa617b8d7e95b3dfc9a,1755039609000,sports_ranking_finish_position,contradiction
economic_or_replay,max_trades,3496b04d1407bfa617b8d7e95b3dfc9a,1755043209000,sports_ranking_finish_position,contradiction
economic_or_replay,max_trades,3496b04d1407bfa617b8d7e95b3dfc9a,1755046809000,sports_ranking_finish_position,contradiction
economic_or_replay,max_trades,3496b04d1407bfa617b8d7e95b3dfc9a,1755050409000,sports_ranking_finish_position,contradiction
economic_or_replay,max_trades,3496b04d1407bfa617b8d7e95b3dfc9a,1755054009000,sports_ranking_finish_position,contradiction
economic_or_replay,max_trades,3496b04d1407bfa617b8d7e95b3dfc9a,1755057609000,sports_ranking_finish_position,contradiction
economic_or_replay,max_trades,3496b04d1407bfa617b8d7e95b3dfc9a,1755061209000,sports_ranking_finish_position,contradiction
economic_or_replay,max_trades,3496b04d1407bfa617b8d7e95b3dfc9a,1755064809000,sports_ranking_finish_position,contradiction
economic_or_replay,max_trades,3496b04d1407bfa617b8d7e95b3dfc9a,1755068409000,sports_ranking_finish_position,contradiction
economic_or_replay,max_trades,3496b04d1407bfa617b8d7e95b3dfc9a,1755072009000,sports_ranking_finish_position,contradiction
economic_or_replay,max_trades,3496b04d1407bfa617b8d7e95b3dfc9a,1755075609000,sports_ranking_finish_position,contradiction
economic_or_replay,max_trades,3496b04d1407bfa617b8d7e95b3dfc9a,1755079209000,sports_ranking_finish_position,contradiction
economic_or_replay,max_trades,3496b04d1407bfa617b8d7e95b3dfc9a,1755082809000,sports_ranking_finish_position,contradiction
economic_or_replay,max_trades,3496b04d1407bfa617b8d7e95b3dfc9a,1755086409000,sports_ranking_finish_position,contradiction
economic_or_replay,max_trades,3496b04d1407bfa617b8d7e95b3dfc9a,1755090009000,sports_ranking_finish_position,contradiction
economic_or_replay,max_trades,3496b04d1407bfa617b8d7e95b3dfc9a,1755093609000,sports_ranking_finish_position,contradiction
economic_or_replay,max_trades,3496b04d1407bfa617b8d7e95b3dfc9a,1755097209000,sports_ranking_finish_position,contradiction
economic_or_replay,max_trades,3496b04d1407bfa617b8d7e95b3dfc9a,1755100809000,sports_ranking_finish_position,contradiction
economic_or_replay,max_trades,3496b04d1407bfa617b8d7e95b3dfc9a,1755104409000,sports_ranking_finish_position,contradiction
economic_or_replay,max_trades,3496b04d1407bfa617b8d7e95b3dfc9a,1755108009000,sports_ranking_finish_position,contradiction
economic_or_replay,max_trades,3496b04d1407bfa617b8d7e95b3dfc9a,1755111609000,sports_ranking_finish_position,contradiction
economic_or_replay,max_trades,3496b04d1407bfa617b8d7e95b3dfc9a,1755115209000,sports_ranking_finish_position,contradiction
economic_or_replay,max_trades,3496b04d1407bfa617b8d7e95b3dfc9a,1755118809000,sports_ranking_finish_position,contradiction
economic_or_replay,max_trades,3496b04d1407bfa617b8d7e95b3dfc9a,1755122409000,sports_ranking_finish_position,contradiction
economic_or_replay,max_trades,3496b04d1407bfa617b8d7e95b3dfc9a,1755126009000,sports_ranking_finish_position,contradiction
economic_or_replay,max_trades,3496b04d1407bfa617b8d7e95b3dfc9a,1755129609000,sports_ranking_finish_position,contradiction
economic_or_replay,max_trades,3496b04d1407bfa617b8d7e95b3dfc9a,1755133209000,sports_ranking_finish_position,contradiction
economic_or_replay,max_trades,3496b04d1407bfa617b8d7e95b3dfc9a,1755136809000,sports_ranking_finish_position,contradiction
economic_or_replay,max_trades,3496b04d1407bfa617b8d7e95b3dfc9a,1755140409000,sports_ranking_finish_position,contradiction
economic_or_replay,max_trades,3496b04d1407bfa617b8d7e95b3dfc9a,1755144009000,sports_ranking_finish_position,contradiction
economic_or_replay,max_trades,3496b04d1407bfa617b8d7e95b3dfc9a,1755147609000,sports_ranking_finish_position,contradiction
economic_or_replay,max_trades,3496b04d1407bfa617b8d7e95b3dfc9a,1755151209000,sports_ranking_finish_position,contradiction
economic_or_replay,max_trades,3496b04d1407bfa617b8d7e95b3dfc9a,1755154809000,sports_ranking_finish_position,contradiction
economic_or_replay,max_trades,3496b04d1407bfa617b8d7e95b3dfc9a,1755158409000,sports_ranking_finish_position,contradiction
economic_or_replay,max_trades,3496b04d1407bfa617b8d7e95b3dfc9a,1755162009000,sports_ranking_finish_position,contradiction
economic_or_replay,max_trades,3496b04d1407bfa617b8d7e95b3dfc9a,1755165609000,sports_ranking_finish_position,contradiction
economic_or_replay,max_trades,3496b04d1407bfa617b8d7e95b3dfc9a,1755169209000,sports_ranking_finish_position,contradiction
economic_or_replay,max_trades,3496b04d1407bfa617b8d7e95b3dfc9a,1755172809000,sports_ranking_finish_position,contradiction
economic_or_replay,max_trades,3496b04d1407bfa617b8d7e95b3dfc9a,1755176409000,sports_ranking_finish_position,contradiction
economic_or_replay,max_trades,3496b04d1407bfa617b8d7e95b3dfc9a,1755180009000,sports_ranking_finish_position,contradiction
economic_or_replay,max_trades,3496b04d1407bfa617b8d7e95b3dfc9a,1755183609000,sports_ranking_finish_position,contradiction
economic_or_replay,max_trades,3496b04d1407bfa617b8d7e95b3dfc9a,1755187209000,sports_ranking_finish_position,contradiction
economic_or_replay,max_trades,3496b04d1407bfa617b8d7e95b3dfc9a,1755190809000,sports_ranking_finish_position,contradiction
economic_or_replay,max_trades,3496b04d1407bfa617b8d7e95b3dfc9a,1755194409000,sports_ranking_finish_position,contradiction
economic_or_replay,max_trades,3496b04d1407bfa617b8d7e95b3dfc9a,1755198009000,sports_ranking_finish_position,contradiction
economic_or_replay,max_trades,3496b04d1407bfa617b8d7e95b3dfc9a,1755201609000,sports_ranking_finish_position,contradiction
economic_or_replay,max_trades,3496b04d1407bfa617b8d7e95b3dfc9a,1755205209000,sports_ranking_finish_position,contradiction
economic_or_replay,max_trades,3496b04d1407bfa617b8d7e95b3dfc9a,1755208809000,sports_ranking_finish_position,contradiction
economic_or_replay,max_trades,3496b04d1407bfa617b8d7e95b3dfc9a,1755212409000,sports_ranking_finish_position,contradiction
economic_or_replay,max_trades,3496b04d1407bfa617b8d7e95b3dfc9a,1755216009000,sports_ranking_finish_position,contradiction
economic_or_replay,max_trades,3496b04d1407bfa617b8d7e95b3dfc9a,1755219609000,sports_ranking_finish_position,contradiction
economic_or_replay,max_trades,3496b04d1407bfa617b8d7e95b3dfc9a,1755223209000,sports_ranking_finish_position,contradiction
economic_or_replay,max_trades,3496b04d1407bfa617b8d7e95b3dfc9a,1755226809000,sports_ranking_finish_position,contradiction
economic_or_replay,max_trades,3496b04d1407bfa617b8d7e95b3dfc9a,1755230409000,sports_ranking_finish_position,contradiction
economic_or_replay,max_trades,3496b04d1407bfa617b8d7e95b3dfc9a,1755234009000,sports_ranking_finish_position,contradiction
economic_or_replay,max_trades,3496b04d1407bfa617b8d7e95b3dfc9a,1755237609000,sports_ranking_finish_position,contradiction
economic_or_replay,max_trades,3496b04d1407bfa617b8d7e95b3dfc9a,1755241209000,sports_ranking_finish_position,contradiction
economic_or_replay,max_trades,3496b04d1407bfa617b8d7e95b3dfc9a,1755244809000,sports_ranking_finish_position,contradiction
economic_or_replay,max_trades,3496b04d1407bfa617b8d7e95b3dfc9a,1755248409000,sports_ranking_finish_position,contradiction
economic_or_replay,max_trades,3496b04d1407bfa617b8d7e95b3dfc9a,1755252009000,sports_ranking_finish_position,contradiction
economic_or_replay,max_trades,3496b04d1407bfa617b8d7e95b3dfc9a,1755255609000,sports_ranking_finish_position,contradiction
economic_or_replay,max_trades,3496b04d1407bfa617b8d7e95b3dfc9a,1755259209000,sports_ranking_finish_position,contradiction
economic_or_replay,max_trades,3496b04d1407bfa617b8d7e95b3dfc9a,1755262809000,sports_ranking_finish_position,contradiction
economic_or_replay,max_trades,3496b04d1407bfa617b8d7e95b3dfc9a,1755266409000,sports_ranking_finish_position,contradiction
economic_or_replay,max_trades,3496b04d1407bfa617b8d7e95b3dfc9a,1755270009000,sports_ranking_finish_position,contradiction
economic_or_replay,max_trades,3496b04d1407bfa617b8d7e95b3dfc9a,1755273609000,sports_ranking_finish_position,contradiction
economic_or_replay,max_trades,3496b04d1407bfa617b8d7e95b3dfc9a,1755277209000,sports_ranking_finish_position,contradiction
economic_or_replay,max_trades,3496b04d1407bfa617b8d7e95b3dfc9a,1755280809000,sports_ranking_finish_position,contradiction
economic_or_replay,max_trades,3496b04d1407bfa617b8d7e95b3dfc9a,1755284409000,sports_ranking_finish_position,contradiction
economic_or_replay,max_trades,3496b04d1407bfa617b8d7e95b3dfc9a,1755288009000,sports_ranking_finish_position,contradiction
economic_or_replay,max_trades,3496b04d1407bfa617b8d7e95b3dfc9a,1755291609000,sports_ranking_finish_position,contradiction
economic_or_replay,max_trades,3496b04d1407bfa617b8d7e95b3dfc9a,1755295209000,sports_ranking_finish_position,contradiction
economic_or_replay,max_trades,3496b04d1407bfa617b8d7e95b3dfc9a,1755298809000,sports_ranking_finish_position,contradiction
economic_or_replay,max_trades,3496b04d1407bfa617b8d7e95b3dfc9a,1755302409000,sports_ranking_finish_position,contradiction
economic_or_replay,max_trades,3496b04d1407bfa617b8d7e95b3dfc9a,1755306009000,sports_ranking_finish_position,contradiction
economic_or_replay,max_trades,3496b04d1407bfa617b8d7e95b3dfc9a,1755309609000,sports_ranking_finish_position,contradiction
economic_or_replay,max_trades,3496b04d1407bfa617b8d7e95b3dfc9a,1755313209000,sports_ranking_finish_position,contradiction
economic_or_replay,max_trades,3496b04d1407bfa617b8d7e95b3dfc9a,1755316809000,sports_ranking_finish_position,contradiction
economic_or_replay,max_trades,3496b04d1407bfa617b8d7e95b3dfc9a,1755320409000,sports_ranking_finish_position,contradiction
economic_or_replay,max_trades,3496b04d1407bfa617b8d7e95b3dfc9a,1755324009000,sports_ranking_finish_position,contradiction
economic_or_replay,max_trades,3496b04d1407bfa617b8d7e95b3dfc9a,1755327609000,sports_ranking_finish_position,contradiction
economic_or_replay,max_trades,3496b04d1407bfa617b8d7e95b3dfc9a,1755331209000,sports_ranking_finish_position,contradiction
economic_or_replay,max_trades,3496b04d1407bfa617b8d7e95b3dfc9a,1755334809000,sports_ranking_finish_position,contradiction
economic_or_replay,max_trades,3496b04d1407bfa617b8d7e95b3dfc9a,1755338409000,sports_ranking_finish_position,contradiction
economic_or_replay,max_trades,3496b04d1407bfa617b8d7e95b3dfc9a,1755342009000,sports_ranking_finish_position,contradiction
economic_or_replay,max_trades,3496b04d1407bfa617b8d7e95b3dfc9a,1755345609000,sports_ranking_finish_position,contradiction
economic_or_replay,max_trades,3496b04d1407bfa617b8d7e95b3dfc9a,1755349209000,sports_ranking_finish_position,contradiction
economic_or_replay,max_trades,3496b04d1407bfa617b8d7e95b3dfc9a,1755352809000,sports_ranking_finish_position,contradiction
economic_or_replay,max_trades,3496b04d1407bfa617b8d7e95b3dfc9a,1755356409000,sports_ranking_finish_position,contradiction
economic_or_replay,max_trades,3496b04d1407bfa617b8d7e95b3dfc9a,1755360009000,sports_ranking_finish_position,contradiction
economic_or_replay,max_trades,3496b04d1407bfa617b8d7e95b3dfc9a,1755363609000,sports_ranking_finish_position,contradiction
economic_or_replay,max_trades,3496b04d1407bfa617b8d7e95b3dfc9a,1755367209000,sports_ranking_finish_position,contradiction
economic_or_replay,max_trades,3496b04d1407bfa617b8d7e95b3dfc9a,1755370809000,sports_ranking_finish_position,contradiction
economic_or_replay,max_trades,3496b04d1407bfa617b8d7e95b3dfc9a,1755374409000,sports_ranking_finish_position,contradiction
economic_or_replay,max_trades,3496b04d1407bfa617b8d7e95b3dfc9a,1755378009000,sports_ranking_finish_position,contradiction
economic_or_replay,max_trades,3496b04d1407bfa617b8d7e95b3dfc9a,1755381609000,sports_ranking_finish_position,contradiction
economic_or_replay,max_trades,3496b04d1407bfa617b8d7e95b3dfc9a,1755385209000,sports_ranking_finish_position,contradiction
economic_or_replay,max_trades,3496b04d1407bfa617b8d7e95b3dfc9a,1755388809000,sports_ranking_finish_position,contradiction
economic_or_replay,max_trades,3496b04d1407bfa617b8d7e95b3dfc9a,1755392409000,sports_ranking_finish_position,contradiction
economic_or_replay,max_trades,3496b04d1407bfa617b8d7e95b3dfc9a,1755396009000,sports_ranking_finish_position,contradiction
economic_or_replay,max_trades,3496b04d1407bfa617b8d7e95b3dfc9a,1755399609000,sports_ranking_finish_position,contradiction
economic_or_replay,max_trades,3496b04d1407bfa617b8d7e95b3dfc9a,1755403209000,sports_ranking_finish_position,contradiction
economic_or_replay,max_trades,3496b04d1407bfa617b8d7e95b3dfc9a,1755406809000,sports_ranking_finish_position,contradiction
economic_or_replay,max_trades,3496b04d1407bfa617b8d7e95b3dfc9a,1755410409000,sports_ranking_finish_position,contradiction
economic_or_replay,max_trades,3496b04d1407bfa617b8d7e95b3dfc9a,1755414009000,sports_ranking_finish_position,contradiction
economic_or_replay,max_trades,3496b04d1407bfa617b8d7e95b3dfc9a,1755417609000,sports_ranking_finish_position,contradiction
economic_or_replay,max_trades,3496b04d1407bfa617b8d7e95b3dfc9a,1755421209000,sports_ranking_finish_position,contradiction
economic_or_replay,max_trades,3496b04d1407bfa617b8d7e95b3dfc9a,1755424809000,sports_ranking_finish_position,contradiction
economic_or_replay,max_trades,3496b04d1407bfa617b8d7e95b3dfc9a,1755428409000,sports_ranking_finish_position,contradiction
economic_or_replay,max_trades,3496b04d1407bfa617b8d7e95b3dfc9a,1755432009000,sports_ranking_finish_position,contradiction
economic_or_replay,max_trades,3496b04d1407bfa617b8d7e95b3dfc9a,1755435609000,sports_ranking_finish_position,contradiction
economic_or_replay,max_trades,3496b04d1407bfa617b8d7e95b3dfc9a,1755439209000,sports_ranking_finish_position,contradiction
economic_or_replay,max_trades,3496b04d1407bfa617b8d7e95b3dfc9a,1755442809000,sports_ranking_finish_position,contradiction
economic_or_replay,max_trades,3496b04d1407bfa617b8d7e95b3dfc9a,1755446409000,sports_ranking_finish_position,contradiction
economic_or_replay,max_trades,3496b04d1407bfa617b8d7e95b3dfc9a,1755450009000,sports_ranking_finish_position,contradiction
economic_or_replay,max_trades,3496b04d1407bfa617b8d7e95b3dfc9a,1755453609000,sports_ranking_finish_position,contradiction
economic_or_replay,max_trades,3496b04d1407bfa617b8d7e95b3dfc9a,1755457209000,sports_ranking_finish_position,contradiction
economic_or_replay,max_trades,3496b04d1407bfa617b8d7e95b3dfc9a,1755460809000,sports_ranking_finish_position,contradiction
economic_or_replay,max_trades,3496b04d1407bfa617b8d7e95b3dfc9a,1755464409000,sports_ranking_finish_position,contradiction
economic_or_replay,max_trades,3496b04d1407bfa617b8d7e95b3dfc9a,1755468009000,sports_ranking_finish_position,contradiction
economic_or_replay,max_trades,3496b04d1407bfa617b8d7e95b3dfc9a,1755471609000,sports_ranking_finish_position,contradiction
economic_or_replay,max_trades,3496b04d1407bfa617b8d7e95b3dfc9a,1755475209000,sports_ranking_finish_position,contradiction
economic_or_replay,max_trades,3496b04d1407bfa617b8d7e95b3dfc9a,1755478809000,sports_ranking_finish_position,contradiction
economic_or_replay,max_trades,3496b04d1407bfa617b8d7e95b3dfc9a,1755482409000,sports_ranking_finish_position,contradiction
economic_or_replay,max_trades,3496b04d1407bfa617b8d7e95b3dfc9a,1755486009000,sports_ranking_finish_position,contradiction
economic_or_replay,max_trades,3496b04d1407bfa617b8d7e95b3dfc9a,1755489609000,sports_ranking_finish_position,contradiction
economic_or_replay,max_trades,3496b04d1407bfa617b8d7e95b3dfc9a,1755493209000,sports_ranking_finish_position,contradiction
economic_or_replay,max_trades,3496b04d1407bfa617b8d7e95b3dfc9a,1755496809000,sports_ranking_finish_position,contradiction
economic_or_replay,max_trades,3496b04d1407bfa617b8d7e95b3dfc9a,1755500409000,sports_ranking_finish_position,contradiction
economic_or_replay,max_trades,3496b04d1407bfa617b8d7e95b3dfc9a,1755504009000,sports_ranking_finish_position,contradiction
economic_or_replay,max_trades,3496b04d1407bfa617b8d7e95b3dfc9a,1755507609000,sports_ranking_finish_position,contradiction
economic_or_replay,max_trades,3496b04d1407bfa617b8d7e95b3dfc9a,1755511209000,sports_ranking_finish_position,contradiction
economic_or_replay,max_trades,3496b04d1407bfa617b8d7e95b3dfc9a,1755514809000,sports_ranking_finish_position,contradiction
economic_or_replay,max_trades,3496b04d1407bfa617b8d7e95b3dfc9a,1755518409000,sports_ranking_finish_position,contradiction
economic_or_replay,max_trades,3496b04d1407bfa617b8d7e95b3dfc9a,1755522009000,sports_ranking_finish_position,contradiction
economic_or_replay,max_trades,3496b04d1407bfa617b8d7e95b3dfc9a,1755525609000,sports_ranking_finish_position,contradiction
economic_or_replay,max_trades,3496b04d1407bfa617b8d7e95b3dfc9a,1755529209000,sports_ranking_finish_position,contradiction
economic_or_replay,max_trades,3496b04d1407bfa617b8d7e95b3dfc9a,1755532809000,sports_ranking_finish_position,contradiction
economic_or_replay,max_trades,3496b04d1407bfa617b8d7e95b3dfc9a,1755536409000,sports_ranking_finish_position,contradiction
economic_or_replay,max_trades,3496b04d1407bfa617b8d7e95b3dfc9a,1755540009000,sports_ranking_finish_position,contradiction
economic_or_replay,max_trades,3496b04d1407bfa617b8d7e95b3dfc9a,1755543609000,sports_ranking_finish_position,contradiction
economic_or_replay,max_trades,3496b04d1407bfa617b8d7e95b3dfc9a,1755547209000,sports_ranking_finish_position,contradiction
economic_or_replay,max_trades,3496b04d1407bfa617b8d7e95b3dfc9a,1755550809000,sports_ranking_finish_position,contradiction
economic_or_replay,max_trades,3496b04d1407bfa617b8d7e95b3dfc9a,1755554409000,sports_ranking_finish_position,contradiction
economic_or_replay,max_trades,3496b04d1407bfa617b8d7e95b3dfc9a,1755558009000,sports_ranking_finish_position,contradiction
economic_or_replay,max_trades,3496b04d1407bfa617b8d7e95b3dfc9a,1755561609000,sports_ranking_finish_position,contradiction
economic_or_replay,max_trades,3496b04d1407bfa617b8d7e95b3dfc9a,1755565209000,sports_ranking_finish_position,contradiction
economic_or_replay,max_trades,3496b04d1407bfa617b8d7e95b3dfc9a,1755568809000,sports_ranking_finish_position,contradiction
economic_or_replay,max_trades,3496b04d1407bfa617b8d7e95b3dfc9a,1755572409000,sports_ranking_finish_position,contradiction
economic_or_replay,max_trades,3496b04d1407bfa617b8d7e95b3dfc9a,1755576009000,sports_ranking_finish_position,contradiction
economic_or_replay,max_trades,3496b04d1407bfa617b8d7e95b3dfc9a,1755579609000,sports_ranking_finish_position,contradiction
economic_or_replay,max_trades,3496b04d1407bfa617b8d7e95b3dfc9a,1755583209000,sports_ranking_finish_position,contradiction
economic_or_replay,max_trades,3496b04d1407bfa617b8d7e95b3dfc9a,1755586809000,sports_ranking_finish_position,contradiction
economic_or_replay,max_trades,3496b04d1407bfa617b8d7e95b3dfc9a,1755590409000,sports_ranking_finish_position,contradiction
economic_or_replay,max_trades,3496b04d1407bfa617b8d7e95b3dfc9a,1755594009000,sports_ranking_finish_position,contradiction
economic_or_replay,max_trades,3496b04d1407bfa617b8d7e95b3dfc9a,1755597609000,sports_ranking_finish_position,contradiction
economic_or_replay,max_trades,3496b04d1407bfa617b8d7e95b3dfc9a,1755601209000,sports_ranking_finish_position,contradiction
economic_or_replay,max_trades,3496b04d1407bfa617b8d7e95b3dfc9a,1755604809000,sports_ranking_finish_position,contradiction
economic_or_replay,max_trades,3496b04d1407bfa617b8d7e95b3dfc9a,1755608409000,sports_ranking_finish_position,contradiction
economic_or_replay,max_trades,3496b04d1407bfa617b8d7e95b3dfc9a,1755612009000,sports_ranking_finish_position,contradiction
economic_or_replay,max_trades,3496b04d1407bfa617b8d7e95b3dfc9a,1755615609000,sports_ranking_finish_position,contradiction
economic_or_replay,max_trades,3496b04d1407bfa617b8d7e95b3dfc9a,1755619209000,sports_ranking_finish_position,contradiction
economic_or_replay,max_trades,3496b04d1407bfa617b8d7e95b3dfc9a,1755622809000,sports_ranking_finish_position,contradiction
economic_or_replay,max_trades,3496b04d1407bfa617b8d7e95b3dfc9a,1755626409000,sports_ranking_finish_position,contradiction
economic_or_replay,max_trades,3496b04d1407bfa617b8d7e95b3dfc9a,1755630009000,sports_ranking_finish_position,contradiction
economic_or_replay,max_trades,3496b04d1407bfa617b8d7e95b3dfc9a,1755633609000,sports_ranking_finish_position,contradiction
economic_or_replay,max_trades,3496b04d1407bfa617b8d7e95b3dfc9a,1755637209000,sports_ranking_finish_position,contradiction
economic_or_replay,max_trades,3496b04d1407bfa617b8d7e95b3dfc9a,1755640809000,sports_ranking_finish_position,contradiction
economic_or_replay,max_trades,3496b04d1407bfa617b8d7e95b3dfc9a,1755644409000,sports_ranking_finish_position,contradiction
economic_or_replay,max_trades,3496b04d1407bfa617b8d7e95b3dfc9a,1755648009000,sports_ranking_finish_position,contradiction
economic_or_replay,max_trades,3496b04d1407bfa617b8d7e95b3dfc9a,1755651609000,sports_ranking_finish_position,contradiction
economic_or_replay,max_trades,3496b04d1407bfa617b8d7e95b3dfc9a,1755655209000,sports_ranking_finish_position,contradiction
economic_or_replay,max_trades,3496b04d1407bfa617b8d7e95b3dfc9a,1755658809000,sports_ranking_finish_position,contradiction
economic_or_replay,max_trades,3496b04d1407bfa617b8d7e95b3dfc9a,1755662409000,sports_ranking_finish_position,contradiction
economic_or_replay,max_trades,3496b04d1407bfa617b8d7e95b3dfc9a,1755666009000,sports_ranking_finish_position,contradiction
economic_or_replay,max_trades,3496b04d1407bfa617b8d7e95b3dfc9a,1755669609000,sports_ranking_finish_position,contradiction
economic_or_replay,max_trades,3496b04d1407bfa617b8d7e95b3dfc9a,1755673209000,sports_ranking_finish_position,contradiction
economic_or_replay,max_trades,3496b04d1407bfa617b8d7e95b3dfc9a,1755676809000,sports_ranking_finish_position,contradiction
economic_or_replay,max_trades,3496b04d1407bfa617b8d7e95b3dfc9a,1755680409000,sports_ranking_finish_position,contradiction
economic_or_replay,max_trades,3496b04d1407bfa617b8d7e95b3dfc9a,1755684009000,sports_ranking_finish_position,contradiction
economic_or_replay,max_trades,3496b04d1407bfa617b8d7e95b3dfc9a,1755687609000,sports_ranking_finish_position,contradiction
economic_or_replay,max_trades,3496b04d1407bfa617b8d7e95b3dfc9a,1755691209000,sports_ranking_finish_position,contradiction
economic_or_replay,max_trades,3496b04d1407bfa617b8d7e95b3dfc9a,1755694809000,sports_ranking_finish_position,contradiction
economic_or_replay,max_trades,3496b04d1407bfa617b8d7e95b3dfc9a,1755698409000,sports_ranking_finish_position,contradiction
economic_or_replay,max_trades,3496b04d1407bfa617b8d7e95b3dfc9a,1755702009000,sports_ranking_finish_position,contradiction
economic_or_replay,max_trades,3496b04d1407bfa617b8d7e95b3dfc9a,1755705609000,sports_ranking_finish_position,contradiction
economic_or_replay,max_trades,3496b04d1407bfa617b8d7e95b3dfc9a,1755709209000,sports_ranking_finish_position,contradiction
economic_or_replay,max_trades,3496b04d1407bfa617b8d7e95b3dfc9a,1755712809000,sports_ranking_finish_position,contradiction
economic_or_replay,max_trades,3496b04d1407bfa617b8d7e95b3dfc9a,1755716409000,sports_ranking_finish_position,contradiction
economic_or_replay,max_trades,3496b04d1407bfa617b8d7e95b3dfc9a,1755720009000,sports_ranking_finish_position,contradiction
economic_or_replay,max_trades,3496b04d1407bfa617b8d7e95b3dfc9a,1755723609000,sports_ranking_finish_position,contradiction
economic_or_replay,max_trades,3496b04d1407bfa617b8d7e95b3dfc9a,1755727209000,sports_ranking_finish_position,contradiction
economic_or_replay,max_trades,3496b04d1407bfa617b8d7e95b3dfc9a,1755730809000,sports_ranking_finish_position,contradiction
economic_or_replay,max_trades,3496b04d1407bfa617b8d7e95b3dfc9a,1755734409000,sports_ranking_finish_position,contradiction
economic_or_replay,max_trades,3496b04d1407bfa617b8d7e95b3dfc9a,1755738009000,sports_ranking_finish_position,contradiction
economic_or_replay,max_trades,3496b04d1407bfa617b8d7e95b3dfc9a,1755741609000,sports_ranking_finish_position,contradiction
economic_or_replay,max_trades,3496b04d1407bfa617b8d7e95b3dfc9a,1755745209000,sports_ranking_finish_position,contradiction
economic_or_replay,max_trades,3496b04d1407bfa617b8d7e95b3dfc9a,1755748809000,sports_ranking_finish_position,contradiction
economic_or_replay,max_trades,3496b04d1407bfa617b8d7e95b3dfc9a,1755752409000,sports_ranking_finish_position,contradiction
economic_or_replay,max_trades,3496b04d1407bfa617b8d7e95b3dfc9a,1755756009000,sports_ranking_finish_position,contradiction
economic_or_replay,max_trades,3496b04d1407bfa617b8d7e95b3dfc9a,1755759609000,sports_ranking_finish_position,contradiction
economic_or_replay,max_trades,3496b04d1407bfa617b8d7e95b3dfc9a,1755763209000,sports_ranking_finish_position,contradiction
economic_or_replay,max_trades,3496b04d1407bfa617b8d7e95b3dfc9a,1755766809000,sports_ranking_finish_position,contradiction
economic_or_replay,max_trades,3496b04d1407bfa617b8d7e95b3dfc9a,1755770409000,sports_ranking_finish_position,contradiction
economic_or_replay,max_trades,3496b04d1407bfa617b8d7e95b3dfc9a,1755774009000,sports_ranking_finish_position,contradiction
economic_or_replay,max_trades,3496b04d1407bfa617b8d7e95b3dfc9a,1755777609000,sports_ranking_finish_position,contradiction
economic_or_replay,max_trades,3496b04d1407bfa617b8d7e95b3dfc9a,1755781209000,sports_ranking_finish_position,contradiction
economic_or_replay,max_trades,3496b04d1407bfa617b8d7e95b3dfc9a,1755784809000,sports_ranking_finish_position,contradiction
economic_or_replay,max_trades,3496b04d1407bfa617b8d7e95b3dfc9a,1755788409000,sports_ranking_finish_position,contradiction
economic_or_replay,max_trades,3496b04d1407bfa617b8d7e95b3dfc9a,1755792009000,sports_ranking_finish_position,contradiction
economic_or_replay,max_trades,3496b04d1407bfa617b8d7e95b3dfc9a,1755795609000,sports_ranking_finish_position,contradiction
economic_or_replay,max_trades,3496b04d1407bfa617b8d7e95b3dfc9a,1755799209000,sports_ranking_finish_position,contradiction
economic_or_replay,max_trades,3496b04d1407bfa617b8d7e95b3dfc9a,1755802809000,sports_ranking_finish_position,contradiction
economic_or_replay,max_trades,3496b04d1407bfa617b8d7e95b3dfc9a,1755806409000,sports_ranking_finish_position,contradiction
economic_or_replay,max_trades,3496b04d1407bfa617b8d7e95b3dfc9a,1755810009000,sports_ranking_finish_position,contradiction
economic_or_replay,max_trades,3496b04d1407bfa617b8d7e95b3dfc9a,1755813609000,sports_ranking_finish_position,contradiction
economic_or_replay,max_trades,3496b04d1407bfa617b8d7e95b3dfc9a,1755817209000,sports_ranking_finish_position,contradiction
economic_or_replay,max_trades,3496b04d1407bfa617b8d7e95b3dfc9a,1755820809000,sports_ranking_finish_position,contradiction
economic_or_replay,max_trades,3496b04d1407bfa617b8d7e95b3dfc9a,1755824409000,sports_ranking_finish_position,contradiction
economic_or_replay,max_trades,3496b04d1407bfa617b8d7e95b3dfc9a,1755828009000,sports_ranking_finish_position,contradiction
economic_or_replay,max_trades,3496b04d1407bfa617b8d7e95b3dfc9a,1755831609000,sports_ranking_finish_position,contradiction
economic_or_replay,max_trades,3496b04d1407bfa617b8d7e95b3dfc9a,1755835209000,sports_ranking_finish_position,contradiction
economic_or_replay,max_trades,3496b04d1407bfa617b8d7e95b3dfc9a,1755838809000,sports_ranking_finish_position,contradiction
economic_or_replay,max_trades,3496b04d1407bfa617b8d7e95b3dfc9a,1755842409000,sports_ranking_finish_position,contradiction
economic_or_replay,max_trades,3496b04d1407bfa617b8d7e95b3dfc9a,1755846009000,sports_ranking_finish_position,contradiction
economic_or_replay,max_trades,3496b04d1407bfa617b8d7e95b3dfc9a,1755849609000,sports_ranking_finish_position,contradiction
economic_or_replay,max_trades,3496b04d1407bfa617b8d7e95b3dfc9a,1755853209000,sports_ranking_finish_position,contradiction
economic_or_replay,max_trades,3496b04d1407bfa617b8d7e95b3dfc9a,1755856809000,sports_ranking_finish_position,contradiction
economic_or_replay,max_trades,3496b04d1407bfa617b8d7e95b3dfc9a,1755860409000,sports_ranking_finish_position,contradiction
economic_or_replay,max_trades,3496b04d1407bfa617b8d7e95b3dfc9a,1755864009000,sports_ranking_finish_position,contradiction
economic_or_replay,max_trades,3496b04d1407bfa617b8d7e95b3dfc9a,1755867609000,sports_ranking_finish_position,contradiction
economic_or_replay,max_trades,3496b04d1407bfa617b8d7e95b3dfc9a,1755871209000,sports_ranking_finish_position,contradiction
economic_or_replay,max_trades,3496b04d1407bfa617b8d7e95b3dfc9a,1755874809000,sports_ranking_finish_position,contradiction
economic_or_replay,max_trades,3496b04d1407bfa617b8d7e95b3dfc9a,1755878409000,sports_ranking_finish_position,contradiction
economic_or_replay,max_trades,3496b04d1407bfa617b8d7e95b3dfc9a,1755882009000,sports_ranking_finish_position,contradiction
economic_or_replay,max_trades,3496b04d1407bfa617b8d7e95b3dfc9a,1755885609000,sports_ranking_finish_position,contradiction
economic_or_replay,max_trades,3496b04d1407bfa617b8d7e95b3dfc9a,1755889209000,sports_ranking_finish_position,contradiction
economic_or_replay,max_trades,3496b04d1407bfa617b8d7e95b3dfc9a,1755892809000,sports_ranking_finish_position,contradiction
economic_or_replay,max_trades,3496b04d1407bfa617b8d7e95b3dfc9a,1755896409000,sports_ranking_finish_position,contradiction
economic_or_replay,max_trades,3496b04d1407bfa617b8d7e95b3dfc9a,1755900009000,sports_ranking_finish_position,contradiction
economic_or_replay,max_trades,3496b04d1407bfa617b8d7e95b3dfc9a,1755903609000,sports_ranking_finish_position,contradiction
economic_or_replay,max_trades,3496b04d1407bfa617b8d7e95b3dfc9a,1755907209000,sports_ranking_finish_position,contradiction
economic_or_replay,max_trades,3496b04d1407bfa617b8d7e95b3dfc9a,1755910809000,sports_ranking_finish_position,contradiction
economic_or_replay,max_trades,3496b04d1407bfa617b8d7e95b3dfc9a,1755914409000,sports_ranking_finish_position,contradiction
economic_or_replay,max_trades,3496b04d1407bfa617b8d7e95b3dfc9a,1755918009000,sports_ranking_finish_position,contradiction
economic_or_replay,max_trades,3496b04d1407bfa617b8d7e95b3dfc9a,1755921609000,sports_ranking_finish_position,contradiction
economic_or_replay,max_trades,3496b04d1407bfa617b8d7e95b3dfc9a,1755925209000,sports_ranking_finish_position,contradiction
economic_or_replay,max_trades,3496b04d1407bfa617b8d7e95b3dfc9a,1755928809000,sports_ranking_finish_position,contradiction
economic_or_replay,max_trades,3496b04d1407bfa617b8d7e95b3dfc9a,1755932409000,sports_ranking_finish_position,contradiction
economic_or_replay,max_trades,3496b04d1407bfa617b8d7e95b3dfc9a,1755936009000,sports_ranking_finish_position,contradiction
economic_or_replay,max_trades,3496b04d1407bfa617b8d7e95b3dfc9a,1755939609000,sports_ranking_finish_position,contradiction
economic_or_replay,max_trades,3496b04d1407bfa617b8d7e95b3dfc9a,1755943209000,sports_ranking_finish_position,contradiction
economic_or_replay,max_trades,3496b04d1407bfa617b8d7e95b3dfc9a,1755946809000,sports_ranking_finish_position,contradiction
economic_or_replay,max_trades,3496b04d1407bfa617b8d7e95b3dfc9a,1755950409000,sports_ranking_finish_position,contradiction
economic_or_replay,max_trades,3496b04d1407bfa617b8d7e95b3dfc9a,1755954009000,sports_ranking_finish_position,contradiction
economic_or_replay,max_trades,3496b04d1407bfa617b8d7e95b3dfc9a,1755957609000,sports_ranking_finish_position,contradiction
economic_or_replay,max_trades,3496b04d1407bfa617b8d7e95b3dfc9a,1755961209000,sports_ranking_finish_position,contradiction
economic_or_replay,max_trades,3496b04d1407bfa617b8d7e95b3dfc9a,1755964809000,sports_ranking_finish_position,contradiction
economic_or_replay,max_trades,3496b04d1407bfa617b8d7e95b3dfc9a,1755968409000,sports_ranking_finish_position,contradiction
economic_or_replay,max_trades,3496b04d1407bfa617b8d7e95b3dfc9a,1755972009000,sports_ranking_finish_position,contradiction
economic_or_replay,max_trades,3496b04d1407bfa617b8d7e95b3dfc9a,1755975609000,sports_ranking_finish_position,contradiction
economic_or_replay,max_trades,3496b04d1407bfa617b8d7e95b3dfc9a,1755979209000,sports_ranking_finish_position,contradiction
economic_or_replay,max_trades,3496b04d1407bfa617b8d7e95b3dfc9a,1755982809000,sports_ranking_finish_position,contradiction
economic_or_replay,max_trades,3496b04d1407bfa617b8d7e95b3dfc9a,1755986409000,sports_ranking_finish_position,contradiction
economic_or_replay,max_trades,3496b04d1407bfa617b8d7e95b3dfc9a,1755990009000,sports_ranking_finish_position,contradiction
economic_or_replay,max_trades,3496b04d1407bfa617b8d7e95b3dfc9a,1755993609000,sports_ranking_finish_position,contradiction
economic_or_replay,max_trades,3496b04d1407bfa617b8d7e95b3dfc9a,1755997209000,sports_ranking_finish_position,contradiction
economic_or_replay,max_trades,3496b04d1407bfa617b8d7e95b3dfc9a,1756000809000,sports_ranking_finish_position,contradiction
economic_or_replay,max_trades,3496b04d1407bfa617b8d7e95b3dfc9a,1756004409000,sports_ranking_finish_position,contradiction
economic_or_replay,max_trades,3496b04d1407bfa617b8d7e95b3dfc9a,1756008009000,sports_ranking_finish_position,contradiction
economic_or_replay,max_trades,3496b04d1407bfa617b8d7e95b3dfc9a,1756011609000,sports_ranking_finish_position,contradiction
economic_or_replay,max_trades,3496b04d1407bfa617b8d7e95b3dfc9a,1756015209000,sports_ranking_finish_position,contradiction
economic_or_replay,max_trades,3496b04d1407bfa617b8d7e95b3dfc9a,1756018809000,sports_ranking_finish_position,contradiction
economic_or_replay,max_trades,3496b04d1407bfa617b8d7e95b3dfc9a,1756022409000,sports_ranking_finish_position,contradiction
economic_or_replay,max_trades,3496b04d1407bfa617b8d7e95b3dfc9a,1756026009000,sports_ranking_finish_position,contradiction
economic_or_replay,max_trades,3496b04d1407bfa617b8d7e95b3dfc9a,1756029609000,sports_ranking_finish_position,contradiction
economic_or_replay,max_trades,3496b04d1407bfa617b8d7e95b3dfc9a,1756033209000,sports_ranking_finish_position,contradiction
economic_or_replay,max_trades,3496b04d1407bfa617b8d7e95b3dfc9a,1756036809000,sports_ranking_finish_position,contradiction
economic_or_replay,max_trades,3496b04d1407bfa617b8d7e95b3dfc9a,1756040409000,sports_ranking_finish_position,contradiction
economic_or_replay,max_trades,3496b04d1407bfa617b8d7e95b3dfc9a,1756044009000,sports_ranking_finish_position,contradiction
economic_or_replay,max_trades,3496b04d1407bfa617b8d7e95b3dfc9a,1756047609000,sports_ranking_finish_position,contradiction
economic_or_replay,max_trades,3496b04d1407bfa617b8d7e95b3dfc9a,1756051209000,sports_ranking_finish_position,contradiction
economic_or_replay,max_trades,3496b04d1407bfa617b8d7e95b3dfc9a,1756054809000,sports_ranking_finish_position,contradiction
economic_or_replay,max_trades,3496b04d1407bfa617b8d7e95b3dfc9a,1756058409000,sports_ranking_finish_position,contradiction
economic_or_replay,max_trades,3496b04d1407bfa617b8d7e95b3dfc9a,1756062009000,sports_ranking_finish_position,contradiction
economic_or_replay,max_trades,3496b04d1407bfa617b8d7e95b3dfc9a,1756065609000,sports_ranking_finish_position,contradiction
economic_or_replay,max_trades,3496b04d1407bfa617b8d7e95b3dfc9a,1756069209000,sports_ranking_finish_position,contradiction
economic_or_replay,max_trades,3496b04d1407bfa617b8d7e95b3dfc9a,1756072809000,sports_ranking_finish_position,contradiction
economic_or_replay,max_trades,3496b04d1407bfa617b8d7e95b3dfc9a,1756076409000,sports_ranking_finish_position,contradiction
economic_or_replay,max_trades,3496b04d1407bfa617b8d7e95b3dfc9a,1756080009000,sports_ranking_finish_position,contradiction
economic_or_replay,max_trades,3496b04d1407bfa617b8d7e95b3dfc9a,1756083609000,sports_ranking_finish_position,contradiction
economic_or_replay,max_trades,3496b04d1407bfa617b8d7e95b3dfc9a,1756087209000,sports_ranking_finish_position,contradiction
economic_or_replay,max_trades,3496b04d1407bfa617b8d7e95b3dfc9a,1756090809000,sports_ranking_finish_position,contradiction
economic_or_replay,max_trades,3496b04d1407bfa617b8d7e95b3dfc9a,1756094409000,sports_ranking_finish_position,contradiction
economic_or_replay,max_trades,3496b04d1407bfa617b8d7e95b3dfc9a,1756098009000,sports_ranking_finish_position,contradiction
economic_or_replay,max_trades,3496b04d1407bfa617b8d7e95b3dfc9a,1756101609000,sports_ranking_finish_position,contradiction
economic_or_replay,max_trades,3496b04d1407bfa617b8d7e95b3dfc9a,1756105209000,sports_ranking_finish_position,contradiction
economic_or_replay,max_trades,3496b04d1407bfa617b8d7e95b3dfc9a,1756108809000,sports_ranking_finish_position,contradiction
economic_or_replay,max_trades,3496b04d1407bfa617b8d7e95b3dfc9a,1756112409000,sports_ranking_finish_position,contradiction
economic_or_replay,max_trades,3496b04d1407bfa617b8d7e95b3dfc9a,1756116009000,sports_ranking_finish_position,contradiction
economic_or_replay,max_trades,3496b04d1407bfa617b8d7e95b3dfc9a,1756119609000,sports_ranking_finish_position,contradiction
economic_or_replay,max_trades,3496b04d1407bfa617b8d7e95b3dfc9a,1756123209000,sports_ranking_finish_position,contradiction
economic_or_replay,max_trades,3496b04d1407bfa617b8d7e95b3dfc9a,1756126809000,sports_ranking_finish_position,contradiction
economic_or_replay,max_trades,3496b04d1407bfa617b8d7e95b3dfc9a,1756130409000,sports_ranking_finish_position,contradiction
economic_or_replay,max_trades,3496b04d1407bfa617b8d7e95b3dfc9a,1756134009000,sports_ranking_finish_position,contradiction
economic_or_replay,max_trades,3496b04d1407bfa617b8d7e95b3dfc9a,1756137609000,sports_ranking_finish_position,contradiction
economic_or_replay,max_trades,3496b04d1407bfa617b8d7e95b3dfc9a,1756141209000,sports_ranking_finish_position,contradiction
economic_or_replay,max_trades,3496b04d1407bfa617b8d7e95b3dfc9a,1756144809000,sports_ranking_finish_position,contradiction
economic_or_replay,max_trades,3496b04d1407bfa617b8d7e95b3dfc9a,1756148409000,sports_ranking_finish_position,contradiction
economic_or_replay,max_trades,3496b04d1407bfa617b8d7e95b3dfc9a,1756152009000,sports_ranking_finish_position,contradiction
economic_or_replay,max_trades,3496b04d1407bfa617b8d7e95b3dfc9a,1756155609000,sports_ranking_finish_position,contradiction
economic_or_replay,max_trades,3496b04d1407bfa617b8d7e95b3dfc9a,1756159209000,sports_ranking_finish_position,contradiction
economic_or_replay,max_trades,3496b04d1407bfa617b8d7e95b3dfc9a,1756162809000,sports_ranking_finish_position,contradiction
economic_or_replay,max_trades,3496b04d1407bfa617b8d7e95b3dfc9a,1756166409000,sports_ranking_finish_position,contradiction
economic_or_replay,max_trades,3496b04d1407bfa617b8d7e95b3dfc9a,1756170009000,sports_ranking_finish_position,contradiction
economic_or_replay,max_trades,3496b04d1407bfa617b8d7e95b3dfc9a,1756173609000,sports_ranking_finish_position,contradiction
economic_or_replay,max_trades,3496b04d1407bfa617b8d7e95b3dfc9a,1756177209000,sports_ranking_finish_position,contradiction
economic_or_replay,max_trades,3496b04d1407bfa617b8d7e95b3dfc9a,1756180809000,sports_ranking_finish_position,contradiction
economic_or_replay,max_trades,3496b04d1407bfa617b8d7e95b3dfc9a,1756184409000,sports_ranking_finish_position,contradiction
economic_or_replay,max_trades,3496b04d1407bfa617b8d7e95b3dfc9a,1756188009000,sports_ranking_finish_position,contradiction
economic_or_replay,max_trades,3496b04d1407bfa617b8d7e95b3dfc9a,1756191609000,sports_ranking_finish_position,contradiction
economic_or_replay,max_trades,3496b04d1407bfa617b8d7e95b3dfc9a,1756195209000,sports_ranking_finish_position,contradiction
economic_or_replay,max_trades,3496b04d1407bfa617b8d7e95b3dfc9a,1756198809000,sports_ranking_finish_position,contradiction
economic_or_replay,max_trades,3496b04d1407bfa617b8d7e95b3dfc9a,1756202409000,sports_ranking_finish_position,contradiction
economic_or_replay,max_trades,3496b04d1407bfa617b8d7e95b3dfc9a,1756206009000,sports_ranking_finish_position,contradiction
economic_or_replay,max_trades,3496b04d1407bfa617b8d7e95b3dfc9a,1756209609000,sports_ranking_finish_position,contradiction
economic_or_replay,max_trades,3496b04d1407bfa617b8d7e95b3dfc9a,1756213209000,sports_ranking_finish_position,contradiction
economic_or_replay,max_trades,3496b04d1407bfa617b8d7e95b3dfc9a,1756216809000,sports_ranking_finish_position,contradiction
economic_or_replay,max_trades,3496b04d1407bfa617b8d7e95b3dfc9a,1756220409000,sports_ranking_finish_position,contradiction
economic_or_replay,max_trades,3496b04d1407bfa617b8d7e95b3dfc9a,1756224009000,sports_ranking_finish_position,contradiction
economic_or_replay,max_trades,3496b04d1407bfa617b8d7e95b3dfc9a,1756227609000,sports_ranking_finish_position,contradiction
economic_or_replay,max_trades,3496b04d1407bfa617b8d7e95b3dfc9a,1756231209000,sports_ranking_finish_position,contradiction
economic_or_replay,max_trades,3496b04d1407bfa617b8d7e95b3dfc9a,1756234809000,sports_ranking_finish_position,contradiction
economic_or_replay,max_trades,3496b04d1407bfa617b8d7e95b3dfc9a,1756238409000,sports_ranking_finish_position,contradiction
economic_or_replay,max_trades,3496b04d1407bfa617b8d7e95b3dfc9a,1756242009000,sports_ranking_finish_position,contradiction
economic_or_replay,max_trades,3496b04d1407bfa617b8d7e95b3dfc9a,1756245609000,sports_ranking_finish_position,contradiction
economic_or_replay,max_trades,3496b04d1407bfa617b8d7e95b3dfc9a,1756249209000,sports_ranking_finish_position,contradiction
economic_or_replay,max_trades,3496b04d1407bfa617b8d7e95b3dfc9a,1756252809000,sports_ranking_finish_position,contradiction
economic_or_replay,max_trades,3496b04d1407bfa617b8d7e95b3dfc9a,1756256409000,sports_ranking_finish_position,contradiction
economic_or_replay,max_trades,3496b04d1407bfa617b8d7e95b3dfc9a,1756260009000,sports_ranking_finish_position,contradiction
economic_or_replay,max_trades,3496b04d1407bfa617b8d7e95b3dfc9a,1756263609000,sports_ranking_finish_position,contradiction
economic_or_replay,max_trades,3496b04d1407bfa617b8d7e95b3dfc9a,1756267209000,sports_ranking_finish_position,contradiction
economic_or_replay,max_trades,3496b04d1407bfa617b8d7e95b3dfc9a,1756270809000,sports_ranking_finish_position,contradiction
economic_or_replay,max_trades,3496b04d1407bfa617b8d7e95b3dfc9a,1756274409000,sports_ranking_finish_position,contradiction
economic_or_replay,max_trades,3496b04d1407bfa617b8d7e95b3dfc9a,1756278009000,sports_ranking_finish_position,contradiction
economic_or_replay,max_trades,3496b04d1407bfa617b8d7e95b3dfc9a,1756281609000,sports_ranking_finish_position,contradiction
economic_or_replay,max_trades,3496b04d1407bfa617b8d7e95b3dfc9a,1756285209000,sports_ranking_finish_position,contradiction
economic_or_replay,max_trades,3496b04d1407bfa617b8d7e95b3dfc9a,1756288809000,sports_ranking_finish_position,contradiction
economic_or_replay,max_trades,3496b04d1407bfa617b8d7e95b3dfc9a,1756292409000,sports_ranking_finish_position,contradiction
economic_or_replay,max_trades,3496b04d1407bfa617b8d7e95b3dfc9a,1756296009000,sports_ranking_finish_position,contradiction
economic_or_replay,max_trades,3496b04d1407bfa617b8d7e95b3dfc9a,1756299609000,sports_ranking_finish_position,contradiction
economic_or_replay,max_trades,3496b04d1407bfa617b8d7e95b3dfc9a,1756303209000,sports_ranking_finish_position,contradiction
economic_or_replay,max_trades,3496b04d1407bfa617b8d7e95b3dfc9a,1756306809000,sports_ranking_finish_position,contradiction
economic_or_replay,max_trades,3496b04d1407bfa617b8d7e95b3dfc9a,1756310409000,sports_ranking_finish_position,contradiction
economic_or_replay,max_trades,3496b04d1407bfa617b8d7e95b3dfc9a,1756314009000,sports_ranking_finish_position,contradiction
economic_or_replay,max_trades,3496b04d1407bfa617b8d7e95b3dfc9a,1756317609000,sports_ranking_finish_position,contradiction
economic_or_replay,max_trades,3496b04d1407bfa617b8d7e95b3dfc9a,1756321209000,sports_ranking_finish_position,contradiction
economic_or_replay,max_trades,3496b04d1407bfa617b8d7e95b3dfc9a,1756324809000,sports_ranking_finish_position,contradiction
economic_or_replay,max_trades,3496b04d1407bfa617b8d7e95b3dfc9a,1756328409000,sports_ranking_finish_position,contradiction
economic_or_replay,max_trades,3496b04d1407bfa617b8d7e95b3dfc9a,1756332009000,sports_ranking_finish_position,contradiction
economic_or_replay,max_trades,3496b04d1407bfa617b8d7e95b3dfc9a,1756335609000,sports_ranking_finish_position,contradiction
economic_or_replay,max_trades,3496b04d1407bfa617b8d7e95b3dfc9a,1756339209000,sports_ranking_finish_position,contradiction
economic_or_replay,max_trades,3496b04d1407bfa617b8d7e95b3dfc9a,1756342809000,sports_ranking_finish_position,contradiction
economic_or_replay,max_trades,3496b04d1407bfa617b8d7e95b3dfc9a,1756346409000,sports_ranking_finish_position,contradiction
economic_or_replay,max_trades,3496b04d1407bfa617b8d7e95b3dfc9a,1756350009000,sports_ranking_finish_position,contradiction
economic_or_replay,max_trades,3496b04d1407bfa617b8d7e95b3dfc9a,1756353609000,sports_ranking_finish_position,contradiction
economic_or_replay,max_trades,3496b04d1407bfa617b8d7e95b3dfc9a,1756357209000,sports_ranking_finish_position,contradiction
economic_or_replay,max_trades,3496b04d1407bfa617b8d7e95b3dfc9a,1756360809000,sports_ranking_finish_position,contradiction
economic_or_replay,max_trades,3496b04d1407bfa617b8d7e95b3dfc9a,1756364409000,sports_ranking_finish_position,contradiction
economic_or_replay,max_trades,3496b04d1407bfa617b8d7e95b3dfc9a,1756368009000,sports_ranking_finish_position,contradiction
economic_or_replay,max_trades,3496b04d1407bfa617b8d7e95b3dfc9a,1756371609000,sports_ranking_finish_position,contradiction
economic_or_replay,max_trades,3496b04d1407bfa617b8d7e95b3dfc9a,1756375209000,sports_ranking_finish_position,contradiction
economic_or_replay,max_trades,3496b04d1407bfa617b8d7e95b3dfc9a,1756378809000,sports_ranking_finish_position,contradiction
economic_or_replay,max_trades,3496b04d1407bfa617b8d7e95b3dfc9a,1756382409000,sports_ranking_finish_position,contradiction
economic_or_replay,max_trades,3496b04d1407bfa617b8d7e95b3dfc9a,1756386009000,sports_ranking_finish_position,contradiction
economic_or_replay,max_trades,3496b04d1407bfa617b8d7e95b3dfc9a,1756389609000,sports_ranking_finish_position,contradiction
economic_or_replay,max_trades,3496b04d1407bfa617b8d7e95b3dfc9a,1756393209000,sports_ranking_finish_position,contradiction
economic_or_replay,max_trades,3496b04d1407bfa617b8d7e95b3dfc9a,1756396809000,sports_ranking_finish_position,contradiction
economic_or_replay,max_trades,3496b04d1407bfa617b8d7e95b3dfc9a,1756400409000,sports_ranking_finish_position,contradiction
economic_or_replay,max_trades,3496b04d1407bfa617b8d7e95b3dfc9a,1756404009000,sports_ranking_finish_position,contradiction
economic_or_replay,max_trades,3496b04d1407bfa617b8d7e95b3dfc9a,1756407609000,sports_ranking_finish_position,contradiction
economic_or_replay,max_trades,3496b04d1407bfa617b8d7e95b3dfc9a,1756411209000,sports_ranking_finish_position,contradiction
economic_or_replay,max_trades,3496b04d1407bfa617b8d7e95b3dfc9a,1756414809000,sports_ranking_finish_position,contradiction
economic_or_replay,max_trades,3496b04d1407bfa617b8d7e95b3dfc9a,1756418409000,sports_ranking_finish_position,contradiction
economic_or_replay,max_trades,3496b04d1407bfa617b8d7e95b3dfc9a,1756422009000,sports_ranking_finish_position,contradiction
economic_or_replay,max_trades,3496b04d1407bfa617b8d7e95b3dfc9a,1756425609000,sports_ranking_finish_position,contradiction
economic_or_replay,max_trades,3496b04d1407bfa617b8d7e95b3dfc9a,1756429209000,sports_ranking_finish_position,contradiction
economic_or_replay,max_trades,3496b04d1407bfa617b8d7e95b3dfc9a,1756432809000,sports_ranking_finish_position,contradiction
economic_or_replay,max_trades,3496b04d1407bfa617b8d7e95b3dfc9a,1756436409000,sports_ranking_finish_position,contradiction
economic_or_replay,max_trades,3496b04d1407bfa617b8d7e95b3dfc9a,1756440009000,sports_ranking_finish_position,contradiction
economic_or_replay,max_trades,3496b04d1407bfa617b8d7e95b3dfc9a,1756443609000,sports_ranking_finish_position,contradiction
economic_or_replay,max_trades,3496b04d1407bfa617b8d7e95b3dfc9a,1756447209000,sports_ranking_finish_position,contradiction
economic_or_replay,max_trades,3496b04d1407bfa617b8d7e95b3dfc9a,1756450809000,sports_ranking_finish_position,contradiction
economic_or_replay,max_trades,3496b04d1407bfa617b8d7e95b3dfc9a,1756454409000,sports_ranking_finish_position,contradiction
economic_or_replay,max_trades,3496b04d1407bfa617b8d7e95b3dfc9a,1756458009000,sports_ranking_finish_position,contradiction
economic_or_replay,max_trades,3496b04d1407bfa617b8d7e95b3dfc9a,1756461609000,sports_ranking_finish_position,contradiction
economic_or_replay,max_trades,3496b04d1407bfa617b8d7e95b3dfc9a,1756465209000,sports_ranking_finish_position,contradiction
economic_or_replay,max_trades,3496b04d1407bfa617b8d7e95b3dfc9a,1756468809000,sports_ranking_finish_position,contradiction
economic_or_replay,max_trades,3496b04d1407bfa617b8d7e95b3dfc9a,1756472409000,sports_ranking_finish_position,contradiction
economic_or_replay,max_trades,3496b04d1407bfa617b8d7e95b3dfc9a,1756476009000,sports_ranking_finish_position,contradiction
economic_or_replay,max_trades,3496b04d1407bfa617b8d7e95b3dfc9a,1756479609000,sports_ranking_finish_position,contradiction
economic_or_replay,max_trades,3496b04d1407bfa617b8d7e95b3dfc9a,1756483209000,sports_ranking_finish_position,contradiction
economic_or_replay,max_trades,3496b04d1407bfa617b8d7e95b3dfc9a,1756486809000,sports_ranking_finish_position,contradiction
economic_or_replay,max_trades,3496b04d1407bfa617b8d7e95b3dfc9a,1756490409000,sports_ranking_finish_position,contradiction
economic_or_replay,max_trades,3496b04d1407bfa617b8d7e95b3dfc9a,1756494009000,sports_ranking_finish_position,contradiction
economic_or_replay,max_trades,3496b04d1407bfa617b8d7e95b3dfc9a,1756497609000,sports_ranking_finish_position,contradiction
economic_or_replay,max_trades,3496b04d1407bfa617b8d7e95b3dfc9a,1756501209000,sports_ranking_finish_position,contradiction
economic_or_replay,max_trades,3496b04d1407bfa617b8d7e95b3dfc9a,1756504809000,sports_ranking_finish_position,contradiction
economic_or_replay,max_trades,3496b04d1407bfa617b8d7e95b3dfc9a,1756508409000,sports_ranking_finish_position,contradiction
economic_or_replay,max_trades,3496b04d1407bfa617b8d7e95b3dfc9a,1756512009000,sports_ranking_finish_position,contradiction
economic_or_replay,max_trades,3496b04d1407bfa617b8d7e95b3dfc9a,1756515609000,sports_ranking_finish_position,contradiction
economic_or_replay,max_trades,3496b04d1407bfa617b8d7e95b3dfc9a,1756519209000,sports_ranking_finish_position,contradiction
economic_or_replay,max_trades,3496b04d1407bfa617b8d7e95b3dfc9a,1756522809000,sports_ranking_finish_position,contradiction
economic_or_replay,max_trades,3496b04d1407bfa617b8d7e95b3dfc9a,1756526409000,sports_ranking_finish_position,contradiction
economic_or_replay,max_trades,3496b04d1407bfa617b8d7e95b3dfc9a,1756530009000,sports_ranking_finish_position,contradiction
economic_or_replay,max_trades,3496b04d1407bfa617b8d7e95b3dfc9a,1756533609000,sports_ranking_finish_position,contradiction
economic_or_replay,max_trades,3496b04d1407bfa617b8d7e95b3dfc9a,1756537209000,sports_ranking_finish_position,contradiction
economic_or_replay,max_trades,3496b04d1407bfa617b8d7e95b3dfc9a,1756540809000,sports_ranking_finish_position,contradiction
economic_or_replay,max_trades,3496b04d1407bfa617b8d7e95b3dfc9a,1756544409000,sports_ranking_finish_position,contradiction
economic_or_replay,max_trades,3496b04d1407bfa617b8d7e95b3dfc9a,1756548009000,sports_ranking_finish_position,contradiction
economic_or_replay,max_trades,3496b04d1407bfa617b8d7e95b3dfc9a,1756551609000,sports_ranking_finish_position,contradiction
economic_or_replay,max_trades,3496b04d1407bfa617b8d7e95b3dfc9a,1756555209000,sports_ranking_finish_position,contradiction
economic_or_replay,max_trades,3496b04d1407bfa617b8d7e95b3dfc9a,1756558809000,sports_ranking_finish_position,contradiction
economic_or_replay,max_trades,3496b04d1407bfa617b8d7e95b3dfc9a,1756562409000,sports_ranking_finish_position,contradiction
economic_or_replay,max_trades,3496b04d1407bfa617b8d7e95b3dfc9a,1756566009000,sports_ranking_finish_position,contradiction
economic_or_replay,max_trades,3496b04d1407bfa617b8d7e95b3dfc9a,1756569609000,sports_ranking_finish_position,contradiction
economic_or_replay,max_trades,3496b04d1407bfa617b8d7e95b3dfc9a,1756573209000,sports_ranking_finish_position,contradiction
economic_or_replay,max_trades,3496b04d1407bfa617b8d7e95b3dfc9a,1756576809000,sports_ranking_finish_position,contradiction
economic_or_replay,max_trades,3496b04d1407bfa617b8d7e95b3dfc9a,1756580409000,sports_ranking_finish_position,contradiction
economic_or_replay,max_trades,3496b04d1407bfa617b8d7e95b3dfc9a,1756584009000,sports_ranking_finish_position,contradiction
economic_or_replay,max_trades,3496b04d1407bfa617b8d7e95b3dfc9a,1756587609000,sports_ranking_finish_position,contradiction
economic_or_replay,max_trades,3496b04d1407bfa617b8d7e95b3dfc9a,1756591209000,sports_ranking_finish_position,contradiction
economic_or_replay,max_trades,3496b04d1407bfa617b8d7e95b3dfc9a,1756594809000,sports_ranking_finish_position,contradiction
economic_or_replay,max_trades,3496b04d1407bfa617b8d7e95b3dfc9a,1756598409000,sports_ranking_finish_position,contradiction
economic_or_replay,max_trades,3496b04d1407bfa617b8d7e95b3dfc9a,1756602009000,sports_ranking_finish_position,contradiction
economic_or_replay,max_trades,3496b04d1407bfa617b8d7e95b3dfc9a,1756605609000,sports_ranking_finish_position,contradiction
economic_or_replay,max_trades,3496b04d1407bfa617b8d7e95b3dfc9a,1756609209000,sports_ranking_finish_position,contradiction
economic_or_replay,max_trades,3496b04d1407bfa617b8d7e95b3dfc9a,1756612809000,sports_ranking_finish_position,contradiction
economic_or_replay,max_trades,3496b04d1407bfa617b8d7e95b3dfc9a,1756616409000,sports_ranking_finish_position,contradiction
economic_or_replay,max_trades,3496b04d1407bfa617b8d7e95b3dfc9a,1756620009000,sports_ranking_finish_position,contradiction
economic_or_replay,max_trades,3496b04d1407bfa617b8d7e95b3dfc9a,1756623609000,sports_ranking_finish_position,contradiction
economic_or_replay,max_trades,3496b04d1407bfa617b8d7e95b3dfc9a,1756627209000,sports_ranking_finish_position,contradiction
economic_or_replay,max_trades,3496b04d1407bfa617b8d7e95b3dfc9a,1756630809000,sports_ranking_finish_position,contradiction
economic_or_replay,max_trades,3496b04d1407bfa617b8d7e95b3dfc9a,1756634409000,sports_ranking_finish_position,contradiction
economic_or_replay,max_trades,3496b04d1407bfa617b8d7e95b3dfc9a,1756638009000,sports_ranking_finish_position,contradiction
economic_or_replay,max_trades,3496b04d1407bfa617b8d7e95b3dfc9a,1756641609000,sports_ranking_finish_position,contradiction
economic_or_replay,max_trades,3496b04d1407bfa617b8d7e95b3dfc9a,1756645209000,sports_ranking_finish_position,contradiction
economic_or_replay,max_trades,3496b04d1407bfa617b8d7e95b3dfc9a,1756648809000,sports_ranking_finish_position,contradiction
economic_or_replay,max_trades,3496b04d1407bfa617b8d7e95b3dfc9a,1756652409000,sports_ranking_finish_position,contradiction
economic_or_replay,max_trades,3496b04d1407bfa617b8d7e95b3dfc9a,1756656009000,sports_ranking_finish_position,contradiction
economic_or_replay,max_trades,3496b04d1407bfa617b8d7e95b3dfc9a,1756659609000,sports_ranking_finish_position,contradiction
economic_or_replay,max_trades,3496b04d1407bfa617b8d7e95b3dfc9a,1756663209000,sports_ranking_finish_position,contradiction
economic_or_replay,max_trades,3496b04d1407bfa617b8d7e95b3dfc9a,1756666809000,sports_ranking_finish_position,contradiction
economic_or_replay,max_trades,3496b04d1407bfa617b8d7e95b3dfc9a,1756670409000,sports_ranking_finish_position,contradiction
economic_or_replay,max_trades,3496b04d1407bfa617b8d7e95b3dfc9a,1756674009000,sports_ranking_finish_position,contradiction
economic_or_replay,max_trades,3496b04d1407bfa617b8d7e95b3dfc9a,1756677609000,sports_ranking_finish_position,contradiction
economic_or_replay,max_trades,3496b04d1407bfa617b8d7e95b3dfc9a,1756681209000,sports_ranking_finish_position,contradiction
economic_or_replay,max_trades,3496b04d1407bfa617b8d7e95b3dfc9a,1756684809000,sports_ranking_finish_position,contradiction
economic_or_replay,max_trades,3496b04d1407bfa617b8d7e95b3dfc9a,1756688409000,sports_ranking_finish_position,contradiction
economic_or_replay,max_trades,3496b04d1407bfa617b8d7e95b3dfc9a,1756692009000,sports_ranking_finish_position,contradiction
economic_or_replay,max_trades,3496b04d1407bfa617b8d7e95b3dfc9a,1756695609000,sports_ranking_finish_position,contradiction
economic_or_replay,max_trades,3496b04d1407bfa617b8d7e95b3dfc9a,1756699209000,sports_ranking_finish_position,contradiction
economic_or_replay,max_trades,3496b04d1407bfa617b8d7e95b3dfc9a,1756702809000,sports_ranking_finish_position,contradiction
economic_or_replay,max_trades,3496b04d1407bfa617b8d7e95b3dfc9a,1756706409000,sports_ranking_finish_position,contradiction
economic_or_replay,max_trades,3496b04d1407bfa617b8d7e95b3dfc9a,1756710009000,sports_ranking_finish_position,contradiction
economic_or_replay,max_trades,3496b04d1407bfa617b8d7e95b3dfc9a,1756713609000,sports_ranking_finish_position,contradiction
economic_or_replay,max_trades,3496b04d1407bfa617b8d7e95b3dfc9a,1756717209000,sports_ranking_finish_position,contradiction
economic_or_replay,max_trades,3496b04d1407bfa617b8d7e95b3dfc9a,1756720809000,sports_ranking_finish_position,contradiction
economic_or_replay,max_trades,3496b04d1407bfa617b8d7e95b3dfc9a,1756724409000,sports_ranking_finish_position,contradiction
economic_or_replay,max_trades,3496b04d1407bfa617b8d7e95b3dfc9a,1756728009000,sports_ranking_finish_position,contradiction
economic_or_replay,max_trades,3496b04d1407bfa617b8d7e95b3dfc9a,1756731609000,sports_ranking_finish_position,contradiction
economic_or_replay,max_trades,3496b04d1407bfa617b8d7e95b3dfc9a,1756735209000,sports_ranking_finish_position,contradiction
economic_or_replay,max_trades,3496b04d1407bfa617b8d7e95b3dfc9a,1756738809000,sports_ranking_finish_position,contradiction
economic_or_replay,max_trades,3496b04d1407bfa617b8d7e95b3dfc9a,1756742409000,sports_ranking_finish_position,contradiction
economic_or_replay,max_trades,3496b04d1407bfa617b8d7e95b3dfc9a,1756746009000,sports_ranking_finish_position,contradiction
economic_or_replay,max_trades,3496b04d1407bfa617b8d7e95b3dfc9a,1756749609000,sports_ranking_finish_position,contradiction
economic_or_replay,max_trades,3496b04d1407bfa617b8d7e95b3dfc9a,1756753209000,sports_ranking_finish_position,contradiction
economic_or_replay,max_trades,3496b04d1407bfa617b8d7e95b3dfc9a,1756756809000,sports_ranking_finish_position,contradiction
economic_or_replay,max_trades,3496b04d1407bfa617b8d7e95b3dfc9a,1756760409000,sports_ranking_finish_position,contradiction
economic_or_replay,max_trades,3496b04d1407bfa617b8d7e95b3dfc9a,1756764009000,sports_ranking_finish_position,contradiction
economic_or_replay,max_trades,3496b04d1407bfa617b8d7e95b3dfc9a,1756767609000,sports_ranking_finish_position,contradiction
economic_or_replay,max_trades,3496b04d1407bfa617b8d7e95b3dfc9a,1756771209000,sports_ranking_finish_position,contradiction
economic_or_replay,max_trades,3496b04d1407bfa617b8d7e95b3dfc9a,1756774809000,sports_ranking_finish_position,contradiction
economic_or_replay,max_trades,3496b04d1407bfa617b8d7e95b3dfc9a,1756778409000,sports_ranking_finish_position,contradiction
economic_or_replay,max_trades,3496b04d1407bfa617b8d7e95b3dfc9a,1756782009000,sports_ranking_finish_position,contradiction
economic_or_replay,max_trades,3496b04d1407bfa617b8d7e95b3dfc9a,1756785609000,sports_ranking_finish_position,contradiction
economic_or_replay,max_trades,3496b04d1407bfa617b8d7e95b3dfc9a,1756789209000,sports_ranking_finish_position,contradiction
economic_or_replay,max_trades,3496b04d1407bfa617b8d7e95b3dfc9a,1756792809000,sports_ranking_finish_position,contradiction
economic_or_replay,max_trades,3496b04d1407bfa617b8d7e95b3dfc9a,1756796409000,sports_ranking_finish_position,contradiction
economic_or_replay,max_trades,3496b04d1407bfa617b8d7e95b3dfc9a,1756800009000,sports_ranking_finish_position,contradiction
economic_or_replay,max_trades,3496b04d1407bfa617b8d7e95b3dfc9a,1756803609000,sports_ranking_finish_position,contradiction
economic_or_replay,max_trades,3496b04d1407bfa617b8d7e95b3dfc9a,1756807209000,sports_ranking_finish_position,contradiction
economic_or_replay,max_trades,3496b04d1407bfa617b8d7e95b3dfc9a,1756810809000,sports_ranking_finish_position,contradiction
economic_or_replay,max_trades,3496b04d1407bfa617b8d7e95b3dfc9a,1756814409000,sports_ranking_finish_position,contradiction
economic_or_replay,max_trades,3496b04d1407bfa617b8d7e95b3dfc9a,1756818009000,sports_ranking_finish_position,contradiction
economic_or_replay,max_trades,3496b04d1407bfa617b8d7e95b3dfc9a,1756821609000,sports_ranking_finish_position,contradiction
economic_or_replay,max_trades,3496b04d1407bfa617b8d7e95b3dfc9a,1756825209000,sports_ranking_finish_position,contradiction
economic_or_replay,max_trades,3496b04d1407bfa617b8d7e95b3dfc9a,1756828809000,sports_ranking_finish_position,contradiction
economic_or_replay,max_trades,3496b04d1407bfa617b8d7e95b3dfc9a,1756832409000,sports_ranking_finish_position,contradiction
economic_or_replay,max_trades,3496b04d1407bfa617b8d7e95b3dfc9a,1756836009000,sports_ranking_finish_position,contradiction
economic_or_replay,max_trades,3496b04d1407bfa617b8d7e95b3dfc9a,1756839609000,sports_ranking_finish_position,contradiction
economic_or_replay,max_trades,3496b04d1407bfa617b8d7e95b3dfc9a,1756843209000,sports_ranking_finish_position,contradiction
economic_or_replay,max_trades,3496b04d1407bfa617b8d7e95b3dfc9a,1756846809000,sports_ranking_finish_position,contradiction
economic_or_replay,max_trades,3496b04d1407bfa617b8d7e95b3dfc9a,1756850409000,sports_ranking_finish_position,contradiction
economic_or_replay,max_trades,3496b04d1407bfa617b8d7e95b3dfc9a,1756854009000,sports_ranking_finish_position,contradiction
economic_or_replay,max_trades,3496b04d1407bfa617b8d7e95b3dfc9a,1756857609000,sports_ranking_finish_position,contradiction
economic_or_replay,max_trades,3496b04d1407bfa617b8d7e95b3dfc9a,1756861209000,sports_ranking_finish_position,contradiction
economic_or_replay,max_trades,3496b04d1407bfa617b8d7e95b3dfc9a,1756864809000,sports_ranking_finish_position,contradiction
economic_or_replay,max_trades,3496b04d1407bfa617b8d7e95b3dfc9a,1756868409000,sports_ranking_finish_position,contradiction
economic_or_replay,max_trades,3496b04d1407bfa617b8d7e95b3dfc9a,1756872009000,sports_ranking_finish_position,contradiction
economic_or_replay,max_trades,3496b04d1407bfa617b8d7e95b3dfc9a,1756875609000,sports_ranking_finish_position,contradiction
economic_or_replay,max_trades,3496b04d1407bfa617b8d7e95b3dfc9a,1756879209000,sports_ranking_finish_position,contradiction
economic_or_replay,max_trades,3496b04d1407bfa617b8d7e95b3dfc9a,1756882809000,sports_ranking_finish_position,contradiction
economic_or_replay,max_trades,3496b04d1407bfa617b8d7e95b3dfc9a,1756886409000,sports_ranking_finish_position,contradiction
economic_or_replay,max_trades,3496b04d1407bfa617b8d7e95b3dfc9a,1756890009000,sports_ranking_finish_position,contradiction
economic_or_replay,max_trades,3496b04d1407bfa617b8d7e95b3dfc9a,1756893609000,sports_ranking_finish_position,contradiction
economic_or_replay,max_trades,3496b04d1407bfa617b8d7e95b3dfc9a,1756897209000,sports_ranking_finish_position,contradiction
economic_or_replay,max_trades,3496b04d1407bfa617b8d7e95b3dfc9a,1756900809000,sports_ranking_finish_position,contradiction
economic_or_replay,max_trades,3496b04d1407bfa617b8d7e95b3dfc9a,1756904409000,sports_ranking_finish_position,contradiction
economic_or_replay,max_trades,3496b04d1407bfa617b8d7e95b3dfc9a,1756908009000,sports_ranking_finish_position,contradiction
economic_or_replay,max_trades,3496b04d1407bfa617b8d7e95b3dfc9a,1756911609000,sports_ranking_finish_position,contradiction
economic_or_replay,max_trades,3496b04d1407bfa617b8d7e95b3dfc9a,1756915209000,sports_ranking_finish_position,contradiction
economic_or_replay,max_trades,3496b04d1407bfa617b8d7e95b3dfc9a,1756918809000,sports_ranking_finish_position,contradiction
economic_or_replay,max_trades,3496b04d1407bfa617b8d7e95b3dfc9a,1756922409000,sports_ranking_finish_position,contradiction
economic_or_replay,max_trades,3496b04d1407bfa617b8d7e95b3dfc9a,1756926009000,sports_ranking_finish_position,contradiction
economic_or_replay,max_trades,3496b04d1407bfa617b8d7e95b3dfc9a,1756929609000,sports_ranking_finish_position,contradiction
economic_or_replay,max_trades,3496b04d1407bfa617b8d7e95b3dfc9a,1756933209000,sports_ranking_finish_position,contradiction
economic_or_replay,max_trades,3496b04d1407bfa617b8d7e95b3dfc9a,1756936809000,sports_ranking_finish_position,contradiction
economic_or_replay,max_trades,3496b04d1407bfa617b8d7e95b3dfc9a,1756940409000,sports_ranking_finish_position,contradiction
economic_or_replay,max_trades,3496b04d1407bfa617b8d7e95b3dfc9a,1756944009000,sports_ranking_finish_position,contradiction
economic_or_replay,max_trades,3496b04d1407bfa617b8d7e95b3dfc9a,1756947609000,sports_ranking_finish_position,contradiction
economic_or_replay,max_trades,3496b04d1407bfa617b8d7e95b3dfc9a,1756951209000,sports_ranking_finish_position,contradiction
economic_or_replay,max_trades,3496b04d1407bfa617b8d7e95b3dfc9a,1756954809000,sports_ranking_finish_position,contradiction
economic_or_replay,max_trades,3496b04d1407bfa617b8d7e95b3dfc9a,1756958409000,sports_ranking_finish_position,contradiction
economic_or_replay,max_trades,3496b04d1407bfa617b8d7e95b3dfc9a,1756962009000,sports_ranking_finish_position,contradiction
economic_or_replay,max_trades,3496b04d1407bfa617b8d7e95b3dfc9a,1756965609000,sports_ranking_finish_position,contradiction
economic_or_replay,max_trades,3496b04d1407bfa617b8d7e95b3dfc9a,1756969209000,sports_ranking_finish_position,contradiction
economic_or_replay,max_trades,3496b04d1407bfa617b8d7e95b3dfc9a,1756972809000,sports_ranking_finish_position,contradiction
economic_or_replay,max_trades,3496b04d1407bfa617b8d7e95b3dfc9a,1756976409000,sports_ranking_finish_position,contradiction
economic_or_replay,max_trades,3496b04d1407bfa617b8d7e95b3dfc9a,1756980009000,sports_ranking_finish_position,contradiction
economic_or_replay,max_trades,3496b04d1407bfa617b8d7e95b3dfc9a,1756983609000,sports_ranking_finish_position,contradiction
economic_or_replay,max_trades,3496b04d1407bfa617b8d7e95b3dfc9a,1756987209000,sports_ranking_finish_position,contradiction
economic_or_replay,max_trades,3496b04d1407bfa617b8d7e95b3dfc9a,1756990809000,sports_ranking_finish_position,contradiction
economic_or_replay,max_trades,3496b04d1407bfa617b8d7e95b3dfc9a,1756994409000,sports_ranking_finish_position,contradiction
economic_or_replay,max_trades,3496b04d1407bfa617b8d7e95b3dfc9a,1756998009000,sports_ranking_finish_position,contradiction
economic_or_replay,max_trades,3496b04d1407bfa617b8d7e95b3dfc9a,1757001609000,sports_ranking_finish_position,contradiction
economic_or_replay,max_trades,3496b04d1407bfa617b8d7e95b3dfc9a,1757005209000,sports_ranking_finish_position,contradiction
economic_or_replay,max_trades,3496b04d1407bfa617b8d7e95b3dfc9a,1757008809000,sports_ranking_finish_position,contradiction
economic_or_replay,max_trades,3496b04d1407bfa617b8d7e95b3dfc9a,1757012409000,sports_ranking_finish_position,contradiction
economic_or_replay,max_trades,3496b04d1407bfa617b8d7e95b3dfc9a,1757016009000,sports_ranking_finish_position,contradiction
economic_or_replay,max_trades,3496b04d1407bfa617b8d7e95b3dfc9a,1757019609000,sports_ranking_finish_position,contradiction
economic_or_replay,max_trades,3496b04d1407bfa617b8d7e95b3dfc9a,1757023209000,sports_ranking_finish_position,contradiction
economic_or_replay,max_trades,3496b04d1407bfa617b8d7e95b3dfc9a,1757026809000,sports_ranking_finish_position,contradiction
economic_or_replay,max_trades,3496b04d1407bfa617b8d7e95b3dfc9a,1757030409000,sports_ranking_finish_position,contradiction
economic_or_replay,max_trades,3496b04d1407bfa617b8d7e95b3dfc9a,1757034009000,sports_ranking_finish_position,contradiction
economic_or_replay,max_trades,3496b04d1407bfa617b8d7e95b3dfc9a,1757037609000,sports_ranking_finish_position,contradiction
economic_or_replay,max_trades,3496b04d1407bfa617b8d7e95b3dfc9a,1757041209000,sports_ranking_finish_position,contradiction
economic_or_replay,max_trades,3496b04d1407bfa617b8d7e95b3dfc9a,1757044809000,sports_ranking_finish_position,contradiction
economic_or_replay,max_trades,3496b04d1407bfa617b8d7e95b3dfc9a,1757048409000,sports_ranking_finish_position,contradiction
economic_or_replay,max_trades,3496b04d1407bfa617b8d7e95b3dfc9a,1757052009000,sports_ranking_finish_position,contradiction
economic_or_replay,max_trades,3496b04d1407bfa617b8d7e95b3dfc9a,1757055609000,sports_ranking_finish_position,contradiction
economic_or_replay,max_trades,3496b04d1407bfa617b8d7e95b3dfc9a,1757059209000,sports_ranking_finish_position,contradiction
economic_or_replay,max_trades,3496b04d1407bfa617b8d7e95b3dfc9a,1757062809000,sports_ranking_finish_position,contradiction
economic_or_replay,max_trades,3496b04d1407bfa617b8d7e95b3dfc9a,1757066409000,sports_ranking_finish_position,contradiction
economic_or_replay,max_trades,3496b04d1407bfa617b8d7e95b3dfc9a,1757070009000,sports_ranking_finish_position,contradiction
economic_or_replay,max_trades,3496b04d1407bfa617b8d7e95b3dfc9a,1757073609000,sports_ranking_finish_position,contradiction
economic_or_replay,max_trades,3496b04d1407bfa617b8d7e95b3dfc9a,1757077209000,sports_ranking_finish_position,contradiction
economic_or_replay,max_trades,3496b04d1407bfa617b8d7e95b3dfc9a,1757080809000,sports_ranking_finish_position,contradiction
economic_or_replay,max_trades,3496b04d1407bfa617b8d7e95b3dfc9a,1757084409000,sports_ranking_finish_position,contradiction
economic_or_replay,max_trades,3496b04d1407bfa617b8d7e95b3dfc9a,1757088009000,sports_ranking_finish_position,contradiction
economic_or_replay,max_trades,3496b04d1407bfa617b8d7e95b3dfc9a,1757091609000,sports_ranking_finish_position,contradiction
economic_or_replay,max_trades,3496b04d1407bfa617b8d7e95b3dfc9a,1757095209000,sports_ranking_finish_position,contradiction
economic_or_replay,max_trades,3496b04d1407bfa617b8d7e95b3dfc9a,1757098809000,sports_ranking_finish_position,contradiction
economic_or_replay,max_trades,3496b04d1407bfa617b8d7e95b3dfc9a,1757102409000,sports_ranking_finish_position,contradiction
economic_or_replay,max_trades,3496b04d1407bfa617b8d7e95b3dfc9a,1757106009000,sports_ranking_finish_position,contradiction
economic_or_replay,max_trades,3496b04d1407bfa617b8d7e95b3dfc9a,1757109609000,sports_ranking_finish_position,contradiction
economic_or_replay,max_trades,3496b04d1407bfa617b8d7e95b3dfc9a,1757113209000,sports_ranking_finish_position,contradiction
economic_or_replay,max_trades,3496b04d1407bfa617b8d7e95b3dfc9a,1757116809000,sports_ranking_finish_position,contradiction
economic_or_replay,max_trades,3496b04d1407bfa617b8d7e95b3dfc9a,1757120409000,sports_ranking_finish_position,contradiction
economic_or_replay,max_trades,3496b04d1407bfa617b8d7e95b3dfc9a,1757124009000,sports_ranking_finish_position,contradiction
economic_or_replay,max_trades,3496b04d1407bfa617b8d7e95b3dfc9a,1757127609000,sports_ranking_finish_position,contradiction
economic_or_replay,max_trades,3496b04d1407bfa617b8d7e95b3dfc9a,1757131209000,sports_ranking_finish_position,contradiction
economic_or_replay,max_trades,3496b04d1407bfa617b8d7e95b3dfc9a,1757134809000,sports_ranking_finish_position,contradiction
economic_or_replay,max_trades,3496b04d1407bfa617b8d7e95b3dfc9a,1757138409000,sports_ranking_finish_position,contradiction
economic_or_replay,max_trades,3496b04d1407bfa617b8d7e95b3dfc9a,1757142009000,sports_ranking_finish_position,contradiction
economic_or_replay,max_trades,3496b04d1407bfa617b8d7e95b3dfc9a,1757145609000,sports_ranking_finish_position,contradiction
economic_or_replay,max_trades,3496b04d1407bfa617b8d7e95b3dfc9a,1757149209000,sports_ranking_finish_position,contradiction
economic_or_replay,max_trades,3496b04d1407bfa617b8d7e95b3dfc9a,1757152809000,sports_ranking_finish_position,contradiction
economic_or_replay,max_trades,3496b04d1407bfa617b8d7e95b3dfc9a,1757156409000,sports_ranking_finish_position,contradiction
economic_or_replay,max_trades,3496b04d1407bfa617b8d7e95b3dfc9a,1757160009000,sports_ranking_finish_position,contradiction
economic_or_replay,max_trades,3496b04d1407bfa617b8d7e95b3dfc9a,1757163609000,sports_ranking_finish_position,contradiction
economic_or_replay,max_trades,3496b04d1407bfa617b8d7e95b3dfc9a,1757167209000,sports_ranking_finish_position,contradiction
economic_or_replay,max_trades,3496b04d1407bfa617b8d7e95b3dfc9a,1757170809000,sports_ranking_finish_position,contradiction
economic_or_replay,max_trades,3496b04d1407bfa617b8d7e95b3dfc9a,1757174409000,sports_ranking_finish_position,contradiction
economic_or_replay,max_trades,3496b04d1407bfa617b8d7e95b3dfc9a,1757178009000,sports_ranking_finish_position,contradiction
economic_or_replay,max_trades,3496b04d1407bfa617b8d7e95b3dfc9a,1757181609000,sports_ranking_finish_position,contradiction
economic_or_replay,max_trades,3496b04d1407bfa617b8d7e95b3dfc9a,1757185209000,sports_ranking_finish_position,contradiction
economic_or_replay,max_trades,3496b04d1407bfa617b8d7e95b3dfc9a,1757188809000,sports_ranking_finish_position,contradiction
economic_or_replay,max_trades,3496b04d1407bfa617b8d7e95b3dfc9a,1757192409000,sports_ranking_finish_position,contradiction
economic_or_replay,max_trades,3496b04d1407bfa617b8d7e95b3dfc9a,1757196009000,sports_ranking_finish_position,contradiction
economic_or_replay,max_trades,3496b04d1407bfa617b8d7e95b3dfc9a,1757199609000,sports_ranking_finish_position,contradiction
economic_or_replay,max_trades,3496b04d1407bfa617b8d7e95b3dfc9a,1757203209000,sports_ranking_finish_position,contradiction
economic_or_replay,max_trades,3496b04d1407bfa617b8d7e95b3dfc9a,1757206809000,sports_ranking_finish_position,contradiction
economic_or_replay,max_trades,3496b04d1407bfa617b8d7e95b3dfc9a,1757210409000,sports_ranking_finish_position,contradiction
economic_or_replay,max_trades,3496b04d1407bfa617b8d7e95b3dfc9a,1757214009000,sports_ranking_finish_position,contradiction
economic_or_replay,max_trades,3496b04d1407bfa617b8d7e95b3dfc9a,1757217609000,sports_ranking_finish_position,contradiction
economic_or_replay,max_trades,3496b04d1407bfa617b8d7e95b3dfc9a,1757221209000,sports_ranking_finish_position,contradiction
economic_or_replay,max_trades,3496b04d1407bfa617b8d7e95b3dfc9a,1757224809000,sports_ranking_finish_position,contradiction
economic_or_replay,max_trades,3496b04d1407bfa617b8d7e95b3dfc9a,1757228409000,sports_ranking_finish_position,contradiction
economic_or_replay,max_trades,3496b04d1407bfa617b8d7e95b3dfc9a,1757232009000,sports_ranking_finish_position,contradiction
economic_or_replay,max_trades,3496b04d1407bfa617b8d7e95b3dfc9a,1757235609000,sports_ranking_finish_position,contradiction
economic_or_replay,max_trades,3496b04d1407bfa617b8d7e95b3dfc9a,1757239209000,sports_ranking_finish_position,contradiction
economic_or_replay,max_trades,3496b04d1407bfa617b8d7e95b3dfc9a,1757242809000,sports_ranking_finish_position,contradiction
economic_or_replay,max_trades,3496b04d1407bfa617b8d7e95b3dfc9a,1757246409000,sports_ranking_finish_position,contradiction
economic_or_replay,max_trades,3496b04d1407bfa617b8d7e95b3dfc9a,1757250009000,sports_ranking_finish_position,contradiction
economic_or_replay,max_trades,3496b04d1407bfa617b8d7e95b3dfc9a,1757253609000,sports_ranking_finish_position,contradiction
economic_or_replay,max_trades,3496b04d1407bfa617b8d7e95b3dfc9a,1757257209000,sports_ranking_finish_position,contradiction
economic_or_replay,max_trades,3496b04d1407bfa617b8d7e95b3dfc9a,1757260809000,sports_ranking_finish_position,contradiction
economic_or_replay,max_trades,3496b04d1407bfa617b8d7e95b3dfc9a,1757264409000,sports_ranking_finish_position,contradiction
economic_or_replay,max_trades,3496b04d1407bfa617b8d7e95b3dfc9a,1757268009000,sports_ranking_finish_position,contradiction
economic_or_replay,max_trades,3496b04d1407bfa617b8d7e95b3dfc9a,1757271609000,sports_ranking_finish_position,contradiction
economic_or_replay,max_trades,3496b04d1407bfa617b8d7e95b3dfc9a,1757275209000,sports_ranking_finish_position,contradiction
economic_or_replay,max_trades,3496b04d1407bfa617b8d7e95b3dfc9a,1757278809000,sports_ranking_finish_position,contradiction
economic_or_replay,max_trades,3496b04d1407bfa617b8d7e95b3dfc9a,1757282409000,sports_ranking_finish_position,contradiction
economic_or_replay,max_trades,3496b04d1407bfa617b8d7e95b3dfc9a,1757286009000,sports_ranking_finish_position,contradiction
economic_or_replay,max_trades,3496b04d1407bfa617b8d7e95b3dfc9a,1757289609000,sports_ranking_finish_position,contradiction
economic_or_replay,max_trades,3496b04d1407bfa617b8d7e95b3dfc9a,1757293209000,sports_ranking_finish_position,contradiction
economic_or_replay,max_trades,3496b04d1407bfa617b8d7e95b3dfc9a,1757296809000,sports_ranking_finish_position,contradiction
economic_or_replay,max_trades,3496b04d1407bfa617b8d7e95b3dfc9a,1757300409000,sports_ranking_finish_position,contradiction
economic_or_replay,max_trades,3496b04d1407bfa617b8d7e95b3dfc9a,1757304009000,sports_ranking_finish_position,contradiction
economic_or_replay,max_trades,3496b04d1407bfa617b8d7e95b3dfc9a,1757307609000,sports_ranking_finish_position,contradiction
economic_or_replay,max_trades,3496b04d1407bfa617b8d7e95b3dfc9a,1757311209000,sports_ranking_finish_position,contradiction
economic_or_replay,max_trades,3496b04d1407bfa617b8d7e95b3dfc9a,1757314809000,sports_ranking_finish_position,contradiction
economic_or_replay,max_trades,3496b04d1407bfa617b8d7e95b3dfc9a,1757318409000,sports_ranking_finish_position,contradiction
economic_or_replay,max_trades,3496b04d1407bfa617b8d7e95b3dfc9a,1757322009000,sports_ranking_finish_position,contradiction
economic_or_replay,max_trades,3496b04d1407bfa617b8d7e95b3dfc9a,1757325609000,sports_ranking_finish_position,contradiction
economic_or_replay,max_trades,3496b04d1407bfa617b8d7e95b3dfc9a,1757329209000,sports_ranking_finish_position,contradiction
economic_or_replay,max_trades,3496b04d1407bfa617b8d7e95b3dfc9a,1757332809000,sports_ranking_finish_position,contradiction
economic_or_replay,max_trades,3496b04d1407bfa617b8d7e95b3dfc9a,1757336409000,sports_ranking_finish_position,contradiction
economic_or_replay,max_trades,3496b04d1407bfa617b8d7e95b3dfc9a,1757340009000,sports_ranking_finish_position,contradiction
economic_or_replay,max_trades,3496b04d1407bfa617b8d7e95b3dfc9a,1757343609000,sports_ranking_finish_position,contradiction
economic_or_replay,max_trades,3496b04d1407bfa617b8d7e95b3dfc9a,1757347209000,sports_ranking_finish_position,contradiction
economic_or_replay,max_trades,3496b04d1407bfa617b8d7e95b3dfc9a,1757350809000,sports_ranking_finish_position,contradiction
economic_or_replay,max_trades,3496b04d1407bfa617b8d7e95b3dfc9a,1757354409000,sports_ranking_finish_position,contradiction
economic_or_replay,max_trades,3496b04d1407bfa617b8d7e95b3dfc9a,1757358009000,sports_ranking_finish_position,contradiction
economic_or_replay,max_trades,3496b04d1407bfa617b8d7e95b3dfc9a,1757361609000,sports_ranking_finish_position,contradiction
economic_or_replay,max_trades,3496b04d1407bfa617b8d7e95b3dfc9a,1757365209000,sports_ranking_finish_position,contradiction
economic_or_replay,max_trades,3496b04d1407bfa617b8d7e95b3dfc9a,1757368809000,sports_ranking_finish_position,contradiction
economic_or_replay,max_trades,3496b04d1407bfa617b8d7e95b3dfc9a,1757372409000,sports_ranking_finish_position,contradiction
economic_or_replay,max_trades,3496b04d1407bfa617b8d7e95b3dfc9a,1757376009000,sports_ranking_finish_position,contradiction
economic_or_replay,max_trades,3496b04d1407bfa617b8d7e95b3dfc9a,1757379609000,sports_ranking_finish_position,contradiction
economic_or_replay,max_trades,3496b04d1407bfa617b8d7e95b3dfc9a,1757383209000,sports_ranking_finish_position,contradiction
economic_or_replay,max_trades,3496b04d1407bfa617b8d7e95b3dfc9a,1757386809000,sports_ranking_finish_position,contradiction
economic_or_replay,max_trades,3496b04d1407bfa617b8d7e95b3dfc9a,1757390409000,sports_ranking_finish_position,contradiction
economic_or_replay,max_trades,3496b04d1407bfa617b8d7e95b3dfc9a,1757394009000,sports_ranking_finish_position,contradiction
economic_or_replay,max_trades,3496b04d1407bfa617b8d7e95b3dfc9a,1757397609000,sports_ranking_finish_position,contradiction
economic_or_replay,max_trades,3496b04d1407bfa617b8d7e95b3dfc9a,1757401209000,sports_ranking_finish_position,contradiction
economic_or_replay,max_trades,3496b04d1407bfa617b8d7e95b3dfc9a,1757404809000,sports_ranking_finish_position,contradiction
economic_or_replay,max_trades,3496b04d1407bfa617b8d7e95b3dfc9a,1757408409000,sports_ranking_finish_position,contradiction
economic_or_replay,max_trades,3496b04d1407bfa617b8d7e95b3dfc9a,1757412009000,sports_ranking_finish_position,contradiction
economic_or_replay,max_trades,3496b04d1407bfa617b8d7e95b3dfc9a,1757415609000,sports_ranking_finish_position,contradiction
economic_or_replay,max_trades,3496b04d1407bfa617b8d7e95b3dfc9a,1757419209000,sports_ranking_finish_position,contradiction
economic_or_replay,max_trades,3496b04d1407bfa617b8d7e95b3dfc9a,1757422809000,sports_ranking_finish_position,contradiction
economic_or_replay,max_trades,3496b04d1407bfa617b8d7e95b3dfc9a,1757426409000,sports_ranking_finish_position,contradiction
economic_or_replay,max_trades,3496b04d1407bfa617b8d7e95b3dfc9a,1757430009000,sports_ranking_finish_position,contradiction
economic_or_replay,max_trades,3496b04d1407bfa617b8d7e95b3dfc9a,1757433609000,sports_ranking_finish_position,contradiction
economic_or_replay,max_trades,3496b04d1407bfa617b8d7e95b3dfc9a,1757437209000,sports_ranking_finish_position,contradiction
economic_or_replay,max_trades,3496b04d1407bfa617b8d7e95b3dfc9a,1757440809000,sports_ranking_finish_position,contradiction
economic_or_replay,max_trades,3496b04d1407bfa617b8d7e95b3dfc9a,1757444409000,sports_ranking_finish_position,contradiction
economic_or_replay,max_trades,3496b04d1407bfa617b8d7e95b3dfc9a,1757448009000,sports_ranking_finish_position,contradiction
economic_or_replay,max_trades,3496b04d1407bfa617b8d7e95b3dfc9a,1757451609000,sports_ranking_finish_position,contradiction
economic_or_replay,max_trades,3496b04d1407bfa617b8d7e95b3dfc9a,1757455209000,sports_ranking_finish_position,contradiction
economic_or_replay,max_trades,3496b04d1407bfa617b8d7e95b3dfc9a,1757458809000,sports_ranking_finish_position,contradiction
economic_or_replay,max_trades,3496b04d1407bfa617b8d7e95b3dfc9a,1757462409000,sports_ranking_finish_position,contradiction
economic_or_replay,max_trades,3496b04d1407bfa617b8d7e95b3dfc9a,1757466009000,sports_ranking_finish_position,contradiction
economic_or_replay,max_trades,3496b04d1407bfa617b8d7e95b3dfc9a,1757469609000,sports_ranking_finish_position,contradiction
economic_or_replay,max_trades,3496b04d1407bfa617b8d7e95b3dfc9a,1757473209000,sports_ranking_finish_position,contradiction
economic_or_replay,max_trades,3496b04d1407bfa617b8d7e95b3dfc9a,1757476809000,sports_ranking_finish_position,contradiction
economic_or_replay,max_trades,3496b04d1407bfa617b8d7e95b3dfc9a,1757480409000,sports_ranking_finish_position,contradiction
economic_or_replay,max_trades,3496b04d1407bfa617b8d7e95b3dfc9a,1757484009000,sports_ranking_finish_position,contradiction
economic_or_replay,max_trades,3496b04d1407bfa617b8d7e95b3dfc9a,1757487609000,sports_ranking_finish_position,contradiction
economic_or_replay,max_trades,3496b04d1407bfa617b8d7e95b3dfc9a,1757491209000,sports_ranking_finish_position,contradiction
economic_or_replay,max_trades,3496b04d1407bfa617b8d7e95b3dfc9a,1757494809000,sports_ranking_finish_position,contradiction
economic_or_replay,max_trades,3496b04d1407bfa617b8d7e95b3dfc9a,1757498409000,sports_ranking_finish_position,contradiction
economic_or_replay,max_trades,3496b04d1407bfa617b8d7e95b3dfc9a,1757502009000,sports_ranking_finish_position,contradiction
economic_or_replay,max_trades,3496b04d1407bfa617b8d7e95b3dfc9a,1757505609000,sports_ranking_finish_position,contradiction
economic_or_replay,max_trades,3496b04d1407bfa617b8d7e95b3dfc9a,1757509209000,sports_ranking_finish_position,contradiction
economic_or_replay,max_trades,3496b04d1407bfa617b8d7e95b3dfc9a,1757512809000,sports_ranking_finish_position,contradiction
economic_or_replay,max_trades,3496b04d1407bfa617b8d7e95b3dfc9a,1757516409000,sports_ranking_finish_position,contradiction
economic_or_replay,max_trades,3496b04d1407bfa617b8d7e95b3dfc9a,1757520009000,sports_ranking_finish_position,contradiction
economic_or_replay,max_trades,3496b04d1407bfa617b8d7e95b3dfc9a,1757523609000,sports_ranking_finish_position,contradiction
economic_or_replay,max_trades,3496b04d1407bfa617b8d7e95b3dfc9a,1757527209000,sports_ranking_finish_position,contradiction
economic_or_replay,max_trades,3496b04d1407bfa617b8d7e95b3dfc9a,1757530809000,sports_ranking_finish_position,contradiction
economic_or_replay,max_trades,3496b04d1407bfa617b8d7e95b3dfc9a,1757534409000,sports_ranking_finish_position,contradiction
economic_or_replay,max_trades,3496b04d1407bfa617b8d7e95b3dfc9a,1757538009000,sports_ranking_finish_position,contradiction
economic_or_replay,max_trades,3496b04d1407bfa617b8d7e95b3dfc9a,1757541609000,sports_ranking_finish_position,contradiction
economic_or_replay,max_trades,3496b04d1407bfa617b8d7e95b3dfc9a,1757545209000,sports_ranking_finish_position,contradiction
economic_or_replay,max_trades,3496b04d1407bfa617b8d7e95b3dfc9a,1757548809000,sports_ranking_finish_position,contradiction
economic_or_replay,max_trades,3496b04d1407bfa617b8d7e95b3dfc9a,1757552409000,sports_ranking_finish_position,contradiction
economic_or_replay,max_trades,3496b04d1407bfa617b8d7e95b3dfc9a,1757556009000,sports_ranking_finish_position,contradiction
economic_or_replay,max_trades,3496b04d1407bfa617b8d7e95b3dfc9a,1757559609000,sports_ranking_finish_position,contradiction
economic_or_replay,max_trades,3496b04d1407bfa617b8d7e95b3dfc9a,1757563209000,sports_ranking_finish_position,contradiction
economic_or_replay,max_trades,3496b04d1407bfa617b8d7e95b3dfc9a,1757566809000,sports_ranking_finish_position,contradiction
economic_or_replay,max_trades,3496b04d1407bfa617b8d7e95b3dfc9a,1757570409000,sports_ranking_finish_position,contradiction
economic_or_replay,max_trades,3496b04d1407bfa617b8d7e95b3dfc9a,1757574009000,sports_ranking_finish_position,contradiction
economic_or_replay,max_trades,3496b04d1407bfa617b8d7e95b3dfc9a,1757577609000,sports_ranking_finish_position,contradiction
economic_or_replay,max_trades,3496b04d1407bfa617b8d7e95b3dfc9a,1757581209000,sports_ranking_finish_position,contradiction
economic_or_replay,max_trades,3496b04d1407bfa617b8d7e95b3dfc9a,1757584809000,sports_ranking_finish_position,contradiction
economic_or_replay,max_trades,3496b04d1407bfa617b8d7e95b3dfc9a,1757588409000,sports_ranking_finish_position,contradiction
economic_or_replay,max_trades,3496b04d1407bfa617b8d7e95b3dfc9a,1757592009000,sports_ranking_finish_position,contradiction
economic_or_replay,max_trades,3496b04d1407bfa617b8d7e95b3dfc9a,1757595609000,sports_ranking_finish_position,contradiction
economic_or_replay,max_trades,3496b04d1407bfa617b8d7e95b3dfc9a,1757599209000,sports_ranking_finish_position,contradiction
economic_or_replay,max_trades,3496b04d1407bfa617b8d7e95b3dfc9a,1757602809000,sports_ranking_finish_position,contradiction
economic_or_replay,max_trades,3496b04d1407bfa617b8d7e95b3dfc9a,1757606409000,sports_ranking_finish_position,contradiction
economic_or_replay,max_trades,3496b04d1407bfa617b8d7e95b3dfc9a,1757610009000,sports_ranking_finish_position,contradiction
economic_or_replay,max_trades,3496b04d1407bfa617b8d7e95b3dfc9a,1757613609000,sports_ranking_finish_position,contradiction
economic_or_replay,max_trades,3496b04d1407bfa617b8d7e95b3dfc9a,1757617209000,sports_ranking_finish_position,contradiction
economic_or_replay,max_trades,3496b04d1407bfa617b8d7e95b3dfc9a,1757620809000,sports_ranking_finish_position,contradiction
economic_or_replay,max_trades,3496b04d1407bfa617b8d7e95b3dfc9a,1757624409000,sports_ranking_finish_position,contradiction
economic_or_replay,max_trades,3496b04d1407bfa617b8d7e95b3dfc9a,1757628009000,sports_ranking_finish_position,contradiction
economic_or_replay,max_trades,3496b04d1407bfa617b8d7e95b3dfc9a,1757631609000,sports_ranking_finish_position,contradiction
economic_or_replay,max_trades,3496b04d1407bfa617b8d7e95b3dfc9a,1757635209000,sports_ranking_finish_position,contradiction
economic_or_replay,max_trades,3496b04d1407bfa617b8d7e95b3dfc9a,1757638809000,sports_ranking_finish_position,contradiction
economic_or_replay,max_trades,3496b04d1407bfa617b8d7e95b3dfc9a,1757642409000,sports_ranking_finish_position,contradiction
economic_or_replay,max_trades,3496b04d1407bfa617b8d7e95b3dfc9a,1757646009000,sports_ranking_finish_position,contradiction
economic_or_replay,max_trades,3496b04d1407bfa617b8d7e95b3dfc9a,1757649609000,sports_ranking_finish_position,contradiction
economic_or_replay,max_trades,3496b04d1407bfa617b8d7e95b3dfc9a,1757653209000,sports_ranking_finish_position,contradiction
economic_or_replay,max_trades,3496b04d1407bfa617b8d7e95b3dfc9a,1757656809000,sports_ranking_finish_position,contradiction
economic_or_replay,max_trades,3496b04d1407bfa617b8d7e95b3dfc9a,1757660409000,sports_ranking_finish_position,contradiction
economic_or_replay,max_trades,3496b04d1407bfa617b8d7e95b3dfc9a,1757664009000,sports_ranking_finish_position,contradiction
economic_or_replay,max_trades,3496b04d1407bfa617b8d7e95b3dfc9a,1757667609000,sports_ranking_finish_position,contradiction
economic_or_replay,max_trades,3496b04d1407bfa617b8d7e95b3dfc9a,1757671209000,sports_ranking_finish_position,contradiction
economic_or_replay,max_trades,3496b04d1407bfa617b8d7e95b3dfc9a,1757674809000,sports_ranking_finish_position,contradiction
economic_or_replay,max_trades,3496b04d1407bfa617b8d7e95b3dfc9a,1757678409000,sports_ranking_finish_position,contradiction
economic_or_replay,max_trades,3496b04d1407bfa617b8d7e95b3dfc9a,1757682009000,sports_ranking_finish_position,contradiction
economic_or_replay,max_trades,3496b04d1407bfa617b8d7e95b3dfc9a,1757685609000,sports_ranking_finish_position,contradiction
economic_or_replay,max_trades,3496b04d1407bfa617b8d7e95b3dfc9a,1757689209000,sports_ranking_finish_position,contradiction
economic_or_replay,max_trades,3496b04d1407bfa617b8d7e95b3dfc9a,1757692809000,sports_ranking_finish_position,contradiction
economic_or_replay,max_trades,3496b04d1407bfa617b8d7e95b3dfc9a,1757696409000,sports_ranking_finish_position,contradiction
economic_or_replay,max_trades,3496b04d1407bfa617b8d7e95b3dfc9a,1757700009000,sports_ranking_finish_position,contradiction
economic_or_replay,max_trades,3496b04d1407bfa617b8d7e95b3dfc9a,1757703609000,sports_ranking_finish_position,contradiction
economic_or_replay,max_trades,3496b04d1407bfa617b8d7e95b3dfc9a,1757707209000,sports_ranking_finish_position,contradiction
economic_or_replay,max_trades,3496b04d1407bfa617b8d7e95b3dfc9a,1757710809000,sports_ranking_finish_position,contradiction
economic_or_replay,max_trades,3496b04d1407bfa617b8d7e95b3dfc9a,1757714409000,sports_ranking_finish_position,contradiction
economic_or_replay,max_trades,3496b04d1407bfa617b8d7e95b3dfc9a,1757718009000,sports_ranking_finish_position,contradiction
economic_or_replay,max_trades,3496b04d1407bfa617b8d7e95b3dfc9a,1757721609000,sports_ranking_finish_position,contradiction
economic_or_replay,max_trades,3496b04d1407bfa617b8d7e95b3dfc9a,1757725209000,sports_ranking_finish_position,contradiction
economic_or_replay,max_trades,3496b04d1407bfa617b8d7e95b3dfc9a,1757728809000,sports_ranking_finish_position,contradiction
economic_or_replay,max_trades,3496b04d1407bfa617b8d7e95b3dfc9a,1757732409000,sports_ranking_finish_position,contradiction
economic_or_replay,max_trades,3496b04d1407bfa617b8d7e95b3dfc9a,1757736009000,sports_ranking_finish_position,contradiction
economic_or_replay,max_trades,3496b04d1407bfa617b8d7e95b3dfc9a,1757739609000,sports_ranking_finish_position,contradiction
economic_or_replay,max_trades,3496b04d1407bfa617b8d7e95b3dfc9a,1757743209000,sports_ranking_finish_position,contradiction
economic_or_replay,max_trades,3496b04d1407bfa617b8d7e95b3dfc9a,1757746809000,sports_ranking_finish_position,contradiction
economic_or_replay,max_trades,3496b04d1407bfa617b8d7e95b3dfc9a,1757750409000,sports_ranking_finish_position,contradiction
economic_or_replay,max_trades,3496b04d1407bfa617b8d7e95b3dfc9a,1757754009000,sports_ranking_finish_position,contradiction
economic_or_replay,max_trades,3496b04d1407bfa617b8d7e95b3dfc9a,1757757609000,sports_ranking_finish_position,contradiction
economic_or_replay,max_trades,3496b04d1407bfa617b8d7e95b3dfc9a,1757761209000,sports_ranking_finish_position,contradiction
economic_or_replay,max_trades,3496b04d1407bfa617b8d7e95b3dfc9a,1757764809000,sports_ranking_finish_position,contradiction
economic_or_replay,max_trades,3496b04d1407bfa617b8d7e95b3dfc9a,1757768409000,sports_ranking_finish_position,contradiction
economic_or_replay,max_trades,3496b04d1407bfa617b8d7e95b3dfc9a,1757772009000,sports_ranking_finish_position,contradiction
economic_or_replay,max_trades,3496b04d1407bfa617b8d7e95b3dfc9a,1757775609000,sports_ranking_finish_position,contradiction
economic_or_replay,max_trades,3496b04d1407bfa617b8d7e95b3dfc9a,1757779209000,sports_ranking_finish_position,contradiction
economic_or_replay,max_trades,3496b04d1407bfa617b8d7e95b3dfc9a,1757782809000,sports_ranking_finish_position,contradiction
economic_or_replay,max_trades,3496b04d1407bfa617b8d7e95b3dfc9a,1757786409000,sports_ranking_finish_position,contradiction
economic_or_replay,max_trades,3496b04d1407bfa617b8d7e95b3dfc9a,1757790009000,sports_ranking_finish_position,contradiction
economic_or_replay,max_trades,3496b04d1407bfa617b8d7e95b3dfc9a,1757793609000,sports_ranking_finish_position,contradiction
economic_or_replay,max_trades,3496b04d1407bfa617b8d7e95b3dfc9a,1757797209000,sports_ranking_finish_position,contradiction
economic_or_replay,max_trades,3496b04d1407bfa617b8d7e95b3dfc9a,1757800809000,sports_ranking_finish_position,contradiction
economic_or_replay,max_trades,3496b04d1407bfa617b8d7e95b3dfc9a,1757804409000,sports_ranking_finish_position,contradiction
economic_or_replay,max_trades,3496b04d1407bfa617b8d7e95b3dfc9a,1757808009000,sports_ranking_finish_position,contradiction
economic_or_replay,max_trades,3496b04d1407bfa617b8d7e95b3dfc9a,1757811609000,sports_ranking_finish_position,contradiction
economic_or_replay,max_trades,3496b04d1407bfa617b8d7e95b3dfc9a,1757815209000,sports_ranking_finish_position,contradiction
economic_or_replay,max_trades,3496b04d1407bfa617b8d7e95b3dfc9a,1757818809000,sports_ranking_finish_position,contradiction
economic_or_replay,max_trades,3496b04d1407bfa617b8d7e95b3dfc9a,1757822409000,sports_ranking_finish_position,contradiction
economic_or_replay,max_trades,3496b04d1407bfa617b8d7e95b3dfc9a,1757826009000,sports_ranking_finish_position,contradiction
economic_or_replay,max_trades,3496b04d1407bfa617b8d7e95b3dfc9a,1757829609000,sports_ranking_finish_position,contradiction
economic_or_replay,max_trades,3496b04d1407bfa617b8d7e95b3dfc9a,1757833209000,sports_ranking_finish_position,contradiction
economic_or_replay,max_trades,3496b04d1407bfa617b8d7e95b3dfc9a,1757836809000,sports_ranking_finish_position,contradiction
economic_or_replay,max_trades,3496b04d1407bfa617b8d7e95b3dfc9a,1757840409000,sports_ranking_finish_position,contradiction
economic_or_replay,max_trades,3496b04d1407bfa617b8d7e95b3dfc9a,1757844009000,sports_ranking_finish_position,contradiction
economic_or_replay,max_trades,3496b04d1407bfa617b8d7e95b3dfc9a,1757847609000,sports_ranking_finish_position,contradiction
economic_or_replay,max_trades,3496b04d1407bfa617b8d7e95b3dfc9a,1757851209000,sports_ranking_finish_position,contradiction
economic_or_replay,max_trades,3496b04d1407bfa617b8d7e95b3dfc9a,1757854809000,sports_ranking_finish_position,contradiction
economic_or_replay,max_trades,3496b04d1407bfa617b8d7e95b3dfc9a,1757858409000,sports_ranking_finish_position,contradiction
economic_or_replay,max_trades,3496b04d1407bfa617b8d7e95b3dfc9a,1757862009000,sports_ranking_finish_position,contradiction
economic_or_replay,max_trades,3496b04d1407bfa617b8d7e95b3dfc9a,1757865609000,sports_ranking_finish_position,contradiction
economic_or_replay,max_trades,3496b04d1407bfa617b8d7e95b3dfc9a,1757869209000,sports_ranking_finish_position,contradiction
economic_or_replay,max_trades,3496b04d1407bfa617b8d7e95b3dfc9a,1757872809000,sports_ranking_finish_position,contradiction
economic_or_replay,max_trades,3496b04d1407bfa617b8d7e95b3dfc9a,1757876409000,sports_ranking_finish_position,contradiction
economic_or_replay,max_trades,3496b04d1407bfa617b8d7e95b3dfc9a,1757880009000,sports_ranking_finish_position,contradiction
economic_or_replay,max_trades,3496b04d1407bfa617b8d7e95b3dfc9a,1757883609000,sports_ranking_finish_position,contradiction
economic_or_replay,max_trades,3496b04d1407bfa617b8d7e95b3dfc9a,1757887209000,sports_ranking_finish_position,contradiction
economic_or_replay,max_trades,3496b04d1407bfa617b8d7e95b3dfc9a,1757890809000,sports_ranking_finish_position,contradiction
economic_or_replay,max_trades,3496b04d1407bfa617b8d7e95b3dfc9a,1757894409000,sports_ranking_finish_position,contradiction
economic_or_replay,max_trades,3496b04d1407bfa617b8d7e95b3dfc9a,1757898009000,sports_ranking_finish_position,contradiction
economic_or_replay,max_trades,3496b04d1407bfa617b8d7e95b3dfc9a,1757901609000,sports_ranking_finish_position,contradiction
economic_or_replay,max_trades,3496b04d1407bfa617b8d7e95b3dfc9a,1757905209000,sports_ranking_finish_position,contradiction
economic_or_replay,max_trades,3496b04d1407bfa617b8d7e95b3dfc9a,1757908809000,sports_ranking_finish_position,contradiction
economic_or_replay,max_trades,3496b04d1407bfa617b8d7e95b3dfc9a,1757912409000,sports_ranking_finish_position,contradiction
economic_or_replay,max_trades,3496b04d1407bfa617b8d7e95b3dfc9a,1757916009000,sports_ranking_finish_position,contradiction
economic_or_replay,max_trades,3496b04d1407bfa617b8d7e95b3dfc9a,1757919609000,sports_ranking_finish_position,contradiction
economic_or_replay,max_trades,3496b04d1407bfa617b8d7e95b3dfc9a,1757923209000,sports_ranking_finish_position,contradiction
economic_or_replay,max_trades,3496b04d1407bfa617b8d7e95b3dfc9a,1757926809000,sports_ranking_finish_position,contradiction
economic_or_replay,max_trades,3496b04d1407bfa617b8d7e95b3dfc9a,1757930409000,sports_ranking_finish_position,contradiction
economic_or_replay,max_trades,3496b04d1407bfa617b8d7e95b3dfc9a,1757934009000,sports_ranking_finish_position,contradiction
economic_or_replay,max_trades,3496b04d1407bfa617b8d7e95b3dfc9a,1757937609000,sports_ranking_finish_position,contradiction
economic_or_replay,max_trades,3496b04d1407bfa617b8d7e95b3dfc9a,1757941209000,sports_ranking_finish_position,contradiction
economic_or_replay,max_trades,3496b04d1407bfa617b8d7e95b3dfc9a,1757944809000,sports_ranking_finish_position,contradiction
economic_or_replay,max_trades,3496b04d1407bfa617b8d7e95b3dfc9a,1757948409000,sports_ranking_finish_position,contradiction
economic_or_replay,max_trades,3496b04d1407bfa617b8d7e95b3dfc9a,1757952009000,sports_ranking_finish_position,contradiction
economic_or_replay,max_trades,3496b04d1407bfa617b8d7e95b3dfc9a,1757955609000,sports_ranking_finish_position,contradiction
economic_or_replay,max_trades,3496b04d1407bfa617b8d7e95b3dfc9a,1757959209000,sports_ranking_finish_position,contradiction
economic_or_replay,max_trades,3496b04d1407bfa617b8d7e95b3dfc9a,1757962809000,sports_ranking_finish_position,contradiction
economic_or_replay,max_trades,3496b04d1407bfa617b8d7e95b3dfc9a,1757966409000,sports_ranking_finish_position,contradiction
economic_or_replay,max_trades,3496b04d1407bfa617b8d7e95b3dfc9a,1757970009000,sports_ranking_finish_position,contradiction
economic_or_replay,max_trades,3496b04d1407bfa617b8d7e95b3dfc9a,1757973609000,sports_ranking_finish_position,contradiction
economic_or_replay,max_trades,3496b04d1407bfa617b8d7e95b3dfc9a,1757977209000,sports_ranking_finish_position,contradiction
economic_or_replay,max_trades,3496b04d1407bfa617b8d7e95b3dfc9a,1757980809000,sports_ranking_finish_position,contradiction
economic_or_replay,max_trades,3496b04d1407bfa617b8d7e95b3dfc9a,1757984409000,sports_ranking_finish_position,contradiction
economic_or_replay,max_trades,3496b04d1407bfa617b8d7e95b3dfc9a,1757988009000,sports_ranking_finish_position,contradiction
economic_or_replay,max_trades,3496b04d1407bfa617b8d7e95b3dfc9a,1757991609000,sports_ranking_finish_position,contradiction
economic_or_replay,max_trades,3496b04d1407bfa617b8d7e95b3dfc9a,1757995209000,sports_ranking_finish_position,contradiction
economic_or_replay,max_trades,3496b04d1407bfa617b8d7e95b3dfc9a,1757998809000,sports_ranking_finish_position,contradiction
economic_or_replay,max_trades,3496b04d1407bfa617b8d7e95b3dfc9a,1758002409000,sports_ranking_finish_position,contradiction
economic_or_replay,max_trades,3496b04d1407bfa617b8d7e95b3dfc9a,1758006009000,sports_ranking_finish_position,contradiction
economic_or_replay,max_trades,3496b04d1407bfa617b8d7e95b3dfc9a,1758009609000,sports_ranking_finish_position,contradiction
economic_or_replay,max_trades,3496b04d1407bfa617b8d7e95b3dfc9a,1758013209000,sports_ranking_finish_position,contradiction
economic_or_replay,max_trades,3496b04d1407bfa617b8d7e95b3dfc9a,1758016809000,sports_ranking_finish_position,contradiction
economic_or_replay,max_trades,3496b04d1407bfa617b8d7e95b3dfc9a,1758020409000,sports_ranking_finish_position,contradiction
economic_or_replay,max_trades,3496b04d1407bfa617b8d7e95b3dfc9a,1758024009000,sports_ranking_finish_position,contradiction
economic_or_replay,max_trades,3496b04d1407bfa617b8d7e95b3dfc9a,1758027609000,sports_ranking_finish_position,contradiction
economic_or_replay,max_trades,3496b04d1407bfa617b8d7e95b3dfc9a,1758031209000,sports_ranking_finish_position,contradiction
economic_or_replay,max_trades,3496b04d1407bfa617b8d7e95b3dfc9a,1758034809000,sports_ranking_finish_position,contradiction
economic_or_replay,max_trades,3496b04d1407bfa617b8d7e95b3dfc9a,1758038409000,sports_ranking_finish_position,contradiction
economic_or_replay,max_trades,3496b04d1407bfa617b8d7e95b3dfc9a,1758042009000,sports_ranking_finish_position,contradiction
economic_or_replay,max_trades,3496b04d1407bfa617b8d7e95b3dfc9a,1758045609000,sports_ranking_finish_position,contradiction
economic_or_replay,max_trades,3496b04d1407bfa617b8d7e95b3dfc9a,1758049209000,sports_ranking_finish_position,contradiction
economic_or_replay,max_trades,3496b04d1407bfa617b8d7e95b3dfc9a,1758052809000,sports_ranking_finish_position,contradiction
economic_or_replay,max_trades,3496b04d1407bfa617b8d7e95b3dfc9a,1758056409000,sports_ranking_finish_position,contradiction
economic_or_replay,max_trades,3496b04d1407bfa617b8d7e95b3dfc9a,1758060009000,sports_ranking_finish_position,contradiction
economic_or_replay,max_trades,3496b04d1407bfa617b8d7e95b3dfc9a,1758063609000,sports_ranking_finish_position,contradiction
economic_or_replay,max_trades,3496b04d1407bfa617b8d7e95b3dfc9a,1758067209000,sports_ranking_finish_position,contradiction
economic_or_replay,max_trades,3496b04d1407bfa617b8d7e95b3dfc9a,1758070809000,sports_ranking_finish_position,contradiction
economic_or_replay,max_trades,3496b04d1407bfa617b8d7e95b3dfc9a,1758074409000,sports_ranking_finish_position,contradiction
economic_or_replay,max_trades,3496b04d1407bfa617b8d7e95b3dfc9a,1758078009000,sports_ranking_finish_position,contradiction
economic_or_replay,max_trades,3496b04d1407bfa617b8d7e95b3dfc9a,1758081609000,sports_ranking_finish_position,contradiction
economic_or_replay,max_trades,3496b04d1407bfa617b8d7e95b3dfc9a,1758085209000,sports_ranking_finish_position,contradiction
economic_or_replay,max_trades,3496b04d1407bfa617b8d7e95b3dfc9a,1758088809000,sports_ranking_finish_position,contradiction
economic_or_replay,max_trades,3496b04d1407bfa617b8d7e95b3dfc9a,1758092409000,sports_ranking_finish_position,contradiction
economic_or_replay,max_trades,3496b04d1407bfa617b8d7e95b3dfc9a,1758096009000,sports_ranking_finish_position,contradiction
economic_or_replay,max_trades,3496b04d1407bfa617b8d7e95b3dfc9a,1758099609000,sports_ranking_finish_position,contradiction
economic_or_replay,max_trades,3496b04d1407bfa617b8d7e95b3dfc9a,1758103209000,sports_ranking_finish_position,contradiction
economic_or_replay,max_trades,3496b04d1407bfa617b8d7e95b3dfc9a,1758106809000,sports_ranking_finish_position,contradiction
economic_or_replay,max_trades,3496b04d1407bfa617b8d7e95b3dfc9a,1758110409000,sports_ranking_finish_position,contradiction
economic_or_replay,max_trades,3496b04d1407bfa617b8d7e95b3dfc9a,1758114009000,sports_ranking_finish_position,contradiction
economic_or_replay,max_trades,3496b04d1407bfa617b8d7e95b3dfc9a,1758117609000,sports_ranking_finish_position,contradiction
economic_or_replay,max_trades,3496b04d1407bfa617b8d7e95b3dfc9a,1758121209000,sports_ranking_finish_position,contradiction
economic_or_replay,max_trades,3496b04d1407bfa617b8d7e95b3dfc9a,1758124809000,sports_ranking_finish_position,contradiction
economic_or_replay,max_trades,3496b04d1407bfa617b8d7e95b3dfc9a,1758128409000,sports_ranking_finish_position,contradiction
economic_or_replay,max_trades,3496b04d1407bfa617b8d7e95b3dfc9a,1758132009000,sports_ranking_finish_position,contradiction
economic_or_replay,max_trades,3496b04d1407bfa617b8d7e95b3dfc9a,1758135609000,sports_ranking_finish_position,contradiction
economic_or_replay,max_trades,3496b04d1407bfa617b8d7e95b3dfc9a,1758139209000,sports_ranking_finish_position,contradiction
economic_or_replay,max_trades,3496b04d1407bfa617b8d7e95b3dfc9a,1758142809000,sports_ranking_finish_position,contradiction
economic_or_replay,max_trades,3496b04d1407bfa617b8d7e95b3dfc9a,1758146409000,sports_ranking_finish_position,contradiction
economic_or_replay,max_trades,3496b04d1407bfa617b8d7e95b3dfc9a,1758150009000,sports_ranking_finish_position,contradiction
economic_or_replay,max_trades,3496b04d1407bfa617b8d7e95b3dfc9a,1758153609000,sports_ranking_finish_position,contradiction
economic_or_replay,max_trades,3496b04d1407bfa617b8d7e95b3dfc9a,1758157209000,sports_ranking_finish_position,contradiction
economic_or_replay,max_trades,3496b04d1407bfa617b8d7e95b3dfc9a,1758160809000,sports_ranking_finish_position,contradiction
economic_or_replay,max_trades,3496b04d1407bfa617b8d7e95b3dfc9a,1758164409000,sports_ranking_finish_position,contradiction
economic_or_replay,max_trades,3496b04d1407bfa617b8d7e95b3dfc9a,1758168009000,sports_ranking_finish_position,contradiction
economic_or_replay,max_trades,3496b04d1407bfa617b8d7e95b3dfc9a,1758171609000,sports_ranking_finish_position,contradiction
economic_or_replay,max_trades,3496b04d1407bfa617b8d7e95b3dfc9a,1758175209000,sports_ranking_finish_position,contradiction
economic_or_replay,max_trades,3496b04d1407bfa617b8d7e95b3dfc9a,1758178809000,sports_ranking_finish_position,contradiction
economic_or_replay,max_trades,3496b04d1407bfa617b8d7e95b3dfc9a,1758182409000,sports_ranking_finish_position,contradiction
economic_or_replay,max_trades,3496b04d1407bfa617b8d7e95b3dfc9a,1758186009000,sports_ranking_finish_position,contradiction
economic_or_replay,max_trades,3496b04d1407bfa617b8d7e95b3dfc9a,1758189609000,sports_ranking_finish_position,contradiction
economic_or_replay,max_trades,3496b04d1407bfa617b8d7e95b3dfc9a,1758193209000,sports_ranking_finish_position,contradiction
economic_or_replay,max_trades,3496b04d1407bfa617b8d7e95b3dfc9a,1758196809000,sports_ranking_finish_position,contradiction
economic_or_replay,max_trades,3496b04d1407bfa617b8d7e95b3dfc9a,1758200409000,sports_ranking_finish_position,contradiction
economic_or_replay,max_trades,3496b04d1407bfa617b8d7e95b3dfc9a,1758204009000,sports_ranking_finish_position,contradiction
economic_or_replay,max_trades,3496b04d1407bfa617b8d7e95b3dfc9a,1758207609000,sports_ranking_finish_position,contradiction
economic_or_replay,max_trades,3496b04d1407bfa617b8d7e95b3dfc9a,1758211209000,sports_ranking_finish_position,contradiction
economic_or_replay,max_trades,3496b04d1407bfa617b8d7e95b3dfc9a,1758214809000,sports_ranking_finish_position,contradiction
economic_or_replay,max_trades,3496b04d1407bfa617b8d7e95b3dfc9a,1758218409000,sports_ranking_finish_position,contradiction
economic_or_replay,max_trades,3496b04d1407bfa617b8d7e95b3dfc9a,1758222009000,sports_ranking_finish_position,contradiction
economic_or_replay,max_trades,3496b04d1407bfa617b8d7e95b3dfc9a,1758225609000,sports_ranking_finish_position,contradiction
economic_or_replay,max_trades,3496b04d1407bfa617b8d7e95b3dfc9a,1758229209000,sports_ranking_finish_position,contradiction
economic_or_replay,max_trades,3496b04d1407bfa617b8d7e95b3dfc9a,1758232809000,sports_ranking_finish_position,contradiction
economic_or_replay,max_trades,3496b04d1407bfa617b8d7e95b3dfc9a,1758236409000,sports_ranking_finish_position,contradiction
economic_or_replay,max_trades,3496b04d1407bfa617b8d7e95b3dfc9a,1758240009000,sports_ranking_finish_position,contradiction
economic_or_replay,max_trades,3496b04d1407bfa617b8d7e95b3dfc9a,1758243609000,sports_ranking_finish_position,contradiction
economic_or_replay,max_trades,3496b04d1407bfa617b8d7e95b3dfc9a,1758247209000,sports_ranking_finish_position,contradiction
economic_or_replay,max_trades,3496b04d1407bfa617b8d7e95b3dfc9a,1758250809000,sports_ranking_finish_position,contradiction
economic_or_replay,max_trades,3496b04d1407bfa617b8d7e95b3dfc9a,1758254409000,sports_ranking_finish_position,contradiction
economic_or_replay,max_trades,3496b04d1407bfa617b8d7e95b3dfc9a,1758258009000,sports_ranking_finish_position,contradiction
economic_or_replay,max_trades,3496b04d1407bfa617b8d7e95b3dfc9a,1758261609000,sports_ranking_finish_position,contradiction
economic_or_replay,max_trades,3496b04d1407bfa617b8d7e95b3dfc9a,1758265209000,sports_ranking_finish_position,contradiction
economic_or_replay,max_trades,3496b04d1407bfa617b8d7e95b3dfc9a,1758268809000,sports_ranking_finish_position,contradiction
economic_or_replay,max_trades,3496b04d1407bfa617b8d7e95b3dfc9a,1758272409000,sports_ranking_finish_position,contradiction
economic_or_replay,max_trades,3496b04d1407bfa617b8d7e95b3dfc9a,1758276009000,sports_ranking_finish_position,contradiction
economic_or_replay,max_trades,3496b04d1407bfa617b8d7e95b3dfc9a,1758279609000,sports_ranking_finish_position,contradiction
economic_or_replay,max_trades,3496b04d1407bfa617b8d7e95b3dfc9a,1758283209000,sports_ranking_finish_position,contradiction
economic_or_replay,max_trades,3496b04d1407bfa617b8d7e95b3dfc9a,1758286809000,sports_ranking_finish_position,contradiction
economic_or_replay,max_trades,3496b04d1407bfa617b8d7e95b3dfc9a,1758290409000,sports_ranking_finish_position,contradiction
economic_or_replay,max_trades,3496b04d1407bfa617b8d7e95b3dfc9a,1758294009000,sports_ranking_finish_position,contradiction
economic_or_replay,max_trades,3496b04d1407bfa617b8d7e95b3dfc9a,1758297609000,sports_ranking_finish_position,contradiction
economic_or_replay,max_trades,3496b04d1407bfa617b8d7e95b3dfc9a,1758301209000,sports_ranking_finish_position,contradiction
economic_or_replay,max_trades,3496b04d1407bfa617b8d7e95b3dfc9a,1758304809000,sports_ranking_finish_position,contradiction
economic_or_replay,max_trades,3496b04d1407bfa617b8d7e95b3dfc9a,1758308409000,sports_ranking_finish_position,contradiction
economic_or_replay,max_trades,3496b04d1407bfa617b8d7e95b3dfc9a,1758312009000,sports_ranking_finish_position,contradiction
economic_or_replay,max_trades,3496b04d1407bfa617b8d7e95b3dfc9a,1758315609000,sports_ranking_finish_position,contradiction
economic_or_replay,max_trades,3496b04d1407bfa617b8d7e95b3dfc9a,1758319209000,sports_ranking_finish_position,contradiction
economic_or_replay,max_trades,3496b04d1407bfa617b8d7e95b3dfc9a,1758322809000,sports_ranking_finish_position,contradiction
economic_or_replay,max_trades,3496b04d1407bfa617b8d7e95b3dfc9a,1758326409000,sports_ranking_finish_position,contradiction
economic_or_replay,max_trades,3496b04d1407bfa617b8d7e95b3dfc9a,1758330009000,sports_ranking_finish_position,contradiction
economic_or_replay,max_trades,3496b04d1407bfa617b8d7e95b3dfc9a,1758333609000,sports_ranking_finish_position,contradiction
economic_or_replay,max_trades,3496b04d1407bfa617b8d7e95b3dfc9a,1758337209000,sports_ranking_finish_position,contradiction
economic_or_replay,max_trades,3496b04d1407bfa617b8d7e95b3dfc9a,1758340809000,sports_ranking_finish_position,contradiction
economic_or_replay,max_trades,3496b04d1407bfa617b8d7e95b3dfc9a,1758344409000,sports_ranking_finish_position,contradiction
economic_or_replay,max_trades,3496b04d1407bfa617b8d7e95b3dfc9a,1758348009000,sports_ranking_finish_position,contradiction
economic_or_replay,max_trades,3496b04d1407bfa617b8d7e95b3dfc9a,1758351609000,sports_ranking_finish_position,contradiction
economic_or_replay,max_trades,3496b04d1407bfa617b8d7e95b3dfc9a,1758355209000,sports_ranking_finish_position,contradiction
economic_or_replay,max_trades,3496b04d1407bfa617b8d7e95b3dfc9a,1758358809000,sports_ranking_finish_position,contradiction
economic_or_replay,max_trades,3496b04d1407bfa617b8d7e95b3dfc9a,1758362409000,sports_ranking_finish_position,contradiction
economic_or_replay,max_trades,3496b04d1407bfa617b8d7e95b3dfc9a,1758366009000,sports_ranking_finish_position,contradiction
economic_or_replay,max_trades,3496b04d1407bfa617b8d7e95b3dfc9a,1758369609000,sports_ranking_finish_position,contradiction
economic_or_replay,max_trades,3496b04d1407bfa617b8d7e95b3dfc9a,1758373209000,sports_ranking_finish_position,contradiction
economic_or_replay,max_trades,3496b04d1407bfa617b8d7e95b3dfc9a,1758376809000,sports_ranking_finish_position,contradiction
economic_or_replay,max_trades,3496b04d1407bfa617b8d7e95b3dfc9a,1758380409000,sports_ranking_finish_position,contradiction
economic_or_replay,max_trades,3496b04d1407bfa617b8d7e95b3dfc9a,1758384009000,sports_ranking_finish_position,contradiction
economic_or_replay,max_trades,3496b04d1407bfa617b8d7e95b3dfc9a,1758387609000,sports_ranking_finish_position,contradiction
economic_or_replay,max_trades,3496b04d1407bfa617b8d7e95b3dfc9a,1758391209000,sports_ranking_finish_position,contradiction
economic_or_replay,max_trades,3496b04d1407bfa617b8d7e95b3dfc9a,1758394809000,sports_ranking_finish_position,contradiction
economic_or_replay,max_trades,3496b04d1407bfa617b8d7e95b3dfc9a,1758398409000,sports_ranking_finish_position,contradiction
economic_or_replay,max_trades,3496b04d1407bfa617b8d7e95b3dfc9a,1758402009000,sports_ranking_finish_position,contradiction
economic_or_replay,max_trades,3496b04d1407bfa617b8d7e95b3dfc9a,1758405609000,sports_ranking_finish_position,contradiction
economic_or_replay,max_trades,3496b04d1407bfa617b8d7e95b3dfc9a,1758409209000,sports_ranking_finish_position,contradiction
economic_or_replay,max_trades,3496b04d1407bfa617b8d7e95b3dfc9a,1758412809000,sports_ranking_finish_position,contradiction
economic_or_replay,max_trades,3496b04d1407bfa617b8d7e95b3dfc9a,1758416409000,sports_ranking_finish_position,contradiction
economic_or_replay,max_trades,3496b04d1407bfa617b8d7e95b3dfc9a,1758420009000,sports_ranking_finish_position,contradiction
economic_or_replay,max_trades,3496b04d1407bfa617b8d7e95b3dfc9a,1758423609000,sports_ranking_finish_position,contradiction
economic_or_replay,max_trades,3496b04d1407bfa617b8d7e95b3dfc9a,1758427209000,sports_ranking_finish_position,contradiction
economic_or_replay,max_trades,3496b04d1407bfa617b8d7e95b3dfc9a,1758430809000,sports_ranking_finish_position,contradiction
economic_or_replay,max_trades,3496b04d1407bfa617b8d7e95b3dfc9a,1758434409000,sports_ranking_finish_position,contradiction
economic_or_replay,max_trades,3496b04d1407bfa617b8d7e95b3dfc9a,1758438009000,sports_ranking_finish_position,contradiction
economic_or_replay,max_trades,3496b04d1407bfa617b8d7e95b3dfc9a,1758441609000,sports_ranking_finish_position,contradiction
economic_or_replay,max_trades,3496b04d1407bfa617b8d7e95b3dfc9a,1758445209000,sports_ranking_finish_position,contradiction
economic_or_replay,max_trades,3496b04d1407bfa617b8d7e95b3dfc9a,1758448809000,sports_ranking_finish_position,contradiction
economic_or_replay,max_trades,3496b04d1407bfa617b8d7e95b3dfc9a,1758452409000,sports_ranking_finish_position,contradiction
economic_or_replay,max_trades,3496b04d1407bfa617b8d7e95b3dfc9a,1758456009000,sports_ranking_finish_position,contradiction
economic_or_replay,max_trades,3496b04d1407bfa617b8d7e95b3dfc9a,1758459609000,sports_ranking_finish_position,contradiction
economic_or_replay,max_trades,3496b04d1407bfa617b8d7e95b3dfc9a,1758463209000,sports_ranking_finish_position,contradiction
economic_or_replay,max_trades,3496b04d1407bfa617b8d7e95b3dfc9a,1758466809000,sports_ranking_finish_position,contradiction
economic_or_replay,max_trades,3496b04d1407bfa617b8d7e95b3dfc9a,1758470409000,sports_ranking_finish_position,contradiction
economic_or_replay,max_trades,3496b04d1407bfa617b8d7e95b3dfc9a,1758474009000,sports_ranking_finish_position,contradiction
economic_or_replay,max_trades,3496b04d1407bfa617b8d7e95b3dfc9a,1758477609000,sports_ranking_finish_position,contradiction
economic_or_replay,max_trades,3496b04d1407bfa617b8d7e95b3dfc9a,1758481209000,sports_ranking_finish_position,contradiction
economic_or_replay,max_trades,3496b04d1407bfa617b8d7e95b3dfc9a,1758484809000,sports_ranking_finish_position,contradiction
economic_or_replay,max_trades,3496b04d1407bfa617b8d7e95b3dfc9a,1758488409000,sports_ranking_finish_position,contradiction
economic_or_replay,max_trades,3496b04d1407bfa617b8d7e95b3dfc9a,1758492009000,sports_ranking_finish_position,contradiction
economic_or_replay,max_trades,3496b04d1407bfa617b8d7e95b3dfc9a,1758495609000,sports_ranking_finish_position,contradiction
economic_or_replay,max_trades,3496b04d1407bfa617b8d7e95b3dfc9a,1758499209000,sports_ranking_finish_position,contradiction
economic_or_replay,max_trades,3496b04d1407bfa617b8d7e95b3dfc9a,1758502809000,sports_ranking_finish_position,contradiction
economic_or_replay,max_trades,3496b04d1407bfa617b8d7e95b3dfc9a,1758506409000,sports_ranking_finish_position,contradiction
economic_or_replay,max_trades,3496b04d1407bfa617b8d7e95b3dfc9a,1758510009000,sports_ranking_finish_position,contradiction
economic_or_replay,max_trades,3496b04d1407bfa617b8d7e95b3dfc9a,1758513609000,sports_ranking_finish_position,contradiction
economic_or_replay,max_trades,3496b04d1407bfa617b8d7e95b3dfc9a,1758517209000,sports_ranking_finish_position,contradiction
economic_or_replay,max_trades,3496b04d1407bfa617b8d7e95b3dfc9a,1758520809000,sports_ranking_finish_position,contradiction
economic_or_replay,max_trades,3496b04d1407bfa617b8d7e95b3dfc9a,1758524409000,sports_ranking_finish_position,contradiction
economic_or_replay,max_trades,3496b04d1407bfa617b8d7e95b3dfc9a,1758528009000,sports_ranking_finish_position,contradiction
economic_or_replay,max_trades,3496b04d1407bfa617b8d7e95b3dfc9a,1758531609000,sports_ranking_finish_position,contradiction
economic_or_replay,max_trades,3496b04d1407bfa617b8d7e95b3dfc9a,1758535209000,sports_ranking_finish_position,contradiction
economic_or_replay,max_trades,3496b04d1407bfa617b8d7e95b3dfc9a,1758538809000,sports_ranking_finish_position,contradiction
economic_or_replay,max_trades,3496b04d1407bfa617b8d7e95b3dfc9a,1758542409000,sports_ranking_finish_position,contradiction
economic_or_replay,max_trades,3496b04d1407bfa617b8d7e95b3dfc9a,1758546009000,sports_ranking_finish_position,contradiction
economic_or_replay,max_trades,3496b04d1407bfa617b8d7e95b3dfc9a,1758549609000,sports_ranking_finish_position,contradiction
economic_or_replay,max_trades,3496b04d1407bfa617b8d7e95b3dfc9a,1758553209000,sports_ranking_finish_position,contradiction
economic_or_replay,max_trades,3496b04d1407bfa617b8d7e95b3dfc9a,1758556809000,sports_ranking_finish_position,contradiction
economic_or_replay,max_trades,3496b04d1407bfa617b8d7e95b3dfc9a,1758560409000,sports_ranking_finish_position,contradiction
economic_or_replay,max_trades,3496b04d1407bfa617b8d7e95b3dfc9a,1758564009000,sports_ranking_finish_position,contradiction
economic_or_replay,max_trades,3496b04d1407bfa617b8d7e95b3dfc9a,1758567609000,sports_ranking_finish_position,contradiction
economic_or_replay,max_trades,3496b04d1407bfa617b8d7e95b3dfc9a,1758571209000,sports_ranking_finish_position,contradiction
economic_or_replay,max_trades,3496b04d1407bfa617b8d7e95b3dfc9a,1758574809000,sports_ranking_finish_position,contradiction
economic_or_replay,max_trades,3496b04d1407bfa617b8d7e95b3dfc9a,1758578409000,sports_ranking_finish_position,contradiction
economic_or_replay,max_trades,3496b04d1407bfa617b8d7e95b3dfc9a,1758582009000,sports_ranking_finish_position,contradiction
economic_or_replay,max_trades,3496b04d1407bfa617b8d7e95b3dfc9a,1758585609000,sports_ranking_finish_position,contradiction
economic_or_replay,max_trades,3496b04d1407bfa617b8d7e95b3dfc9a,1758589209000,sports_ranking_finish_position,contradiction
economic_or_replay,max_trades,3496b04d1407bfa617b8d7e95b3dfc9a,1758592809000,sports_ranking_finish_position,contradiction
economic_or_replay,max_trades,3496b04d1407bfa617b8d7e95b3dfc9a,1758596409000,sports_ranking_finish_position,contradiction
economic_or_replay,max_trades,3496b04d1407bfa617b8d7e95b3dfc9a,1758600009000,sports_ranking_finish_position,contradiction
economic_or_replay,max_trades,3496b04d1407bfa617b8d7e95b3dfc9a,1758603609000,sports_ranking_finish_position,contradiction
economic_or_replay,max_trades,3496b04d1407bfa617b8d7e95b3dfc9a,1758607209000,sports_ranking_finish_position,contradiction
economic_or_replay,max_trades,3496b04d1407bfa617b8d7e95b3dfc9a,1758610809000,sports_ranking_finish_position,contradiction
economic_or_replay,max_trades,3496b04d1407bfa617b8d7e95b3dfc9a,1758614409000,sports_ranking_finish_position,contradiction
economic_or_replay,max_trades,3496b04d1407bfa617b8d7e95b3dfc9a,1758618009000,sports_ranking_finish_position,contradiction
economic_or_replay,max_trades,3496b04d1407bfa617b8d7e95b3dfc9a,1758621609000,sports_ranking_finish_position,contradiction
economic_or_replay,max_trades,3496b04d1407bfa617b8d7e95b3dfc9a,1758625209000,sports_ranking_finish_position,contradiction
economic_or_replay,max_trades,3496b04d1407bfa617b8d7e95b3dfc9a,1758628809000,sports_ranking_finish_position,contradiction
economic_or_replay,max_trades,3496b04d1407bfa617b8d7e95b3dfc9a,1758632409000,sports_ranking_finish_position,contradiction
economic_or_replay,max_trades,3496b04d1407bfa617b8d7e95b3dfc9a,1758636009000,sports_ranking_finish_position,contradiction
economic_or_replay,max_trades,3496b04d1407bfa617b8d7e95b3dfc9a,1758639609000,sports_ranking_finish_position,contradiction
economic_or_replay,max_trades,3496b04d1407bfa617b8d7e95b3dfc9a,1758643209000,sports_ranking_finish_position,contradiction
economic_or_replay,max_trades,3496b04d1407bfa617b8d7e95b3dfc9a,1758646809000,sports_ranking_finish_position,contradiction
economic_or_replay,max_trades,3496b04d1407bfa617b8d7e95b3dfc9a,1758650409000,sports_ranking_finish_position,contradiction
economic_or_replay,max_trades,3496b04d1407bfa617b8d7e95b3dfc9a,1758654009000,sports_ranking_finish_position,contradiction
economic_or_replay,max_trades,3496b04d1407bfa617b8d7e95b3dfc9a,1758657609000,sports_ranking_finish_position,contradiction
economic_or_replay,max_trades,3496b04d1407bfa617b8d7e95b3dfc9a,1758661209000,sports_ranking_finish_position,contradiction
economic_or_replay,max_trades,3496b04d1407bfa617b8d7e95b3dfc9a,1758664809000,sports_ranking_finish_position,contradiction
economic_or_replay,max_trades,3496b04d1407bfa617b8d7e95b3dfc9a,1758668409000,sports_ranking_finish_position,contradiction
economic_or_replay,max_trades,3496b04d1407bfa617b8d7e95b3dfc9a,1758672009000,sports_ranking_finish_position,contradiction
economic_or_replay,max_trades,3496b04d1407bfa617b8d7e95b3dfc9a,1758675609000,sports_ranking_finish_position,contradiction
economic_or_replay,max_trades,3496b04d1407bfa617b8d7e95b3dfc9a,1758679209000,sports_ranking_finish_position,contradiction
economic_or_replay,max_trades,3496b04d1407bfa617b8d7e95b3dfc9a,1758682809000,sports_ranking_finish_position,contradiction
economic_or_replay,max_trades,3496b04d1407bfa617b8d7e95b3dfc9a,1758686409000,sports_ranking_finish_position,contradiction
economic_or_replay,max_trades,3496b04d1407bfa617b8d7e95b3dfc9a,1758690009000,sports_ranking_finish_position,contradiction
economic_or_replay,max_trades,3496b04d1407bfa617b8d7e95b3dfc9a,1758693609000,sports_ranking_finish_position,contradiction
economic_or_replay,max_trades,3496b04d1407bfa617b8d7e95b3dfc9a,1758697209000,sports_ranking_finish_position,contradiction
economic_or_replay,max_trades,3496b04d1407bfa617b8d7e95b3dfc9a,1758700809000,sports_ranking_finish_position,contradiction
economic_or_replay,max_trades,3496b04d1407bfa617b8d7e95b3dfc9a,1758704409000,sports_ranking_finish_position,contradiction
economic_or_replay,max_trades,3496b04d1407bfa617b8d7e95b3dfc9a,1758708009000,sports_ranking_finish_position,contradiction
economic_or_replay,max_trades,3496b04d1407bfa617b8d7e95b3dfc9a,1758711609000,sports_ranking_finish_position,contradiction
economic_or_replay,max_trades,3496b04d1407bfa617b8d7e95b3dfc9a,1758715209000,sports_ranking_finish_position,contradiction
economic_or_replay,max_trades,3496b04d1407bfa617b8d7e95b3dfc9a,1758718809000,sports_ranking_finish_position,contradiction
economic_or_replay,max_trades,3496b04d1407bfa617b8d7e95b3dfc9a,1758722409000,sports_ranking_finish_position,contradiction
economic_or_replay,max_trades,3496b04d1407bfa617b8d7e95b3dfc9a,1758726009000,sports_ranking_finish_position,contradiction
economic_or_replay,max_trades,3496b04d1407bfa617b8d7e95b3dfc9a,1758729609000,sports_ranking_finish_position,contradiction
economic_or_replay,max_trades,3496b04d1407bfa617b8d7e95b3dfc9a,1758733209000,sports_ranking_finish_position,contradiction
economic_or_replay,max_trades,3496b04d1407bfa617b8d7e95b3dfc9a,1758736809000,sports_ranking_finish_position,contradiction
economic_or_replay,max_trades,3496b04d1407bfa617b8d7e95b3dfc9a,1758740409000,sports_ranking_finish_position,contradiction
economic_or_replay,max_trades,3496b04d1407bfa617b8d7e95b3dfc9a,1758744009000,sports_ranking_finish_position,contradiction
economic_or_replay,max_trades,3496b04d1407bfa617b8d7e95b3dfc9a,1758747609000,sports_ranking_finish_position,contradiction
economic_or_replay,max_trades,3496b04d1407bfa617b8d7e95b3dfc9a,1758751209000,sports_ranking_finish_position,contradiction
economic_or_replay,max_trades,3496b04d1407bfa617b8d7e95b3dfc9a,1758754809000,sports_ranking_finish_position,contradiction
economic_or_replay,max_trades,3496b04d1407bfa617b8d7e95b3dfc9a,1758758409000,sports_ranking_finish_position,contradiction
economic_or_replay,max_trades,3496b04d1407bfa617b8d7e95b3dfc9a,1758762009000,sports_ranking_finish_position,contradiction
economic_or_replay,max_trades,3496b04d1407bfa617b8d7e95b3dfc9a,1758765609000,sports_ranking_finish_position,contradiction
economic_or_replay,max_trades,3496b04d1407bfa617b8d7e95b3dfc9a,1758769209000,sports_ranking_finish_position,contradiction
economic_or_replay,max_trades,3496b04d1407bfa617b8d7e95b3dfc9a,1758772809000,sports_ranking_finish_position,contradiction
economic_or_replay,max_trades,3496b04d1407bfa617b8d7e95b3dfc9a,1758776409000,sports_ranking_finish_position,contradiction
economic_or_replay,max_trades,3496b04d1407bfa617b8d7e95b3dfc9a,1758780009000,sports_ranking_finish_position,contradiction
economic_or_replay,max_trades,3496b04d1407bfa617b8d7e95b3dfc9a,1758783609000,sports_ranking_finish_position,contradiction
economic_or_replay,max_trades,3496b04d1407bfa617b8d7e95b3dfc9a,1758787209000,sports_ranking_finish_position,contradiction
economic_or_replay,max_trades,3496b04d1407bfa617b8d7e95b3dfc9a,1758790809000,sports_ranking_finish_position,contradiction
economic_or_replay,max_trades,3496b04d1407bfa617b8d7e95b3dfc9a,1758794409000,sports_ranking_finish_position,contradiction
economic_or_replay,max_trades,3496b04d1407bfa617b8d7e95b3dfc9a,1758798009000,sports_ranking_finish_position,contradiction
economic_or_replay,max_trades,3496b04d1407bfa617b8d7e95b3dfc9a,1758801609000,sports_ranking_finish_position,contradiction
economic_or_replay,max_trades,3496b04d1407bfa617b8d7e95b3dfc9a,1758805209000,sports_ranking_finish_position,contradiction
economic_or_replay,max_trades,3496b04d1407bfa617b8d7e95b3dfc9a,1758808809000,sports_ranking_finish_position,contradiction
economic_or_replay,max_trades,3496b04d1407bfa617b8d7e95b3dfc9a,1758812409000,sports_ranking_finish_position,contradiction
economic_or_replay,max_trades,3496b04d1407bfa617b8d7e95b3dfc9a,1758816009000,sports_ranking_finish_position,contradiction
economic_or_replay,max_trades,3496b04d1407bfa617b8d7e95b3dfc9a,1758819609000,sports_ranking_finish_position,contradiction
economic_or_replay,max_trades,3496b04d1407bfa617b8d7e95b3dfc9a,1758823209000,sports_ranking_finish_position,contradiction
economic_or_replay,max_trades,3496b04d1407bfa617b8d7e95b3dfc9a,1758826809000,sports_ranking_finish_position,contradiction
economic_or_replay,max_trades,3496b04d1407bfa617b8d7e95b3dfc9a,1758830409000,sports_ranking_finish_position,contradiction
economic_or_replay,max_trades,3496b04d1407bfa617b8d7e95b3dfc9a,1758834009000,sports_ranking_finish_position,contradiction
economic_or_replay,max_trades,3496b04d1407bfa617b8d7e95b3dfc9a,1758837609000,sports_ranking_finish_position,contradiction
economic_or_replay,max_trades,3496b04d1407bfa617b8d7e95b3dfc9a,1758841209000,sports_ranking_finish_position,contradiction
economic_or_replay,max_trades,3496b04d1407bfa617b8d7e95b3dfc9a,1758844809000,sports_ranking_finish_position,contradiction
economic_or_replay,max_trades,3496b04d1407bfa617b8d7e95b3dfc9a,1758848409000,sports_ranking_finish_position,contradiction
economic_or_replay,max_trades,3496b04d1407bfa617b8d7e95b3dfc9a,1758852009000,sports_ranking_finish_position,contradiction
economic_or_replay,max_trades,3496b04d1407bfa617b8d7e95b3dfc9a,1758855609000,sports_ranking_finish_position,contradiction
economic_or_replay,max_trades,3496b04d1407bfa617b8d7e95b3dfc9a,1758859209000,sports_ranking_finish_position,contradiction
economic_or_replay,max_trades,3496b04d1407bfa617b8d7e95b3dfc9a,1758862809000,sports_ranking_finish_position,contradiction
economic_or_replay,max_trades,3496b04d1407bfa617b8d7e95b3dfc9a,1758866409000,sports_ranking_finish_position,contradiction
economic_or_replay,max_trades,3496b04d1407bfa617b8d7e95b3dfc9a,1758870009000,sports_ranking_finish_position,contradiction
economic_or_replay,max_trades,3496b04d1407bfa617b8d7e95b3dfc9a,1758873609000,sports_ranking_finish_position,contradiction
economic_or_replay,max_trades,3496b04d1407bfa617b8d7e95b3dfc9a,1758877209000,sports_ranking_finish_position,contradiction
economic_or_replay,max_trades,3496b04d1407bfa617b8d7e95b3dfc9a,1758880809000,sports_ranking_finish_position,contradiction
economic_or_replay,max_trades,3496b04d1407bfa617b8d7e95b3dfc9a,1758884409000,sports_ranking_finish_position,contradiction
economic_or_replay,max_trades,3496b04d1407bfa617b8d7e95b3dfc9a,1758888009000,sports_ranking_finish_position,contradiction
economic_or_replay,max_trades,3496b04d1407bfa617b8d7e95b3dfc9a,1758891609000,sports_ranking_finish_position,contradiction
economic_or_replay,max_trades,3496b04d1407bfa617b8d7e95b3dfc9a,1758895209000,sports_ranking_finish_position,contradiction
economic_or_replay,max_trades,3496b04d1407bfa617b8d7e95b3dfc9a,1758898809000,sports_ranking_finish_position,contradiction
economic_or_replay,max_trades,3496b04d1407bfa617b8d7e95b3dfc9a,1758902409000,sports_ranking_finish_position,contradiction
economic_or_replay,max_trades,3496b04d1407bfa617b8d7e95b3dfc9a,1758906009000,sports_ranking_finish_position,contradiction
economic_or_replay,max_trades,3496b04d1407bfa617b8d7e95b3dfc9a,1758909609000,sports_ranking_finish_position,contradiction
economic_or_replay,max_trades,3496b04d1407bfa617b8d7e95b3dfc9a,1758913209000,sports_ranking_finish_position,contradiction
economic_or_replay,max_trades,3496b04d1407bfa617b8d7e95b3dfc9a,1758916809000,sports_ranking_finish_position,contradiction
economic_or_replay,max_trades,3496b04d1407bfa617b8d7e95b3dfc9a,1758920409000,sports_ranking_finish_position,contradiction
economic_or_replay,max_trades,3496b04d1407bfa617b8d7e95b3dfc9a,1758924009000,sports_ranking_finish_position,contradiction
economic_or_replay,max_trades,3496b04d1407bfa617b8d7e95b3dfc9a,1758927609000,sports_ranking_finish_position,contradiction
economic_or_replay,max_trades,3496b04d1407bfa617b8d7e95b3dfc9a,1758931209000,sports_ranking_finish_position,contradiction
economic_or_replay,max_trades,3496b04d1407bfa617b8d7e95b3dfc9a,1758934809000,sports_ranking_finish_position,contradiction
economic_or_replay,max_trades,3496b04d1407bfa617b8d7e95b3dfc9a,1758938409000,sports_ranking_finish_position,contradiction
economic_or_replay,max_trades,3496b04d1407bfa617b8d7e95b3dfc9a,1758942009000,sports_ranking_finish_position,contradiction
economic_or_replay,max_trades,3496b04d1407bfa617b8d7e95b3dfc9a,1758945609000,sports_ranking_finish_position,contradiction
economic_or_replay,max_trades,3496b04d1407bfa617b8d7e95b3dfc9a,1758949209000,sports_ranking_finish_position,contradiction
economic_or_replay,max_trades,3496b04d1407bfa617b8d7e95b3dfc9a,1758952809000,sports_ranking_finish_position,contradiction
economic_or_replay,max_trades,3496b04d1407bfa617b8d7e95b3dfc9a,1758956409000,sports_ranking_finish_position,contradiction
economic_or_replay,max_trades,3496b04d1407bfa617b8d7e95b3dfc9a,1758960009000,sports_ranking_finish_position,contradiction
economic_or_replay,max_trades,3496b04d1407bfa617b8d7e95b3dfc9a,1758963609000,sports_ranking_finish_position,contradiction
economic_or_replay,max_trades,3496b04d1407bfa617b8d7e95b3dfc9a,1758967209000,sports_ranking_finish_position,contradiction
economic_or_replay,max_trades,3496b04d1407bfa617b8d7e95b3dfc9a,1758970809000,sports_ranking_finish_position,contradiction
economic_or_replay,max_trades,3496b04d1407bfa617b8d7e95b3dfc9a,1758974409000,sports_ranking_finish_position,contradiction
economic_or_replay,max_trades,3496b04d1407bfa617b8d7e95b3dfc9a,1758978009000,sports_ranking_finish_position,contradiction
economic_or_replay,max_trades,3496b04d1407bfa617b8d7e95b3dfc9a,1758981609000,sports_ranking_finish_position,contradiction
economic_or_replay,max_trades,3496b04d1407bfa617b8d7e95b3dfc9a,1758985209000,sports_ranking_finish_position,contradiction
economic_or_replay,max_trades,3496b04d1407bfa617b8d7e95b3dfc9a,1758988809000,sports_ranking_finish_position,contradiction
economic_or_replay,max_trades,3496b04d1407bfa617b8d7e95b3dfc9a,1758992409000,sports_ranking_finish_position,contradiction
economic_or_replay,max_trades,3496b04d1407bfa617b8d7e95b3dfc9a,1758996009000,sports_ranking_finish_position,contradiction
economic_or_replay,max_trades,3496b04d1407bfa617b8d7e95b3dfc9a,1758999609000,sports_ranking_finish_position,contradiction
economic_or_replay,max_trades,3496b04d1407bfa617b8d7e95b3dfc9a,1759003209000,sports_ranking_finish_position,contradiction
economic_or_replay,max_trades,3496b04d1407bfa617b8d7e95b3dfc9a,1759006809000,sports_ranking_finish_position,contradiction
economic_or_replay,max_trades,3496b04d1407bfa617b8d7e95b3dfc9a,1759010409000,sports_ranking_finish_position,contradiction
economic_or_replay,max_trades,3496b04d1407bfa617b8d7e95b3dfc9a,1759014009000,sports_ranking_finish_position,contradiction
economic_or_replay,max_trades,3496b04d1407bfa617b8d7e95b3dfc9a,1759017609000,sports_ranking_finish_position,contradiction
economic_or_replay,max_trades,3496b04d1407bfa617b8d7e95b3dfc9a,1759021209000,sports_ranking_finish_position,contradiction
economic_or_replay,max_trades,3496b04d1407bfa617b8d7e95b3dfc9a,1759024809000,sports_ranking_finish_position,contradiction
economic_or_replay,max_trades,3496b04d1407bfa617b8d7e95b3dfc9a,1759028409000,sports_ranking_finish_position,contradiction
economic_or_replay,max_trades,3496b04d1407bfa617b8d7e95b3dfc9a,1759032009000,sports_ranking_finish_position,contradiction
economic_or_replay,max_trades,3496b04d1407bfa617b8d7e95b3dfc9a,1759035609000,sports_ranking_finish_position,contradiction
economic_or_replay,max_trades,3496b04d1407bfa617b8d7e95b3dfc9a,1759039209000,sports_ranking_finish_position,contradiction
economic_or_replay,max_trades,3496b04d1407bfa617b8d7e95b3dfc9a,1759042809000,sports_ranking_finish_position,contradiction
economic_or_replay,max_trades,3496b04d1407bfa617b8d7e95b3dfc9a,1759046409000,sports_ranking_finish_position,contradiction
economic_or_replay,max_trades,3496b04d1407bfa617b8d7e95b3dfc9a,1759050009000,sports_ranking_finish_position,contradiction
economic_or_replay,max_trades,3496b04d1407bfa617b8d7e95b3dfc9a,1759053609000,sports_ranking_finish_position,contradiction
economic_or_replay,max_trades,3496b04d1407bfa617b8d7e95b3dfc9a,1759057209000,sports_ranking_finish_position,contradiction
economic_or_replay,max_trades,3496b04d1407bfa617b8d7e95b3dfc9a,1759060809000,sports_ranking_finish_position,contradiction
economic_or_replay,max_trades,3496b04d1407bfa617b8d7e95b3dfc9a,1759064409000,sports_ranking_finish_position,contradiction
economic_or_replay,max_trades,3496b04d1407bfa617b8d7e95b3dfc9a,1759068009000,sports_ranking_finish_position,contradiction
economic_or_replay,max_trades,3496b04d1407bfa617b8d7e95b3dfc9a,1759071609000,sports_ranking_finish_position,contradiction
economic_or_replay,max_trades,3496b04d1407bfa617b8d7e95b3dfc9a,1759075209000,sports_ranking_finish_position,contradiction
economic_or_replay,max_trades,3496b04d1407bfa617b8d7e95b3dfc9a,1759078809000,sports_ranking_finish_position,contradiction
economic_or_replay,max_trades,3496b04d1407bfa617b8d7e95b3dfc9a,1759082409000,sports_ranking_finish_position,contradiction
economic_or_replay,max_trades,3496b04d1407bfa617b8d7e95b3dfc9a,1759086009000,sports_ranking_finish_position,contradiction
economic_or_replay,max_trades,3496b04d1407bfa617b8d7e95b3dfc9a,1759089609000,sports_ranking_finish_position,contradiction
economic_or_replay,max_trades,3496b04d1407bfa617b8d7e95b3dfc9a,1759093209000,sports_ranking_finish_position,contradiction
economic_or_replay,max_trades,3496b04d1407bfa617b8d7e95b3dfc9a,1759096809000,sports_ranking_finish_position,contradiction
economic_or_replay,max_trades,3496b04d1407bfa617b8d7e95b3dfc9a,1759100409000,sports_ranking_finish_position,contradiction
economic_or_replay,max_trades,3496b04d1407bfa617b8d7e95b3dfc9a,1759104009000,sports_ranking_finish_position,contradiction
economic_or_replay,max_trades,3496b04d1407bfa617b8d7e95b3dfc9a,1759107609000,sports_ranking_finish_position,contradiction
economic_or_replay,max_trades,3496b04d1407bfa617b8d7e95b3dfc9a,1759111209000,sports_ranking_finish_position,contradiction
economic_or_replay,max_trades,3496b04d1407bfa617b8d7e95b3dfc9a,1759114809000,sports_ranking_finish_position,contradiction
economic_or_replay,max_trades,3496b04d1407bfa617b8d7e95b3dfc9a,1759118409000,sports_ranking_finish_position,contradiction
economic_or_replay,max_trades,3496b04d1407bfa617b8d7e95b3dfc9a,1759122009000,sports_ranking_finish_position,contradiction
economic_or_replay,max_trades,3496b04d1407bfa617b8d7e95b3dfc9a,1759125609000,sports_ranking_finish_position,contradiction
economic_or_replay,max_trades,3496b04d1407bfa617b8d7e95b3dfc9a,1759129209000,sports_ranking_finish_position,contradiction
economic_or_replay,max_trades,3496b04d1407bfa617b8d7e95b3dfc9a,1759132809000,sports_ranking_finish_position,contradiction
economic_or_replay,max_trades,3496b04d1407bfa617b8d7e95b3dfc9a,1759136409000,sports_ranking_finish_position,contradiction
economic_or_replay,max_trades,3496b04d1407bfa617b8d7e95b3dfc9a,1759140009000,sports_ranking_finish_position,contradiction
economic_or_replay,max_trades,3496b04d1407bfa617b8d7e95b3dfc9a,1759143609000,sports_ranking_finish_position,contradiction
economic_or_replay,max_trades,3496b04d1407bfa617b8d7e95b3dfc9a,1759147209000,sports_ranking_finish_position,contradiction
economic_or_replay,max_trades,3496b04d1407bfa617b8d7e95b3dfc9a,1759150809000,sports_ranking_finish_position,contradiction
economic_or_replay,max_trades,3496b04d1407bfa617b8d7e95b3dfc9a,1759154409000,sports_ranking_finish_position,contradiction
economic_or_replay,max_trades,3496b04d1407bfa617b8d7e95b3dfc9a,1759158009000,sports_ranking_finish_position,contradiction
economic_or_replay,max_trades,3496b04d1407bfa617b8d7e95b3dfc9a,1759161609000,sports_ranking_finish_position,contradiction
economic_or_replay,max_trades,3496b04d1407bfa617b8d7e95b3dfc9a,1759165209000,sports_ranking_finish_position,contradiction
economic_or_replay,max_trades,3496b04d1407bfa617b8d7e95b3dfc9a,1759168809000,sports_ranking_finish_position,contradiction
economic_or_replay,max_trades,3496b04d1407bfa617b8d7e95b3dfc9a,1759172409000,sports_ranking_finish_position,contradiction
economic_or_replay,max_trades,3496b04d1407bfa617b8d7e95b3dfc9a,1759176009000,sports_ranking_finish_position,contradiction
economic_or_replay,max_trades,3496b04d1407bfa617b8d7e95b3dfc9a,1759179609000,sports_ranking_finish_position,contradiction
economic_or_replay,max_trades,3496b04d1407bfa617b8d7e95b3dfc9a,1759183209000,sports_ranking_finish_position,contradiction
economic_or_replay,max_trades,3496b04d1407bfa617b8d7e95b3dfc9a,1759186809000,sports_ranking_finish_position,contradiction
economic_or_replay,max_trades,3496b04d1407bfa617b8d7e95b3dfc9a,1759190409000,sports_ranking_finish_position,contradiction
economic_or_replay,max_trades,3496b04d1407bfa617b8d7e95b3dfc9a,1759194009000,sports_ranking_finish_position,contradiction
economic_or_replay,max_trades,3496b04d1407bfa617b8d7e95b3dfc9a,1759197609000,sports_ranking_finish_position,contradiction
economic_or_replay,max_trades,3496b04d1407bfa617b8d7e95b3dfc9a,1759201209000,sports_ranking_finish_position,contradiction
economic_or_replay,max_trades,3496b04d1407bfa617b8d7e95b3dfc9a,1759204809000,sports_ranking_finish_position,contradiction
economic_or_replay,max_trades,3496b04d1407bfa617b8d7e95b3dfc9a,1759208409000,sports_ranking_finish_position,contradiction
economic_or_replay,max_trades,3496b04d1407bfa617b8d7e95b3dfc9a,1759212009000,sports_ranking_finish_position,contradiction
economic_or_replay,max_trades,3496b04d1407bfa617b8d7e95b3dfc9a,1759215609000,sports_ranking_finish_position,contradiction
economic_or_replay,max_trades,3496b04d1407bfa617b8d7e95b3dfc9a,1759219209000,sports_ranking_finish_position,contradiction
economic_or_replay,max_trades,3496b04d1407bfa617b8d7e95b3dfc9a,1759222809000,sports_ranking_finish_position,contradiction
economic_or_replay,max_trades,3496b04d1407bfa617b8d7e95b3dfc9a,1759226409000,sports_ranking_finish_position,contradiction
economic_or_replay,max_trades,3496b04d1407bfa617b8d7e95b3dfc9a,1759230009000,sports_ranking_finish_position,contradiction
economic_or_replay,max_trades,3496b04d1407bfa617b8d7e95b3dfc9a,1759233609000,sports_ranking_finish_position,contradiction
economic_or_replay,max_trades,3496b04d1407bfa617b8d7e95b3dfc9a,1759237209000,sports_ranking_finish_position,contradiction
economic_or_replay,max_trades,3496b04d1407bfa617b8d7e95b3dfc9a,1759240809000,sports_ranking_finish_position,contradiction
economic_or_replay,max_trades,3496b04d1407bfa617b8d7e95b3dfc9a,1759244409000,sports_ranking_finish_position,contradiction
economic_or_replay,max_trades,3496b04d1407bfa617b8d7e95b3dfc9a,1759248009000,sports_ranking_finish_position,contradiction
economic_or_replay,max_trades,3496b04d1407bfa617b8d7e95b3dfc9a,1759251609000,sports_ranking_finish_position,contradiction
economic_or_replay,max_trades,3496b04d1407bfa617b8d7e95b3dfc9a,1759255209000,sports_ranking_finish_position,contradiction
economic_or_replay,max_trades,3496b04d1407bfa617b8d7e95b3dfc9a,1759258809000,sports_ranking_finish_position,contradiction
economic_or_replay,max_trades,3496b04d1407bfa617b8d7e95b3dfc9a,1759262409000,sports_ranking_finish_position,contradiction
economic_or_replay,max_trades,3496b04d1407bfa617b8d7e95b3dfc9a,1759266009000,sports_ranking_finish_position,contradiction
economic_or_replay,max_trades,3496b04d1407bfa617b8d7e95b3dfc9a,1759269609000,sports_ranking_finish_position,contradiction
economic_or_replay,max_trades,3496b04d1407bfa617b8d7e95b3dfc9a,1759273209000,sports_ranking_finish_position,contradiction
economic_or_replay,max_trades,3496b04d1407bfa617b8d7e95b3dfc9a,1759276809000,sports_ranking_finish_position,contradiction
economic_or_replay,max_trades,3496b04d1407bfa617b8d7e95b3dfc9a,1759280409000,sports_ranking_finish_position,contradiction
economic_or_replay,max_trades,3496b04d1407bfa617b8d7e95b3dfc9a,1759284009000,sports_ranking_finish_position,contradiction
economic_or_replay,max_trades,3496b04d1407bfa617b8d7e95b3dfc9a,1759287609000,sports_ranking_finish_position,contradiction
economic_or_replay,max_trades,3496b04d1407bfa617b8d7e95b3dfc9a,1759291209000,sports_ranking_finish_position,contradiction
economic_or_replay,max_trades,3496b04d1407bfa617b8d7e95b3dfc9a,1759294809000,sports_ranking_finish_position,contradiction
economic_or_replay,max_trades,3496b04d1407bfa617b8d7e95b3dfc9a,1759298409000,sports_ranking_finish_position,contradiction
economic_or_replay,max_trades,3496b04d1407bfa617b8d7e95b3dfc9a,1759302009000,sports_ranking_finish_position,contradiction
economic_or_replay,max_trades,3496b04d1407bfa617b8d7e95b3dfc9a,1759305609000,sports_ranking_finish_position,contradiction
economic_or_replay,max_trades,3496b04d1407bfa617b8d7e95b3dfc9a,1759309209000,sports_ranking_finish_position,contradiction
economic_or_replay,max_trades,3496b04d1407bfa617b8d7e95b3dfc9a,1759312809000,sports_ranking_finish_position,contradiction
economic_or_replay,max_trades,3496b04d1407bfa617b8d7e95b3dfc9a,1759316409000,sports_ranking_finish_position,contradiction
economic_or_replay,max_trades,3496b04d1407bfa617b8d7e95b3dfc9a,1759320009000,sports_ranking_finish_position,contradiction
economic_or_replay,max_trades,3496b04d1407bfa617b8d7e95b3dfc9a,1759323609000,sports_ranking_finish_position,contradiction
economic_or_replay,max_trades,3496b04d1407bfa617b8d7e95b3dfc9a,1759327209000,sports_ranking_finish_position,contradiction
economic_or_replay,max_trades,3496b04d1407bfa617b8d7e95b3dfc9a,1759330809000,sports_ranking_finish_position,contradiction
economic_or_replay,max_trades,3496b04d1407bfa617b8d7e95b3dfc9a,1759334409000,sports_ranking_finish_position,contradiction
economic_or_replay,max_trades,3496b04d1407bfa617b8d7e95b3dfc9a,1759338009000,sports_ranking_finish_position,contradiction
economic_or_replay,max_trades,3496b04d1407bfa617b8d7e95b3dfc9a,1759341609000,sports_ranking_finish_position,contradiction
economic_or_replay,max_trades,3496b04d1407bfa617b8d7e95b3dfc9a,1759345209000,sports_ranking_finish_position,contradiction
economic_or_replay,max_trades,3496b04d1407bfa617b8d7e95b3dfc9a,1759348809000,sports_ranking_finish_position,contradiction
economic_or_replay,max_trades,3496b04d1407bfa617b8d7e95b3dfc9a,1759352409000,sports_ranking_finish_position,contradiction
economic_or_replay,max_trades,3496b04d1407bfa617b8d7e95b3dfc9a,1759356009000,sports_ranking_finish_position,contradiction
economic_or_replay,max_trades,3496b04d1407bfa617b8d7e95b3dfc9a,1759359609000,sports_ranking_finish_position,contradiction
economic_or_replay,max_trades,3496b04d1407bfa617b8d7e95b3dfc9a,1759363209000,sports_ranking_finish_position,contradiction
economic_or_replay,max_trades,3496b04d1407bfa617b8d7e95b3dfc9a,1759366809000,sports_ranking_finish_position,contradiction
economic_or_replay,max_trades,3496b04d1407bfa617b8d7e95b3dfc9a,1759370409000,sports_ranking_finish_position,contradiction
economic_or_replay,max_trades,3496b04d1407bfa617b8d7e95b3dfc9a,1759374009000,sports_ranking_finish_position,contradiction
economic_or_replay,max_trades,3496b04d1407bfa617b8d7e95b3dfc9a,1759377609000,sports_ranking_finish_position,contradiction
economic_or_replay,max_trades,3496b04d1407bfa617b8d7e95b3dfc9a,1759381209000,sports_ranking_finish_position,contradiction
economic_or_replay,max_trades,3496b04d1407bfa617b8d7e95b3dfc9a,1759384809000,sports_ranking_finish_position,contradiction
economic_or_replay,max_trades,3496b04d1407bfa617b8d7e95b3dfc9a,1759388409000,sports_ranking_finish_position,contradiction
economic_or_replay,max_trades,3496b04d1407bfa617b8d7e95b3dfc9a,1759392009000,sports_ranking_finish_position,contradiction
economic_or_replay,max_trades,3496b04d1407bfa617b8d7e95b3dfc9a,1759395609000,sports_ranking_finish_position,contradiction
economic_or_replay,max_trades,3496b04d1407bfa617b8d7e95b3dfc9a,1759399209000,sports_ranking_finish_position,contradiction
economic_or_replay,max_trades,3496b04d1407bfa617b8d7e95b3dfc9a,1759402809000,sports_ranking_finish_position,contradiction
economic_or_replay,max_trades,3496b04d1407bfa617b8d7e95b3dfc9a,1759406409000,sports_ranking_finish_position,contradiction
economic_or_replay,max_trades,3496b04d1407bfa617b8d7e95b3dfc9a,1759410009000,sports_ranking_finish_position,contradiction
economic_or_replay,max_trades,3496b04d1407bfa617b8d7e95b3dfc9a,1759413609000,sports_ranking_finish_position,contradiction
economic_or_replay,max_trades,3496b04d1407bfa617b8d7e95b3dfc9a,1759417209000,sports_ranking_finish_position,contradiction
economic_or_replay,max_trades,3496b04d1407bfa617b8d7e95b3dfc9a,1759420809000,sports_ranking_finish_position,contradiction
economic_or_replay,max_trades,3496b04d1407bfa617b8d7e95b3dfc9a,1759424409000,sports_ranking_finish_position,contradiction
economic_or_replay,max_trades,3496b04d1407bfa617b8d7e95b3dfc9a,1759428009000,sports_ranking_finish_position,contradiction
economic_or_replay,max_trades,3496b04d1407bfa617b8d7e95b3dfc9a,1759431609000,sports_ranking_finish_position,contradiction
economic_or_replay,max_trades,3496b04d1407bfa617b8d7e95b3dfc9a,1759435209000,sports_ranking_finish_position,contradiction
economic_or_replay,max_trades,3496b04d1407bfa617b8d7e95b3dfc9a,1759438809000,sports_ranking_finish_position,contradiction
economic_or_replay,max_trades,3496b04d1407bfa617b8d7e95b3dfc9a,1759442409000,sports_ranking_finish_position,contradiction
economic_or_replay,max_trades,3496b04d1407bfa617b8d7e95b3dfc9a,1759446009000,sports_ranking_finish_position,contradiction
economic_or_replay,max_trades,3496b04d1407bfa617b8d7e95b3dfc9a,1759449609000,sports_ranking_finish_position,contradiction
economic_or_replay,max_trades,3496b04d1407bfa617b8d7e95b3dfc9a,1759453209000,sports_ranking_finish_position,contradiction
economic_or_replay,max_trades,3496b04d1407bfa617b8d7e95b3dfc9a,1759456809000,sports_ranking_finish_position,contradiction
economic_or_replay,max_trades,3496b04d1407bfa617b8d7e95b3dfc9a,1759460409000,sports_ranking_finish_position,contradiction
economic_or_replay,max_trades,3496b04d1407bfa617b8d7e95b3dfc9a,1759464009000,sports_ranking_finish_position,contradiction
economic_or_replay,max_trades,3496b04d1407bfa617b8d7e95b3dfc9a,1759467609000,sports_ranking_finish_position,contradiction
economic_or_replay,max_trades,3496b04d1407bfa617b8d7e95b3dfc9a,1759471209000,sports_ranking_finish_position,contradiction
economic_or_replay,max_trades,3496b04d1407bfa617b8d7e95b3dfc9a,1759474809000,sports_ranking_finish_position,contradiction
economic_or_replay,max_trades,3496b04d1407bfa617b8d7e95b3dfc9a,1759478409000,sports_ranking_finish_position,contradiction
economic_or_replay,max_trades,3496b04d1407bfa617b8d7e95b3dfc9a,1759482009000,sports_ranking_finish_position,contradiction
economic_or_replay,max_trades,3496b04d1407bfa617b8d7e95b3dfc9a,1759485609000,sports_ranking_finish_position,contradiction
economic_or_replay,max_trades,3496b04d1407bfa617b8d7e95b3dfc9a,1759489209000,sports_ranking_finish_position,contradiction
economic_or_replay,max_trades,3496b04d1407bfa617b8d7e95b3dfc9a,1759492809000,sports_ranking_finish_position,contradiction
economic_or_replay,max_trades,3496b04d1407bfa617b8d7e95b3dfc9a,1759496409000,sports_ranking_finish_position,contradiction
economic_or_replay,max_trades,3496b04d1407bfa617b8d7e95b3dfc9a,1759500009000,sports_ranking_finish_position,contradiction
economic_or_replay,max_trades,3496b04d1407bfa617b8d7e95b3dfc9a,1759503609000,sports_ranking_finish_position,contradiction
economic_or_replay,max_trades,3496b04d1407bfa617b8d7e95b3dfc9a,1759507209000,sports_ranking_finish_position,contradiction
economic_or_replay,max_trades,3496b04d1407bfa617b8d7e95b3dfc9a,1759510809000,sports_ranking_finish_position,contradiction
economic_or_replay,max_trades,3496b04d1407bfa617b8d7e95b3dfc9a,1759514409000,sports_ranking_finish_position,contradiction
economic_or_replay,max_trades,3496b04d1407bfa617b8d7e95b3dfc9a,1759518009000,sports_ranking_finish_position,contradiction
economic_or_replay,max_trades,3496b04d1407bfa617b8d7e95b3dfc9a,1759521609000,sports_ranking_finish_position,contradiction
economic_or_replay,max_trades,3496b04d1407bfa617b8d7e95b3dfc9a,1759525209000,sports_ranking_finish_position,contradiction
economic_or_replay,max_trades,3496b04d1407bfa617b8d7e95b3dfc9a,1759528809000,sports_ranking_finish_position,contradiction
economic_or_replay,max_trades,3496b04d1407bfa617b8d7e95b3dfc9a,1759532409000,sports_ranking_finish_position,contradiction
economic_or_replay,max_trades,3496b04d1407bfa617b8d7e95b3dfc9a,1759536009000,sports_ranking_finish_position,contradiction
economic_or_replay,max_trades,3496b04d1407bfa617b8d7e95b3dfc9a,1759539609000,sports_ranking_finish_position,contradiction
economic_or_replay,max_trades,3496b04d1407bfa617b8d7e95b3dfc9a,1759543209000,sports_ranking_finish_position,contradiction
economic_or_replay,max_trades,3496b04d1407bfa617b8d7e95b3dfc9a,1759546809000,sports_ranking_finish_position,contradiction
economic_or_replay,max_trades,3496b04d1407bfa617b8d7e95b3dfc9a,1759550409000,sports_ranking_finish_position,contradiction
economic_or_replay,max_trades,3496b04d1407bfa617b8d7e95b3dfc9a,1759554009000,sports_ranking_finish_position,contradiction
economic_or_replay,max_trades,3496b04d1407bfa617b8d7e95b3dfc9a,1759557609000,sports_ranking_finish_position,contradiction
economic_or_replay,max_trades,3496b04d1407bfa617b8d7e95b3dfc9a,1759561209000,sports_ranking_finish_position,contradiction
economic_or_replay,max_trades,3496b04d1407bfa617b8d7e95b3dfc9a,1759564809000,sports_ranking_finish_position,contradiction
economic_or_replay,max_trades,3496b04d1407bfa617b8d7e95b3dfc9a,1759568409000,sports_ranking_finish_position,contradiction
economic_or_replay,max_trades,3496b04d1407bfa617b8d7e95b3dfc9a,1759572009000,sports_ranking_finish_position,contradiction
economic_or_replay,max_trades,3496b04d1407bfa617b8d7e95b3dfc9a,1759575609000,sports_ranking_finish_position,contradiction
economic_or_replay,max_trades,3496b04d1407bfa617b8d7e95b3dfc9a,1759579209000,sports_ranking_finish_position,contradiction
economic_or_replay,max_trades,3496b04d1407bfa617b8d7e95b3dfc9a,1759582809000,sports_ranking_finish_position,contradiction
economic_or_replay,max_trades,3496b04d1407bfa617b8d7e95b3dfc9a,1759586409000,sports_ranking_finish_position,contradiction
economic_or_replay,max_trades,3496b04d1407bfa617b8d7e95b3dfc9a,1759590009000,sports_ranking_finish_position,contradiction
economic_or_replay,max_trades,3496b04d1407bfa617b8d7e95b3dfc9a,1759593609000,sports_ranking_finish_position,contradiction
economic_or_replay,max_trades,3496b04d1407bfa617b8d7e95b3dfc9a,1759597209000,sports_ranking_finish_position,contradiction
economic_or_replay,max_trades,3496b04d1407bfa617b8d7e95b3dfc9a,1759600809000,sports_ranking_finish_position,contradiction
economic_or_replay,max_trades,3496b04d1407bfa617b8d7e95b3dfc9a,1759604409000,sports_ranking_finish_position,contradiction
economic_or_replay,max_trades,3496b04d1407bfa617b8d7e95b3dfc9a,1759608009000,sports_ranking_finish_position,contradiction
economic_or_replay,max_trades,3496b04d1407bfa617b8d7e95b3dfc9a,1759611609000,sports_ranking_finish_position,contradiction
economic_or_replay,max_trades,3496b04d1407bfa617b8d7e95b3dfc9a,1759615209000,sports_ranking_finish_position,contradiction
economic_or_replay,max_trades,3496b04d1407bfa617b8d7e95b3dfc9a,1759618809000,sports_ranking_finish_position,contradiction
economic_or_replay,max_trades,3496b04d1407bfa617b8d7e95b3dfc9a,1759622409000,sports_ranking_finish_position,contradiction
economic_or_replay,max_trades,3496b04d1407bfa617b8d7e95b3dfc9a,1759626009000,sports_ranking_finish_position,contradiction
economic_or_replay,max_trades,3496b04d1407bfa617b8d7e95b3dfc9a,1759629609000,sports_ranking_finish_position,contradiction
economic_or_replay,max_trades,3496b04d1407bfa617b8d7e95b3dfc9a,1759633209000,sports_ranking_finish_position,contradiction
economic_or_replay,max_trades,3496b04d1407bfa617b8d7e95b3dfc9a,1759636809000,sports_ranking_finish_position,contradiction
economic_or_replay,max_trades,3496b04d1407bfa617b8d7e95b3dfc9a,1759640409000,sports_ranking_finish_position,contradiction
economic_or_replay,max_trades,3496b04d1407bfa617b8d7e95b3dfc9a,1759644009000,sports_ranking_finish_position,contradiction
economic_or_replay,max_trades,3496b04d1407bfa617b8d7e95b3dfc9a,1759647609000,sports_ranking_finish_position,contradiction
economic_or_replay,max_trades,3496b04d1407bfa617b8d7e95b3dfc9a,1759651209000,sports_ranking_finish_position,contradiction
economic_or_replay,max_trades,3496b04d1407bfa617b8d7e95b3dfc9a,1759654809000,sports_ranking_finish_position,contradiction
economic_or_replay,max_trades,3496b04d1407bfa617b8d7e95b3dfc9a,1759658409000,sports_ranking_finish_position,contradiction
economic_or_replay,max_trades,3496b04d1407bfa617b8d7e95b3dfc9a,1759662009000,sports_ranking_finish_position,contradiction
economic_or_replay,max_trades,3496b04d1407bfa617b8d7e95b3dfc9a,1759665609000,sports_ranking_finish_position,contradiction
economic_or_replay,max_trades,3496b04d1407bfa617b8d7e95b3dfc9a,1759669209000,sports_ranking_finish_position,contradiction
economic_or_replay,max_trades,3496b04d1407bfa617b8d7e95b3dfc9a,1759672809000,sports_ranking_finish_position,contradiction
economic_or_replay,max_trades,3496b04d1407bfa617b8d7e95b3dfc9a,1759676409000,sports_ranking_finish_position,contradiction
economic_or_replay,max_trades,3496b04d1407bfa617b8d7e95b3dfc9a,1759680009000,sports_ranking_finish_position,contradiction
economic_or_replay,max_trades,3496b04d1407bfa617b8d7e95b3dfc9a,1759683609000,sports_ranking_finish_position,contradiction
economic_or_replay,max_trades,3496b04d1407bfa617b8d7e95b3dfc9a,1759687209000,sports_ranking_finish_position,contradiction
economic_or_replay,max_trades,3496b04d1407bfa617b8d7e95b3dfc9a,1759690809000,sports_ranking_finish_position,contradiction
economic_or_replay,max_trades,3496b04d1407bfa617b8d7e95b3dfc9a,1759694409000,sports_ranking_finish_position,contradiction
economic_or_replay,max_trades,3496b04d1407bfa617b8d7e95b3dfc9a,1759698009000,sports_ranking_finish_position,contradiction
economic_or_replay,max_trades,3496b04d1407bfa617b8d7e95b3dfc9a,1759701609000,sports_ranking_finish_position,contradiction
economic_or_replay,max_trades,3496b04d1407bfa617b8d7e95b3dfc9a,1759705209000,sports_ranking_finish_position,contradiction
economic_or_replay,max_trades,3496b04d1407bfa617b8d7e95b3dfc9a,1759708809000,sports_ranking_finish_position,contradiction
economic_or_replay,max_trades,3496b04d1407bfa617b8d7e95b3dfc9a,1759712409000,sports_ranking_finish_position,contradiction
economic_or_replay,max_trades,3496b04d1407bfa617b8d7e95b3dfc9a,1759716009000,sports_ranking_finish_position,contradiction
economic_or_replay,max_trades,3496b04d1407bfa617b8d7e95b3dfc9a,1759719609000,sports_ranking_finish_position,contradiction
economic_or_replay,max_trades,3496b04d1407bfa617b8d7e95b3dfc9a,1759723209000,sports_ranking_finish_position,contradiction
economic_or_replay,max_trades,3496b04d1407bfa617b8d7e95b3dfc9a,1759726809000,sports_ranking_finish_position,contradiction
economic_or_replay,max_trades,3496b04d1407bfa617b8d7e95b3dfc9a,1759730409000,sports_ranking_finish_position,contradiction
economic_or_replay,max_trades,3496b04d1407bfa617b8d7e95b3dfc9a,1759734009000,sports_ranking_finish_position,contradiction
economic_or_replay,max_trades,3496b04d1407bfa617b8d7e95b3dfc9a,1759737609000,sports_ranking_finish_position,contradiction
economic_or_replay,max_trades,3496b04d1407bfa617b8d7e95b3dfc9a,1759741209000,sports_ranking_finish_position,contradiction
economic_or_replay,max_trades,3496b04d1407bfa617b8d7e95b3dfc9a,1759744809000,sports_ranking_finish_position,contradiction
economic_or_replay,max_trades,3496b04d1407bfa617b8d7e95b3dfc9a,1759748409000,sports_ranking_finish_position,contradiction
economic_or_replay,max_trades,3496b04d1407bfa617b8d7e95b3dfc9a,1759752009000,sports_ranking_finish_position,contradiction
economic_or_replay,max_trades,3496b04d1407bfa617b8d7e95b3dfc9a,1759755609000,sports_ranking_finish_position,contradiction
economic_or_replay,max_trades,3496b04d1407bfa617b8d7e95b3dfc9a,1759759209000,sports_ranking_finish_position,contradiction
economic_or_replay,max_trades,3496b04d1407bfa617b8d7e95b3dfc9a,1759762809000,sports_ranking_finish_position,contradiction
economic_or_replay,max_trades,3496b04d1407bfa617b8d7e95b3dfc9a,1759766409000,sports_ranking_finish_position,contradiction
economic_or_replay,max_trades,3496b04d1407bfa617b8d7e95b3dfc9a,1759770009000,sports_ranking_finish_position,contradiction
economic_or_replay,max_trades,3496b04d1407bfa617b8d7e95b3dfc9a,1759773609000,sports_ranking_finish_position,contradiction
economic_or_replay,max_trades,3496b04d1407bfa617b8d7e95b3dfc9a,1759777209000,sports_ranking_finish_position,contradiction
economic_or_replay,max_trades,3496b04d1407bfa617b8d7e95b3dfc9a,1759780809000,sports_ranking_finish_position,contradiction
economic_or_replay,max_trades,3496b04d1407bfa617b8d7e95b3dfc9a,1759784409000,sports_ranking_finish_position,contradiction
economic_or_replay,max_trades,3496b04d1407bfa617b8d7e95b3dfc9a,1759788009000,sports_ranking_finish_position,contradiction
economic_or_replay,max_trades,3496b04d1407bfa617b8d7e95b3dfc9a,1759791609000,sports_ranking_finish_position,contradiction
economic_or_replay,max_trades,3496b04d1407bfa617b8d7e95b3dfc9a,1759795209000,sports_ranking_finish_position,contradiction
economic_or_replay,max_trades,3496b04d1407bfa617b8d7e95b3dfc9a,1759798809000,sports_ranking_finish_position,contradiction
economic_or_replay,max_trades,3496b04d1407bfa617b8d7e95b3dfc9a,1759802409000,sports_ranking_finish_position,contradiction
economic_or_replay,max_trades,3496b04d1407bfa617b8d7e95b3dfc9a,1759806009000,sports_ranking_finish_position,contradiction
economic_or_replay,max_trades,3496b04d1407bfa617b8d7e95b3dfc9a,1759809609000,sports_ranking_finish_position,contradiction
economic_or_replay,max_trades,3496b04d1407bfa617b8d7e95b3dfc9a,1759813209000,sports_ranking_finish_position,contradiction
economic_or_replay,max_trades,3496b04d1407bfa617b8d7e95b3dfc9a,1759816809000,sports_ranking_finish_position,contradiction
economic_or_replay,max_trades,3496b04d1407bfa617b8d7e95b3dfc9a,1759820409000,sports_ranking_finish_position,contradiction
economic_or_replay,max_trades,3496b04d1407bfa617b8d7e95b3dfc9a,1759824009000,sports_ranking_finish_position,contradiction
economic_or_replay,max_trades,3496b04d1407bfa617b8d7e95b3dfc9a,1759827609000,sports_ranking_finish_position,contradiction
economic_or_replay,max_trades,3496b04d1407bfa617b8d7e95b3dfc9a,1759831209000,sports_ranking_finish_position,contradiction
economic_or_replay,max_trades,3496b04d1407bfa617b8d7e95b3dfc9a,1759834809000,sports_ranking_finish_position,contradiction
economic_or_replay,max_trades,3496b04d1407bfa617b8d7e95b3dfc9a,1759838409000,sports_ranking_finish_position,contradiction
economic_or_replay,max_trades,3496b04d1407bfa617b8d7e95b3dfc9a,1759842009000,sports_ranking_finish_position,contradiction
economic_or_replay,max_trades,3496b04d1407bfa617b8d7e95b3dfc9a,1759845609000,sports_ranking_finish_position,contradiction
economic_or_replay,max_trades,3496b04d1407bfa617b8d7e95b3dfc9a,1759849209000,sports_ranking_finish_position,contradiction
economic_or_replay,max_trades,3496b04d1407bfa617b8d7e95b3dfc9a,1759852809000,sports_ranking_finish_position,contradiction
economic_or_replay,max_trades,3496b04d1407bfa617b8d7e95b3dfc9a,1759856409000,sports_ranking_finish_position,contradiction
economic_or_replay,max_trades,3496b04d1407bfa617b8d7e95b3dfc9a,1759860009000,sports_ranking_finish_position,contradiction
economic_or_replay,max_trades,3496b04d1407bfa617b8d7e95b3dfc9a,1759863609000,sports_ranking_finish_position,contradiction
economic_or_replay,max_trades,3496b04d1407bfa617b8d7e95b3dfc9a,1759867209000,sports_ranking_finish_position,contradiction
economic_or_replay,max_trades,3496b04d1407bfa617b8d7e95b3dfc9a,1759870809000,sports_ranking_finish_position,contradiction
economic_or_replay,max_trades,3496b04d1407bfa617b8d7e95b3dfc9a,1759874409000,sports_ranking_finish_position,contradiction
economic_or_replay,max_trades,3496b04d1407bfa617b8d7e95b3dfc9a,1759878009000,sports_ranking_finish_position,contradiction
economic_or_replay,max_trades,3496b04d1407bfa617b8d7e95b3dfc9a,1759881609000,sports_ranking_finish_position,contradiction
economic_or_replay,max_trades,3496b04d1407bfa617b8d7e95b3dfc9a,1759885209000,sports_ranking_finish_position,contradiction
economic_or_replay,max_trades,3496b04d1407bfa617b8d7e95b3dfc9a,1759888809000,sports_ranking_finish_position,contradiction
economic_or_replay,max_trades,3496b04d1407bfa617b8d7e95b3dfc9a,1759892409000,sports_ranking_finish_position,contradiction
economic_or_replay,max_trades,3496b04d1407bfa617b8d7e95b3dfc9a,1759896009000,sports_ranking_finish_position,contradiction
economic_or_replay,max_trades,3496b04d1407bfa617b8d7e95b3dfc9a,1759899609000,sports_ranking_finish_position,contradiction
economic_or_replay,max_trades,3496b04d1407bfa617b8d7e95b3dfc9a,1759903209000,sports_ranking_finish_position,contradiction
economic_or_replay,max_trades,3496b04d1407bfa617b8d7e95b3dfc9a,1759906809000,sports_ranking_finish_position,contradiction
economic_or_replay,max_trades,3496b04d1407bfa617b8d7e95b3dfc9a,1759910409000,sports_ranking_finish_position,contradiction
economic_or_replay,max_trades,3496b04d1407bfa617b8d7e95b3dfc9a,1759914009000,sports_ranking_finish_position,contradiction
economic_or_replay,max_trades,3496b04d1407bfa617b8d7e95b3dfc9a,1759917609000,sports_ranking_finish_position,contradiction
economic_or_replay,max_trades,3496b04d1407bfa617b8d7e95b3dfc9a,1759921209000,sports_ranking_finish_position,contradiction
economic_or_replay,max_trades,3496b04d1407bfa617b8d7e95b3dfc9a,1759924809000,sports_ranking_finish_position,contradiction
economic_or_replay,max_trades,3496b04d1407bfa617b8d7e95b3dfc9a,1759928409000,sports_ranking_finish_position,contradiction
economic_or_replay,max_trades,3496b04d1407bfa617b8d7e95b3dfc9a,1759932009000,sports_ranking_finish_position,contradiction
economic_or_replay,max_trades,3496b04d1407bfa617b8d7e95b3dfc9a,1759935609000,sports_ranking_finish_position,contradiction
economic_or_replay,max_trades,3496b04d1407bfa617b8d7e95b3dfc9a,1759939209000,sports_ranking_finish_position,contradiction
economic_or_replay,max_trades,3496b04d1407bfa617b8d7e95b3dfc9a,1759942809000,sports_ranking_finish_position,contradiction
economic_or_replay,max_trades,3496b04d1407bfa617b8d7e95b3dfc9a,1759946409000,sports_ranking_finish_position,contradiction
economic_or_replay,max_trades,3496b04d1407bfa617b8d7e95b3dfc9a,1759950009000,sports_ranking_finish_position,contradiction
economic_or_replay,max_trades,3496b04d1407bfa617b8d7e95b3dfc9a,1759953609000,sports_ranking_finish_position,contradiction
economic_or_replay,max_trades,3496b04d1407bfa617b8d7e95b3dfc9a,1759957209000,sports_ranking_finish_position,contradiction
economic_or_replay,max_trades,3496b04d1407bfa617b8d7e95b3dfc9a,1759960809000,sports_ranking_finish_position,contradiction
economic_or_replay,max_trades,3496b04d1407bfa617b8d7e95b3dfc9a,1759964409000,sports_ranking_finish_position,contradiction
economic_or_replay,max_trades,3496b04d1407bfa617b8d7e95b3dfc9a,1759968009000,sports_ranking_finish_position,contradiction
economic_or_replay,max_trades,3496b04d1407bfa617b8d7e95b3dfc9a,1759971609000,sports_ranking_finish_position,contradiction
economic_or_replay,max_trades,3496b04d1407bfa617b8d7e95b3dfc9a,1759975209000,sports_ranking_finish_position,contradiction
economic_or_replay,max_trades,3496b04d1407bfa617b8d7e95b3dfc9a,1759978809000,sports_ranking_finish_position,contradiction
economic_or_replay,max_trades,3496b04d1407bfa617b8d7e95b3dfc9a,1759982409000,sports_ranking_finish_position,contradiction
economic_or_replay,max_trades,3496b04d1407bfa617b8d7e95b3dfc9a,1759986009000,sports_ranking_finish_position,contradiction
economic_or_replay,max_trades,3496b04d1407bfa617b8d7e95b3dfc9a,1759989609000,sports_ranking_finish_position,contradiction
economic_or_replay,max_trades,3496b04d1407bfa617b8d7e95b3dfc9a,1759993209000,sports_ranking_finish_position,contradiction
economic_or_replay,max_trades,3496b04d1407bfa617b8d7e95b3dfc9a,1759996809000,sports_ranking_finish_position,contradiction
economic_or_replay,max_trades,3496b04d1407bfa617b8d7e95b3dfc9a,1760000409000,sports_ranking_finish_position,contradiction
economic_or_replay,max_trades,3496b04d1407bfa617b8d7e95b3dfc9a,1760004009000,sports_ranking_finish_position,contradiction
economic_or_replay,max_trades,3496b04d1407bfa617b8d7e95b3dfc9a,1760007609000,sports_ranking_finish_position,contradiction
economic_or_replay,max_trades,3496b04d1407bfa617b8d7e95b3dfc9a,1760011209000,sports_ranking_finish_position,contradiction
economic_or_replay,max_trades,3496b04d1407bfa617b8d7e95b3dfc9a,1760014809000,sports_ranking_finish_position,contradiction
economic_or_replay,max_trades,3496b04d1407bfa617b8d7e95b3dfc9a,1760018409000,sports_ranking_finish_position,contradiction
economic_or_replay,max_trades,3496b04d1407bfa617b8d7e95b3dfc9a,1760022009000,sports_ranking_finish_position,contradiction
economic_or_replay,max_trades,3496b04d1407bfa617b8d7e95b3dfc9a,1760025609000,sports_ranking_finish_position,contradiction
economic_or_replay,max_trades,3496b04d1407bfa617b8d7e95b3dfc9a,1760029209000,sports_ranking_finish_position,contradiction
economic_or_replay,max_trades,3496b04d1407bfa617b8d7e95b3dfc9a,1760032809000,sports_ranking_finish_position,contradiction
economic_or_replay,max_trades,3496b04d1407bfa617b8d7e95b3dfc9a,1760036409000,sports_ranking_finish_position,contradiction
economic_or_replay,max_trades,3496b04d1407bfa617b8d7e95b3dfc9a,1760040009000,sports_ranking_finish_position,contradiction
economic_or_replay,max_trades,3496b04d1407bfa617b8d7e95b3dfc9a,1760043609000,sports_ranking_finish_position,contradiction
economic_or_replay,max_trades,3496b04d1407bfa617b8d7e95b3dfc9a,1760047209000,sports_ranking_finish_position,contradiction
economic_or_replay,max_trades,3496b04d1407bfa617b8d7e95b3dfc9a,1760050809000,sports_ranking_finish_position,contradiction
economic_or_replay,max_trades,3496b04d1407bfa617b8d7e95b3dfc9a,1760054409000,sports_ranking_finish_position,contradiction
economic_or_replay,max_trades,3496b04d1407bfa617b8d7e95b3dfc9a,1760058009000,sports_ranking_finish_position,contradiction
economic_or_replay,max_trades,3496b04d1407bfa617b8d7e95b3dfc9a,1760061609000,sports_ranking_finish_position,contradiction
economic_or_replay,max_trades,3496b04d1407bfa617b8d7e95b3dfc9a,1760065209000,sports_ranking_finish_position,contradiction
economic_or_replay,max_trades,3496b04d1407bfa617b8d7e95b3dfc9a,1760068809000,sports_ranking_finish_position,contradiction
economic_or_replay,max_trades,3496b04d1407bfa617b8d7e95b3dfc9a,1760072409000,sports_ranking_finish_position,contradiction
economic_or_replay,max_trades,3496b04d1407bfa617b8d7e95b3dfc9a,1760076009000,sports_ranking_finish_position,contradiction
economic_or_replay,max_trades,3496b04d1407bfa617b8d7e95b3dfc9a,1760079609000,sports_ranking_finish_position,contradiction
economic_or_replay,max_trades,3496b04d1407bfa617b8d7e95b3dfc9a,1760083209000,sports_ranking_finish_position,contradiction
economic_or_replay,max_trades,3496b04d1407bfa617b8d7e95b3dfc9a,1760086809000,sports_ranking_finish_position,contradiction
economic_or_replay,max_trades,3496b04d1407bfa617b8d7e95b3dfc9a,1760090409000,sports_ranking_finish_position,contradiction
economic_or_replay,max_trades,3496b04d1407bfa617b8d7e95b3dfc9a,1760094009000,sports_ranking_finish_position,contradiction
economic_or_replay,max_trades,3496b04d1407bfa617b8d7e95b3dfc9a,1760097609000,sports_ranking_finish_position,contradiction
economic_or_replay,max_trades,3496b04d1407bfa617b8d7e95b3dfc9a,1760101209000,sports_ranking_finish_position,contradiction
economic_or_replay,max_trades,3496b04d1407bfa617b8d7e95b3dfc9a,1760104809000,sports_ranking_finish_position,contradiction
economic_or_replay,max_trades,3496b04d1407bfa617b8d7e95b3dfc9a,1760108409000,sports_ranking_finish_position,contradiction
economic_or_replay,max_trades,3496b04d1407bfa617b8d7e95b3dfc9a,1760112009000,sports_ranking_finish_position,contradiction
economic_or_replay,max_trades,3496b04d1407bfa617b8d7e95b3dfc9a,1760115609000,sports_ranking_finish_position,contradiction
economic_or_replay,max_trades,3496b04d1407bfa617b8d7e95b3dfc9a,1760119209000,sports_ranking_finish_position,contradiction
economic_or_replay,max_trades,3496b04d1407bfa617b8d7e95b3dfc9a,1760122809000,sports_ranking_finish_position,contradiction
economic_or_replay,max_trades,3496b04d1407bfa617b8d7e95b3dfc9a,1760126409000,sports_ranking_finish_position,contradiction
economic_or_replay,max_trades,3496b04d1407bfa617b8d7e95b3dfc9a,1760130009000,sports_ranking_finish_position,contradiction
economic_or_replay,max_trades,3496b04d1407bfa617b8d7e95b3dfc9a,1760133609000,sports_ranking_finish_position,contradiction
economic_or_replay,max_trades,3496b04d1407bfa617b8d7e95b3dfc9a,1760137209000,sports_ranking_finish_position,contradiction
economic_or_replay,max_trades,3496b04d1407bfa617b8d7e95b3dfc9a,1760140809000,sports_ranking_finish_position,contradiction
economic_or_replay,max_trades,3496b04d1407bfa617b8d7e95b3dfc9a,1760144409000,sports_ranking_finish_position,contradiction
economic_or_replay,max_trades,3496b04d1407bfa617b8d7e95b3dfc9a,1760148009000,sports_ranking_finish_position,contradiction
economic_or_replay,max_trades,3496b04d1407bfa617b8d7e95b3dfc9a,1760151609000,sports_ranking_finish_position,contradiction
economic_or_replay,max_trades,3496b04d1407bfa617b8d7e95b3dfc9a,1760155209000,sports_ranking_finish_position,contradiction
economic_or_replay,max_trades,3496b04d1407bfa617b8d7e95b3dfc9a,1760158809000,sports_ranking_finish_position,contradiction
economic_or_replay,max_trades,3496b04d1407bfa617b8d7e95b3dfc9a,1760162409000,sports_ranking_finish_position,contradiction
economic_or_replay,max_trades,3496b04d1407bfa617b8d7e95b3dfc9a,1760166009000,sports_ranking_finish_position,contradiction
economic_or_replay,max_trades,3496b04d1407bfa617b8d7e95b3dfc9a,1760169609000,sports_ranking_finish_position,contradiction
economic_or_replay,max_trades,3496b04d1407bfa617b8d7e95b3dfc9a,1760173209000,sports_ranking_finish_position,contradiction
economic_or_replay,max_trades,3496b04d1407bfa617b8d7e95b3dfc9a,1760176809000,sports_ranking_finish_position,contradiction
economic_or_replay,max_trades,3496b04d1407bfa617b8d7e95b3dfc9a,1760180409000,sports_ranking_finish_position,contradiction
economic_or_replay,max_trades,3496b04d1407bfa617b8d7e95b3dfc9a,1760184009000,sports_ranking_finish_position,contradiction
economic_or_replay,max_trades,3496b04d1407bfa617b8d7e95b3dfc9a,1760187609000,sports_ranking_finish_position,contradiction
economic_or_replay,max_trades,3496b04d1407bfa617b8d7e95b3dfc9a,1760191209000,sports_ranking_finish_position,contradiction
economic_or_replay,max_trades,3496b04d1407bfa617b8d7e95b3dfc9a,1760194809000,sports_ranking_finish_position,contradiction
economic_or_replay,max_trades,3496b04d1407bfa617b8d7e95b3dfc9a,1760198409000,sports_ranking_finish_position,contradiction
economic_or_replay,max_trades,3496b04d1407bfa617b8d7e95b3dfc9a,1760202009000,sports_ranking_finish_position,contradiction
economic_or_replay,max_trades,3496b04d1407bfa617b8d7e95b3dfc9a,1760205609000,sports_ranking_finish_position,contradiction
economic_or_replay,max_trades,3496b04d1407bfa617b8d7e95b3dfc9a,1760209209000,sports_ranking_finish_position,contradiction
economic_or_replay,max_trades,3496b04d1407bfa617b8d7e95b3dfc9a,1760212809000,sports_ranking_finish_position,contradiction
economic_or_replay,max_trades,3496b04d1407bfa617b8d7e95b3dfc9a,1760216409000,sports_ranking_finish_position,contradiction
economic_or_replay,max_trades,3496b04d1407bfa617b8d7e95b3dfc9a,1760220009000,sports_ranking_finish_position,contradiction
economic_or_replay,max_trades,3496b04d1407bfa617b8d7e95b3dfc9a,1760223609000,sports_ranking_finish_position,contradiction
economic_or_replay,max_trades,3496b04d1407bfa617b8d7e95b3dfc9a,1760227209000,sports_ranking_finish_position,contradiction
economic_or_replay,max_trades,3496b04d1407bfa617b8d7e95b3dfc9a,1760230809000,sports_ranking_finish_position,contradiction
economic_or_replay,max_trades,3496b04d1407bfa617b8d7e95b3dfc9a,1760234409000,sports_ranking_finish_position,contradiction
economic_or_replay,max_trades,3496b04d1407bfa617b8d7e95b3dfc9a,1760238009000,sports_ranking_finish_position,contradiction
economic_or_replay,max_trades,3496b04d1407bfa617b8d7e95b3dfc9a,1760241609000,sports_ranking_finish_position,contradiction
economic_or_replay,max_trades,3496b04d1407bfa617b8d7e95b3dfc9a,1760245209000,sports_ranking_finish_position,contradiction
economic_or_replay,max_trades,3496b04d1407bfa617b8d7e95b3dfc9a,1760248809000,sports_ranking_finish_position,contradiction
economic_or_replay,max_trades,3496b04d1407bfa617b8d7e95b3dfc9a,1760252409000,sports_ranking_finish_position,contradiction
economic_or_replay,max_trades,3496b04d1407bfa617b8d7e95b3dfc9a,1760256009000,sports_ranking_finish_position,contradiction
economic_or_replay,max_trades,3496b04d1407bfa617b8d7e95b3dfc9a,1760259609000,sports_ranking_finish_position,contradiction
economic_or_replay,max_trades,3496b04d1407bfa617b8d7e95b3dfc9a,1760263209000,sports_ranking_finish_position,contradiction
economic_or_replay,max_trades,3496b04d1407bfa617b8d7e95b3dfc9a,1760266809000,sports_ranking_finish_position,contradiction
economic_or_replay,max_trades,3496b04d1407bfa617b8d7e95b3dfc9a,1760270409000,sports_ranking_finish_position,contradiction
economic_or_replay,max_trades,3496b04d1407bfa617b8d7e95b3dfc9a,1760274009000,sports_ranking_finish_position,contradiction
economic_or_replay,max_trades,3496b04d1407bfa617b8d7e95b3dfc9a,1760277609000,sports_ranking_finish_position,contradiction
economic_or_replay,max_trades,3496b04d1407bfa617b8d7e95b3dfc9a,1760281209000,sports_ranking_finish_position,contradiction
economic_or_replay,max_trades,3496b04d1407bfa617b8d7e95b3dfc9a,1760284809000,sports_ranking_finish_position,contradiction
economic_or_replay,max_trades,3496b04d1407bfa617b8d7e95b3dfc9a,1760288409000,sports_ranking_finish_position,contradiction
economic_or_replay,max_trades,3496b04d1407bfa617b8d7e95b3dfc9a,1760292009000,sports_ranking_finish_position,contradiction
economic_or_replay,max_trades,3496b04d1407bfa617b8d7e95b3dfc9a,1760295609000,sports_ranking_finish_position,contradiction
economic_or_replay,max_trades,3496b04d1407bfa617b8d7e95b3dfc9a,1760299209000,sports_ranking_finish_position,contradiction
economic_or_replay,max_trades,3496b04d1407bfa617b8d7e95b3dfc9a,1760302809000,sports_ranking_finish_position,contradiction
economic_or_replay,max_trades,3496b04d1407bfa617b8d7e95b3dfc9a,1760306409000,sports_ranking_finish_position,contradiction
economic_or_replay,max_trades,3496b04d1407bfa617b8d7e95b3dfc9a,1760310009000,sports_ranking_finish_position,contradiction
economic_or_replay,max_trades,3496b04d1407bfa617b8d7e95b3dfc9a,1760313609000,sports_ranking_finish_position,contradiction
economic_or_replay,max_trades,3496b04d1407bfa617b8d7e95b3dfc9a,1760317209000,sports_ranking_finish_position,contradiction
economic_or_replay,max_trades,3496b04d1407bfa617b8d7e95b3dfc9a,1760320809000,sports_ranking_finish_position,contradiction
economic_or_replay,max_trades,3496b04d1407bfa617b8d7e95b3dfc9a,1760324409000,sports_ranking_finish_position,contradiction
economic_or_replay,max_trades,3496b04d1407bfa617b8d7e95b3dfc9a,1760328009000,sports_ranking_finish_position,contradiction
economic_or_replay,max_trades,3496b04d1407bfa617b8d7e95b3dfc9a,1760331609000,sports_ranking_finish_position,contradiction
economic_or_replay,max_trades,3496b04d1407bfa617b8d7e95b3dfc9a,1760335209000,sports_ranking_finish_position,contradiction
economic_or_replay,max_trades,3496b04d1407bfa617b8d7e95b3dfc9a,1760338809000,sports_ranking_finish_position,contradiction
economic_or_replay,max_trades,3496b04d1407bfa617b8d7e95b3dfc9a,1760342409000,sports_ranking_finish_position,contradiction
economic_or_replay,max_trades,3496b04d1407bfa617b8d7e95b3dfc9a,1760346009000,sports_ranking_finish_position,contradiction
economic_or_replay,max_trades,3496b04d1407bfa617b8d7e95b3dfc9a,1760349609000,sports_ranking_finish_position,contradiction
economic_or_replay,max_trades,3496b04d1407bfa617b8d7e95b3dfc9a,1760353209000,sports_ranking_finish_position,contradiction
economic_or_replay,max_trades,3496b04d1407bfa617b8d7e95b3dfc9a,1760356809000,sports_ranking_finish_position,contradiction
economic_or_replay,max_trades,3496b04d1407bfa617b8d7e95b3dfc9a,1760360409000,sports_ranking_finish_position,contradiction
economic_or_replay,max_trades,3496b04d1407bfa617b8d7e95b3dfc9a,1760364009000,sports_ranking_finish_position,contradiction
economic_or_replay,max_trades,3496b04d1407bfa617b8d7e95b3dfc9a,1760367609000,sports_ranking_finish_position,contradiction
economic_or_replay,max_trades,3496b04d1407bfa617b8d7e95b3dfc9a,1760371209000,sports_ranking_finish_position,contradiction
economic_or_replay,max_trades,3496b04d1407bfa617b8d7e95b3dfc9a,1760374809000,sports_ranking_finish_position,contradiction
economic_or_replay,max_trades,3496b04d1407bfa617b8d7e95b3dfc9a,1760378409000,sports_ranking_finish_position,contradiction
economic_or_replay,max_trades,3496b04d1407bfa617b8d7e95b3dfc9a,1760382009000,sports_ranking_finish_position,contradiction
economic_or_replay,max_trades,3496b04d1407bfa617b8d7e95b3dfc9a,1760385609000,sports_ranking_finish_position,contradiction
economic_or_replay,max_trades,3496b04d1407bfa617b8d7e95b3dfc9a,1760389209000,sports_ranking_finish_position,contradiction
economic_or_replay,max_trades,3496b04d1407bfa617b8d7e95b3dfc9a,1760392809000,sports_ranking_finish_position,contradiction
economic_or_replay,max_trades,3496b04d1407bfa617b8d7e95b3dfc9a,1760396409000,sports_ranking_finish_position,contradiction
economic_or_replay,max_trades,3496b04d1407bfa617b8d7e95b3dfc9a,1760400009000,sports_ranking_finish_position,contradiction
economic_or_replay,max_trades,3496b04d1407bfa617b8d7e95b3dfc9a,1760403609000,sports_ranking_finish_position,contradiction
economic_or_replay,max_trades,3496b04d1407bfa617b8d7e95b3dfc9a,1760407209000,sports_ranking_finish_position,contradiction
economic_or_replay,max_trades,3496b04d1407bfa617b8d7e95b3dfc9a,1760410809000,sports_ranking_finish_position,contradiction
economic_or_replay,max_trades,3496b04d1407bfa617b8d7e95b3dfc9a,1760414409000,sports_ranking_finish_position,contradiction
economic_or_replay,max_trades,3496b04d1407bfa617b8d7e95b3dfc9a,1760418009000,sports_ranking_finish_position,contradiction
economic_or_replay,max_trades,3496b04d1407bfa617b8d7e95b3dfc9a,1760421609000,sports_ranking_finish_position,contradiction
economic_or_replay,max_trades,3496b04d1407bfa617b8d7e95b3dfc9a,1760425209000,sports_ranking_finish_position,contradiction
economic_or_replay,max_trades,3496b04d1407bfa617b8d7e95b3dfc9a,1760428809000,sports_ranking_finish_position,contradiction
economic_or_replay,max_trades,3496b04d1407bfa617b8d7e95b3dfc9a,1760432409000,sports_ranking_finish_position,contradiction
economic_or_replay,max_trades,3496b04d1407bfa617b8d7e95b3dfc9a,1760436009000,sports_ranking_finish_position,contradiction
economic_or_replay,max_trades,3496b04d1407bfa617b8d7e95b3dfc9a,1760439609000,sports_ranking_finish_position,contradiction
economic_or_replay,max_trades,3496b04d1407bfa617b8d7e95b3dfc9a,1760443209000,sports_ranking_finish_position,contradiction
economic_or_replay,max_trades,3496b04d1407bfa617b8d7e95b3dfc9a,1760446809000,sports_ranking_finish_position,contradiction
economic_or_replay,max_trades,3496b04d1407bfa617b8d7e95b3dfc9a,1760450409000,sports_ranking_finish_position,contradiction
economic_or_replay,max_trades,3496b04d1407bfa617b8d7e95b3dfc9a,1760454009000,sports_ranking_finish_position,contradiction
economic_or_replay,max_trades,3496b04d1407bfa617b8d7e95b3dfc9a,1760457609000,sports_ranking_finish_position,contradiction
economic_or_replay,max_trades,3496b04d1407bfa617b8d7e95b3dfc9a,1760461209000,sports_ranking_finish_position,contradiction
economic_or_replay,max_trades,3496b04d1407bfa617b8d7e95b3dfc9a,1760464809000,sports_ranking_finish_position,contradiction
economic_or_replay,max_trades,3496b04d1407bfa617b8d7e95b3dfc9a,1760468409000,sports_ranking_finish_position,contradiction
economic_or_replay,max_trades,3496b04d1407bfa617b8d7e95b3dfc9a,1760472009000,sports_ranking_finish_position,contradiction
economic_or_replay,max_trades,3496b04d1407bfa617b8d7e95b3dfc9a,1760475609000,sports_ranking_finish_position,contradiction
economic_or_replay,max_trades,3496b04d1407bfa617b8d7e95b3dfc9a,1760479209000,sports_ranking_finish_position,contradiction
economic_or_replay,max_trades,3496b04d1407bfa617b8d7e95b3dfc9a,1760482809000,sports_ranking_finish_position,contradiction
economic_or_replay,max_trades,3496b04d1407bfa617b8d7e95b3dfc9a,1760486409000,sports_ranking_finish_position,contradiction
economic_or_replay,max_trades,3496b04d1407bfa617b8d7e95b3dfc9a,1760490009000,sports_ranking_finish_position,contradiction
economic_or_replay,max_trades,3496b04d1407bfa617b8d7e95b3dfc9a,1760493609000,sports_ranking_finish_position,contradiction
economic_or_replay,max_trades,3496b04d1407bfa617b8d7e95b3dfc9a,1760497209000,sports_ranking_finish_position,contradiction
economic_or_replay,max_trades,3496b04d1407bfa617b8d7e95b3dfc9a,1760500809000,sports_ranking_finish_position,contradiction
economic_or_replay,max_trades,3496b04d1407bfa617b8d7e95b3dfc9a,1760504409000,sports_ranking_finish_position,contradiction
economic_or_replay,max_trades,3496b04d1407bfa617b8d7e95b3dfc9a,1760508009000,sports_ranking_finish_position,contradiction
economic_or_replay,max_trades,3496b04d1407bfa617b8d7e95b3dfc9a,1760511609000,sports_ranking_finish_position,contradiction
economic_or_replay,max_trades,3496b04d1407bfa617b8d7e95b3dfc9a,1760515209000,sports_ranking_finish_position,contradiction
economic_or_replay,max_trades,3496b04d1407bfa617b8d7e95b3dfc9a,1760518809000,sports_ranking_finish_position,contradiction
economic_or_replay,max_trades,3496b04d1407bfa617b8d7e95b3dfc9a,1760522409000,sports_ranking_finish_position,contradiction
economic_or_replay,max_trades,3496b04d1407bfa617b8d7e95b3dfc9a,1760526009000,sports_ranking_finish_position,contradiction
economic_or_replay,max_trades,3496b04d1407bfa617b8d7e95b3dfc9a,1760529609000,sports_ranking_finish_position,contradiction
economic_or_replay,max_trades,3496b04d1407bfa617b8d7e95b3dfc9a,1760533209000,sports_ranking_finish_position,contradiction
economic_or_replay,max_trades,3496b04d1407bfa617b8d7e95b3dfc9a,1760536809000,sports_ranking_finish_position,contradiction
economic_or_replay,max_trades,3496b04d1407bfa617b8d7e95b3dfc9a,1760540409000,sports_ranking_finish_position,contradiction
economic_or_replay,max_trades,3496b04d1407bfa617b8d7e95b3dfc9a,1760544009000,sports_ranking_finish_position,contradiction
economic_or_replay,max_trades,3496b04d1407bfa617b8d7e95b3dfc9a,1760547609000,sports_ranking_finish_position,contradiction
economic_or_replay,max_trades,3496b04d1407bfa617b8d7e95b3dfc9a,1760551209000,sports_ranking_finish_position,contradiction
economic_or_replay,max_trades,3496b04d1407bfa617b8d7e95b3dfc9a,1760554809000,sports_ranking_finish_position,contradiction
economic_or_replay,max_trades,3496b04d1407bfa617b8d7e95b3dfc9a,1760558409000,sports_ranking_finish_position,contradiction
economic_or_replay,max_trades,3496b04d1407bfa617b8d7e95b3dfc9a,1760562009000,sports_ranking_finish_position,contradiction
economic_or_replay,max_trades,3496b04d1407bfa617b8d7e95b3dfc9a,1760565609000,sports_ranking_finish_position,contradiction
economic_or_replay,max_trades,3496b04d1407bfa617b8d7e95b3dfc9a,1760569209000,sports_ranking_finish_position,contradiction
economic_or_replay,max_trades,3496b04d1407bfa617b8d7e95b3dfc9a,1760572809000,sports_ranking_finish_position,contradiction
economic_or_replay,max_trades,3496b04d1407bfa617b8d7e95b3dfc9a,1760576409000,sports_ranking_finish_position,contradiction
economic_or_replay,max_trades,3496b04d1407bfa617b8d7e95b3dfc9a,1760580009000,sports_ranking_finish_position,contradiction
economic_or_replay,max_trades,3496b04d1407bfa617b8d7e95b3dfc9a,1760583609000,sports_ranking_finish_position,contradiction
economic_or_replay,max_trades,3496b04d1407bfa617b8d7e95b3dfc9a,1760587209000,sports_ranking_finish_position,contradiction
economic_or_replay,max_trades,3496b04d1407bfa617b8d7e95b3dfc9a,1760590809000,sports_ranking_finish_position,contradiction
economic_or_replay,max_trades,3496b04d1407bfa617b8d7e95b3dfc9a,1760594409000,sports_ranking_finish_position,contradiction
economic_or_replay,max_trades,3496b04d1407bfa617b8d7e95b3dfc9a,1760598009000,sports_ranking_finish_position,contradiction
economic_or_replay,max_trades,3496b04d1407bfa617b8d7e95b3dfc9a,1760601609000,sports_ranking_finish_position,contradiction
economic_or_replay,max_trades,3496b04d1407bfa617b8d7e95b3dfc9a,1760605209000,sports_ranking_finish_position,contradiction
economic_or_replay,max_trades,3496b04d1407bfa617b8d7e95b3dfc9a,1760608809000,sports_ranking_finish_position,contradiction
economic_or_replay,max_trades,3496b04d1407bfa617b8d7e95b3dfc9a,1760612409000,sports_ranking_finish_position,contradiction
economic_or_replay,max_trades,3496b04d1407bfa617b8d7e95b3dfc9a,1760616009000,sports_ranking_finish_position,contradiction
economic_or_replay,max_trades,3496b04d1407bfa617b8d7e95b3dfc9a,1760619609000,sports_ranking_finish_position,contradiction
economic_or_replay,max_trades,3496b04d1407bfa617b8d7e95b3dfc9a,1760623209000,sports_ranking_finish_position,contradiction
economic_or_replay,max_trades,3496b04d1407bfa617b8d7e95b3dfc9a,1760626809000,sports_ranking_finish_position,contradiction
economic_or_replay,max_trades,3496b04d1407bfa617b8d7e95b3dfc9a,1760630409000,sports_ranking_finish_position,contradiction
economic_or_replay,max_trades,3496b04d1407bfa617b8d7e95b3dfc9a,1760634009000,sports_ranking_finish_position,contradiction
economic_or_replay,max_trades,3496b04d1407bfa617b8d7e95b3dfc9a,1760637609000,sports_ranking_finish_position,contradiction
economic_or_replay,max_trades,3496b04d1407bfa617b8d7e95b3dfc9a,1760641209000,sports_ranking_finish_position,contradiction
economic_or_replay,max_trades,3496b04d1407bfa617b8d7e95b3dfc9a,1760644809000,sports_ranking_finish_position,contradiction
economic_or_replay,max_trades,3496b04d1407bfa617b8d7e95b3dfc9a,1760648409000,sports_ranking_finish_position,contradiction
economic_or_replay,max_trades,3496b04d1407bfa617b8d7e95b3dfc9a,1760652009000,sports_ranking_finish_position,contradiction
economic_or_replay,max_trades,3496b04d1407bfa617b8d7e95b3dfc9a,1760655609000,sports_ranking_finish_position,contradiction
economic_or_replay,max_trades,3496b04d1407bfa617b8d7e95b3dfc9a,1760659209000,sports_ranking_finish_position,contradiction
economic_or_replay,max_trades,3496b04d1407bfa617b8d7e95b3dfc9a,1760662809000,sports_ranking_finish_position,contradiction
economic_or_replay,max_trades,3496b04d1407bfa617b8d7e95b3dfc9a,1760666409000,sports_ranking_finish_position,contradiction
economic_or_replay,max_trades,3496b04d1407bfa617b8d7e95b3dfc9a,1760670009000,sports_ranking_finish_position,contradiction
economic_or_replay,max_trades,3496b04d1407bfa617b8d7e95b3dfc9a,1760673609000,sports_ranking_finish_position,contradiction
economic_or_replay,max_trades,3496b04d1407bfa617b8d7e95b3dfc9a,1760677209000,sports_ranking_finish_position,contradiction
economic_or_replay,max_trades,3496b04d1407bfa617b8d7e95b3dfc9a,1760680809000,sports_ranking_finish_position,contradiction
economic_or_replay,max_trades,3496b04d1407bfa617b8d7e95b3dfc9a,1760684409000,sports_ranking_finish_position,contradiction
economic_or_replay,max_trades,3496b04d1407bfa617b8d7e95b3dfc9a,1760688009000,sports_ranking_finish_position,contradiction
economic_or_replay,max_trades,3496b04d1407bfa617b8d7e95b3dfc9a,1760691609000,sports_ranking_finish_position,contradiction
economic_or_replay,max_trades,3496b04d1407bfa617b8d7e95b3dfc9a,1760695209000,sports_ranking_finish_position,contradiction
economic_or_replay,max_trades,3496b04d1407bfa617b8d7e95b3dfc9a,1760698809000,sports_ranking_finish_position,contradiction
economic_or_replay,max_trades,3496b04d1407bfa617b8d7e95b3dfc9a,1760702409000,sports_ranking_finish_position,contradiction
economic_or_replay,max_trades,3496b04d1407bfa617b8d7e95b3dfc9a,1760706009000,sports_ranking_finish_position,contradiction
economic_or_replay,max_trades,3496b04d1407bfa617b8d7e95b3dfc9a,1760709609000,sports_ranking_finish_position,contradiction
economic_or_replay,max_trades,3496b04d1407bfa617b8d7e95b3dfc9a,1760713209000,sports_ranking_finish_position,contradiction
economic_or_replay,max_trades,3496b04d1407bfa617b8d7e95b3dfc9a,1760716809000,sports_ranking_finish_position,contradiction
economic_or_replay,max_trades,3496b04d1407bfa617b8d7e95b3dfc9a,1760720409000,sports_ranking_finish_position,contradiction
economic_or_replay,max_trades,3496b04d1407bfa617b8d7e95b3dfc9a,1760724009000,sports_ranking_finish_position,contradiction
economic_or_replay,max_trades,3496b04d1407bfa617b8d7e95b3dfc9a,1760727609000,sports_ranking_finish_position,contradiction
economic_or_replay,max_trades,3496b04d1407bfa617b8d7e95b3dfc9a,1760731209000,sports_ranking_finish_position,contradiction
economic_or_replay,max_trades,3496b04d1407bfa617b8d7e95b3dfc9a,1760734809000,sports_ranking_finish_position,contradiction
economic_or_replay,max_trades,3496b04d1407bfa617b8d7e95b3dfc9a,1760738409000,sports_ranking_finish_position,contradiction
economic_or_replay,max_trades,3496b04d1407bfa617b8d7e95b3dfc9a,1760742009000,sports_ranking_finish_position,contradiction
economic_or_replay,max_trades,3496b04d1407bfa617b8d7e95b3dfc9a,1760745609000,sports_ranking_finish_position,contradiction
economic_or_replay,max_trades,3496b04d1407bfa617b8d7e95b3dfc9a,1760749209000,sports_ranking_finish_position,contradiction
economic_or_replay,max_trades,3496b04d1407bfa617b8d7e95b3dfc9a,1760752809000,sports_ranking_finish_position,contradiction
economic_or_replay,max_trades,3496b04d1407bfa617b8d7e95b3dfc9a,1760756409000,sports_ranking_finish_position,contradiction
economic_or_replay,max_trades,3496b04d1407bfa617b8d7e95b3dfc9a,1760760009000,sports_ranking_finish_position,contradiction
economic_or_replay,max_trades,3496b04d1407bfa617b8d7e95b3dfc9a,1760763609000,sports_ranking_finish_position,contradiction
economic_or_replay,max_trades,3496b04d1407bfa617b8d7e95b3dfc9a,1760767209000,sports_ranking_finish_position,contradiction
economic_or_replay,max_trades,3496b04d1407bfa617b8d7e95b3dfc9a,1760770809000,sports_ranking_finish_position,contradiction
economic_or_replay,max_trades,3496b04d1407bfa617b8d7e95b3dfc9a,1760774409000,sports_ranking_finish_position,contradiction
economic_or_replay,max_trades,3496b04d1407bfa617b8d7e95b3dfc9a,1760778009000,sports_ranking_finish_position,contradiction
economic_or_replay,max_trades,3496b04d1407bfa617b8d7e95b3dfc9a,1760781609000,sports_ranking_finish_position,contradiction
economic_or_replay,max_trades,3496b04d1407bfa617b8d7e95b3dfc9a,1760785209000,sports_ranking_finish_position,contradiction
economic_or_replay,max_trades,3496b04d1407bfa617b8d7e95b3dfc9a,1760788809000,sports_ranking_finish_position,contradiction
economic_or_replay,max_trades,3496b04d1407bfa617b8d7e95b3dfc9a,1760792409000,sports_ranking_finish_position,contradiction
economic_or_replay,max_trades,3496b04d1407bfa617b8d7e95b3dfc9a,1760796009000,sports_ranking_finish_position,contradiction
economic_or_replay,max_trades,3496b04d1407bfa617b8d7e95b3dfc9a,1760799609000,sports_ranking_finish_position,contradiction
economic_or_replay,max_trades,3496b04d1407bfa617b8d7e95b3dfc9a,1760803209000,sports_ranking_finish_position,contradiction
economic_or_replay,max_trades,3496b04d1407bfa617b8d7e95b3dfc9a,1760806809000,sports_ranking_finish_position,contradiction
economic_or_replay,max_trades,3496b04d1407bfa617b8d7e95b3dfc9a,1760810409000,sports_ranking_finish_position,contradiction
economic_or_replay,max_trades,3496b04d1407bfa617b8d7e95b3dfc9a,1760814009000,sports_ranking_finish_position,contradiction
economic_or_replay,max_trades,3496b04d1407bfa617b8d7e95b3dfc9a,1760817609000,sports_ranking_finish_position,contradiction
economic_or_replay,max_trades,3496b04d1407bfa617b8d7e95b3dfc9a,1760821209000,sports_ranking_finish_position,contradiction
economic_or_replay,max_trades,3496b04d1407bfa617b8d7e95b3dfc9a,1760824809000,sports_ranking_finish_position,contradiction
economic_or_replay,max_trades,3496b04d1407bfa617b8d7e95b3dfc9a,1760828409000,sports_ranking_finish_position,contradiction
economic_or_replay,max_trades,3496b04d1407bfa617b8d7e95b3dfc9a,1760832009000,sports_ranking_finish_position,contradiction
economic_or_replay,max_trades,3496b04d1407bfa617b8d7e95b3dfc9a,1760835609000,sports_ranking_finish_position,contradiction
economic_or_replay,max_trades,3496b04d1407bfa617b8d7e95b3dfc9a,1760839209000,sports_ranking_finish_position,contradiction
economic_or_replay,max_trades,3496b04d1407bfa617b8d7e95b3dfc9a,1760842809000,sports_ranking_finish_position,contradiction
economic_or_replay,max_trades,3496b04d1407bfa617b8d7e95b3dfc9a,1760846409000,sports_ranking_finish_position,contradiction
economic_or_replay,max_trades,3496b04d1407bfa617b8d7e95b3dfc9a,1760850009000,sports_ranking_finish_position,contradiction
economic_or_replay,max_trades,3496b04d1407bfa617b8d7e95b3dfc9a,1760853609000,sports_ranking_finish_position,contradiction
economic_or_replay,max_trades,3496b04d1407bfa617b8d7e95b3dfc9a,1760857209000,sports_ranking_finish_position,contradiction
economic_or_replay,max_trades,3496b04d1407bfa617b8d7e95b3dfc9a,1760860809000,sports_ranking_finish_position,contradiction
economic_or_replay,max_trades,3496b04d1407bfa617b8d7e95b3dfc9a,1760864409000,sports_ranking_finish_position,contradiction
economic_or_replay,max_trades,3496b04d1407bfa617b8d7e95b3dfc9a,1760868009000,sports_ranking_finish_position,contradiction
economic_or_replay,max_trades,3496b04d1407bfa617b8d7e95b3dfc9a,1760871609000,sports_ranking_finish_position,contradiction
economic_or_replay,max_trades,3496b04d1407bfa617b8d7e95b3dfc9a,1760875209000,sports_ranking_finish_position,contradiction
economic_or_replay,max_trades,3496b04d1407bfa617b8d7e95b3dfc9a,1760878809000,sports_ranking_finish_position,contradiction
economic_or_replay,max_trades,3496b04d1407bfa617b8d7e95b3dfc9a,1760882409000,sports_ranking_finish_position,contradiction
economic_or_replay,max_trades,3496b04d1407bfa617b8d7e95b3dfc9a,1760886009000,sports_ranking_finish_position,contradiction
economic_or_replay,max_trades,3496b04d1407bfa617b8d7e95b3dfc9a,1760889609000,sports_ranking_finish_position,contradiction
economic_or_replay,max_trades,3496b04d1407bfa617b8d7e95b3dfc9a,1760893209000,sports_ranking_finish_position,contradiction
economic_or_replay,max_trades,3496b04d1407bfa617b8d7e95b3dfc9a,1760896809000,sports_ranking_finish_position,contradiction
economic_or_replay,max_trades,3496b04d1407bfa617b8d7e95b3dfc9a,1760900409000,sports_ranking_finish_position,contradiction
economic_or_replay,max_trades,3496b04d1407bfa617b8d7e95b3dfc9a,1760904009000,sports_ranking_finish_position,contradiction
economic_or_replay,max_trades,3496b04d1407bfa617b8d7e95b3dfc9a,1760907609000,sports_ranking_finish_position,contradiction
economic_or_replay,max_trades,3496b04d1407bfa617b8d7e95b3dfc9a,1760911209000,sports_ranking_finish_position,contradiction
economic_or_replay,max_trades,3496b04d1407bfa617b8d7e95b3dfc9a,1760914809000,sports_ranking_finish_position,contradiction
economic_or_replay,max_trades,3496b04d1407bfa617b8d7e95b3dfc9a,1760918409000,sports_ranking_finish_position,contradiction
economic_or_replay,max_trades,3496b04d1407bfa617b8d7e95b3dfc9a,1760922009000,sports_ranking_finish_position,contradiction
economic_or_replay,max_trades,3496b04d1407bfa617b8d7e95b3dfc9a,1760925609000,sports_ranking_finish_position,contradiction
economic_or_replay,max_trades,3496b04d1407bfa617b8d7e95b3dfc9a,1760929209000,sports_ranking_finish_position,contradiction
economic_or_replay,max_trades,3496b04d1407bfa617b8d7e95b3dfc9a,1760932809000,sports_ranking_finish_position,contradiction
economic_or_replay,max_trades,3496b04d1407bfa617b8d7e95b3dfc9a,1760936409000,sports_ranking_finish_position,contradiction
economic_or_replay,max_trades,3496b04d1407bfa617b8d7e95b3dfc9a,1760940009000,sports_ranking_finish_position,contradiction
economic_or_replay,max_trades,3496b04d1407bfa617b8d7e95b3dfc9a,1760943609000,sports_ranking_finish_position,contradiction
economic_or_replay,max_trades,3496b04d1407bfa617b8d7e95b3dfc9a,1760947209000,sports_ranking_finish_position,contradiction
economic_or_replay,max_trades,3496b04d1407bfa617b8d7e95b3dfc9a,1760950809000,sports_ranking_finish_position,contradiction
economic_or_replay,max_trades,3496b04d1407bfa617b8d7e95b3dfc9a,1760954409000,sports_ranking_finish_position,contradiction
economic_or_replay,max_trades,3496b04d1407bfa617b8d7e95b3dfc9a,1760958009000,sports_ranking_finish_position,contradiction
economic_or_replay,max_trades,3496b04d1407bfa617b8d7e95b3dfc9a,1760961609000,sports_ranking_finish_position,contradiction
economic_or_replay,max_trades,3496b04d1407bfa617b8d7e95b3dfc9a,1760965209000,sports_ranking_finish_position,contradiction
economic_or_replay,max_trades,3496b04d1407bfa617b8d7e95b3dfc9a,1760968809000,sports_ranking_finish_position,contradiction
economic_or_replay,max_trades,3496b04d1407bfa617b8d7e95b3dfc9a,1760972409000,sports_ranking_finish_position,contradiction
economic_or_replay,max_trades,3496b04d1407bfa617b8d7e95b3dfc9a,1760976009000,sports_ranking_finish_position,contradiction
economic_or_replay,max_trades,3496b04d1407bfa617b8d7e95b3dfc9a,1760979609000,sports_ranking_finish_position,contradiction
economic_or_replay,max_trades,3496b04d1407bfa617b8d7e95b3dfc9a,1760983209000,sports_ranking_finish_position,contradiction
economic_or_replay,max_trades,3496b04d1407bfa617b8d7e95b3dfc9a,1760986809000,sports_ranking_finish_position,contradiction
economic_or_replay,max_trades,3496b04d1407bfa617b8d7e95b3dfc9a,1760990409000,sports_ranking_finish_position,contradiction
economic_or_replay,max_trades,3496b04d1407bfa617b8d7e95b3dfc9a,1760994009000,sports_ranking_finish_position,contradiction
economic_or_replay,max_trades,3496b04d1407bfa617b8d7e95b3dfc9a,1760997609000,sports_ranking_finish_position,contradiction
economic_or_replay,max_trades,3496b04d1407bfa617b8d7e95b3dfc9a,1761001209000,sports_ranking_finish_position,contradiction
economic_or_replay,max_trades,3496b04d1407bfa617b8d7e95b3dfc9a,1761004809000,sports_ranking_finish_position,contradiction
economic_or_replay,max_trades,3496b04d1407bfa617b8d7e95b3dfc9a,1761008409000,sports_ranking_finish_position,contradiction
economic_or_replay,max_trades,3496b04d1407bfa617b8d7e95b3dfc9a,1761012009000,sports_ranking_finish_position,contradiction
economic_or_replay,max_trades,3496b04d1407bfa617b8d7e95b3dfc9a,1761015609000,sports_ranking_finish_position,contradiction
economic_or_replay,max_trades,3496b04d1407bfa617b8d7e95b3dfc9a,1761019209000,sports_ranking_finish_position,contradiction
economic_or_replay,max_trades,3496b04d1407bfa617b8d7e95b3dfc9a,1761022809000,sports_ranking_finish_position,contradiction
economic_or_replay,max_trades,3496b04d1407bfa617b8d7e95b3dfc9a,1761026409000,sports_ranking_finish_position,contradiction
economic_or_replay,max_trades,3496b04d1407bfa617b8d7e95b3dfc9a,1761030009000,sports_ranking_finish_position,contradiction
economic_or_replay,max_trades,3496b04d1407bfa617b8d7e95b3dfc9a,1761033609000,sports_ranking_finish_position,contradiction
economic_or_replay,max_trades,3496b04d1407bfa617b8d7e95b3dfc9a,1761037209000,sports_ranking_finish_position,contradiction
economic_or_replay,max_trades,3496b04d1407bfa617b8d7e95b3dfc9a,1761040809000,sports_ranking_finish_position,contradiction
economic_or_replay,max_trades,3496b04d1407bfa617b8d7e95b3dfc9a,1761044409000,sports_ranking_finish_position,contradiction
economic_or_replay,max_trades,3496b04d1407bfa617b8d7e95b3dfc9a,1761048009000,sports_ranking_finish_position,contradiction
economic_or_replay,max_trades,3496b04d1407bfa617b8d7e95b3dfc9a,1761051609000,sports_ranking_finish_position,contradiction
economic_or_replay,max_trades,3496b04d1407bfa617b8d7e95b3dfc9a,1761055209000,sports_ranking_finish_position,contradiction
economic_or_replay,max_trades,3496b04d1407bfa617b8d7e95b3dfc9a,1761058809000,sports_ranking_finish_position,contradiction
economic_or_replay,max_trades,3496b04d1407bfa617b8d7e95b3dfc9a,1761062409000,sports_ranking_finish_position,contradiction
economic_or_replay,max_trades,3496b04d1407bfa617b8d7e95b3dfc9a,1761066009000,sports_ranking_finish_position,contradiction
economic_or_replay,max_trades,3496b04d1407bfa617b8d7e95b3dfc9a,1761069609000,sports_ranking_finish_position,contradiction
economic_or_replay,max_trades,3496b04d1407bfa617b8d7e95b3dfc9a,1761073209000,sports_ranking_finish_position,contradiction
economic_or_replay,max_trades,3496b04d1407bfa617b8d7e95b3dfc9a,1761076809000,sports_ranking_finish_position,contradiction
economic_or_replay,max_trades,3496b04d1407bfa617b8d7e95b3dfc9a,1761080409000,sports_ranking_finish_position,contradiction
economic_or_replay,max_trades,3496b04d1407bfa617b8d7e95b3dfc9a,1761084009000,sports_ranking_finish_position,contradiction
economic_or_replay,max_trades,3496b04d1407bfa617b8d7e95b3dfc9a,1761087609000,sports_ranking_finish_position,contradiction
economic_or_replay,max_trades,3496b04d1407bfa617b8d7e95b3dfc9a,1761091209000,sports_ranking_finish_position,contradiction
economic_or_replay,max_trades,3496b04d1407bfa617b8d7e95b3dfc9a,1761094809000,sports_ranking_finish_position,contradiction
economic_or_replay,max_trades,3496b04d1407bfa617b8d7e95b3dfc9a,1761098409000,sports_ranking_finish_position,contradiction
economic_or_replay,max_trades,3496b04d1407bfa617b8d7e95b3dfc9a,1761102009000,sports_ranking_finish_position,contradiction
economic_or_replay,max_trades,3496b04d1407bfa617b8d7e95b3dfc9a,1761105609000,sports_ranking_finish_position,contradiction
economic_or_replay,max_trades,3496b04d1407bfa617b8d7e95b3dfc9a,1761109209000,sports_ranking_finish_position,contradiction
economic_or_replay,max_trades,3496b04d1407bfa617b8d7e95b3dfc9a,1761112809000,sports_ranking_finish_position,contradiction
economic_or_replay,max_trades,3496b04d1407bfa617b8d7e95b3dfc9a,1761116409000,sports_ranking_finish_position,contradiction
economic_or_replay,max_trades,3496b04d1407bfa617b8d7e95b3dfc9a,1761120009000,sports_ranking_finish_position,contradiction
economic_or_replay,max_trades,3496b04d1407bfa617b8d7e95b3dfc9a,1761123609000,sports_ranking_finish_position,contradiction
economic_or_replay,max_trades,3496b04d1407bfa617b8d7e95b3dfc9a,1761127209000,sports_ranking_finish_position,contradiction
economic_or_replay,max_trades,3496b04d1407bfa617b8d7e95b3dfc9a,1761130809000,sports_ranking_finish_position,contradiction
economic_or_replay,max_trades,3496b04d1407bfa617b8d7e95b3dfc9a,1761134409000,sports_ranking_finish_position,contradiction
economic_or_replay,max_trades,3496b04d1407bfa617b8d7e95b3dfc9a,1761138009000,sports_ranking_finish_position,contradiction
economic_or_replay,max_trades,3496b04d1407bfa617b8d7e95b3dfc9a,1761141609000,sports_ranking_finish_position,contradiction
economic_or_replay,max_trades,3496b04d1407bfa617b8d7e95b3dfc9a,1761145209000,sports_ranking_finish_position,contradiction
economic_or_replay,max_trades,3496b04d1407bfa617b8d7e95b3dfc9a,1761148809000,sports_ranking_finish_position,contradiction
economic_or_replay,max_trades,3496b04d1407bfa617b8d7e95b3dfc9a,1761152409000,sports_ranking_finish_position,contradiction
economic_or_replay,max_trades,3496b04d1407bfa617b8d7e95b3dfc9a,1761156009000,sports_ranking_finish_position,contradiction
economic_or_replay,max_trades,3496b04d1407bfa617b8d7e95b3dfc9a,1761159609000,sports_ranking_finish_position,contradiction
economic_or_replay,max_trades,3496b04d1407bfa617b8d7e95b3dfc9a,1761163209000,sports_ranking_finish_position,contradiction
economic_or_replay,max_trades,3496b04d1407bfa617b8d7e95b3dfc9a,1761166809000,sports_ranking_finish_position,contradiction
economic_or_replay,max_trades,3496b04d1407bfa617b8d7e95b3dfc9a,1761170409000,sports_ranking_finish_position,contradiction
economic_or_replay,max_trades,3496b04d1407bfa617b8d7e95b3dfc9a,1761174009000,sports_ranking_finish_position,contradiction
economic_or_replay,max_trades,3496b04d1407bfa617b8d7e95b3dfc9a,1761177609000,sports_ranking_finish_position,contradiction
economic_or_replay,max_trades,3496b04d1407bfa617b8d7e95b3dfc9a,1761181209000,sports_ranking_finish_position,contradiction
economic_or_replay,max_trades,3496b04d1407bfa617b8d7e95b3dfc9a,1761184809000,sports_ranking_finish_position,contradiction
economic_or_replay,max_trades,3496b04d1407bfa617b8d7e95b3dfc9a,1761188409000,sports_ranking_finish_position,contradiction
economic_or_replay,max_trades,3496b04d1407bfa617b8d7e95b3dfc9a,1761192009000,sports_ranking_finish_position,contradiction
economic_or_replay,max_trades,3496b04d1407bfa617b8d7e95b3dfc9a,1761195609000,sports_ranking_finish_position,contradiction
economic_or_replay,max_trades,3496b04d1407bfa617b8d7e95b3dfc9a,1761199209000,sports_ranking_finish_position,contradiction
economic_or_replay,max_trades,3496b04d1407bfa617b8d7e95b3dfc9a,1761202809000,sports_ranking_finish_position,contradiction
economic_or_replay,max_trades,3496b04d1407bfa617b8d7e95b3dfc9a,1761206409000,sports_ranking_finish_position,contradiction
economic_or_replay,max_trades,3496b04d1407bfa617b8d7e95b3dfc9a,1761210009000,sports_ranking_finish_position,contradiction
economic_or_replay,max_trades,3496b04d1407bfa617b8d7e95b3dfc9a,1761213609000,sports_ranking_finish_position,contradiction
economic_or_replay,max_trades,3496b04d1407bfa617b8d7e95b3dfc9a,1761217209000,sports_ranking_finish_position,contradiction
economic_or_replay,max_trades,3496b04d1407bfa617b8d7e95b3dfc9a,1761220809000,sports_ranking_finish_position,contradiction
economic_or_replay,max_trades,3496b04d1407bfa617b8d7e95b3dfc9a,1761224409000,sports_ranking_finish_position,contradiction
economic_or_replay,max_trades,3496b04d1407bfa617b8d7e95b3dfc9a,1761228009000,sports_ranking_finish_position,contradiction
economic_or_replay,max_trades,3496b04d1407bfa617b8d7e95b3dfc9a,1761231609000,sports_ranking_finish_position,contradiction
economic_or_replay,max_trades,3496b04d1407bfa617b8d7e95b3dfc9a,1761235209000,sports_ranking_finish_position,contradiction
economic_or_replay,max_trades,3496b04d1407bfa617b8d7e95b3dfc9a,1761238809000,sports_ranking_finish_position,contradiction
economic_or_replay,max_trades,3496b04d1407bfa617b8d7e95b3dfc9a,1761242409000,sports_ranking_finish_position,contradiction
economic_or_replay,max_trades,3496b04d1407bfa617b8d7e95b3dfc9a,1761246009000,sports_ranking_finish_position,contradiction
economic_or_replay,max_trades,3496b04d1407bfa617b8d7e95b3dfc9a,1761249609000,sports_ranking_finish_position,contradiction
economic_or_replay,max_trades,3496b04d1407bfa617b8d7e95b3dfc9a,1761253209000,sports_ranking_finish_position,contradiction
economic_or_replay,max_trades,3496b04d1407bfa617b8d7e95b3dfc9a,1761256809000,sports_ranking_finish_position,contradiction
economic_or_replay,max_trades,3496b04d1407bfa617b8d7e95b3dfc9a,1761260409000,sports_ranking_finish_position,contradiction
economic_or_replay,max_trades,3496b04d1407bfa617b8d7e95b3dfc9a,1761264009000,sports_ranking_finish_position,contradiction
economic_or_replay,max_trades,3496b04d1407bfa617b8d7e95b3dfc9a,1761267609000,sports_ranking_finish_position,contradiction
economic_or_replay,max_trades,3496b04d1407bfa617b8d7e95b3dfc9a,1761271209000,sports_ranking_finish_position,contradiction
economic_or_replay,max_trades,3496b04d1407bfa617b8d7e95b3dfc9a,1761274809000,sports_ranking_finish_position,contradiction
economic_or_replay,max_trades,3496b04d1407bfa617b8d7e95b3dfc9a,1761278409000,sports_ranking_finish_position,contradiction
economic_or_replay,max_trades,3496b04d1407bfa617b8d7e95b3dfc9a,1761282009000,sports_ranking_finish_position,contradiction
economic_or_replay,max_trades,3496b04d1407bfa617b8d7e95b3dfc9a,1761285609000,sports_ranking_finish_position,contradiction
economic_or_replay,max_trades,3496b04d1407bfa617b8d7e95b3dfc9a,1761289209000,sports_ranking_finish_position,contradiction
economic_or_replay,max_trades,3496b04d1407bfa617b8d7e95b3dfc9a,1761292809000,sports_ranking_finish_position,contradiction
economic_or_replay,max_trades,3496b04d1407bfa617b8d7e95b3dfc9a,1761296409000,sports_ranking_finish_position,contradiction
economic_or_replay,max_trades,3496b04d1407bfa617b8d7e95b3dfc9a,1761300009000,sports_ranking_finish_position,contradiction
economic_or_replay,max_trades,3496b04d1407bfa617b8d7e95b3dfc9a,1761303609000,sports_ranking_finish_position,contradiction
economic_or_replay,max_trades,3496b04d1407bfa617b8d7e95b3dfc9a,1761307209000,sports_ranking_finish_position,contradiction
economic_or_replay,max_trades,3496b04d1407bfa617b8d7e95b3dfc9a,1761310809000,sports_ranking_finish_position,contradiction
economic_or_replay,max_trades,3496b04d1407bfa617b8d7e95b3dfc9a,1761314409000,sports_ranking_finish_position,contradiction
economic_or_replay,max_trades,3496b04d1407bfa617b8d7e95b3dfc9a,1761318009000,sports_ranking_finish_position,contradiction
economic_or_replay,max_trades,3496b04d1407bfa617b8d7e95b3dfc9a,1761321609000,sports_ranking_finish_position,contradiction
economic_or_replay,max_trades,3496b04d1407bfa617b8d7e95b3dfc9a,1761325209000,sports_ranking_finish_position,contradiction
economic_or_replay,max_trades,3496b04d1407bfa617b8d7e95b3dfc9a,1761328809000,sports_ranking_finish_position,contradiction
economic_or_replay,max_trades,3496b04d1407bfa617b8d7e95b3dfc9a,1761332409000,sports_ranking_finish_position,contradiction
economic_or_replay,max_trades,3496b04d1407bfa617b8d7e95b3dfc9a,1761336009000,sports_ranking_finish_position,contradiction
economic_or_replay,max_trades,3496b04d1407bfa617b8d7e95b3dfc9a,1761339609000,sports_ranking_finish_position,contradiction
economic_or_replay,max_trades,3496b04d1407bfa617b8d7e95b3dfc9a,1761343209000,sports_ranking_finish_position,contradiction
economic_or_replay,max_trades,3496b04d1407bfa617b8d7e95b3dfc9a,1761346809000,sports_ranking_finish_position,contradiction
economic_or_replay,max_trades,3496b04d1407bfa617b8d7e95b3dfc9a,1761350409000,sports_ranking_finish_position,contradiction
economic_or_replay,max_trades,3496b04d1407bfa617b8d7e95b3dfc9a,1761354009000,sports_ranking_finish_position,contradiction
economic_or_replay,max_trades,3496b04d1407bfa617b8d7e95b3dfc9a,1761357609000,sports_ranking_finish_position,contradiction
economic_or_replay,max_trades,3496b04d1407bfa617b8d7e95b3dfc9a,1761361209000,sports_ranking_finish_position,contradiction
economic_or_replay,max_trades,3496b04d1407bfa617b8d7e95b3dfc9a,1761364809000,sports_ranking_finish_position,contradiction
economic_or_replay,max_trades,3496b04d1407bfa617b8d7e95b3dfc9a,1761368409000,sports_ranking_finish_position,contradiction
economic_or_replay,max_trades,3496b04d1407bfa617b8d7e95b3dfc9a,1761372009000,sports_ranking_finish_position,contradiction
economic_or_replay,max_trades,3496b04d1407bfa617b8d7e95b3dfc9a,1761375609000,sports_ranking_finish_position,contradiction
economic_or_replay,max_trades,3496b04d1407bfa617b8d7e95b3dfc9a,1761379209000,sports_ranking_finish_position,contradiction
economic_or_replay,max_trades,3496b04d1407bfa617b8d7e95b3dfc9a,1761382809000,sports_ranking_finish_position,contradiction
economic_or_replay,max_trades,3496b04d1407bfa617b8d7e95b3dfc9a,1761386409000,sports_ranking_finish_position,contradiction
economic_or_replay,max_trades,3496b04d1407bfa617b8d7e95b3dfc9a,1761390009000,sports_ranking_finish_position,contradiction
economic_or_replay,max_trades,3496b04d1407bfa617b8d7e95b3dfc9a,1761393609000,sports_ranking_finish_position,contradiction
economic_or_replay,max_trades,3496b04d1407bfa617b8d7e95b3dfc9a,1761397209000,sports_ranking_finish_position,contradiction
economic_or_replay,max_trades,3496b04d1407bfa617b8d7e95b3dfc9a,1761400809000,sports_ranking_finish_position,contradiction
economic_or_replay,max_trades,3496b04d1407bfa617b8d7e95b3dfc9a,1761404409000,sports_ranking_finish_position,contradiction
economic_or_replay,max_trades,3496b04d1407bfa617b8d7e95b3dfc9a,1761408009000,sports_ranking_finish_position,contradiction
economic_or_replay,max_trades,3496b04d1407bfa617b8d7e95b3dfc9a,1761411609000,sports_ranking_finish_position,contradiction
economic_or_replay,max_trades,3496b04d1407bfa617b8d7e95b3dfc9a,1761415209000,sports_ranking_finish_position,contradiction
economic_or_replay,max_trades,3496b04d1407bfa617b8d7e95b3dfc9a,1761418809000,sports_ranking_finish_position,contradiction
economic_or_replay,max_trades,3496b04d1407bfa617b8d7e95b3dfc9a,1761422409000,sports_ranking_finish_position,contradiction
economic_or_replay,max_trades,3496b04d1407bfa617b8d7e95b3dfc9a,1761426009000,sports_ranking_finish_position,contradiction
economic_or_replay,max_trades,3496b04d1407bfa617b8d7e95b3dfc9a,1761429609000,sports_ranking_finish_position,contradiction
economic_or_replay,max_trades,3496b04d1407bfa617b8d7e95b3dfc9a,1761433209000,sports_ranking_finish_position,contradiction
economic_or_replay,max_trades,3496b04d1407bfa617b8d7e95b3dfc9a,1761436809000,sports_ranking_finish_position,contradiction
economic_or_replay,max_trades,3496b04d1407bfa617b8d7e95b3dfc9a,1761440409000,sports_ranking_finish_position,contradiction
economic_or_replay,max_trades,3496b04d1407bfa617b8d7e95b3dfc9a,1761444009000,sports_ranking_finish_position,contradiction
economic_or_replay,max_trades,3496b04d1407bfa617b8d7e95b3dfc9a,1761447609000,sports_ranking_finish_position,contradiction
economic_or_replay,max_trades,3496b04d1407bfa617b8d7e95b3dfc9a,1761451209000,sports_ranking_finish_position,contradiction
economic_or_replay,max_trades,3496b04d1407bfa617b8d7e95b3dfc9a,1761454809000,sports_ranking_finish_position,contradiction
economic_or_replay,max_trades,3496b04d1407bfa617b8d7e95b3dfc9a,1761458409000,sports_ranking_finish_position,contradiction
economic_or_replay,max_trades,3496b04d1407bfa617b8d7e95b3dfc9a,1761462009000,sports_ranking_finish_position,contradiction
economic_or_replay,max_trades,3496b04d1407bfa617b8d7e95b3dfc9a,1761465609000,sports_ranking_finish_position,contradiction
economic_or_replay,max_trades,3496b04d1407bfa617b8d7e95b3dfc9a,1761469209000,sports_ranking_finish_position,contradiction
economic_or_replay,max_trades,3496b04d1407bfa617b8d7e95b3dfc9a,1761472809000,sports_ranking_finish_position,contradiction
economic_or_replay,max_trades,3496b04d1407bfa617b8d7e95b3dfc9a,1761476409000,sports_ranking_finish_position,contradiction
economic_or_replay,max_trades,3496b04d1407bfa617b8d7e95b3dfc9a,1761480009000,sports_ranking_finish_position,contradiction
economic_or_replay,max_trades,3496b04d1407bfa617b8d7e95b3dfc9a,1761483609000,sports_ranking_finish_position,contradiction
economic_or_replay,max_trades,3496b04d1407bfa617b8d7e95b3dfc9a,1761487209000,sports_ranking_finish_position,contradiction
economic_or_replay,max_trades,3496b04d1407bfa617b8d7e95b3dfc9a,1761490809000,sports_ranking_finish_position,contradiction
economic_or_replay,max_trades,3496b04d1407bfa617b8d7e95b3dfc9a,1761494409000,sports_ranking_finish_position,contradiction
economic_or_replay,max_trades,3496b04d1407bfa617b8d7e95b3dfc9a,1761498009000,sports_ranking_finish_position,contradiction
economic_or_replay,max_trades,3496b04d1407bfa617b8d7e95b3dfc9a,1761501609000,sports_ranking_finish_position,contradiction
economic_or_replay,max_trades,3496b04d1407bfa617b8d7e95b3dfc9a,1761505209000,sports_ranking_finish_position,contradiction
economic_or_replay,max_trades,3496b04d1407bfa617b8d7e95b3dfc9a,1761508809000,sports_ranking_finish_position,contradiction
economic_or_replay,max_trades,3496b04d1407bfa617b8d7e95b3dfc9a,1761512409000,sports_ranking_finish_position,contradiction
economic_or_replay,max_trades,3496b04d1407bfa617b8d7e95b3dfc9a,1761516009000,sports_ranking_finish_position,contradiction
economic_or_replay,max_trades,3496b04d1407bfa617b8d7e95b3dfc9a,1761519609000,sports_ranking_finish_position,contradiction
economic_or_replay,max_trades,3496b04d1407bfa617b8d7e95b3dfc9a,1761523209000,sports_ranking_finish_position,contradiction
economic_or_replay,max_trades,3496b04d1407bfa617b8d7e95b3dfc9a,1761526809000,sports_ranking_finish_position,contradiction
economic_or_replay,max_trades,3496b04d1407bfa617b8d7e95b3dfc9a,1761530409000,sports_ranking_finish_position,contradiction
economic_or_replay,max_trades,3496b04d1407bfa617b8d7e95b3dfc9a,1761534009000,sports_ranking_finish_position,contradiction
economic_or_replay,max_trades,3496b04d1407bfa617b8d7e95b3dfc9a,1761537609000,sports_ranking_finish_position,contradiction
economic_or_replay,max_trades,3496b04d1407bfa617b8d7e95b3dfc9a,1761541209000,sports_ranking_finish_position,contradiction
economic_or_replay,max_trades,3496b04d1407bfa617b8d7e95b3dfc9a,1761544809000,sports_ranking_finish_position,contradiction
economic_or_replay,max_trades,3496b04d1407bfa617b8d7e95b3dfc9a,1761548409000,sports_ranking_finish_position,contradiction
economic_or_replay,max_trades,3496b04d1407bfa617b8d7e95b3dfc9a,1761552009000,sports_ranking_finish_position,contradiction
economic_or_replay,max_trades,3496b04d1407bfa617b8d7e95b3dfc9a,1761555609000,sports_ranking_finish_position,contradiction
economic_or_replay,max_trades,3496b04d1407bfa617b8d7e95b3dfc9a,1761559209000,sports_ranking_finish_position,contradiction
economic_or_replay,max_trades,3496b04d1407bfa617b8d7e95b3dfc9a,1761562809000,sports_ranking_finish_position,contradiction
economic_or_replay,max_trades,3496b04d1407bfa617b8d7e95b3dfc9a,1761566409000,sports_ranking_finish_position,contradiction
economic_or_replay,max_trades,3496b04d1407bfa617b8d7e95b3dfc9a,1761570009000,sports_ranking_finish_position,contradiction
economic_or_replay,max_trades,3496b04d1407bfa617b8d7e95b3dfc9a,1761573609000,sports_ranking_finish_position,contradiction
economic_or_replay,max_trades,3496b04d1407bfa617b8d7e95b3dfc9a,1761577209000,sports_ranking_finish_position,contradiction
economic_or_replay,max_trades,3496b04d1407bfa617b8d7e95b3dfc9a,1761580809000,sports_ranking_finish_position,contradiction
economic_or_replay,max_trades,3496b04d1407bfa617b8d7e95b3dfc9a,1761584409000,sports_ranking_finish_position,contradiction
economic_or_replay,max_trades,3496b04d1407bfa617b8d7e95b3dfc9a,1761588009000,sports_ranking_finish_position,contradiction
economic_or_replay,max_trades,3496b04d1407bfa617b8d7e95b3dfc9a,1761591609000,sports_ranking_finish_position,contradiction
economic_or_replay,max_trades,3496b04d1407bfa617b8d7e95b3dfc9a,1761595209000,sports_ranking_finish_position,contradiction
economic_or_replay,max_trades,3496b04d1407bfa617b8d7e95b3dfc9a,1761598809000,sports_ranking_finish_position,contradiction
economic_or_replay,max_trades,3496b04d1407bfa617b8d7e95b3dfc9a,1761602409000,sports_ranking_finish_position,contradiction
economic_or_replay,max_trades,3496b04d1407bfa617b8d7e95b3dfc9a,1761606009000,sports_ranking_finish_position,contradiction
economic_or_replay,max_trades,3496b04d1407bfa617b8d7e95b3dfc9a,1761609609000,sports_ranking_finish_position,contradiction
economic_or_replay,max_trades,3496b04d1407bfa617b8d7e95b3dfc9a,1761613209000,sports_ranking_finish_position,contradiction
economic_or_replay,max_trades,3496b04d1407bfa617b8d7e95b3dfc9a,1761616809000,sports_ranking_finish_position,contradiction
economic_or_replay,max_trades,3496b04d1407bfa617b8d7e95b3dfc9a,1761620409000,sports_ranking_finish_position,contradiction
economic_or_replay,max_trades,3496b04d1407bfa617b8d7e95b3dfc9a,1761624009000,sports_ranking_finish_position,contradiction
economic_or_replay,max_trades,3496b04d1407bfa617b8d7e95b3dfc9a,1761627609000,sports_ranking_finish_position,contradiction
economic_or_replay,max_trades,3496b04d1407bfa617b8d7e95b3dfc9a,1761631209000,sports_ranking_finish_position,contradiction
economic_or_replay,max_trades,3496b04d1407bfa617b8d7e95b3dfc9a,1761634809000,sports_ranking_finish_position,contradiction
economic_or_replay,max_trades,3496b04d1407bfa617b8d7e95b3dfc9a,1761638409000,sports_ranking_finish_position,contradiction
economic_or_replay,max_trades,3496b04d1407bfa617b8d7e95b3dfc9a,1761642009000,sports_ranking_finish_position,contradiction
economic_or_replay,max_trades,3496b04d1407bfa617b8d7e95b3dfc9a,1761645609000,sports_ranking_finish_position,contradiction
economic_or_replay,max_trades,3496b04d1407bfa617b8d7e95b3dfc9a,1761649209000,sports_ranking_finish_position,contradiction
economic_or_replay,max_trades,3496b04d1407bfa617b8d7e95b3dfc9a,1761652809000,sports_ranking_finish_position,contradiction
economic_or_replay,max_trades,3496b04d1407bfa617b8d7e95b3dfc9a,1761656409000,sports_ranking_finish_position,contradiction
economic_or_replay,max_trades,3496b04d1407bfa617b8d7e95b3dfc9a,1761660009000,sports_ranking_finish_position,contradiction
economic_or_replay,max_trades,3496b04d1407bfa617b8d7e95b3dfc9a,1761663609000,sports_ranking_finish_position,contradiction
economic_or_replay,max_trades,3496b04d1407bfa617b8d7e95b3dfc9a,1761667209000,sports_ranking_finish_position,contradiction
economic_or_replay,max_trades,3496b04d1407bfa617b8d7e95b3dfc9a,1761670809000,sports_ranking_finish_position,contradiction
economic_or_replay,max_trades,3496b04d1407bfa617b8d7e95b3dfc9a,1761674409000,sports_ranking_finish_position,contradiction
economic_or_replay,max_trades,3496b04d1407bfa617b8d7e95b3dfc9a,1761678009000,sports_ranking_finish_position,contradiction
economic_or_replay,max_trades,3496b04d1407bfa617b8d7e95b3dfc9a,1761681609000,sports_ranking_finish_position,contradiction
economic_or_replay,max_trades,3496b04d1407bfa617b8d7e95b3dfc9a,1761685209000,sports_ranking_finish_position,contradiction
economic_or_replay,max_trades,3496b04d1407bfa617b8d7e95b3dfc9a,1761688809000,sports_ranking_finish_position,contradiction
economic_or_replay,max_trades,3496b04d1407bfa617b8d7e95b3dfc9a,1761692409000,sports_ranking_finish_position,contradiction
economic_or_replay,max_trades,3496b04d1407bfa617b8d7e95b3dfc9a,1761696009000,sports_ranking_finish_position,contradiction
economic_or_replay,max_trades,3496b04d1407bfa617b8d7e95b3dfc9a,1761699609000,sports_ranking_finish_position,contradiction
economic_or_replay,max_trades,3496b04d1407bfa617b8d7e95b3dfc9a,1761703209000,sports_ranking_finish_position,contradiction
economic_or_replay,max_trades,3496b04d1407bfa617b8d7e95b3dfc9a,1761706809000,sports_ranking_finish_position,contradiction
economic_or_replay,max_trades,3496b04d1407bfa617b8d7e95b3dfc9a,1761710409000,sports_ranking_finish_position,contradiction
economic_or_replay,max_trades,3496b04d1407bfa617b8d7e95b3dfc9a,1761714009000,sports_ranking_finish_position,contradiction
economic_or_replay,max_trades,3496b04d1407bfa617b8d7e95b3dfc9a,1761717609000,sports_ranking_finish_position,contradiction
economic_or_replay,max_trades,3496b04d1407bfa617b8d7e95b3dfc9a,1761721209000,sports_ranking_finish_position,contradiction
economic_or_replay,max_trades,3496b04d1407bfa617b8d7e95b3dfc9a,1761724809000,sports_ranking_finish_position,contradiction
economic_or_replay,max_trades,3496b04d1407bfa617b8d7e95b3dfc9a,1761728409000,sports_ranking_finish_position,contradiction
economic_or_replay,max_trades,3496b04d1407bfa617b8d7e95b3dfc9a,1761732009000,sports_ranking_finish_position,contradiction
economic_or_replay,max_trades,3496b04d1407bfa617b8d7e95b3dfc9a,1761735609000,sports_ranking_finish_position,contradiction
economic_or_replay,max_trades,3496b04d1407bfa617b8d7e95b3dfc9a,1761739209000,sports_ranking_finish_position,contradiction
economic_or_replay,max_trades,3496b04d1407bfa617b8d7e95b3dfc9a,1761742809000,sports_ranking_finish_position,contradiction
economic_or_replay,max_trades,3496b04d1407bfa617b8d7e95b3dfc9a,1761746409000,sports_ranking_finish_position,contradiction
economic_or_replay,max_trades,3496b04d1407bfa617b8d7e95b3dfc9a,1761750009000,sports_ranking_finish_position,contradiction
economic_or_replay,max_trades,3496b04d1407bfa617b8d7e95b3dfc9a,1761753609000,sports_ranking_finish_position,contradiction
economic_or_replay,max_trades,3496b04d1407bfa617b8d7e95b3dfc9a,1761757209000,sports_ranking_finish_position,contradiction
economic_or_replay,max_trades,3496b04d1407bfa617b8d7e95b3dfc9a,1761760809000,sports_ranking_finish_position,contradiction
economic_or_replay,max_trades,3496b04d1407bfa617b8d7e95b3dfc9a,1761764409000,sports_ranking_finish_position,contradiction
economic_or_replay,max_trades,3496b04d1407bfa617b8d7e95b3dfc9a,1761768009000,sports_ranking_finish_position,contradiction
economic_or_replay,max_trades,3496b04d1407bfa617b8d7e95b3dfc9a,1761771609000,sports_ranking_finish_position,contradiction
economic_or_replay,max_trades,3496b04d1407bfa617b8d7e95b3dfc9a,1761775209000,sports_ranking_finish_position,contradiction
economic_or_replay,max_trades,3496b04d1407bfa617b8d7e95b3dfc9a,1761778809000,sports_ranking_finish_position,contradiction
economic_or_replay,max_trades,3496b04d1407bfa617b8d7e95b3dfc9a,1761782409000,sports_ranking_finish_position,contradiction
economic_or_replay,max_trades,3496b04d1407bfa617b8d7e95b3dfc9a,1761786009000,sports_ranking_finish_position,contradiction
economic_or_replay,max_trades,3496b04d1407bfa617b8d7e95b3dfc9a,1761789609000,sports_ranking_finish_position,contradiction
economic_or_replay,max_trades,3496b04d1407bfa617b8d7e95b3dfc9a,1761793209000,sports_ranking_finish_position,contradiction
economic_or_replay,max_trades,3496b04d1407bfa617b8d7e95b3dfc9a,1761796809000,sports_ranking_finish_position,contradiction
economic_or_replay,max_trades,3496b04d1407bfa617b8d7e95b3dfc9a,1761800409000,sports_ranking_finish_position,contradiction
economic_or_replay,max_trades,3496b04d1407bfa617b8d7e95b3dfc9a,1761804009000,sports_ranking_finish_position,contradiction
economic_or_replay,max_trades,3496b04d1407bfa617b8d7e95b3dfc9a,1761807609000,sports_ranking_finish_position,contradiction
economic_or_replay,max_trades,3496b04d1407bfa617b8d7e95b3dfc9a,1761811209000,sports_ranking_finish_position,contradiction
economic_or_replay,max_trades,3496b04d1407bfa617b8d7e95b3dfc9a,1761814809000,sports_ranking_finish_position,contradiction
economic_or_replay,max_trades,3496b04d1407bfa617b8d7e95b3dfc9a,1761818409000,sports_ranking_finish_position,contradiction
economic_or_replay,max_trades,3496b04d1407bfa617b8d7e95b3dfc9a,1761822009000,sports_ranking_finish_position,contradiction
economic_or_replay,max_trades,3496b04d1407bfa617b8d7e95b3dfc9a,1761825609000,sports_ranking_finish_position,contradiction
economic_or_replay,max_trades,3496b04d1407bfa617b8d7e95b3dfc9a,1761829209000,sports_ranking_finish_position,contradiction
economic_or_replay,max_trades,3496b04d1407bfa617b8d7e95b3dfc9a,1761832809000,sports_ranking_finish_position,contradiction
economic_or_replay,max_trades,3496b04d1407bfa617b8d7e95b3dfc9a,1761836409000,sports_ranking_finish_position,contradiction
economic_or_replay,max_trades,3496b04d1407bfa617b8d7e95b3dfc9a,1761840009000,sports_ranking_finish_position,contradiction
economic_or_replay,max_trades,3496b04d1407bfa617b8d7e95b3dfc9a,1761843609000,sports_ranking_finish_position,contradiction
economic_or_replay,max_trades,3496b04d1407bfa617b8d7e95b3dfc9a,1761847209000,sports_ranking_finish_position,contradiction
economic_or_replay,max_trades,3496b04d1407bfa617b8d7e95b3dfc9a,1761850809000,sports_ranking_finish_position,contradiction
economic_or_replay,max_trades,3496b04d1407bfa617b8d7e95b3dfc9a,1761854409000,sports_ranking_finish_position,contradiction
economic_or_replay,max_trades,3496b04d1407bfa617b8d7e95b3dfc9a,1761858009000,sports_ranking_finish_position,contradiction
economic_or_replay,max_trades,3496b04d1407bfa617b8d7e95b3dfc9a,1761861609000,sports_ranking_finish_position,contradiction
economic_or_replay,max_trades,3496b04d1407bfa617b8d7e95b3dfc9a,1761865209000,sports_ranking_finish_position,contradiction
economic_or_replay,max_trades,3496b04d1407bfa617b8d7e95b3dfc9a,1761868809000,sports_ranking_finish_position,contradiction
economic_or_replay,max_trades,3496b04d1407bfa617b8d7e95b3dfc9a,1761872409000,sports_ranking_finish_position,contradiction
economic_or_replay,max_trades,3496b04d1407bfa617b8d7e95b3dfc9a,1761876009000,sports_ranking_finish_position,contradiction
economic_or_replay,max_trades,3496b04d1407bfa617b8d7e95b3dfc9a,1761879609000,sports_ranking_finish_position,contradiction
economic_or_replay,max_trades,3496b04d1407bfa617b8d7e95b3dfc9a,1761883209000,sports_ranking_finish_position,contradiction
economic_or_replay,max_trades,3496b04d1407bfa617b8d7e95b3dfc9a,1761886809000,sports_ranking_finish_position,contradiction
economic_or_replay,max_trades,3496b04d1407bfa617b8d7e95b3dfc9a,1761890409000,sports_ranking_finish_position,contradiction
economic_or_replay,max_trades,3496b04d1407bfa617b8d7e95b3dfc9a,1761894009000,sports_ranking_finish_position,contradiction
economic_or_replay,max_trades,3496b04d1407bfa617b8d7e95b3dfc9a,1761897609000,sports_ranking_finish_position,contradiction
economic_or_replay,max_trades,3496b04d1407bfa617b8d7e95b3dfc9a,1761901209000,sports_ranking_finish_position,contradiction
economic_or_replay,max_trades,3496b04d1407bfa617b8d7e95b3dfc9a,1761904809000,sports_ranking_finish_position,contradiction
economic_or_replay,max_trades,3496b04d1407bfa617b8d7e95b3dfc9a,1761908409000,sports_ranking_finish_position,contradiction
economic_or_replay,max_trades,3496b04d1407bfa617b8d7e95b3dfc9a,1761912009000,sports_ranking_finish_position,contradiction
economic_or_replay,max_trades,3496b04d1407bfa617b8d7e95b3dfc9a,1761915609000,sports_ranking_finish_position,contradiction
economic_or_replay,max_trades,3496b04d1407bfa617b8d7e95b3dfc9a,1761919209000,sports_ranking_finish_position,contradiction
economic_or_replay,max_trades,3496b04d1407bfa617b8d7e95b3dfc9a,1761922809000,sports_ranking_finish_position,contradiction
economic_or_replay,max_trades,3496b04d1407bfa617b8d7e95b3dfc9a,1761926409000,sports_ranking_finish_position,contradiction
economic_or_replay,max_trades,3496b04d1407bfa617b8d7e95b3dfc9a,1761930009000,sports_ranking_finish_position,contradiction
economic_or_replay,max_trades,3496b04d1407bfa617b8d7e95b3dfc9a,1761933609000,sports_ranking_finish_position,contradiction
economic_or_replay,max_trades,3496b04d1407bfa617b8d7e95b3dfc9a,1761937209000,sports_ranking_finish_position,contradiction
economic_or_replay,max_trades,3496b04d1407bfa617b8d7e95b3dfc9a,1761940809000,sports_ranking_finish_position,contradiction
economic_or_replay,max_trades,3496b04d1407bfa617b8d7e95b3dfc9a,1761944409000,sports_ranking_finish_position,contradiction
economic_or_replay,max_trades,3496b04d1407bfa617b8d7e95b3dfc9a,1761948009000,sports_ranking_finish_position,contradiction
economic_or_replay,max_trades,3496b04d1407bfa617b8d7e95b3dfc9a,1761951609000,sports_ranking_finish_position,contradiction
economic_or_replay,max_trades,3496b04d1407bfa617b8d7e95b3dfc9a,1761955209000,sports_ranking_finish_position,contradiction
economic_or_replay,max_trades,3496b04d1407bfa617b8d7e95b3dfc9a,1761958809000,sports_ranking_finish_position,contradiction
economic_or_replay,max_trades,3496b04d1407bfa617b8d7e95b3dfc9a,1761962409000,sports_ranking_finish_position,contradiction
economic_or_replay,max_trades,3496b04d1407bfa617b8d7e95b3dfc9a,1761966009000,sports_ranking_finish_position,contradiction
economic_or_replay,max_trades,3496b04d1407bfa617b8d7e95b3dfc9a,1761969609000,sports_ranking_finish_position,contradiction
economic_or_replay,max_trades,3496b04d1407bfa617b8d7e95b3dfc9a,1761973209000,sports_ranking_finish_position,contradiction
economic_or_replay,max_trades,3496b04d1407bfa617b8d7e95b3dfc9a,1761976809000,sports_ranking_finish_position,contradiction
economic_or_replay,max_trades,3496b04d1407bfa617b8d7e95b3dfc9a,1761980409000,sports_ranking_finish_position,contradiction
economic_or_replay,max_trades,3496b04d1407bfa617b8d7e95b3dfc9a,1761984009000,sports_ranking_finish_position,contradiction
economic_or_replay,max_trades,3496b04d1407bfa617b8d7e95b3dfc9a,1761987609000,sports_ranking_finish_position,contradiction
economic_or_replay,max_trades,3496b04d1407bfa617b8d7e95b3dfc9a,1761991209000,sports_ranking_finish_position,contradiction
economic_or_replay,max_trades,3496b04d1407bfa617b8d7e95b3dfc9a,1761994809000,sports_ranking_finish_position,contradiction
economic_or_replay,max_trades,3496b04d1407bfa617b8d7e95b3dfc9a,1761998409000,sports_ranking_finish_position,contradiction
economic_or_replay,max_trades,3496b04d1407bfa617b8d7e95b3dfc9a,1762002009000,sports_ranking_finish_position,contradiction
economic_or_replay,max_trades,3496b04d1407bfa617b8d7e95b3dfc9a,1762005609000,sports_ranking_finish_position,contradiction
economic_or_replay,max_trades,3496b04d1407bfa617b8d7e95b3dfc9a,1762009209000,sports_ranking_finish_position,contradiction
economic_or_replay,max_trades,3496b04d1407bfa617b8d7e95b3dfc9a,1762012809000,sports_ranking_finish_position,contradiction
economic_or_replay,max_trades,3496b04d1407bfa617b8d7e95b3dfc9a,1762016409000,sports_ranking_finish_position,contradiction
economic_or_replay,max_trades,3496b04d1407bfa617b8d7e95b3dfc9a,1762020009000,sports_ranking_finish_position,contradiction
economic_or_replay,max_trades,3496b04d1407bfa617b8d7e95b3dfc9a,1762023609000,sports_ranking_finish_position,contradiction
economic_or_replay,max_trades,3496b04d1407bfa617b8d7e95b3dfc9a,1762027209000,sports_ranking_finish_position,contradiction
economic_or_replay,max_trades,3496b04d1407bfa617b8d7e95b3dfc9a,1762030809000,sports_ranking_finish_position,contradiction
economic_or_replay,max_trades,3496b04d1407bfa617b8d7e95b3dfc9a,1762034409000,sports_ranking_finish_position,contradiction
economic_or_replay,max_trades,3496b04d1407bfa617b8d7e95b3dfc9a,1762038009000,sports_ranking_finish_position,contradiction
economic_or_replay,max_trades,3496b04d1407bfa617b8d7e95b3dfc9a,1762041609000,sports_ranking_finish_position,contradiction
economic_or_replay,max_trades,3496b04d1407bfa617b8d7e95b3dfc9a,1762045209000,sports_ranking_finish_position,contradiction
economic_or_replay,max_trades,3496b04d1407bfa617b8d7e95b3dfc9a,1762048809000,sports_ranking_finish_position,contradiction
economic_or_replay,max_trades,3496b04d1407bfa617b8d7e95b3dfc9a,1762052409000,sports_ranking_finish_position,contradiction
economic_or_replay,max_trades,3496b04d1407bfa617b8d7e95b3dfc9a,1762056009000,sports_ranking_finish_position,contradiction
economic_or_replay,max_trades,3496b04d1407bfa617b8d7e95b3dfc9a,1762059609000,sports_ranking_finish_position,contradiction
economic_or_replay,max_trades,3496b04d1407bfa617b8d7e95b3dfc9a,1762063209000,sports_ranking_finish_position,contradiction
economic_or_replay,max_trades,3496b04d1407bfa617b8d7e95b3dfc9a,1762066809000,sports_ranking_finish_position,contradiction
economic_or_replay,max_trades,3496b04d1407bfa617b8d7e95b3dfc9a,1762070409000,sports_ranking_finish_position,contradiction
economic_or_replay,max_trades,3496b04d1407bfa617b8d7e95b3dfc9a,1762074009000,sports_ranking_finish_position,contradiction
economic_or_replay,max_trades,3496b04d1407bfa617b8d7e95b3dfc9a,1762077609000,sports_ranking_finish_position,contradiction
economic_or_replay,max_trades,3496b04d1407bfa617b8d7e95b3dfc9a,1762081209000,sports_ranking_finish_position,contradiction
economic_or_replay,max_trades,3496b04d1407bfa617b8d7e95b3dfc9a,1762084809000,sports_ranking_finish_position,contradiction
economic_or_replay,max_trades,3496b04d1407bfa617b8d7e95b3dfc9a,1762088409000,sports_ranking_finish_position,contradiction
economic_or_replay,max_trades,3496b04d1407bfa617b8d7e95b3dfc9a,1762092009000,sports_ranking_finish_position,contradiction
economic_or_replay,max_trades,3496b04d1407bfa617b8d7e95b3dfc9a,1762095609000,sports_ranking_finish_position,contradiction
economic_or_replay,max_trades,3496b04d1407bfa617b8d7e95b3dfc9a,1762099209000,sports_ranking_finish_position,contradiction
economic_or_replay,max_trades,3496b04d1407bfa617b8d7e95b3dfc9a,1762102809000,sports_ranking_finish_position,contradiction
economic_or_replay,max_trades,3496b04d1407bfa617b8d7e95b3dfc9a,1762106409000,sports_ranking_finish_position,contradiction
economic_or_replay,max_trades,3496b04d1407bfa617b8d7e95b3dfc9a,1762110009000,sports_ranking_finish_position,contradiction
economic_or_replay,max_trades,3496b04d1407bfa617b8d7e95b3dfc9a,1762113609000,sports_ranking_finish_position,contradiction
economic_or_replay,max_trades,3496b04d1407bfa617b8d7e95b3dfc9a,1762117209000,sports_ranking_finish_position,contradiction
economic_or_replay,max_trades,3496b04d1407bfa617b8d7e95b3dfc9a,1762120809000,sports_ranking_finish_position,contradiction
economic_or_replay,max_trades,3496b04d1407bfa617b8d7e95b3dfc9a,1762124409000,sports_ranking_finish_position,contradiction
economic_or_replay,max_trades,3496b04d1407bfa617b8d7e95b3dfc9a,1762128009000,sports_ranking_finish_position,contradiction
economic_or_replay,max_trades,3496b04d1407bfa617b8d7e95b3dfc9a,1762131609000,sports_ranking_finish_position,contradiction
economic_or_replay,max_trades,3496b04d1407bfa617b8d7e95b3dfc9a,1762135209000,sports_ranking_finish_position,contradiction
economic_or_replay,max_trades,3496b04d1407bfa617b8d7e95b3dfc9a,1762138809000,sports_ranking_finish_position,contradiction
economic_or_replay,max_trades,3496b04d1407bfa617b8d7e95b3dfc9a,1762142409000,sports_ranking_finish_position,contradiction
economic_or_replay,max_trades,3496b04d1407bfa617b8d7e95b3dfc9a,1762146009000,sports_ranking_finish_position,contradiction
economic_or_replay,max_trades,3496b04d1407bfa617b8d7e95b3dfc9a,1762149609000,sports_ranking_finish_position,contradiction
economic_or_replay,max_trades,3496b04d1407bfa617b8d7e95b3dfc9a,1762153209000,sports_ranking_finish_position,contradiction
economic_or_replay,max_trades,3496b04d1407bfa617b8d7e95b3dfc9a,1762156809000,sports_ranking_finish_position,contradiction
economic_or_replay,max_trades,3496b04d1407bfa617b8d7e95b3dfc9a,1762160409000,sports_ranking_finish_position,contradiction
economic_or_replay,max_trades,3496b04d1407bfa617b8d7e95b3dfc9a,1762164009000,sports_ranking_finish_position,contradiction
economic_or_replay,max_trades,3496b04d1407bfa617b8d7e95b3dfc9a,1762167609000,sports_ranking_finish_position,contradiction
economic_or_replay,max_trades,3496b04d1407bfa617b8d7e95b3dfc9a,1762171209000,sports_ranking_finish_position,contradiction
economic_or_replay,max_trades,3496b04d1407bfa617b8d7e95b3dfc9a,1762174809000,sports_ranking_finish_position,contradiction
economic_or_replay,max_trades,3496b04d1407bfa617b8d7e95b3dfc9a,1762178409000,sports_ranking_finish_position,contradiction
economic_or_replay,max_trades,3496b04d1407bfa617b8d7e95b3dfc9a,1762182009000,sports_ranking_finish_position,contradiction
economic_or_replay,max_trades,3496b04d1407bfa617b8d7e95b3dfc9a,1762185609000,sports_ranking_finish_position,contradiction
economic_or_replay,max_trades,3496b04d1407bfa617b8d7e95b3dfc9a,1762189209000,sports_ranking_finish_position,contradiction
economic_or_replay,max_trades,3496b04d1407bfa617b8d7e95b3dfc9a,1762192809000,sports_ranking_finish_position,contradiction
economic_or_replay,max_trades,3496b04d1407bfa617b8d7e95b3dfc9a,1762196409000,sports_ranking_finish_position,contradiction
economic_or_replay,max_trades,3496b04d1407bfa617b8d7e95b3dfc9a,1762200009000,sports_ranking_finish_position,contradiction
economic_or_replay,max_trades,3496b04d1407bfa617b8d7e95b3dfc9a,1762203609000,sports_ranking_finish_position,contradiction
economic_or_replay,max_trades,3496b04d1407bfa617b8d7e95b3dfc9a,1762207209000,sports_ranking_finish_position,contradiction
economic_or_replay,max_trades,3496b04d1407bfa617b8d7e95b3dfc9a,1762210809000,sports_ranking_finish_position,contradiction
economic_or_replay,max_trades,3496b04d1407bfa617b8d7e95b3dfc9a,1762214409000,sports_ranking_finish_position,contradiction
economic_or_replay,max_trades,3496b04d1407bfa617b8d7e95b3dfc9a,1762218009000,sports_ranking_finish_position,contradiction
economic_or_replay,max_trades,3496b04d1407bfa617b8d7e95b3dfc9a,1762221609000,sports_ranking_finish_position,contradiction
economic_or_replay,max_trades,3496b04d1407bfa617b8d7e95b3dfc9a,1762225209000,sports_ranking_finish_position,contradiction
economic_or_replay,max_trades,3496b04d1407bfa617b8d7e95b3dfc9a,1762228809000,sports_ranking_finish_position,contradiction
economic_or_replay,max_trades,3496b04d1407bfa617b8d7e95b3dfc9a,1762232409000,sports_ranking_finish_position,contradiction
economic_or_replay,max_trades,3496b04d1407bfa617b8d7e95b3dfc9a,1762236009000,sports_ranking_finish_position,contradiction
economic_or_replay,max_trades,3496b04d1407bfa617b8d7e95b3dfc9a,1762239609000,sports_ranking_finish_position,contradiction
economic_or_replay,max_trades,3496b04d1407bfa617b8d7e95b3dfc9a,1762243209000,sports_ranking_finish_position,contradiction
economic_or_replay,max_trades,3496b04d1407bfa617b8d7e95b3dfc9a,1762246809000,sports_ranking_finish_position,contradiction
economic_or_replay,max_trades,3496b04d1407bfa617b8d7e95b3dfc9a,1762250409000,sports_ranking_finish_position,contradiction
economic_or_replay,max_trades,3496b04d1407bfa617b8d7e95b3dfc9a,1762254009000,sports_ranking_finish_position,contradiction
economic_or_replay,max_trades,3496b04d1407bfa617b8d7e95b3dfc9a,1762257609000,sports_ranking_finish_position,contradiction
economic_or_replay,max_trades,3496b04d1407bfa617b8d7e95b3dfc9a,1762261209000,sports_ranking_finish_position,contradiction
economic_or_replay,max_trades,3496b04d1407bfa617b8d7e95b3dfc9a,1762264809000,sports_ranking_finish_position,contradiction
economic_or_replay,max_trades,3496b04d1407bfa617b8d7e95b3dfc9a,1762268409000,sports_ranking_finish_position,contradiction
economic_or_replay,max_trades,3496b04d1407bfa617b8d7e95b3dfc9a,1762272009000,sports_ranking_finish_position,contradiction
economic_or_replay,max_trades,3496b04d1407bfa617b8d7e95b3dfc9a,1762275609000,sports_ranking_finish_position,contradiction
economic_or_replay,max_trades,3496b04d1407bfa617b8d7e95b3dfc9a,1762279209000,sports_ranking_finish_position,contradiction
economic_or_replay,max_trades,3496b04d1407bfa617b8d7e95b3dfc9a,1762282809000,sports_ranking_finish_position,contradiction
economic_or_replay,max_trades,3496b04d1407bfa617b8d7e95b3dfc9a,1762286409000,sports_ranking_finish_position,contradiction
economic_or_replay,max_trades,3496b04d1407bfa617b8d7e95b3dfc9a,1762290009000,sports_ranking_finish_position,contradiction
economic_or_replay,max_trades,3496b04d1407bfa617b8d7e95b3dfc9a,1762293609000,sports_ranking_finish_position,contradiction
economic_or_replay,max_trades,3496b04d1407bfa617b8d7e95b3dfc9a,1762297209000,sports_ranking_finish_position,contradiction
economic_or_replay,max_trades,3496b04d1407bfa617b8d7e95b3dfc9a,1762300809000,sports_ranking_finish_position,contradiction
economic_or_replay,max_trades,3496b04d1407bfa617b8d7e95b3dfc9a,1762304409000,sports_ranking_finish_position,contradiction
economic_or_replay,max_trades,3496b04d1407bfa617b8d7e95b3dfc9a,1762308009000,sports_ranking_finish_position,contradiction
economic_or_replay,max_trades,3496b04d1407bfa617b8d7e95b3dfc9a,1762311609000,sports_ranking_finish_position,contradiction
economic_or_replay,max_trades,3496b04d1407bfa617b8d7e95b3dfc9a,1762315209000,sports_ranking_finish_position,contradiction
economic_or_replay,max_trades,3496b04d1407bfa617b8d7e95b3dfc9a,1762318809000,sports_ranking_finish_position,contradiction
economic_or_replay,max_trades,3496b04d1407bfa617b8d7e95b3dfc9a,1762322409000,sports_ranking_finish_position,contradiction
economic_or_replay,max_trades,3496b04d1407bfa617b8d7e95b3dfc9a,1762326009000,sports_ranking_finish_position,contradiction
economic_or_replay,max_trades,3496b04d1407bfa617b8d7e95b3dfc9a,1762329609000,sports_ranking_finish_position,contradiction
economic_or_replay,max_trades,3496b04d1407bfa617b8d7e95b3dfc9a,1762333209000,sports_ranking_finish_position,contradiction
economic_or_replay,max_trades,3496b04d1407bfa617b8d7e95b3dfc9a,1762336809000,sports_ranking_finish_position,contradiction
economic_or_replay,max_trades,3496b04d1407bfa617b8d7e95b3dfc9a,1762340409000,sports_ranking_finish_position,contradiction
economic_or_replay,max_trades,3496b04d1407bfa617b8d7e95b3dfc9a,1762344009000,sports_ranking_finish_position,contradiction
economic_or_replay,max_trades,3496b04d1407bfa617b8d7e95b3dfc9a,1762347609000,sports_ranking_finish_position,contradiction
economic_or_replay,max_trades,3496b04d1407bfa617b8d7e95b3dfc9a,1762351209000,sports_ranking_finish_position,contradiction
economic_or_replay,max_trades,3496b04d1407bfa617b8d7e95b3dfc9a,1762354809000,sports_ranking_finish_position,contradiction
economic_or_replay,max_trades,3496b04d1407bfa617b8d7e95b3dfc9a,1762358409000,sports_ranking_finish_position,contradiction
economic_or_replay,max_trades,3496b04d1407bfa617b8d7e95b3dfc9a,1762362009000,sports_ranking_finish_position,contradiction
economic_or_replay,max_trades,3496b04d1407bfa617b8d7e95b3dfc9a,1762365609000,sports_ranking_finish_position,contradiction
economic_or_replay,max_trades,3496b04d1407bfa617b8d7e95b3dfc9a,1762369209000,sports_ranking_finish_position,contradiction
economic_or_replay,max_trades,3496b04d1407bfa617b8d7e95b3dfc9a,1762372809000,sports_ranking_finish_position,contradiction
economic_or_replay,max_trades,3496b04d1407bfa617b8d7e95b3dfc9a,1762376409000,sports_ranking_finish_position,contradiction
economic_or_replay,max_trades,3496b04d1407bfa617b8d7e95b3dfc9a,1762380009000,sports_ranking_finish_position,contradiction
economic_or_replay,max_trades,3496b04d1407bfa617b8d7e95b3dfc9a,1762383609000,sports_ranking_finish_position,contradiction
economic_or_replay,max_trades,3496b04d1407bfa617b8d7e95b3dfc9a,1762387209000,sports_ranking_finish_position,contradiction
economic_or_replay,max_trades,3496b04d1407bfa617b8d7e95b3dfc9a,1762390809000,sports_ranking_finish_position,contradiction
economic_or_replay,max_trades,3496b04d1407bfa617b8d7e95b3dfc9a,1762394409000,sports_ranking_finish_position,contradiction
economic_or_replay,max_trades,3496b04d1407bfa617b8d7e95b3dfc9a,1762398009000,sports_ranking_finish_position,contradiction
economic_or_replay,max_trades,3496b04d1407bfa617b8d7e95b3dfc9a,1762401609000,sports_ranking_finish_position,contradiction
economic_or_replay,max_trades,3496b04d1407bfa617b8d7e95b3dfc9a,1762405209000,sports_ranking_finish_position,contradiction
economic_or_replay,max_trades,3496b04d1407bfa617b8d7e95b3dfc9a,1762408809000,sports_ranking_finish_position,contradiction
economic_or_replay,max_trades,3496b04d1407bfa617b8d7e95b3dfc9a,1762412409000,sports_ranking_finish_position,contradiction
economic_or_replay,max_trades,3496b04d1407bfa617b8d7e95b3dfc9a,1762416009000,sports_ranking_finish_position,contradiction
economic_or_replay,max_trades,3496b04d1407bfa617b8d7e95b3dfc9a,1762419609000,sports_ranking_finish_position,contradiction
economic_or_replay,max_trades,3496b04d1407bfa617b8d7e95b3dfc9a,1762423209000,sports_ranking_finish_position,contradiction
economic_or_replay,max_trades,3496b04d1407bfa617b8d7e95b3dfc9a,1762426809000,sports_ranking_finish_position,contradiction
economic_or_replay,max_trades,3496b04d1407bfa617b8d7e95b3dfc9a,1762430409000,sports_ranking_finish_position,contradiction
economic_or_replay,max_trades,3496b04d1407bfa617b8d7e95b3dfc9a,1762434009000,sports_ranking_finish_position,contradiction
economic_or_replay,max_trades,3496b04d1407bfa617b8d7e95b3dfc9a,1762437609000,sports_ranking_finish_position,contradiction
economic_or_replay,max_trades,3496b04d1407bfa617b8d7e95b3dfc9a,1762441209000,sports_ranking_finish_position,contradiction
economic_or_replay,max_trades,3496b04d1407bfa617b8d7e95b3dfc9a,1762444809000,sports_ranking_finish_position,contradiction
economic_or_replay,max_trades,3496b04d1407bfa617b8d7e95b3dfc9a,1762448409000,sports_ranking_finish_position,contradiction
economic_or_replay,max_trades,3496b04d1407bfa617b8d7e95b3dfc9a,1762452009000,sports_ranking_finish_position,contradiction
economic_or_replay,max_trades,3496b04d1407bfa617b8d7e95b3dfc9a,1762455609000,sports_ranking_finish_position,contradiction
economic_or_replay,max_trades,3496b04d1407bfa617b8d7e95b3dfc9a,1762459209000,sports_ranking_finish_position,contradiction
economic_or_replay,max_trades,3496b04d1407bfa617b8d7e95b3dfc9a,1762462809000,sports_ranking_finish_position,contradiction
economic_or_replay,max_trades,3496b04d1407bfa617b8d7e95b3dfc9a,1762466409000,sports_ranking_finish_position,contradiction
economic_or_replay,max_trades,3496b04d1407bfa617b8d7e95b3dfc9a,1762470009000,sports_ranking_finish_position,contradiction
economic_or_replay,max_trades,3496b04d1407bfa617b8d7e95b3dfc9a,1762473609000,sports_ranking_finish_position,contradiction
economic_or_replay,max_trades,3496b04d1407bfa617b8d7e95b3dfc9a,1762477209000,sports_ranking_finish_position,contradiction
economic_or_replay,max_trades,3496b04d1407bfa617b8d7e95b3dfc9a,1762480809000,sports_ranking_finish_position,contradiction
economic_or_replay,max_trades,3496b04d1407bfa617b8d7e95b3dfc9a,1762484409000,sports_ranking_finish_position,contradiction
economic_or_replay,max_trades,3496b04d1407bfa617b8d7e95b3dfc9a,1762488009000,sports_ranking_finish_position,contradiction
economic_or_replay,max_trades,3496b04d1407bfa617b8d7e95b3dfc9a,1762491609000,sports_ranking_finish_position,contradiction
economic_or_replay,max_trades,3496b04d1407bfa617b8d7e95b3dfc9a,1762495209000,sports_ranking_finish_position,contradiction
economic_or_replay,max_trades,3496b04d1407bfa617b8d7e95b3dfc9a,1762498809000,sports_ranking_finish_position,contradiction
economic_or_replay,max_trades,3496b04d1407bfa617b8d7e95b3dfc9a,1762502409000,sports_ranking_finish_position,contradiction
economic_or_replay,max_trades,3496b04d1407bfa617b8d7e95b3dfc9a,1762506009000,sports_ranking_finish_position,contradiction
economic_or_replay,max_trades,3496b04d1407bfa617b8d7e95b3dfc9a,1762509609000,sports_ranking_finish_position,contradiction
economic_or_replay,max_trades,3496b04d1407bfa617b8d7e95b3dfc9a,1762513209000,sports_ranking_finish_position,contradiction
economic_or_replay,max_trades,3496b04d1407bfa617b8d7e95b3dfc9a,1762516809000,sports_ranking_finish_position,contradiction
economic_or_replay,max_trades,3496b04d1407bfa617b8d7e95b3dfc9a,1762520409000,sports_ranking_finish_position,contradiction
economic_or_replay,max_trades,3496b04d1407bfa617b8d7e95b3dfc9a,1762524009000,sports_ranking_finish_position,contradiction
economic_or_replay,max_trades,3496b04d1407bfa617b8d7e95b3dfc9a,1762527609000,sports_ranking_finish_position,contradiction
economic_or_replay,max_trades,3496b04d1407bfa617b8d7e95b3dfc9a,1762531209000,sports_ranking_finish_position,contradiction
economic_or_replay,max_trades,3496b04d1407bfa617b8d7e95b3dfc9a,1762534809000,sports_ranking_finish_position,contradiction
economic_or_replay,max_trades,3496b04d1407bfa617b8d7e95b3dfc9a,1762538409000,sports_ranking_finish_position,contradiction
economic_or_replay,max_trades,3496b04d1407bfa617b8d7e95b3dfc9a,1762542009000,sports_ranking_finish_position,contradiction
economic_or_replay,max_trades,3496b04d1407bfa617b8d7e95b3dfc9a,1762545609000,sports_ranking_finish_position,contradiction
economic_or_replay,max_trades,3496b04d1407bfa617b8d7e95b3dfc9a,1762549209000,sports_ranking_finish_position,contradiction
economic_or_replay,max_trades,3496b04d1407bfa617b8d7e95b3dfc9a,1762552809000,sports_ranking_finish_position,contradiction
economic_or_replay,max_trades,3496b04d1407bfa617b8d7e95b3dfc9a,1762556409000,sports_ranking_finish_position,contradiction
economic_or_replay,max_trades,3496b04d1407bfa617b8d7e95b3dfc9a,1762560009000,sports_ranking_finish_position,contradiction
economic_or_replay,max_trades,3496b04d1407bfa617b8d7e95b3dfc9a,1762563609000,sports_ranking_finish_position,contradiction
economic_or_replay,max_trades,3496b04d1407bfa617b8d7e95b3dfc9a,1762567209000,sports_ranking_finish_position,contradiction
economic_or_replay,max_trades,3496b04d1407bfa617b8d7e95b3dfc9a,1762570809000,sports_ranking_finish_position,contradiction
economic_or_replay,max_trades,3496b04d1407bfa617b8d7e95b3dfc9a,1762574409000,sports_ranking_finish_position,contradiction
economic_or_replay,max_trades,3496b04d1407bfa617b8d7e95b3dfc9a,1762578009000,sports_ranking_finish_position,contradiction
economic_or_replay,max_trades,3496b04d1407bfa617b8d7e95b3dfc9a,1762581609000,sports_ranking_finish_position,contradiction
economic_or_replay,max_trades,3496b04d1407bfa617b8d7e95b3dfc9a,1762585209000,sports_ranking_finish_position,contradiction
economic_or_replay,max_trades,3496b04d1407bfa617b8d7e95b3dfc9a,1762588809000,sports_ranking_finish_position,contradiction
economic_or_replay,max_trades,3496b04d1407bfa617b8d7e95b3dfc9a,1762592409000,sports_ranking_finish_position,contradiction
economic_or_replay,max_trades,3496b04d1407bfa617b8d7e95b3dfc9a,1762596009000,sports_ranking_finish_position,contradiction
economic_or_replay,max_trades,3496b04d1407bfa617b8d7e95b3dfc9a,1762599609000,sports_ranking_finish_position,contradiction
economic_or_replay,max_trades,3496b04d1407bfa617b8d7e95b3dfc9a,1762603209000,sports_ranking_finish_position,contradiction
economic_or_replay,max_trades,3496b04d1407bfa617b8d7e95b3dfc9a,1762606809000,sports_ranking_finish_position,contradiction
economic_or_replay,max_trades,3496b04d1407bfa617b8d7e95b3dfc9a,1762610409000,sports_ranking_finish_position,contradiction
economic_or_replay,max_trades,3496b04d1407bfa617b8d7e95b3dfc9a,1762614009000,sports_ranking_finish_position,contradiction
economic_or_replay,max_trades,3496b04d1407bfa617b8d7e95b3dfc9a,1762617609000,sports_ranking_finish_position,contradiction
economic_or_replay,max_trades,3496b04d1407bfa617b8d7e95b3dfc9a,1762621209000,sports_ranking_finish_position,contradiction
economic_or_replay,max_trades,3496b04d1407bfa617b8d7e95b3dfc9a,1762624809000,sports_ranking_finish_position,contradiction
economic_or_replay,max_trades,3496b04d1407bfa617b8d7e95b3dfc9a,1762628409000,sports_ranking_finish_position,contradiction
economic_or_replay,max_trades,3496b04d1407bfa617b8d7e95b3dfc9a,1762632009000,sports_ranking_finish_position,contradiction
economic_or_replay,max_trades,3496b04d1407bfa617b8d7e95b3dfc9a,1762635609000,sports_ranking_finish_position,contradiction
economic_or_replay,max_trades,3496b04d1407bfa617b8d7e95b3dfc9a,1762639209000,sports_ranking_finish_position,contradiction
economic_or_replay,max_trades,3496b04d1407bfa617b8d7e95b3dfc9a,1762642809000,sports_ranking_finish_position,contradiction
economic_or_replay,max_trades,3496b04d1407bfa617b8d7e95b3dfc9a,1762646409000,sports_ranking_finish_position,contradiction
economic_or_replay,max_trades,3496b04d1407bfa617b8d7e95b3dfc9a,1762650009000,sports_ranking_finish_position,contradiction
economic_or_replay,max_trades,3496b04d1407bfa617b8d7e95b3dfc9a,1762653609000,sports_ranking_finish_position,contradiction
economic_or_replay,max_trades,3496b04d1407bfa617b8d7e95b3dfc9a,1762657209000,sports_ranking_finish_position,contradiction
economic_or_replay,max_trades,3496b04d1407bfa617b8d7e95b3dfc9a,1762660809000,sports_ranking_finish_position,contradiction
economic_or_replay,max_trades,3496b04d1407bfa617b8d7e95b3dfc9a,1762664409000,sports_ranking_finish_position,contradiction
economic_or_replay,max_trades,3496b04d1407bfa617b8d7e95b3dfc9a,1762668009000,sports_ranking_finish_position,contradiction
economic_or_replay,max_trades,3496b04d1407bfa617b8d7e95b3dfc9a,1762671609000,sports_ranking_finish_position,contradiction
economic_or_replay,max_trades,3496b04d1407bfa617b8d7e95b3dfc9a,1762675209000,sports_ranking_finish_position,contradiction
economic_or_replay,max_trades,3496b04d1407bfa617b8d7e95b3dfc9a,1762678809000,sports_ranking_finish_position,contradiction
economic_or_replay,max_trades,3496b04d1407bfa617b8d7e95b3dfc9a,1762682409000,sports_ranking_finish_position,contradiction
economic_or_replay,max_trades,3496b04d1407bfa617b8d7e95b3dfc9a,1762686009000,sports_ranking_finish_position,contradiction
economic_or_replay,max_trades,3496b04d1407bfa617b8d7e95b3dfc9a,1762689609000,sports_ranking_finish_position,contradiction
economic_or_replay,max_trades,3496b04d1407bfa617b8d7e95b3dfc9a,1762693209000,sports_ranking_finish_position,contradiction
economic_or_replay,max_trades,3496b04d1407bfa617b8d7e95b3dfc9a,1762696809000,sports_ranking_finish_position,contradiction
economic_or_replay,max_trades,3496b04d1407bfa617b8d7e95b3dfc9a,1762700409000,sports_ranking_finish_position,contradiction
economic_or_replay,max_trades,3496b04d1407bfa617b8d7e95b3dfc9a,1762704009000,sports_ranking_finish_position,contradiction
economic_or_replay,max_trades,3496b04d1407bfa617b8d7e95b3dfc9a,1762707609000,sports_ranking_finish_position,contradiction
economic_or_replay,max_trades,3496b04d1407bfa617b8d7e95b3dfc9a,1762711209000,sports_ranking_finish_position,contradiction
economic_or_replay,max_trades,3496b04d1407bfa617b8d7e95b3dfc9a,1762714809000,sports_ranking_finish_position,contradiction
economic_or_replay,max_trades,3496b04d1407bfa617b8d7e95b3dfc9a,1762718409000,sports_ranking_finish_position,contradiction
economic_or_replay,max_trades,3496b04d1407bfa617b8d7e95b3dfc9a,1762722009000,sports_ranking_finish_position,contradiction
economic_or_replay,max_trades,3496b04d1407bfa617b8d7e95b3dfc9a,1762725609000,sports_ranking_finish_position,contradiction
economic_or_replay,max_trades,3496b04d1407bfa617b8d7e95b3dfc9a,1762729209000,sports_ranking_finish_position,contradiction
economic_or_replay,max_trades,3496b04d1407bfa617b8d7e95b3dfc9a,1762732809000,sports_ranking_finish_position,contradiction
economic_or_replay,max_trades,3496b04d1407bfa617b8d7e95b3dfc9a,1762736409000,sports_ranking_finish_position,contradiction
economic_or_replay,max_trades,3496b04d1407bfa617b8d7e95b3dfc9a,1762740009000,sports_ranking_finish_position,contradiction
economic_or_replay,max_trades,3496b04d1407bfa617b8d7e95b3dfc9a,1762743609000,sports_ranking_finish_position,contradiction
economic_or_replay,max_trades,3496b04d1407bfa617b8d7e95b3dfc9a,1762747209000,sports_ranking_finish_position,contradiction
economic_or_replay,max_trades,3496b04d1407bfa617b8d7e95b3dfc9a,1762750809000,sports_ranking_finish_position,contradiction
economic_or_replay,max_trades,3496b04d1407bfa617b8d7e95b3dfc9a,1762754409000,sports_ranking_finish_position,contradiction
economic_or_replay,max_trades,3496b04d1407bfa617b8d7e95b3dfc9a,1762758009000,sports_ranking_finish_position,contradiction
economic_or_replay,max_trades,3496b04d1407bfa617b8d7e95b3dfc9a,1762761609000,sports_ranking_finish_position,contradiction
economic_or_replay,max_trades,3496b04d1407bfa617b8d7e95b3dfc9a,1762765209000,sports_ranking_finish_position,contradiction
economic_or_replay,max_trades,3496b04d1407bfa617b8d7e95b3dfc9a,1762768809000,sports_ranking_finish_position,contradiction
economic_or_replay,max_trades,3496b04d1407bfa617b8d7e95b3dfc9a,1762772409000,sports_ranking_finish_position,contradiction
economic_or_replay,max_trades,3496b04d1407bfa617b8d7e95b3dfc9a,1762776009000,sports_ranking_finish_position,contradiction
economic_or_replay,max_trades,3496b04d1407bfa617b8d7e95b3dfc9a,1762779609000,sports_ranking_finish_position,contradiction
economic_or_replay,max_trades,3496b04d1407bfa617b8d7e95b3dfc9a,1762783209000,sports_ranking_finish_position,contradiction
economic_or_replay,max_trades,3496b04d1407bfa617b8d7e95b3dfc9a,1762786809000,sports_ranking_finish_position,contradiction
economic_or_replay,max_trades,3496b04d1407bfa617b8d7e95b3dfc9a,1762790409000,sports_ranking_finish_position,contradiction
economic_or_replay,max_trades,3496b04d1407bfa617b8d7e95b3dfc9a,1762794009000,sports_ranking_finish_position,contradiction
economic_or_replay,max_trades,3496b04d1407bfa617b8d7e95b3dfc9a,1762797609000,sports_ranking_finish_position,contradiction
economic_or_replay,max_trades,3496b04d1407bfa617b8d7e95b3dfc9a,1762801209000,sports_ranking_finish_position,contradiction
economic_or_replay,max_trades,3496b04d1407bfa617b8d7e95b3dfc9a,1762804809000,sports_ranking_finish_position,contradiction
economic_or_replay,max_trades,3496b04d1407bfa617b8d7e95b3dfc9a,1762808409000,sports_ranking_finish_position,contradiction
economic_or_replay,max_trades,3496b04d1407bfa617b8d7e95b3dfc9a,1762812009000,sports_ranking_finish_position,contradiction
economic_or_replay,max_trades,3496b04d1407bfa617b8d7e95b3dfc9a,1762815609000,sports_ranking_finish_position,contradiction
economic_or_replay,max_trades,3496b04d1407bfa617b8d7e95b3dfc9a,1762819209000,sports_ranking_finish_position,contradiction
economic_or_replay,max_trades,3496b04d1407bfa617b8d7e95b3dfc9a,1762822809000,sports_ranking_finish_position,contradiction
economic_or_replay,max_trades,3496b04d1407bfa617b8d7e95b3dfc9a,1762826409000,sports_ranking_finish_position,contradiction
economic_or_replay,max_trades,3496b04d1407bfa617b8d7e95b3dfc9a,1762830009000,sports_ranking_finish_position,contradiction
economic_or_replay,max_trades,3496b04d1407bfa617b8d7e95b3dfc9a,1762833609000,sports_ranking_finish_position,contradiction
economic_or_replay,max_trades,3496b04d1407bfa617b8d7e95b3dfc9a,1762837209000,sports_ranking_finish_position,contradiction
economic_or_replay,max_trades,3496b04d1407bfa617b8d7e95b3dfc9a,1762840809000,sports_ranking_finish_position,contradiction
economic_or_replay,max_trades,3496b04d1407bfa617b8d7e95b3dfc9a,1762844409000,sports_ranking_finish_position,contradiction
economic_or_replay,max_trades,3496b04d1407bfa617b8d7e95b3dfc9a,1762848009000,sports_ranking_finish_position,contradiction
economic_or_replay,max_trades,3496b04d1407bfa617b8d7e95b3dfc9a,1762851609000,sports_ranking_finish_position,contradiction
economic_or_replay,max_trades,3496b04d1407bfa617b8d7e95b3dfc9a,1762855209000,sports_ranking_finish_position,contradiction
economic_or_replay,max_trades,3496b04d1407bfa617b8d7e95b3dfc9a,1762858809000,sports_ranking_finish_position,contradiction
economic_or_replay,max_trades,3496b04d1407bfa617b8d7e95b3dfc9a,1762862409000,sports_ranking_finish_position,contradiction
economic_or_replay,max_trades,3496b04d1407bfa617b8d7e95b3dfc9a,1762866009000,sports_ranking_finish_position,contradiction
economic_or_replay,max_trades,3496b04d1407bfa617b8d7e95b3dfc9a,1762869609000,sports_ranking_finish_position,contradiction
economic_or_replay,max_trades,3496b04d1407bfa617b8d7e95b3dfc9a,1762873209000,sports_ranking_finish_position,contradiction
economic_or_replay,max_trades,3496b04d1407bfa617b8d7e95b3dfc9a,1762876809000,sports_ranking_finish_position,contradiction
economic_or_replay,max_trades,3496b04d1407bfa617b8d7e95b3dfc9a,1762880409000,sports_ranking_finish_position,contradiction
economic_or_replay,max_trades,3496b04d1407bfa617b8d7e95b3dfc9a,1762884009000,sports_ranking_finish_position,contradiction
economic_or_replay,max_trades,3496b04d1407bfa617b8d7e95b3dfc9a,1762887609000,sports_ranking_finish_position,contradiction
economic_or_replay,max_trades,3496b04d1407bfa617b8d7e95b3dfc9a,1762891209000,sports_ranking_finish_position,contradiction
economic_or_replay,max_trades,3496b04d1407bfa617b8d7e95b3dfc9a,1762894809000,sports_ranking_finish_position,contradiction
economic_or_replay,max_trades,3496b04d1407bfa617b8d7e95b3dfc9a,1762898409000,sports_ranking_finish_position,contradiction
economic_or_replay,max_trades,3496b04d1407bfa617b8d7e95b3dfc9a,1762902009000,sports_ranking_finish_position,contradiction
economic_or_replay,max_trades,3496b04d1407bfa617b8d7e95b3dfc9a,1762905609000,sports_ranking_finish_position,contradiction
economic_or_replay,max_trades,3496b04d1407bfa617b8d7e95b3dfc9a,1762909209000,sports_ranking_finish_position,contradiction
economic_or_replay,max_trades,3496b04d1407bfa617b8d7e95b3dfc9a,1762912809000,sports_ranking_finish_position,contradiction
economic_or_replay,max_trades,3496b04d1407bfa617b8d7e95b3dfc9a,1762916409000,sports_ranking_finish_position,contradiction
economic_or_replay,max_trades,3496b04d1407bfa617b8d7e95b3dfc9a,1762920009000,sports_ranking_finish_position,contradiction
economic_or_replay,max_trades,3496b04d1407bfa617b8d7e95b3dfc9a,1762923609000,sports_ranking_finish_position,contradiction
economic_or_replay,max_trades,3496b04d1407bfa617b8d7e95b3dfc9a,1762927209000,sports_ranking_finish_position,contradiction
economic_or_replay,max_trades,3496b04d1407bfa617b8d7e95b3dfc9a,1762930809000,sports_ranking_finish_position,contradiction
economic_or_replay,max_trades,3496b04d1407bfa617b8d7e95b3dfc9a,1762934409000,sports_ranking_finish_position,contradiction
economic_or_replay,max_trades,3496b04d1407bfa617b8d7e95b3dfc9a,1762938009000,sports_ranking_finish_position,contradiction
economic_or_replay,max_trades,3496b04d1407bfa617b8d7e95b3dfc9a,1762941609000,sports_ranking_finish_position,contradiction
economic_or_replay,max_trades,3496b04d1407bfa617b8d7e95b3dfc9a,1762945209000,sports_ranking_finish_position,contradiction
economic_or_replay,max_trades,3496b04d1407bfa617b8d7e95b3dfc9a,1762948809000,sports_ranking_finish_position,contradiction
economic_or_replay,max_trades,3496b04d1407bfa617b8d7e95b3dfc9a,1762952409000,sports_ranking_finish_position,contradiction
economic_or_replay,max_trades,3496b04d1407bfa617b8d7e95b3dfc9a,1762956009000,sports_ranking_finish_position,contradiction
economic_or_replay,max_trades,3496b04d1407bfa617b8d7e95b3dfc9a,1762959609000,sports_ranking_finish_position,contradiction
economic_or_replay,max_trades,3496b04d1407bfa617b8d7e95b3dfc9a,1762963209000,sports_ranking_finish_position,contradiction
economic_or_replay,max_trades,3496b04d1407bfa617b8d7e95b3dfc9a,1762966809000,sports_ranking_finish_position,contradiction
economic_or_replay,max_trades,3496b04d1407bfa617b8d7e95b3dfc9a,1762970409000,sports_ranking_finish_position,contradiction
economic_or_replay,max_trades,3496b04d1407bfa617b8d7e95b3dfc9a,1762974009000,sports_ranking_finish_position,contradiction
economic_or_replay,max_trades,3496b04d1407bfa617b8d7e95b3dfc9a,1762977609000,sports_ranking_finish_position,contradiction
economic_or_replay,max_trades,3496b04d1407bfa617b8d7e95b3dfc9a,1762981209000,sports_ranking_finish_position,contradiction
economic_or_replay,max_trades,3496b04d1407bfa617b8d7e95b3dfc9a,1762984809000,sports_ranking_finish_position,contradiction
economic_or_replay,max_trades,3496b04d1407bfa617b8d7e95b3dfc9a,1762988409000,sports_ranking_finish_position,contradiction
economic_or_replay,max_trades,3496b04d1407bfa617b8d7e95b3dfc9a,1762992009000,sports_ranking_finish_position,contradiction
economic_or_replay,max_trades,3496b04d1407bfa617b8d7e95b3dfc9a,1762995609000,sports_ranking_finish_position,contradiction
economic_or_replay,max_trades,3496b04d1407bfa617b8d7e95b3dfc9a,1762999209000,sports_ranking_finish_position,contradiction
economic_or_replay,max_trades,3496b04d1407bfa617b8d7e95b3dfc9a,1763002809000,sports_ranking_finish_position,contradiction
economic_or_replay,max_trades,3496b04d1407bfa617b8d7e95b3dfc9a,1763006409000,sports_ranking_finish_position,contradiction
economic_or_replay,max_trades,3496b04d1407bfa617b8d7e95b3dfc9a,1763010009000,sports_ranking_finish_position,contradiction
economic_or_replay,max_trades,3496b04d1407bfa617b8d7e95b3dfc9a,1763013609000,sports_ranking_finish_position,contradiction
economic_or_replay,max_trades,3496b04d1407bfa617b8d7e95b3dfc9a,1763017209000,sports_ranking_finish_position,contradiction
economic_or_replay,max_trades,3496b04d1407bfa617b8d7e95b3dfc9a,1763020809000,sports_ranking_finish_position,contradiction
economic_or_replay,max_trades,3496b04d1407bfa617b8d7e95b3dfc9a,1763024409000,sports_ranking_finish_position,contradiction
economic_or_replay,max_trades,3496b04d1407bfa617b8d7e95b3dfc9a,1763028009000,sports_ranking_finish_position,contradiction
economic_or_replay,max_trades,3496b04d1407bfa617b8d7e95b3dfc9a,1763031609000,sports_ranking_finish_position,contradiction
economic_or_replay,max_trades,3496b04d1407bfa617b8d7e95b3dfc9a,1763035209000,sports_ranking_finish_position,contradiction
economic_or_replay,max_trades,3496b04d1407bfa617b8d7e95b3dfc9a,1763038809000,sports_ranking_finish_position,contradiction
economic_or_replay,max_trades,3496b04d1407bfa617b8d7e95b3dfc9a,1763042409000,sports_ranking_finish_position,contradiction
economic_or_replay,max_trades,3496b04d1407bfa617b8d7e95b3dfc9a,1763046009000,sports_ranking_finish_position,contradiction
economic_or_replay,max_trades,3496b04d1407bfa617b8d7e95b3dfc9a,1763049609000,sports_ranking_finish_position,contradiction
economic_or_replay,max_trades,3496b04d1407bfa617b8d7e95b3dfc9a,1763053209000,sports_ranking_finish_position,contradiction
economic_or_replay,max_trades,3496b04d1407bfa617b8d7e95b3dfc9a,1763056809000,sports_ranking_finish_position,contradiction
economic_or_replay,max_trades,3496b04d1407bfa617b8d7e95b3dfc9a,1763060409000,sports_ranking_finish_position,contradiction
economic_or_replay,max_trades,3496b04d1407bfa617b8d7e95b3dfc9a,1763064009000,sports_ranking_finish_position,contradiction
economic_or_replay,max_trades,3496b04d1407bfa617b8d7e95b3dfc9a,1763067609000,sports_ranking_finish_position,contradiction
economic_or_replay,max_trades,3496b04d1407bfa617b8d7e95b3dfc9a,1763071209000,sports_ranking_finish_position,contradiction
economic_or_replay,max_trades,3496b04d1407bfa617b8d7e95b3dfc9a,1763074809000,sports_ranking_finish_position,contradiction
economic_or_replay,max_trades,3496b04d1407bfa617b8d7e95b3dfc9a,1763078409000,sports_ranking_finish_position,contradiction
economic_or_replay,max_trades,3496b04d1407bfa617b8d7e95b3dfc9a,1763082009000,sports_ranking_finish_position,contradiction
economic_or_replay,max_trades,3496b04d1407bfa617b8d7e95b3dfc9a,1763085609000,sports_ranking_finish_position,contradiction
economic_or_replay,max_trades,3496b04d1407bfa617b8d7e95b3dfc9a,1763089209000,sports_ranking_finish_position,contradiction
economic_or_replay,max_trades,3496b04d1407bfa617b8d7e95b3dfc9a,1763092809000,sports_ranking_finish_position,contradiction
economic_or_replay,max_trades,3496b04d1407bfa617b8d7e95b3dfc9a,1763096409000,sports_ranking_finish_position,contradiction
economic_or_replay,max_trades,3496b04d1407bfa617b8d7e95b3dfc9a,1763100009000,sports_ranking_finish_position,contradiction
economic_or_replay,max_trades,3496b04d1407bfa617b8d7e95b3dfc9a,1763103609000,sports_ranking_finish_position,contradiction
economic_or_replay,max_trades,3496b04d1407bfa617b8d7e95b3dfc9a,1763107209000,sports_ranking_finish_position,contradiction
economic_or_replay,max_trades,3496b04d1407bfa617b8d7e95b3dfc9a,1763110809000,sports_ranking_finish_position,contradiction
economic_or_replay,max_trades,3496b04d1407bfa617b8d7e95b3dfc9a,1763114409000,sports_ranking_finish_position,contradiction
economic_or_replay,max_trades,3496b04d1407bfa617b8d7e95b3dfc9a,1763118009000,sports_ranking_finish_position,contradiction
economic_or_replay,max_trades,3496b04d1407bfa617b8d7e95b3dfc9a,1763121609000,sports_ranking_finish_position,contradiction
economic_or_replay,max_trades,3496b04d1407bfa617b8d7e95b3dfc9a,1763125209000,sports_ranking_finish_position,contradiction
economic_or_replay,max_trades,3496b04d1407bfa617b8d7e95b3dfc9a,1763128809000,sports_ranking_finish_position,contradiction
economic_or_replay,max_trades,3496b04d1407bfa617b8d7e95b3dfc9a,1763132409000,sports_ranking_finish_position,contradiction
economic_or_replay,max_trades,3496b04d1407bfa617b8d7e95b3dfc9a,1763136009000,sports_ranking_finish_position,contradiction
economic_or_replay,max_trades,3496b04d1407bfa617b8d7e95b3dfc9a,1763139609000,sports_ranking_finish_position,contradiction
economic_or_replay,max_trades,3496b04d1407bfa617b8d7e95b3dfc9a,1763143209000,sports_ranking_finish_position,contradiction
economic_or_replay,max_trades,3496b04d1407bfa617b8d7e95b3dfc9a,1763146809000,sports_ranking_finish_position,contradiction
economic_or_replay,max_trades,3496b04d1407bfa617b8d7e95b3dfc9a,1763150409000,sports_ranking_finish_position,contradiction
economic_or_replay,max_trades,3496b04d1407bfa617b8d7e95b3dfc9a,1763154009000,sports_ranking_finish_position,contradiction
economic_or_replay,max_trades,3496b04d1407bfa617b8d7e95b3dfc9a,1763157609000,sports_ranking_finish_position,contradiction
economic_or_replay,max_trades,3496b04d1407bfa617b8d7e95b3dfc9a,1763161209000,sports_ranking_finish_position,contradiction
economic_or_replay,max_trades,3496b04d1407bfa617b8d7e95b3dfc9a,1763164809000,sports_ranking_finish_position,contradiction
economic_or_replay,max_trades,3496b04d1407bfa617b8d7e95b3dfc9a,1763168409000,sports_ranking_finish_position,contradiction
economic_or_replay,max_trades,3496b04d1407bfa617b8d7e95b3dfc9a,1763172009000,sports_ranking_finish_position,contradiction
economic_or_replay,max_trades,3496b04d1407bfa617b8d7e95b3dfc9a,1763175609000,sports_ranking_finish_position,contradiction
economic_or_replay,max_trades,3496b04d1407bfa617b8d7e95b3dfc9a,1763179209000,sports_ranking_finish_position,contradiction
economic_or_replay,max_trades,3496b04d1407bfa617b8d7e95b3dfc9a,1763182809000,sports_ranking_finish_position,contradiction
economic_or_replay,max_trades,3496b04d1407bfa617b8d7e95b3dfc9a,1763186409000,sports_ranking_finish_position,contradiction
economic_or_replay,max_trades,3496b04d1407bfa617b8d7e95b3dfc9a,1763190009000,sports_ranking_finish_position,contradiction
economic_or_replay,max_trades,3496b04d1407bfa617b8d7e95b3dfc9a,1763193609000,sports_ranking_finish_position,contradiction
economic_or_replay,max_trades,3496b04d1407bfa617b8d7e95b3dfc9a,1763197209000,sports_ranking_finish_position,contradiction
economic_or_replay,max_trades,3496b04d1407bfa617b8d7e95b3dfc9a,1763200809000,sports_ranking_finish_position,contradiction
economic_or_replay,max_trades,3496b04d1407bfa617b8d7e95b3dfc9a,1763204409000,sports_ranking_finish_position,contradiction
economic_or_replay,max_trades,3496b04d1407bfa617b8d7e95b3dfc9a,1763208009000,sports_ranking_finish_position,contradiction
economic_or_replay,max_trades,3496b04d1407bfa617b8d7e95b3dfc9a,1763211609000,sports_ranking_finish_position,contradiction
economic_or_replay,max_trades,3496b04d1407bfa617b8d7e95b3dfc9a,1763215209000,sports_ranking_finish_position,contradiction
economic_or_replay,max_trades,3496b04d1407bfa617b8d7e95b3dfc9a,1763218809000,sports_ranking_finish_position,contradiction
economic_or_replay,max_trades,3496b04d1407bfa617b8d7e95b3dfc9a,1763222409000,sports_ranking_finish_position,contradiction
economic_or_replay,max_trades,3496b04d1407bfa617b8d7e95b3dfc9a,1763226009000,sports_ranking_finish_position,contradiction
economic_or_replay,max_trades,3496b04d1407bfa617b8d7e95b3dfc9a,1763229609000,sports_ranking_finish_position,contradiction
economic_or_replay,max_trades,3496b04d1407bfa617b8d7e95b3dfc9a,1763233209000,sports_ranking_finish_position,contradiction
economic_or_replay,max_trades,3496b04d1407bfa617b8d7e95b3dfc9a,1763236809000,sports_ranking_finish_position,contradiction
economic_or_replay,max_trades,3496b04d1407bfa617b8d7e95b3dfc9a,1763240409000,sports_ranking_finish_position,contradiction
economic_or_replay,max_trades,3496b04d1407bfa617b8d7e95b3dfc9a,1763244009000,sports_ranking_finish_position,contradiction
economic_or_replay,max_trades,3496b04d1407bfa617b8d7e95b3dfc9a,1763247609000,sports_ranking_finish_position,contradiction
economic_or_replay,max_trades,3496b04d1407bfa617b8d7e95b3dfc9a,1763251209000,sports_ranking_finish_position,contradiction
economic_or_replay,max_trades,3496b04d1407bfa617b8d7e95b3dfc9a,1763254809000,sports_ranking_finish_position,contradiction
economic_or_replay,max_trades,3496b04d1407bfa617b8d7e95b3dfc9a,1763258409000,sports_ranking_finish_position,contradiction
economic_or_replay,max_trades,3496b04d1407bfa617b8d7e95b3dfc9a,1763262009000,sports_ranking_finish_position,contradiction
economic_or_replay,max_trades,3496b04d1407bfa617b8d7e95b3dfc9a,1763265609000,sports_ranking_finish_position,contradiction
economic_or_replay,max_trades,3496b04d1407bfa617b8d7e95b3dfc9a,1763269209000,sports_ranking_finish_position,contradiction
economic_or_replay,max_trades,3496b04d1407bfa617b8d7e95b3dfc9a,1763272809000,sports_ranking_finish_position,contradiction
economic_or_replay,max_trades,3496b04d1407bfa617b8d7e95b3dfc9a,1763276409000,sports_ranking_finish_position,contradiction
economic_or_replay,max_trades,3496b04d1407bfa617b8d7e95b3dfc9a,1763280009000,sports_ranking_finish_position,contradiction
economic_or_replay,max_trades,3496b04d1407bfa617b8d7e95b3dfc9a,1763283609000,sports_ranking_finish_position,contradiction
economic_or_replay,max_trades,3496b04d1407bfa617b8d7e95b3dfc9a,1763287209000,sports_ranking_finish_position,contradiction
economic_or_replay,max_trades,3496b04d1407bfa617b8d7e95b3dfc9a,1763290809000,sports_ranking_finish_position,contradiction
economic_or_replay,max_trades,3496b04d1407bfa617b8d7e95b3dfc9a,1763294409000,sports_ranking_finish_position,contradiction
economic_or_replay,max_trades,3496b04d1407bfa617b8d7e95b3dfc9a,1763298009000,sports_ranking_finish_position,contradiction
economic_or_replay,max_trades,3496b04d1407bfa617b8d7e95b3dfc9a,1763301609000,sports_ranking_finish_position,contradiction
economic_or_replay,max_trades,3496b04d1407bfa617b8d7e95b3dfc9a,1763305209000,sports_ranking_finish_position,contradiction
economic_or_replay,max_trades,3496b04d1407bfa617b8d7e95b3dfc9a,1763308809000,sports_ranking_finish_position,contradiction
economic_or_replay,max_trades,3496b04d1407bfa617b8d7e95b3dfc9a,1763312409000,sports_ranking_finish_position,contradiction
economic_or_replay,max_trades,3496b04d1407bfa617b8d7e95b3dfc9a,1763316009000,sports_ranking_finish_position,contradiction
economic_or_replay,max_trades,3496b04d1407bfa617b8d7e95b3dfc9a,1763319609000,sports_ranking_finish_position,contradiction
economic_or_replay,max_trades,3496b04d1407bfa617b8d7e95b3dfc9a,1763323209000,sports_ranking_finish_position,contradiction
economic_or_replay,max_trades,3496b04d1407bfa617b8d7e95b3dfc9a,1763326809000,sports_ranking_finish_position,contradiction
economic_or_replay,max_trades,3496b04d1407bfa617b8d7e95b3dfc9a,1763330409000,sports_ranking_finish_position,contradiction
economic_or_replay,max_trades,3496b04d1407bfa617b8d7e95b3dfc9a,1763334009000,sports_ranking_finish_position,contradiction
economic_or_replay,max_trades,3496b04d1407bfa617b8d7e95b3dfc9a,1763337609000,sports_ranking_finish_position,contradiction
economic_or_replay,max_trades,3496b04d1407bfa617b8d7e95b3dfc9a,1763341209000,sports_ranking_finish_position,contradiction
economic_or_replay,max_trades,3496b04d1407bfa617b8d7e95b3dfc9a,1763344809000,sports_ranking_finish_position,contradiction
economic_or_replay,max_trades,3496b04d1407bfa617b8d7e95b3dfc9a,1763348409000,sports_ranking_finish_position,contradiction
economic_or_replay,max_trades,3496b04d1407bfa617b8d7e95b3dfc9a,1763352009000,sports_ranking_finish_position,contradiction
economic_or_replay,max_trades,3496b04d1407bfa617b8d7e95b3dfc9a,1763355609000,sports_ranking_finish_position,contradiction
economic_or_replay,max_trades,3496b04d1407bfa617b8d7e95b3dfc9a,1763359209000,sports_ranking_finish_position,contradiction
economic_or_replay,max_trades,3496b04d1407bfa617b8d7e95b3dfc9a,1763362809000,sports_ranking_finish_position,contradiction
economic_or_replay,max_trades,3496b04d1407bfa617b8d7e95b3dfc9a,1763366409000,sports_ranking_finish_position,contradiction
economic_or_replay,max_trades,3496b04d1407bfa617b8d7e95b3dfc9a,1763370009000,sports_ranking_finish_position,contradiction
economic_or_replay,max_trades,3496b04d1407bfa617b8d7e95b3dfc9a,1763373609000,sports_ranking_finish_position,contradiction
economic_or_replay,max_trades,3496b04d1407bfa617b8d7e95b3dfc9a,1763377209000,sports_ranking_finish_position,contradiction
economic_or_replay,max_trades,3496b04d1407bfa617b8d7e95b3dfc9a,1763380809000,sports_ranking_finish_position,contradiction
economic_or_replay,max_trades,3496b04d1407bfa617b8d7e95b3dfc9a,1763384409000,sports_ranking_finish_position,contradiction
economic_or_replay,max_trades,3496b04d1407bfa617b8d7e95b3dfc9a,1763388009000,sports_ranking_finish_position,contradiction
economic_or_replay,max_trades,3496b04d1407bfa617b8d7e95b3dfc9a,1763391609000,sports_ranking_finish_position,contradiction
economic_or_replay,max_trades,3496b04d1407bfa617b8d7e95b3dfc9a,1763395209000,sports_ranking_finish_position,contradiction
economic_or_replay,max_trades,3496b04d1407bfa617b8d7e95b3dfc9a,1763398809000,sports_ranking_finish_position,contradiction
economic_or_replay,max_trades,3496b04d1407bfa617b8d7e95b3dfc9a,1763402409000,sports_ranking_finish_position,contradiction
economic_or_replay,max_trades,3496b04d1407bfa617b8d7e95b3dfc9a,1763406009000,sports_ranking_finish_position,contradiction
economic_or_replay,max_trades,3496b04d1407bfa617b8d7e95b3dfc9a,1763409609000,sports_ranking_finish_position,contradiction
economic_or_replay,max_trades,3496b04d1407bfa617b8d7e95b3dfc9a,1763413209000,sports_ranking_finish_position,contradiction
economic_or_replay,max_trades,3496b04d1407bfa617b8d7e95b3dfc9a,1763416809000,sports_ranking_finish_position,contradiction
economic_or_replay,max_trades,3496b04d1407bfa617b8d7e95b3dfc9a,1763420409000,sports_ranking_finish_position,contradiction
economic_or_replay,max_trades,3496b04d1407bfa617b8d7e95b3dfc9a,1763424009000,sports_ranking_finish_position,contradiction
economic_or_replay,max_trades,3496b04d1407bfa617b8d7e95b3dfc9a,1763427609000,sports_ranking_finish_position,contradiction
economic_or_replay,max_trades,3496b04d1407bfa617b8d7e95b3dfc9a,1763431209000,sports_ranking_finish_position,contradiction
economic_or_replay,max_trades,3496b04d1407bfa617b8d7e95b3dfc9a,1763434809000,sports_ranking_finish_position,contradiction
economic_or_replay,max_trades,3496b04d1407bfa617b8d7e95b3dfc9a,1763438409000,sports_ranking_finish_position,contradiction
economic_or_replay,max_trades,3496b04d1407bfa617b8d7e95b3dfc9a,1763442009000,sports_ranking_finish_position,contradiction
economic_or_replay,max_trades,3496b04d1407bfa617b8d7e95b3dfc9a,1763445609000,sports_ranking_finish_position,contradiction
economic_or_replay,max_trades,3496b04d1407bfa617b8d7e95b3dfc9a,1763449209000,sports_ranking_finish_position,contradiction
economic_or_replay,max_trades,3496b04d1407bfa617b8d7e95b3dfc9a,1763452809000,sports_ranking_finish_position,contradiction
economic_or_replay,max_trades,3496b04d1407bfa617b8d7e95b3dfc9a,1763456409000,sports_ranking_finish_position,contradiction
economic_or_replay,max_trades,3496b04d1407bfa617b8d7e95b3dfc9a,1763460009000,sports_ranking_finish_position,contradiction
economic_or_replay,max_trades,3496b04d1407bfa617b8d7e95b3dfc9a,1763463609000,sports_ranking_finish_position,contradiction
economic_or_replay,max_trades,3496b04d1407bfa617b8d7e95b3dfc9a,1763467209000,sports_ranking_finish_position,contradiction
economic_or_replay,max_trades,3496b04d1407bfa617b8d7e95b3dfc9a,1763470809000,sports_ranking_finish_position,contradiction
economic_or_replay,max_trades,3496b04d1407bfa617b8d7e95b3dfc9a,1763474409000,sports_ranking_finish_position,contradiction
economic_or_replay,max_trades,3496b04d1407bfa617b8d7e95b3dfc9a,1763478009000,sports_ranking_finish_position,contradiction
economic_or_replay,max_trades,3496b04d1407bfa617b8d7e95b3dfc9a,1763481609000,sports_ranking_finish_position,contradiction
economic_or_replay,max_trades,3496b04d1407bfa617b8d7e95b3dfc9a,1763485209000,sports_ranking_finish_position,contradiction
economic_or_replay,max_trades,3496b04d1407bfa617b8d7e95b3dfc9a,1763488809000,sports_ranking_finish_position,contradiction
economic_or_replay,max_trades,3496b04d1407bfa617b8d7e95b3dfc9a,1763492409000,sports_ranking_finish_position,contradiction
economic_or_replay,max_trades,3496b04d1407bfa617b8d7e95b3dfc9a,1763496009000,sports_ranking_finish_position,contradiction
economic_or_replay,max_trades,3496b04d1407bfa617b8d7e95b3dfc9a,1763499609000,sports_ranking_finish_position,contradiction
economic_or_replay,max_trades,3496b04d1407bfa617b8d7e95b3dfc9a,1763503209000,sports_ranking_finish_position,contradiction
economic_or_replay,max_trades,3496b04d1407bfa617b8d7e95b3dfc9a,1763506809000,sports_ranking_finish_position,contradiction
economic_or_replay,max_trades,3496b04d1407bfa617b8d7e95b3dfc9a,1763510409000,sports_ranking_finish_position,contradiction
economic_or_replay,max_trades,3496b04d1407bfa617b8d7e95b3dfc9a,1763514009000,sports_ranking_finish_position,contradiction
economic_or_replay,max_trades,3496b04d1407bfa617b8d7e95b3dfc9a,1763517609000,sports_ranking_finish_position,contradiction
economic_or_replay,max_trades,3496b04d1407bfa617b8d7e95b3dfc9a,1763521209000,sports_ranking_finish_position,contradiction
economic_or_replay,max_trades,3496b04d1407bfa617b8d7e95b3dfc9a,1763524809000,sports_ranking_finish_position,contradiction
economic_or_replay,max_trades,3496b04d1407bfa617b8d7e95b3dfc9a,1763528409000,sports_ranking_finish_position,contradiction
economic_or_replay,max_trades,3496b04d1407bfa617b8d7e95b3dfc9a,1763532009000,sports_ranking_finish_position,contradiction
economic_or_replay,max_trades,3496b04d1407bfa617b8d7e95b3dfc9a,1763535609000,sports_ranking_finish_position,contradiction
economic_or_replay,max_trades,3496b04d1407bfa617b8d7e95b3dfc9a,1763539209000,sports_ranking_finish_position,contradiction
economic_or_replay,max_trades,3496b04d1407bfa617b8d7e95b3dfc9a,1763542809000,sports_ranking_finish_position,contradiction
economic_or_replay,max_trades,3496b04d1407bfa617b8d7e95b3dfc9a,1763546409000,sports_ranking_finish_position,contradiction
economic_or_replay,max_trades,3496b04d1407bfa617b8d7e95b3dfc9a,1763550009000,sports_ranking_finish_position,contradiction
economic_or_replay,max_trades,3496b04d1407bfa617b8d7e95b3dfc9a,1763553609000,sports_ranking_finish_position,contradiction
economic_or_replay,max_trades,3496b04d1407bfa617b8d7e95b3dfc9a,1763557209000,sports_ranking_finish_position,contradiction
economic_or_replay,max_trades,3496b04d1407bfa617b8d7e95b3dfc9a,1763560809000,sports_ranking_finish_position,contradiction
economic_or_replay,max_trades,3496b04d1407bfa617b8d7e95b3dfc9a,1763564409000,sports_ranking_finish_position,contradiction
economic_or_replay,max_trades,3496b04d1407bfa617b8d7e95b3dfc9a,1763568009000,sports_ranking_finish_position,contradiction
economic_or_replay,max_trades,3496b04d1407bfa617b8d7e95b3dfc9a,1763571609000,sports_ranking_finish_position,contradiction
economic_or_replay,max_trades,3496b04d1407bfa617b8d7e95b3dfc9a,1763575209000,sports_ranking_finish_position,contradiction
economic_or_replay,max_trades,3496b04d1407bfa617b8d7e95b3dfc9a,1763578809000,sports_ranking_finish_position,contradiction
economic_or_replay,max_trades,3496b04d1407bfa617b8d7e95b3dfc9a,1763582409000,sports_ranking_finish_position,contradiction
economic_or_replay,max_trades,3496b04d1407bfa617b8d7e95b3dfc9a,1763586009000,sports_ranking_finish_position,contradiction
economic_or_replay,max_trades,3496b04d1407bfa617b8d7e95b3dfc9a,1763589609000,sports_ranking_finish_position,contradiction
economic_or_replay,max_trades,3496b04d1407bfa617b8d7e95b3dfc9a,1763593209000,sports_ranking_finish_position,contradiction
economic_or_replay,max_trades,3496b04d1407bfa617b8d7e95b3dfc9a,1763596809000,sports_ranking_finish_position,contradiction
economic_or_replay,max_trades,3496b04d1407bfa617b8d7e95b3dfc9a,1763600409000,sports_ranking_finish_position,contradiction
economic_or_replay,max_trades,3496b04d1407bfa617b8d7e95b3dfc9a,1763604009000,sports_ranking_finish_position,contradiction
economic_or_replay,max_trades,3496b04d1407bfa617b8d7e95b3dfc9a,1763607609000,sports_ranking_finish_position,contradiction
economic_or_replay,max_trades,3496b04d1407bfa617b8d7e95b3dfc9a,1763611209000,sports_ranking_finish_position,contradiction
economic_or_replay,max_trades,3496b04d1407bfa617b8d7e95b3dfc9a,1763614809000,sports_ranking_finish_position,contradiction
economic_or_replay,max_trades,3496b04d1407bfa617b8d7e95b3dfc9a,1763618409000,sports_ranking_finish_position,contradiction
economic_or_replay,max_trades,3496b04d1407bfa617b8d7e95b3dfc9a,1763622009000,sports_ranking_finish_position,contradiction
economic_or_replay,max_trades,3496b04d1407bfa617b8d7e95b3dfc9a,1763625609000,sports_ranking_finish_position,contradiction
economic_or_replay,max_trades,3496b04d1407bfa617b8d7e95b3dfc9a,1763629209000,sports_ranking_finish_position,contradiction
economic_or_replay,max_trades,3496b04d1407bfa617b8d7e95b3dfc9a,1763632809000,sports_ranking_finish_position,contradiction
economic_or_replay,max_trades,3496b04d1407bfa617b8d7e95b3dfc9a,1763636409000,sports_ranking_finish_position,contradiction
economic_or_replay,max_trades,3496b04d1407bfa617b8d7e95b3dfc9a,1763640009000,sports_ranking_finish_position,contradiction
economic_or_replay,max_trades,3496b04d1407bfa617b8d7e95b3dfc9a,1763643609000,sports_ranking_finish_position,contradiction
economic_or_replay,max_trades,3496b04d1407bfa617b8d7e95b3dfc9a,1763647209000,sports_ranking_finish_position,contradiction
economic_or_replay,max_trades,3496b04d1407bfa617b8d7e95b3dfc9a,1763650809000,sports_ranking_finish_position,contradiction
economic_or_replay,max_trades,3496b04d1407bfa617b8d7e95b3dfc9a,1763654409000,sports_ranking_finish_position,contradiction
economic_or_replay,max_trades,3496b04d1407bfa617b8d7e95b3dfc9a,1763658009000,sports_ranking_finish_position,contradiction
economic_or_replay,max_trades,3496b04d1407bfa617b8d7e95b3dfc9a,1763661609000,sports_ranking_finish_position,contradiction
economic_or_replay,max_trades,3496b04d1407bfa617b8d7e95b3dfc9a,1763665209000,sports_ranking_finish_position,contradiction
economic_or_replay,max_trades,3496b04d1407bfa617b8d7e95b3dfc9a,1763668809000,sports_ranking_finish_position,contradiction
economic_or_replay,max_trades,3496b04d1407bfa617b8d7e95b3dfc9a,1763672409000,sports_ranking_finish_position,contradiction
economic_or_replay,max_trades,3496b04d1407bfa617b8d7e95b3dfc9a,1763676009000,sports_ranking_finish_position,contradiction
economic_or_replay,max_trades,3496b04d1407bfa617b8d7e95b3dfc9a,1763679609000,sports_ranking_finish_position,contradiction
economic_or_replay,max_trades,3496b04d1407bfa617b8d7e95b3dfc9a,1763683209000,sports_ranking_finish_position,contradiction
economic_or_replay,max_trades,3496b04d1407bfa617b8d7e95b3dfc9a,1763686809000,sports_ranking_finish_position,contradiction
economic_or_replay,max_trades,3496b04d1407bfa617b8d7e95b3dfc9a,1763690409000,sports_ranking_finish_position,contradiction
economic_or_replay,max_trades,3496b04d1407bfa617b8d7e95b3dfc9a,1763694009000,sports_ranking_finish_position,contradiction
economic_or_replay,max_trades,3496b04d1407bfa617b8d7e95b3dfc9a,1763697609000,sports_ranking_finish_position,contradiction
economic_or_replay,max_trades,3496b04d1407bfa617b8d7e95b3dfc9a,1763701209000,sports_ranking_finish_position,contradiction
economic_or_replay,max_trades,3496b04d1407bfa617b8d7e95b3dfc9a,1763704809000,sports_ranking_finish_position,contradiction
economic_or_replay,max_trades,3496b04d1407bfa617b8d7e95b3dfc9a,1763708409000,sports_ranking_finish_position,contradiction
economic_or_replay,max_trades,3496b04d1407bfa617b8d7e95b3dfc9a,1763712009000,sports_ranking_finish_position,contradiction
economic_or_replay,max_trades,3496b04d1407bfa617b8d7e95b3dfc9a,1763715609000,sports_ranking_finish_position,contradiction
economic_or_replay,max_trades,3496b04d1407bfa617b8d7e95b3dfc9a,1763719209000,sports_ranking_finish_position,contradiction
economic_or_replay,max_trades,3496b04d1407bfa617b8d7e95b3dfc9a,1763722809000,sports_ranking_finish_position,contradiction
economic_or_replay,max_trades,3496b04d1407bfa617b8d7e95b3dfc9a,1763726409000,sports_ranking_finish_position,contradiction
economic_or_replay,max_trades,3496b04d1407bfa617b8d7e95b3dfc9a,1763730009000,sports_ranking_finish_position,contradiction
economic_or_replay,max_trades,3496b04d1407bfa617b8d7e95b3dfc9a,1763733609000,sports_ranking_finish_position,contradiction
economic_or_replay,max_trades,3496b04d1407bfa617b8d7e95b3dfc9a,1763737209000,sports_ranking_finish_position,contradiction
economic_or_replay,max_trades,3496b04d1407bfa617b8d7e95b3dfc9a,1763740809000,sports_ranking_finish_position,contradiction
economic_or_replay,max_trades,3496b04d1407bfa617b8d7e95b3dfc9a,1763744409000,sports_ranking_finish_position,contradiction
economic_or_replay,max_trades,3496b04d1407bfa617b8d7e95b3dfc9a,1763748009000,sports_ranking_finish_position,contradiction
economic_or_replay,max_trades,3496b04d1407bfa617b8d7e95b3dfc9a,1763751609000,sports_ranking_finish_position,contradiction
economic_or_replay,max_trades,3496b04d1407bfa617b8d7e95b3dfc9a,1763755209000,sports_ranking_finish_position,contradiction
economic_or_replay,max_trades,3496b04d1407bfa617b8d7e95b3dfc9a,1763758809000,sports_ranking_finish_position,contradiction
economic_or_replay,max_trades,3496b04d1407bfa617b8d7e95b3dfc9a,1763762409000,sports_ranking_finish_position,contradiction
economic_or_replay,max_trades,3496b04d1407bfa617b8d7e95b3dfc9a,1763766009000,sports_ranking_finish_position,contradiction
economic_or_replay,max_trades,3496b04d1407bfa617b8d7e95b3dfc9a,1763769609000,sports_ranking_finish_position,contradiction
economic_or_replay,max_trades,3496b04d1407bfa617b8d7e95b3dfc9a,1763773209000,sports_ranking_finish_position,contradiction
economic_or_replay,max_trades,3496b04d1407bfa617b8d7e95b3dfc9a,1763776809000,sports_ranking_finish_position,contradiction
economic_or_replay,max_trades,3496b04d1407bfa617b8d7e95b3dfc9a,1763780409000,sports_ranking_finish_position,contradiction
economic_or_replay,max_trades,3496b04d1407bfa617b8d7e95b3dfc9a,1763784009000,sports_ranking_finish_position,contradiction
economic_or_replay,max_trades,3496b04d1407bfa617b8d7e95b3dfc9a,1763787609000,sports_ranking_finish_position,contradiction
economic_or_replay,max_trades,3496b04d1407bfa617b8d7e95b3dfc9a,1763791209000,sports_ranking_finish_position,contradiction
economic_or_replay,max_trades,3496b04d1407bfa617b8d7e95b3dfc9a,1763794809000,sports_ranking_finish_position,contradiction
economic_or_replay,max_trades,3496b04d1407bfa617b8d7e95b3dfc9a,1763798409000,sports_ranking_finish_position,contradiction
economic_or_replay,max_trades,3496b04d1407bfa617b8d7e95b3dfc9a,1763802009000,sports_ranking_finish_position,contradiction
economic_or_replay,max_trades,3496b04d1407bfa617b8d7e95b3dfc9a,1763805609000,sports_ranking_finish_position,contradiction
economic_or_replay,max_trades,3496b04d1407bfa617b8d7e95b3dfc9a,1763809209000,sports_ranking_finish_position,contradiction
economic_or_replay,max_trades,3496b04d1407bfa617b8d7e95b3dfc9a,1763812809000,sports_ranking_finish_position,contradiction
economic_or_replay,max_trades,3496b04d1407bfa617b8d7e95b3dfc9a,1763816409000,sports_ranking_finish_position,contradiction
economic_or_replay,max_trades,3496b04d1407bfa617b8d7e95b3dfc9a,1763820009000,sports_ranking_finish_position,contradiction
economic_or_replay,max_trades,3496b04d1407bfa617b8d7e95b3dfc9a,1763823609000,sports_ranking_finish_position,contradiction
economic_or_replay,max_trades,3496b04d1407bfa617b8d7e95b3dfc9a,1763827209000,sports_ranking_finish_position,contradiction
economic_or_replay,max_trades,3496b04d1407bfa617b8d7e95b3dfc9a,1763830809000,sports_ranking_finish_position,contradiction
economic_or_replay,max_trades,3496b04d1407bfa617b8d7e95b3dfc9a,1763834409000,sports_ranking_finish_position,contradiction
economic_or_replay,max_trades,3496b04d1407bfa617b8d7e95b3dfc9a,1763838009000,sports_ranking_finish_position,contradiction
economic_or_replay,max_trades,3496b04d1407bfa617b8d7e95b3dfc9a,1763841609000,sports_ranking_finish_position,contradiction
economic_or_replay,max_trades,3496b04d1407bfa617b8d7e95b3dfc9a,1763845209000,sports_ranking_finish_position,contradiction
economic_or_replay,max_trades,3496b04d1407bfa617b8d7e95b3dfc9a,1763848809000,sports_ranking_finish_position,contradiction
economic_or_replay,max_trades,3496b04d1407bfa617b8d7e95b3dfc9a,1763852409000,sports_ranking_finish_position,contradiction
economic_or_replay,max_trades,3496b04d1407bfa617b8d7e95b3dfc9a,1763856009000,sports_ranking_finish_position,contradiction
economic_or_replay,max_trades,3496b04d1407bfa617b8d7e95b3dfc9a,1763859609000,sports_ranking_finish_position,contradiction
economic_or_replay,max_trades,3496b04d1407bfa617b8d7e95b3dfc9a,1763863209000,sports_ranking_finish_position,contradiction
economic_or_replay,max_trades,3496b04d1407bfa617b8d7e95b3dfc9a,1763866809000,sports_ranking_finish_position,contradiction
economic_or_replay,max_trades,3496b04d1407bfa617b8d7e95b3dfc9a,1763870409000,sports_ranking_finish_position,contradiction
economic_or_replay,max_trades,3496b04d1407bfa617b8d7e95b3dfc9a,1763874009000,sports_ranking_finish_position,contradiction
economic_or_replay,max_trades,3496b04d1407bfa617b8d7e95b3dfc9a,1763877609000,sports_ranking_finish_position,contradiction
economic_or_replay,max_trades,3496b04d1407bfa617b8d7e95b3dfc9a,1763881209000,sports_ranking_finish_position,contradiction
economic_or_replay,max_trades,3496b04d1407bfa617b8d7e95b3dfc9a,1763884809000,sports_ranking_finish_position,contradiction
economic_or_replay,max_trades,3496b04d1407bfa617b8d7e95b3dfc9a,1763888409000,sports_ranking_finish_position,contradiction
economic_or_replay,max_trades,3496b04d1407bfa617b8d7e95b3dfc9a,1763892009000,sports_ranking_finish_position,contradiction
economic_or_replay,max_trades,3496b04d1407bfa617b8d7e95b3dfc9a,1763895609000,sports_ranking_finish_position,contradiction
economic_or_replay,max_trades,3496b04d1407bfa617b8d7e95b3dfc9a,1763899209000,sports_ranking_finish_position,contradiction
economic_or_replay,max_trades,3496b04d1407bfa617b8d7e95b3dfc9a,1763902809000,sports_ranking_finish_position,contradiction
economic_or_replay,max_trades,3496b04d1407bfa617b8d7e95b3dfc9a,1763906409000,sports_ranking_finish_position,contradiction
economic_or_replay,max_trades,3496b04d1407bfa617b8d7e95b3dfc9a,1763910009000,sports_ranking_finish_position,contradiction
economic_or_replay,max_trades,3496b04d1407bfa617b8d7e95b3dfc9a,1763913609000,sports_ranking_finish_position,contradiction
economic_or_replay,max_trades,3496b04d1407bfa617b8d7e95b3dfc9a,1763917209000,sports_ranking_finish_position,contradiction
economic_or_replay,max_trades,3496b04d1407bfa617b8d7e95b3dfc9a,1763920809000,sports_ranking_finish_position,contradiction
economic_or_replay,max_trades,3496b04d1407bfa617b8d7e95b3dfc9a,1763924409000,sports_ranking_finish_position,contradiction
economic_or_replay,max_trades,3496b04d1407bfa617b8d7e95b3dfc9a,1763928009000,sports_ranking_finish_position,contradiction
economic_or_replay,max_trades,3496b04d1407bfa617b8d7e95b3dfc9a,1763931609000,sports_ranking_finish_position,contradiction
economic_or_replay,max_trades,3496b04d1407bfa617b8d7e95b3dfc9a,1763935209000,sports_ranking_finish_position,contradiction
economic_or_replay,max_trades,3496b04d1407bfa617b8d7e95b3dfc9a,1763938809000,sports_ranking_finish_position,contradiction
economic_or_replay,max_trades,3496b04d1407bfa617b8d7e95b3dfc9a,1763942409000,sports_ranking_finish_position,contradiction
economic_or_replay,max_trades,3496b04d1407bfa617b8d7e95b3dfc9a,1763946009000,sports_ranking_finish_position,contradiction
economic_or_replay,max_trades,3496b04d1407bfa617b8d7e95b3dfc9a,1763949609000,sports_ranking_finish_position,contradiction
economic_or_replay,max_trades,3496b04d1407bfa617b8d7e95b3dfc9a,1763953209000,sports_ranking_finish_position,contradiction
economic_or_replay,max_trades,3496b04d1407bfa617b8d7e95b3dfc9a,1763956809000,sports_ranking_finish_position,contradiction
economic_or_replay,max_trades,3496b04d1407bfa617b8d7e95b3dfc9a,1763960409000,sports_ranking_finish_position,contradiction
economic_or_replay,max_trades,3496b04d1407bfa617b8d7e95b3dfc9a,1763964009000,sports_ranking_finish_position,contradiction
economic_or_replay,max_trades,3496b04d1407bfa617b8d7e95b3dfc9a,1763967609000,sports_ranking_finish_position,contradiction
economic_or_replay,max_trades,3496b04d1407bfa617b8d7e95b3dfc9a,1763971209000,sports_ranking_finish_position,contradiction
economic_or_replay,max_trades,3496b04d1407bfa617b8d7e95b3dfc9a,1763974809000,sports_ranking_finish_position,contradiction
economic_or_replay,max_trades,3496b04d1407bfa617b8d7e95b3dfc9a,1763978409000,sports_ranking_finish_position,contradiction
economic_or_replay,max_trades,3496b04d1407bfa617b8d7e95b3dfc9a,1763982009000,sports_ranking_finish_position,contradiction
economic_or_replay,max_trades,3496b04d1407bfa617b8d7e95b3dfc9a,1763985609000,sports_ranking_finish_position,contradiction
economic_or_replay,max_trades,3496b04d1407bfa617b8d7e95b3dfc9a,1763989209000,sports_ranking_finish_position,contradiction
economic_or_replay,max_trades,3496b04d1407bfa617b8d7e95b3dfc9a,1763992809000,sports_ranking_finish_position,contradiction
economic_or_replay,max_trades,3496b04d1407bfa617b8d7e95b3dfc9a,1763996409000,sports_ranking_finish_position,contradiction
economic_or_replay,max_trades,3496b04d1407bfa617b8d7e95b3dfc9a,1764000009000,sports_ranking_finish_position,contradiction
economic_or_replay,max_trades,3496b04d1407bfa617b8d7e95b3dfc9a,1764003609000,sports_ranking_finish_position,contradiction
economic_or_replay,max_trades,3496b04d1407bfa617b8d7e95b3dfc9a,1764007209000,sports_ranking_finish_position,contradiction
economic_or_replay,max_trades,3496b04d1407bfa617b8d7e95b3dfc9a,1764010809000,sports_ranking_finish_position,contradiction
economic_or_replay,max_trades,3496b04d1407bfa617b8d7e95b3dfc9a,1764014409000,sports_ranking_finish_position,contradiction
economic_or_replay,max_trades,3496b04d1407bfa617b8d7e95b3dfc9a,1764018009000,sports_ranking_finish_position,contradiction
economic_or_replay,max_trades,3496b04d1407bfa617b8d7e95b3dfc9a,1764021609000,sports_ranking_finish_position,contradiction
economic_or_replay,max_trades,3496b04d1407bfa617b8d7e95b3dfc9a,1764025209000,sports_ranking_finish_position,contradiction
economic_or_replay,max_trades,3496b04d1407bfa617b8d7e95b3dfc9a,1764028809000,sports_ranking_finish_position,contradiction
economic_or_replay,max_trades,3496b04d1407bfa617b8d7e95b3dfc9a,1764032409000,sports_ranking_finish_position,contradiction
economic_or_replay,max_trades,3496b04d1407bfa617b8d7e95b3dfc9a,1764036009000,sports_ranking_finish_position,contradiction
economic_or_replay,max_trades,3496b04d1407bfa617b8d7e95b3dfc9a,1764039609000,sports_ranking_finish_position,contradiction
economic_or_replay,max_trades,3496b04d1407bfa617b8d7e95b3dfc9a,1764043209000,sports_ranking_finish_position,contradiction
economic_or_replay,max_trades,3496b04d1407bfa617b8d7e95b3dfc9a,1764046809000,sports_ranking_finish_position,contradiction
economic_or_replay,max_trades,3496b04d1407bfa617b8d7e95b3dfc9a,1764050409000,sports_ranking_finish_position,contradiction
economic_or_replay,max_trades,3496b04d1407bfa617b8d7e95b3dfc9a,1764054009000,sports_ranking_finish_position,contradiction
economic_or_replay,max_trades,3496b04d1407bfa617b8d7e95b3dfc9a,1764057609000,sports_ranking_finish_position,contradiction
economic_or_replay,max_trades,3496b04d1407bfa617b8d7e95b3dfc9a,1764061209000,sports_ranking_finish_position,contradiction
economic_or_replay,max_trades,3496b04d1407bfa617b8d7e95b3dfc9a,1764064809000,sports_ranking_finish_position,contradiction
economic_or_replay,max_trades,3496b04d1407bfa617b8d7e95b3dfc9a,1764068409000,sports_ranking_finish_position,contradiction
economic_or_replay,max_trades,3496b04d1407bfa617b8d7e95b3dfc9a,1764072009000,sports_ranking_finish_position,contradiction
economic_or_replay,max_trades,3496b04d1407bfa617b8d7e95b3dfc9a,1764075609000,sports_ranking_finish_position,contradiction
economic_or_replay,max_trades,3496b04d1407bfa617b8d7e95b3dfc9a,1764079209000,sports_ranking_finish_position,contradiction
economic_or_replay,max_trades,3496b04d1407bfa617b8d7e95b3dfc9a,1764082809000,sports_ranking_finish_position,contradiction
economic_or_replay,max_trades,3496b04d1407bfa617b8d7e95b3dfc9a,1764086409000,sports_ranking_finish_position,contradiction
economic_or_replay,max_trades,3496b04d1407bfa617b8d7e95b3dfc9a,1764090009000,sports_ranking_finish_position,contradiction
economic_or_replay,max_trades,3496b04d1407bfa617b8d7e95b3dfc9a,1764093609000,sports_ranking_finish_position,contradiction
economic_or_replay,max_trades,3496b04d1407bfa617b8d7e95b3dfc9a,1764097209000,sports_ranking_finish_position,contradiction
economic_or_replay,max_trades,3496b04d1407bfa617b8d7e95b3dfc9a,1764100809000,sports_ranking_finish_position,contradiction
economic_or_replay,max_trades,3496b04d1407bfa617b8d7e95b3dfc9a,1764104409000,sports_ranking_finish_position,contradiction
economic_or_replay,max_trades,3496b04d1407bfa617b8d7e95b3dfc9a,1764108009000,sports_ranking_finish_position,contradiction
economic_or_replay,max_trades,3496b04d1407bfa617b8d7e95b3dfc9a,1764111609000,sports_ranking_finish_position,contradiction
economic_or_replay,max_trades,3496b04d1407bfa617b8d7e95b3dfc9a,1764115209000,sports_ranking_finish_position,contradiction
economic_or_replay,max_trades,3496b04d1407bfa617b8d7e95b3dfc9a,1764118809000,sports_ranking_finish_position,contradiction
economic_or_replay,max_trades,3496b04d1407bfa617b8d7e95b3dfc9a,1764122409000,sports_ranking_finish_position,contradiction
economic_or_replay,max_trades,3496b04d1407bfa617b8d7e95b3dfc9a,1764126009000,sports_ranking_finish_position,contradiction
economic_or_replay,max_trades,3496b04d1407bfa617b8d7e95b3dfc9a,1764129609000,sports_ranking_finish_position,contradiction
economic_or_replay,max_trades,3496b04d1407bfa617b8d7e95b3dfc9a,1764133209000,sports_ranking_finish_position,contradiction
economic_or_replay,max_trades,3496b04d1407bfa617b8d7e95b3dfc9a,1764136809000,sports_ranking_finish_position,contradiction
economic_or_replay,max_trades,3496b04d1407bfa617b8d7e95b3dfc9a,1764140409000,sports_ranking_finish_position,contradiction
economic_or_replay,max_trades,3496b04d1407bfa617b8d7e95b3dfc9a,1764144009000,sports_ranking_finish_position,contradiction
economic_or_replay,max_trades,3496b04d1407bfa617b8d7e95b3dfc9a,1764147609000,sports_ranking_finish_position,contradiction
economic_or_replay,max_trades,3496b04d1407bfa617b8d7e95b3dfc9a,1764151209000,sports_ranking_finish_position,contradiction
economic_or_replay,max_trades,3496b04d1407bfa617b8d7e95b3dfc9a,1764154809000,sports_ranking_finish_position,contradiction
economic_or_replay,max_trades,3496b04d1407bfa617b8d7e95b3dfc9a,1764158409000,sports_ranking_finish_position,contradiction
economic_or_replay,max_trades,3496b04d1407bfa617b8d7e95b3dfc9a,1764162009000,sports_ranking_finish_position,contradiction
economic_or_replay,max_trades,3496b04d1407bfa617b8d7e95b3dfc9a,1764165609000,sports_ranking_finish_position,contradiction
economic_or_replay,max_trades,3496b04d1407bfa617b8d7e95b3dfc9a,1764169209000,sports_ranking_finish_position,contradiction
economic_or_replay,max_trades,3496b04d1407bfa617b8d7e95b3dfc9a,1764172809000,sports_ranking_finish_position,contradiction
economic_or_replay,max_trades,3496b04d1407bfa617b8d7e95b3dfc9a,1764176409000,sports_ranking_finish_position,contradiction
economic_or_replay,max_trades,3496b04d1407bfa617b8d7e95b3dfc9a,1764180009000,sports_ranking_finish_position,contradiction
economic_or_replay,max_trades,3496b04d1407bfa617b8d7e95b3dfc9a,1764183609000,sports_ranking_finish_position,contradiction
economic_or_replay,max_trades,3496b04d1407bfa617b8d7e95b3dfc9a,1764187209000,sports_ranking_finish_position,contradiction
economic_or_replay,max_trades,3496b04d1407bfa617b8d7e95b3dfc9a,1764190809000,sports_ranking_finish_position,contradiction
economic_or_replay,max_trades,3496b04d1407bfa617b8d7e95b3dfc9a,1764194409000,sports_ranking_finish_position,contradiction
economic_or_replay,max_trades,3496b04d1407bfa617b8d7e95b3dfc9a,1764198009000,sports_ranking_finish_position,contradiction
economic_or_replay,max_trades,3496b04d1407bfa617b8d7e95b3dfc9a,1764201609000,sports_ranking_finish_position,contradiction
economic_or_replay,max_trades,3496b04d1407bfa617b8d7e95b3dfc9a,1764205209000,sports_ranking_finish_position,contradiction
economic_or_replay,max_trades,3496b04d1407bfa617b8d7e95b3dfc9a,1764208809000,sports_ranking_finish_position,contradiction
economic_or_replay,max_trades,3496b04d1407bfa617b8d7e95b3dfc9a,1764212409000,sports_ranking_finish_position,contradiction
economic_or_replay,max_trades,3496b04d1407bfa617b8d7e95b3dfc9a,1764216009000,sports_ranking_finish_position,contradiction
economic_or_replay,max_trades,3496b04d1407bfa617b8d7e95b3dfc9a,1764219609000,sports_ranking_finish_position,contradiction
economic_or_replay,max_trades,3496b04d1407bfa617b8d7e95b3dfc9a,1764223209000,sports_ranking_finish_position,contradiction
economic_or_replay,max_trades,3496b04d1407bfa617b8d7e95b3dfc9a,1764226809000,sports_ranking_finish_position,contradiction
economic_or_replay,max_trades,3496b04d1407bfa617b8d7e95b3dfc9a,1764230409000,sports_ranking_finish_position,contradiction
economic_or_replay,max_trades,3496b04d1407bfa617b8d7e95b3dfc9a,1764234009000,sports_ranking_finish_position,contradiction
economic_or_replay,max_trades,3496b04d1407bfa617b8d7e95b3dfc9a,1764237609000,sports_ranking_finish_position,contradiction
economic_or_replay,max_trades,3496b04d1407bfa617b8d7e95b3dfc9a,1764241209000,sports_ranking_finish_position,contradiction
economic_or_replay,max_trades,3496b04d1407bfa617b8d7e95b3dfc9a,1764244809000,sports_ranking_finish_position,contradiction
economic_or_replay,max_trades,3496b04d1407bfa617b8d7e95b3dfc9a,1764248409000,sports_ranking_finish_position,contradiction
economic_or_replay,max_trades,3496b04d1407bfa617b8d7e95b3dfc9a,1764252009000,sports_ranking_finish_position,contradiction
economic_or_replay,max_trades,3496b04d1407bfa617b8d7e95b3dfc9a,1764255609000,sports_ranking_finish_position,contradiction
economic_or_replay,max_trades,3496b04d1407bfa617b8d7e95b3dfc9a,1764259209000,sports_ranking_finish_position,contradiction
economic_or_replay,max_trades,3496b04d1407bfa617b8d7e95b3dfc9a,1764262809000,sports_ranking_finish_position,contradiction
economic_or_replay,max_trades,3496b04d1407bfa617b8d7e95b3dfc9a,1764266409000,sports_ranking_finish_position,contradiction
economic_or_replay,max_trades,3496b04d1407bfa617b8d7e95b3dfc9a,1764270009000,sports_ranking_finish_position,contradiction
economic_or_replay,max_trades,3496b04d1407bfa617b8d7e95b3dfc9a,1764273609000,sports_ranking_finish_position,contradiction
economic_or_replay,max_trades,3496b04d1407bfa617b8d7e95b3dfc9a,1764277209000,sports_ranking_finish_position,contradiction
economic_or_replay,max_trades,3496b04d1407bfa617b8d7e95b3dfc9a,1764280809000,sports_ranking_finish_position,contradiction
economic_or_replay,max_trades,3496b04d1407bfa617b8d7e95b3dfc9a,1764284409000,sports_ranking_finish_position,contradiction
economic_or_replay,max_trades,3496b04d1407bfa617b8d7e95b3dfc9a,1764288009000,sports_ranking_finish_position,contradiction
economic_or_replay,max_trades,3496b04d1407bfa617b8d7e95b3dfc9a,1764291609000,sports_ranking_finish_position,contradiction
economic_or_replay,max_trades,3496b04d1407bfa617b8d7e95b3dfc9a,1764295209000,sports_ranking_finish_position,contradiction
economic_or_replay,max_trades,3496b04d1407bfa617b8d7e95b3dfc9a,1764298809000,sports_ranking_finish_position,contradiction
economic_or_replay,max_trades,3496b04d1407bfa617b8d7e95b3dfc9a,1764302409000,sports_ranking_finish_position,contradiction
economic_or_replay,max_trades,3496b04d1407bfa617b8d7e95b3dfc9a,1764306009000,sports_ranking_finish_position,contradiction
economic_or_replay,max_trades,3496b04d1407bfa617b8d7e95b3dfc9a,1764309609000,sports_ranking_finish_position,contradiction
economic_or_replay,max_trades,3496b04d1407bfa617b8d7e95b3dfc9a,1764313209000,sports_ranking_finish_position,contradiction
economic_or_replay,max_trades,3496b04d1407bfa617b8d7e95b3dfc9a,1764316809000,sports_ranking_finish_position,contradiction
economic_or_replay,max_trades,3496b04d1407bfa617b8d7e95b3dfc9a,1764320409000,sports_ranking_finish_position,contradiction
economic_or_replay,max_trades,3496b04d1407bfa617b8d7e95b3dfc9a,1764324009000,sports_ranking_finish_position,contradiction
economic_or_replay,max_trades,3496b04d1407bfa617b8d7e95b3dfc9a,1764327609000,sports_ranking_finish_position,contradiction
economic_or_replay,max_trades,3496b04d1407bfa617b8d7e95b3dfc9a,1764331209000,sports_ranking_finish_position,contradiction
economic_or_replay,max_trades,3496b04d1407bfa617b8d7e95b3dfc9a,1764334809000,sports_ranking_finish_position,contradiction
economic_or_replay,max_trades,3496b04d1407bfa617b8d7e95b3dfc9a,1764338409000,sports_ranking_finish_position,contradiction
economic_or_replay,max_trades,3496b04d1407bfa617b8d7e95b3dfc9a,1764342009000,sports_ranking_finish_position,contradiction
economic_or_replay,max_trades,3496b04d1407bfa617b8d7e95b3dfc9a,1764345609000,sports_ranking_finish_position,contradiction
economic_or_replay,max_trades,3496b04d1407bfa617b8d7e95b3dfc9a,1764349209000,sports_ranking_finish_position,contradiction
economic_or_replay,max_trades,3496b04d1407bfa617b8d7e95b3dfc9a,1764352809000,sports_ranking_finish_position,contradiction
economic_or_replay,max_trades,3496b04d1407bfa617b8d7e95b3dfc9a,1764356409000,sports_ranking_finish_position,contradiction
economic_or_replay,max_trades,3496b04d1407bfa617b8d7e95b3dfc9a,1764360009000,sports_ranking_finish_position,contradiction
economic_or_replay,max_trades,3496b04d1407bfa617b8d7e95b3dfc9a,1764363609000,sports_ranking_finish_position,contradiction
economic_or_replay,max_trades,3496b04d1407bfa617b8d7e95b3dfc9a,1764367209000,sports_ranking_finish_position,contradiction
economic_or_replay,max_trades,3496b04d1407bfa617b8d7e95b3dfc9a,1764370809000,sports_ranking_finish_position,contradiction
economic_or_replay,max_trades,3496b04d1407bfa617b8d7e95b3dfc9a,1764374409000,sports_ranking_finish_position,contradiction
economic_or_replay,max_trades,3496b04d1407bfa617b8d7e95b3dfc9a,1764378009000,sports_ranking_finish_position,contradiction
economic_or_replay,max_trades,3496b04d1407bfa617b8d7e95b3dfc9a,1764381609000,sports_ranking_finish_position,contradiction
economic_or_replay,max_trades,3496b04d1407bfa617b8d7e95b3dfc9a,1764385209000,sports_ranking_finish_position,contradiction
economic_or_replay,max_trades,3496b04d1407bfa617b8d7e95b3dfc9a,1764388809000,sports_ranking_finish_position,contradiction
economic_or_replay,max_trades,3496b04d1407bfa617b8d7e95b3dfc9a,1764392409000,sports_ranking_finish_position,contradiction
economic_or_replay,max_trades,3496b04d1407bfa617b8d7e95b3dfc9a,1764396009000,sports_ranking_finish_position,contradiction
economic_or_replay,max_trades,3496b04d1407bfa617b8d7e95b3dfc9a,1764399609000,sports_ranking_finish_position,contradiction
economic_or_replay,max_trades,3496b04d1407bfa617b8d7e95b3dfc9a,1764403209000,sports_ranking_finish_position,contradiction
economic_or_replay,max_trades,3496b04d1407bfa617b8d7e95b3dfc9a,1764406809000,sports_ranking_finish_position,contradiction
economic_or_replay,max_trades,3496b04d1407bfa617b8d7e95b3dfc9a,1764410409000,sports_ranking_finish_position,contradiction
economic_or_replay,max_trades,3496b04d1407bfa617b8d7e95b3dfc9a,1764414009000,sports_ranking_finish_position,contradiction
economic_or_replay,max_trades,3496b04d1407bfa617b8d7e95b3dfc9a,1764417609000,sports_ranking_finish_position,contradiction
economic_or_replay,max_trades,3496b04d1407bfa617b8d7e95b3dfc9a,1764421209000,sports_ranking_finish_position,contradiction
economic_or_replay,max_trades,3496b04d1407bfa617b8d7e95b3dfc9a,1764424809000,sports_ranking_finish_position,contradiction
economic_or_replay,max_trades,3496b04d1407bfa617b8d7e95b3dfc9a,1764428409000,sports_ranking_finish_position,contradiction
economic_or_replay,max_trades,3496b04d1407bfa617b8d7e95b3dfc9a,1764432009000,sports_ranking_finish_position,contradiction
economic_or_replay,max_trades,3496b04d1407bfa617b8d7e95b3dfc9a,1764435609000,sports_ranking_finish_position,contradiction
economic_or_replay,max_trades,3496b04d1407bfa617b8d7e95b3dfc9a,1764439209000,sports_ranking_finish_position,contradiction
economic_or_replay,max_trades,3496b04d1407bfa617b8d7e95b3dfc9a,1764442809000,sports_ranking_finish_position,contradiction
economic_or_replay,max_trades,3496b04d1407bfa617b8d7e95b3dfc9a,1764446409000,sports_ranking_finish_position,contradiction
economic_or_replay,max_trades,3496b04d1407bfa617b8d7e95b3dfc9a,1764450009000,sports_ranking_finish_position,contradiction
economic_or_replay,max_trades,3496b04d1407bfa617b8d7e95b3dfc9a,1764453609000,sports_ranking_finish_position,contradiction
economic_or_replay,max_trades,3496b04d1407bfa617b8d7e95b3dfc9a,1764457209000,sports_ranking_finish_position,contradiction
economic_or_replay,max_trades,3496b04d1407bfa617b8d7e95b3dfc9a,1764460809000,sports_ranking_finish_position,contradiction
economic_or_replay,max_trades,3496b04d1407bfa617b8d7e95b3dfc9a,1764464409000,sports_ranking_finish_position,contradiction
economic_or_replay,max_trades,3496b04d1407bfa617b8d7e95b3dfc9a,1764468009000,sports_ranking_finish_position,contradiction
economic_or_replay,max_trades,3496b04d1407bfa617b8d7e95b3dfc9a,1764471609000,sports_ranking_finish_position,contradiction
economic_or_replay,max_trades,3496b04d1407bfa617b8d7e95b3dfc9a,1764475209000,sports_ranking_finish_position,contradiction
economic_or_replay,max_trades,3496b04d1407bfa617b8d7e95b3dfc9a,1764478809000,sports_ranking_finish_position,contradiction
economic_or_replay,max_trades,3496b04d1407bfa617b8d7e95b3dfc9a,1764482409000,sports_ranking_finish_position,contradiction
economic_or_replay,max_trades,3496b04d1407bfa617b8d7e95b3dfc9a,1764486009000,sports_ranking_finish_position,contradiction
economic_or_replay,max_trades,3496b04d1407bfa617b8d7e95b3dfc9a,1764489609000,sports_ranking_finish_position,contradiction
economic_or_replay,max_trades,3496b04d1407bfa617b8d7e95b3dfc9a,1764493209000,sports_ranking_finish_position,contradiction
economic_or_replay,max_trades,3496b04d1407bfa617b8d7e95b3dfc9a,1764496809000,sports_ranking_finish_position,contradiction
economic_or_replay,max_trades,3496b04d1407bfa617b8d7e95b3dfc9a,1764500409000,sports_ranking_finish_position,contradiction
economic_or_replay,max_trades,3496b04d1407bfa617b8d7e95b3dfc9a,1764504009000,sports_ranking_finish_position,contradiction
economic_or_replay,max_trades,3496b04d1407bfa617b8d7e95b3dfc9a,1764507609000,sports_ranking_finish_position,contradiction
economic_or_replay,max_trades,3496b04d1407bfa617b8d7e95b3dfc9a,1764511209000,sports_ranking_finish_position,contradiction
economic_or_replay,max_trades,3496b04d1407bfa617b8d7e95b3dfc9a,1764514809000,sports_ranking_finish_position,contradiction
economic_or_replay,max_trades,3496b04d1407bfa617b8d7e95b3dfc9a,1764518409000,sports_ranking_finish_position,contradiction
economic_or_replay,max_trades,3496b04d1407bfa617b8d7e95b3dfc9a,1764522009000,sports_ranking_finish_position,contradiction
economic_or_replay,max_trades,3496b04d1407bfa617b8d7e95b3dfc9a,1764525609000,sports_ranking_finish_position,contradiction
economic_or_replay,max_trades,3496b04d1407bfa617b8d7e95b3dfc9a,1764529209000,sports_ranking_finish_position,contradiction
economic_or_replay,max_trades,3496b04d1407bfa617b8d7e95b3dfc9a,1764532809000,sports_ranking_finish_position,contradiction
economic_or_replay,max_trades,3496b04d1407bfa617b8d7e95b3dfc9a,1764536409000,sports_ranking_finish_position,contradiction
economic_or_replay,max_trades,3496b04d1407bfa617b8d7e95b3dfc9a,1764540009000,sports_ranking_finish_position,contradiction
economic_or_replay,max_trades,3496b04d1407bfa617b8d7e95b3dfc9a,1764543609000,sports_ranking_finish_position,contradiction
economic_or_replay,max_trades,3496b04d1407bfa617b8d7e95b3dfc9a,1764547209000,sports_ranking_finish_position,contradiction
economic_or_replay,max_trades,3496b04d1407bfa617b8d7e95b3dfc9a,1764550809000,sports_ranking_finish_position,contradiction
economic_or_replay,max_trades,3496b04d1407bfa617b8d7e95b3dfc9a,1764554409000,sports_ranking_finish_position,contradiction
economic_or_replay,max_trades,3496b04d1407bfa617b8d7e95b3dfc9a,1764558009000,sports_ranking_finish_position,contradiction
economic_or_replay,max_trades,3496b04d1407bfa617b8d7e95b3dfc9a,1764561609000,sports_ranking_finish_position,contradiction
economic_or_replay,max_trades,3496b04d1407bfa617b8d7e95b3dfc9a,1764565209000,sports_ranking_finish_position,contradiction
economic_or_replay,max_trades,3496b04d1407bfa617b8d7e95b3dfc9a,1764568809000,sports_ranking_finish_position,contradiction
economic_or_replay,max_trades,3496b04d1407bfa617b8d7e95b3dfc9a,1764572409000,sports_ranking_finish_position,contradiction
economic_or_replay,max_trades,3496b04d1407bfa617b8d7e95b3dfc9a,1764576009000,sports_ranking_finish_position,contradiction
economic_or_replay,max_trades,3496b04d1407bfa617b8d7e95b3dfc9a,1764579609000,sports_ranking_finish_position,contradiction
economic_or_replay,max_trades,3496b04d1407bfa617b8d7e95b3dfc9a,1764583209000,sports_ranking_finish_position,contradiction
economic_or_replay,max_trades,3496b04d1407bfa617b8d7e95b3dfc9a,1764586809000,sports_ranking_finish_position,contradiction
economic_or_replay,max_trades,3496b04d1407bfa617b8d7e95b3dfc9a,1764590409000,sports_ranking_finish_position,contradiction
economic_or_replay,max_trades,3496b04d1407bfa617b8d7e95b3dfc9a,1764594009000,sports_ranking_finish_position,contradiction
economic_or_replay,max_trades,3496b04d1407bfa617b8d7e95b3dfc9a,1764597609000,sports_ranking_finish_position,contradiction
economic_or_replay,max_trades,3496b04d1407bfa617b8d7e95b3dfc9a,1764601209000,sports_ranking_finish_position,contradiction
economic_or_replay,max_trades,3496b04d1407bfa617b8d7e95b3dfc9a,1764604809000,sports_ranking_finish_position,contradiction
economic_or_replay,max_trades,3496b04d1407bfa617b8d7e95b3dfc9a,1764608409000,sports_ranking_finish_position,contradiction
economic_or_replay,max_trades,3496b04d1407bfa617b8d7e95b3dfc9a,1764612009000,sports_ranking_finish_position,contradiction
economic_or_replay,max_trades,3496b04d1407bfa617b8d7e95b3dfc9a,1764615609000,sports_ranking_finish_position,contradiction
economic_or_replay,max_trades,3496b04d1407bfa617b8d7e95b3dfc9a,1764619209000,sports_ranking_finish_position,contradiction
economic_or_replay,max_trades,3496b04d1407bfa617b8d7e95b3dfc9a,1764622809000,sports_ranking_finish_position,contradiction
economic_or_replay,max_trades,3496b04d1407bfa617b8d7e95b3dfc9a,1764626409000,sports_ranking_finish_position,contradiction
economic_or_replay,max_trades,3496b04d1407bfa617b8d7e95b3dfc9a,1764630009000,sports_ranking_finish_position,contradiction
economic_or_replay,max_trades,3496b04d1407bfa617b8d7e95b3dfc9a,1764633609000,sports_ranking_finish_position,contradiction
economic_or_replay,max_trades,3496b04d1407bfa617b8d7e95b3dfc9a,1764637209000,sports_ranking_finish_position,contradiction
economic_or_replay,max_trades,3496b04d1407bfa617b8d7e95b3dfc9a,1764640809000,sports_ranking_finish_position,contradiction
economic_or_replay,max_trades,3496b04d1407bfa617b8d7e95b3dfc9a,1764644409000,sports_ranking_finish_position,contradiction
economic_or_replay,max_trades,3496b04d1407bfa617b8d7e95b3dfc9a,1764648009000,sports_ranking_finish_position,contradiction
economic_or_replay,max_trades,3496b04d1407bfa617b8d7e95b3dfc9a,1764651609000,sports_ranking_finish_position,contradiction
economic_or_replay,max_trades,3496b04d1407bfa617b8d7e95b3dfc9a,1764655209000,sports_ranking_finish_position,contradiction
economic_or_replay,max_trades,3496b04d1407bfa617b8d7e95b3dfc9a,1764658809000,sports_ranking_finish_position,contradiction
economic_or_replay,max_trades,3496b04d1407bfa617b8d7e95b3dfc9a,1764662409000,sports_ranking_finish_position,contradiction
economic_or_replay,max_trades,3496b04d1407bfa617b8d7e95b3dfc9a,1764666009000,sports_ranking_finish_position,contradiction
economic_or_replay,max_trades,3496b04d1407bfa617b8d7e95b3dfc9a,1764669609000,sports_ranking_finish_position,contradiction
economic_or_replay,max_trades,3496b04d1407bfa617b8d7e95b3dfc9a,1764673209000,sports_ranking_finish_position,contradiction
economic_or_replay,max_trades,3496b04d1407bfa617b8d7e95b3dfc9a,1764676809000,sports_ranking_finish_position,contradiction
economic_or_replay,max_trades,3496b04d1407bfa617b8d7e95b3dfc9a,1764680409000,sports_ranking_finish_position,contradiction
economic_or_replay,max_trades,3496b04d1407bfa617b8d7e95b3dfc9a,1764684009000,sports_ranking_finish_position,contradiction
economic_or_replay,max_trades,3496b04d1407bfa617b8d7e95b3dfc9a,1764687609000,sports_ranking_finish_position,contradiction
economic_or_replay,max_trades,3496b04d1407bfa617b8d7e95b3dfc9a,1764691209000,sports_ranking_finish_position,contradiction
economic_or_replay,max_trades,3496b04d1407bfa617b8d7e95b3dfc9a,1764694809000,sports_ranking_finish_position,contradiction
economic_or_replay,max_trades,3496b04d1407bfa617b8d7e95b3dfc9a,1764698409000,sports_ranking_finish_position,contradiction
economic_or_replay,max_trades,3496b04d1407bfa617b8d7e95b3dfc9a,1764702009000,sports_ranking_finish_position,contradiction
economic_or_replay,max_trades,3496b04d1407bfa617b8d7e95b3dfc9a,1764705609000,sports_ranking_finish_position,contradiction
economic_or_replay,max_trades,3496b04d1407bfa617b8d7e95b3dfc9a,1764709209000,sports_ranking_finish_position,contradiction
economic_or_replay,max_trades,3496b04d1407bfa617b8d7e95b3dfc9a,1764712809000,sports_ranking_finish_position,contradiction
economic_or_replay,max_trades,3496b04d1407bfa617b8d7e95b3dfc9a,1764716409000,sports_ranking_finish_position,contradiction
economic_or_replay,max_trades,3496b04d1407bfa617b8d7e95b3dfc9a,1764720009000,sports_ranking_finish_position,contradiction
economic_or_replay,max_trades,3496b04d1407bfa617b8d7e95b3dfc9a,1764723609000,sports_ranking_finish_position,contradiction
economic_or_replay,max_trades,3496b04d1407bfa617b8d7e95b3dfc9a,1764727209000,sports_ranking_finish_position,contradiction
economic_or_replay,max_trades,3496b04d1407bfa617b8d7e95b3dfc9a,1764730809000,sports_ranking_finish_position,contradiction
economic_or_replay,max_trades,3496b04d1407bfa617b8d7e95b3dfc9a,1764734409000,sports_ranking_finish_position,contradiction
economic_or_replay,max_trades,3496b04d1407bfa617b8d7e95b3dfc9a,1764738009000,sports_ranking_finish_position,contradiction
economic_or_replay,max_trades,3496b04d1407bfa617b8d7e95b3dfc9a,1764741609000,sports_ranking_finish_position,contradiction
economic_or_replay,max_trades,3496b04d1407bfa617b8d7e95b3dfc9a,1764745209000,sports_ranking_finish_position,contradiction
economic_or_replay,max_trades,3496b04d1407bfa617b8d7e95b3dfc9a,1764748809000,sports_ranking_finish_position,contradiction
economic_or_replay,max_trades,3496b04d1407bfa617b8d7e95b3dfc9a,1764752409000,sports_ranking_finish_position,contradiction
economic_or_replay,max_trades,3496b04d1407bfa617b8d7e95b3dfc9a,1764756009000,sports_ranking_finish_position,contradiction
economic_or_replay,max_trades,3496b04d1407bfa617b8d7e95b3dfc9a,1764759609000,sports_ranking_finish_position,contradiction
economic_or_replay,max_trades,3496b04d1407bfa617b8d7e95b3dfc9a,1764763209000,sports_ranking_finish_position,contradiction
economic_or_replay,max_trades,3496b04d1407bfa617b8d7e95b3dfc9a,1764766809000,sports_ranking_finish_position,contradiction
economic_or_replay,max_trades,3496b04d1407bfa617b8d7e95b3dfc9a,1764770409000,sports_ranking_finish_position,contradiction
economic_or_replay,max_trades,3496b04d1407bfa617b8d7e95b3dfc9a,1764774009000,sports_ranking_finish_position,contradiction
economic_or_replay,max_trades,3496b04d1407bfa617b8d7e95b3dfc9a,1764777609000,sports_ranking_finish_position,contradiction
economic_or_replay,max_trades,3496b04d1407bfa617b8d7e95b3dfc9a,1764781209000,sports_ranking_finish_position,contradiction
economic_or_replay,max_trades,3496b04d1407bfa617b8d7e95b3dfc9a,1764784809000,sports_ranking_finish_position,contradiction
economic_or_replay,max_trades,3496b04d1407bfa617b8d7e95b3dfc9a,1764788409000,sports_ranking_finish_position,contradiction
economic_or_replay,max_trades,3496b04d1407bfa617b8d7e95b3dfc9a,1764792009000,sports_ranking_finish_position,contradiction
economic_or_replay,max_trades,3496b04d1407bfa617b8d7e95b3dfc9a,1764795609000,sports_ranking_finish_position,contradiction
economic_or_replay,max_trades,3496b04d1407bfa617b8d7e95b3dfc9a,1764799209000,sports_ranking_finish_position,contradiction
economic_or_replay,max_trades,3496b04d1407bfa617b8d7e95b3dfc9a,1764802809000,sports_ranking_finish_position,contradiction
economic_or_replay,max_trades,3496b04d1407bfa617b8d7e95b3dfc9a,1764806409000,sports_ranking_finish_position,contradiction
economic_or_replay,max_trades,3496b04d1407bfa617b8d7e95b3dfc9a,1764810009000,sports_ranking_finish_position,contradiction
economic_or_replay,max_trades,3496b04d1407bfa617b8d7e95b3dfc9a,1764813609000,sports_ranking_finish_position,contradiction
economic_or_replay,max_trades,3496b04d1407bfa617b8d7e95b3dfc9a,1764817209000,sports_ranking_finish_position,contradiction
economic_or_replay,max_trades,3496b04d1407bfa617b8d7e95b3dfc9a,1764820809000,sports_ranking_finish_position,contradiction
economic_or_replay,max_trades,3496b04d1407bfa617b8d7e95b3dfc9a,1764824409000,sports_ranking_finish_position,contradiction
economic_or_replay,max_trades,3496b04d1407bfa617b8d7e95b3dfc9a,1764828009000,sports_ranking_finish_position,contradiction
economic_or_replay,max_trades,3496b04d1407bfa617b8d7e95b3dfc9a,1764831609000,sports_ranking_finish_position,contradiction
economic_or_replay,max_trades,3496b04d1407bfa617b8d7e95b3dfc9a,1764835209000,sports_ranking_finish_position,contradiction
economic_or_replay,max_trades,3496b04d1407bfa617b8d7e95b3dfc9a,1764838809000,sports_ranking_finish_position,contradiction
economic_or_replay,max_trades,3496b04d1407bfa617b8d7e95b3dfc9a,1764842409000,sports_ranking_finish_position,contradiction
economic_or_replay,max_trades,3496b04d1407bfa617b8d7e95b3dfc9a,1764846009000,sports_ranking_finish_position,contradiction
economic_or_replay,max_trades,3496b04d1407bfa617b8d7e95b3dfc9a,1764849609000,sports_ranking_finish_position,contradiction
economic_or_replay,max_trades,3496b04d1407bfa617b8d7e95b3dfc9a,1764853209000,sports_ranking_finish_position,contradiction
economic_or_replay,max_trades,3496b04d1407bfa617b8d7e95b3dfc9a,1764856809000,sports_ranking_finish_position,contradiction
economic_or_replay,max_trades,3496b04d1407bfa617b8d7e95b3dfc9a,1764860409000,sports_ranking_finish_position,contradiction
economic_or_replay,max_trades,3496b04d1407bfa617b8d7e95b3dfc9a,1764864009000,sports_ranking_finish_position,contradiction
economic_or_replay,max_trades,3496b04d1407bfa617b8d7e95b3dfc9a,1764867609000,sports_ranking_finish_position,contradiction
economic_or_replay,max_trades,3496b04d1407bfa617b8d7e95b3dfc9a,1764871209000,sports_ranking_finish_position,contradiction
economic_or_replay,max_trades,3496b04d1407bfa617b8d7e95b3dfc9a,1764874809000,sports_ranking_finish_position,contradiction
economic_or_replay,max_trades,3496b04d1407bfa617b8d7e95b3dfc9a,1764878409000,sports_ranking_finish_position,contradiction
economic_or_replay,max_trades,3496b04d1407bfa617b8d7e95b3dfc9a,1764882009000,sports_ranking_finish_position,contradiction
economic_or_replay,max_trades,3496b04d1407bfa617b8d7e95b3dfc9a,1764885609000,sports_ranking_finish_position,contradiction
economic_or_replay,max_trades,3496b04d1407bfa617b8d7e95b3dfc9a,1764889209000,sports_ranking_finish_position,contradiction
economic_or_replay,max_trades,3496b04d1407bfa617b8d7e95b3dfc9a,1764892809000,sports_ranking_finish_position,contradiction
economic_or_replay,max_trades,3496b04d1407bfa617b8d7e95b3dfc9a,1764896409000,sports_ranking_finish_position,contradiction
economic_or_replay,max_trades,3496b04d1407bfa617b8d7e95b3dfc9a,1764900009000,sports_ranking_finish_position,contradiction
economic_or_replay,max_trades,3496b04d1407bfa617b8d7e95b3dfc9a,1764903609000,sports_ranking_finish_position,contradiction
economic_or_replay,max_trades,3496b04d1407bfa617b8d7e95b3dfc9a,1764907209000,sports_ranking_finish_position,contradiction
economic_or_replay,max_trades,3496b04d1407bfa617b8d7e95b3dfc9a,1764910809000,sports_ranking_finish_position,contradiction
economic_or_replay,max_trades,3496b04d1407bfa617b8d7e95b3dfc9a,1764914409000,sports_ranking_finish_position,contradiction
economic_or_replay,max_trades,3496b04d1407bfa617b8d7e95b3dfc9a,1764918009000,sports_ranking_finish_position,contradiction
economic_or_replay,max_trades,3496b04d1407bfa617b8d7e95b3dfc9a,1764921609000,sports_ranking_finish_position,contradiction
economic_or_replay,max_trades,3496b04d1407bfa617b8d7e95b3dfc9a,1764925209000,sports_ranking_finish_position,contradiction
economic_or_replay,max_trades,3496b04d1407bfa617b8d7e95b3dfc9a,1764928809000,sports_ranking_finish_position,contradiction
economic_or_replay,max_trades,3496b04d1407bfa617b8d7e95b3dfc9a,1764932409000,sports_ranking_finish_position,contradiction
economic_or_replay,max_trades,3496b04d1407bfa617b8d7e95b3dfc9a,1764936009000,sports_ranking_finish_position,contradiction
economic_or_replay,max_trades,3496b04d1407bfa617b8d7e95b3dfc9a,1764939609000,sports_ranking_finish_position,contradiction
economic_or_replay,max_trades,3496b04d1407bfa617b8d7e95b3dfc9a,1764943209000,sports_ranking_finish_position,contradiction
economic_or_replay,max_trades,3496b04d1407bfa617b8d7e95b3dfc9a,1764946809000,sports_ranking_finish_position,contradiction
economic_or_replay,max_trades,3496b04d1407bfa617b8d7e95b3dfc9a,1764950409000,sports_ranking_finish_position,contradiction
economic_or_replay,max_trades,3496b04d1407bfa617b8d7e95b3dfc9a,1764954009000,sports_ranking_finish_position,contradiction
economic_or_replay,max_trades,3496b04d1407bfa617b8d7e95b3dfc9a,1764957609000,sports_ranking_finish_position,contradiction
economic_or_replay,max_trades,3496b04d1407bfa617b8d7e95b3dfc9a,1764961209000,sports_ranking_finish_position,contradiction
economic_or_replay,max_trades,3496b04d1407bfa617b8d7e95b3dfc9a,1764964809000,sports_ranking_finish_position,contradiction
economic_or_replay,max_trades,3496b04d1407bfa617b8d7e95b3dfc9a,1764968409000,sports_ranking_finish_position,contradiction
economic_or_replay,max_trades,3496b04d1407bfa617b8d7e95b3dfc9a,1764972009000,sports_ranking_finish_position,contradiction
economic_or_replay,max_trades,3496b04d1407bfa617b8d7e95b3dfc9a,1764975609000,sports_ranking_finish_position,contradiction
economic_or_replay,max_trades,3496b04d1407bfa617b8d7e95b3dfc9a,1764979209000,sports_ranking_finish_position,contradiction
economic_or_replay,max_trades,3496b04d1407bfa617b8d7e95b3dfc9a,1764982809000,sports_ranking_finish_position,contradiction
economic_or_replay,max_trades,3496b04d1407bfa617b8d7e95b3dfc9a,1764986409000,sports_ranking_finish_position,contradiction
economic_or_replay,max_trades,3496b04d1407bfa617b8d7e95b3dfc9a,1764990009000,sports_ranking_finish_position,contradiction
economic_or_replay,max_trades,3496b04d1407bfa617b8d7e95b3dfc9a,1764993609000,sports_ranking_finish_position,contradiction
economic_or_replay,max_trades,3496b04d1407bfa617b8d7e95b3dfc9a,1764997209000,sports_ranking_finish_position,contradiction
economic_or_replay,max_trades,3496b04d1407bfa617b8d7e95b3dfc9a,1765000809000,sports_ranking_finish_position,contradiction
economic_or_replay,max_trades,3496b04d1407bfa617b8d7e95b3dfc9a,1765004409000,sports_ranking_finish_position,contradiction
economic_or_replay,max_trades,3496b04d1407bfa617b8d7e95b3dfc9a,1765008009000,sports_ranking_finish_position,contradiction
economic_or_replay,max_trades,3496b04d1407bfa617b8d7e95b3dfc9a,1765011609000,sports_ranking_finish_position,contradiction
economic_or_replay,max_trades,3496b04d1407bfa617b8d7e95b3dfc9a,1765015209000,sports_ranking_finish_position,contradiction
economic_or_replay,max_trades,3496b04d1407bfa617b8d7e95b3dfc9a,1765018809000,sports_ranking_finish_position,contradiction
economic_or_replay,max_trades,3496b04d1407bfa617b8d7e95b3dfc9a,1765022409000,sports_ranking_finish_position,contradiction
economic_or_replay,max_trades,3496b04d1407bfa617b8d7e95b3dfc9a,1765026009000,sports_ranking_finish_position,contradiction
economic_or_replay,max_trades,3496b04d1407bfa617b8d7e95b3dfc9a,1765029609000,sports_ranking_finish_position,contradiction
economic_or_replay,max_trades,3496b04d1407bfa617b8d7e95b3dfc9a,1765033209000,sports_ranking_finish_position,contradiction
economic_or_replay,max_trades,3496b04d1407bfa617b8d7e95b3dfc9a,1765036809000,sports_ranking_finish_position,contradiction
economic_or_replay,max_trades,3496b04d1407bfa617b8d7e95b3dfc9a,1765040409000,sports_ranking_finish_position,contradiction
economic_or_replay,max_trades,3496b04d1407bfa617b8d7e95b3dfc9a,1765044009000,sports_ranking_finish_position,contradiction
economic_or_replay,max_trades,3496b04d1407bfa617b8d7e95b3dfc9a,1765047609000,sports_ranking_finish_position,contradiction
economic_or_replay,max_trades,3496b04d1407bfa617b8d7e95b3dfc9a,1765051209000,sports_ranking_finish_position,contradiction
economic_or_replay,max_trades,3496b04d1407bfa617b8d7e95b3dfc9a,1765054809000,sports_ranking_finish_position,contradiction
economic_or_replay,max_trades,3496b04d1407bfa617b8d7e95b3dfc9a,1765058409000,sports_ranking_finish_position,contradiction
economic_or_replay,max_trades,3496b04d1407bfa617b8d7e95b3dfc9a,1765062009000,sports_ranking_finish_position,contradiction
economic_or_replay,max_trades,3496b04d1407bfa617b8d7e95b3dfc9a,1765065609000,sports_ranking_finish_position,contradiction
economic_or_replay,max_trades,3496b04d1407bfa617b8d7e95b3dfc9a,1765069209000,sports_ranking_finish_position,contradiction
economic_or_replay,max_trades,3496b04d1407bfa617b8d7e95b3dfc9a,1765072809000,sports_ranking_finish_position,contradiction
economic_or_replay,max_trades,3496b04d1407bfa617b8d7e95b3dfc9a,1765076409000,sports_ranking_finish_position,contradiction
economic_or_replay,max_trades,3496b04d1407bfa617b8d7e95b3dfc9a,1765080009000,sports_ranking_finish_position,contradiction
economic_or_replay,max_trades,3496b04d1407bfa617b8d7e95b3dfc9a,1765083609000,sports_ranking_finish_position,contradiction
economic_or_replay,max_trades,3496b04d1407bfa617b8d7e95b3dfc9a,1765087209000,sports_ranking_finish_position,contradiction
economic_or_replay,max_trades,3496b04d1407bfa617b8d7e95b3dfc9a,1765090809000,sports_ranking_finish_position,contradiction
economic_or_replay,max_trades,3496b04d1407bfa617b8d7e95b3dfc9a,1765094409000,sports_ranking_finish_position,contradiction
economic_or_replay,max_trades,3496b04d1407bfa617b8d7e95b3dfc9a,1765098009000,sports_ranking_finish_position,contradiction
economic_or_replay,max_trades,3496b04d1407bfa617b8d7e95b3dfc9a,1765101609000,sports_ranking_finish_position,contradiction
economic_or_replay,max_trades,3496b04d1407bfa617b8d7e95b3dfc9a,1765105209000,sports_ranking_finish_position,contradiction
economic_or_replay,max_trades,3496b04d1407bfa617b8d7e95b3dfc9a,1765108809000,sports_ranking_finish_position,contradiction
economic_or_replay,max_trades,3496b04d1407bfa617b8d7e95b3dfc9a,1765112409000,sports_ranking_finish_position,contradiction
economic_or_replay,max_trades,3496b04d1407bfa617b8d7e95b3dfc9a,1765116009000,sports_ranking_finish_position,contradiction
economic_or_replay,max_trades,3496b04d1407bfa617b8d7e95b3dfc9a,1765119609000,sports_ranking_finish_position,contradiction
economic_or_replay,max_trades,3496b04d1407bfa617b8d7e95b3dfc9a,1765123209000,sports_ranking_finish_position,contradiction
economic_or_replay,max_trades,3496b04d1407bfa617b8d7e95b3dfc9a,1765126809000,sports_ranking_finish_position,contradiction
economic_or_replay,max_trades,3496b04d1407bfa617b8d7e95b3dfc9a,1765130409000,sports_ranking_finish_position,contradiction
economic_or_replay,max_trades,3496b04d1407bfa617b8d7e95b3dfc9a,1765134009000,sports_ranking_finish_position,contradiction
economic_or_replay,max_trades,3496b04d1407bfa617b8d7e95b3dfc9a,1765137609000,sports_ranking_finish_position,contradiction
economic_or_replay,max_trades,3496b04d1407bfa617b8d7e95b3dfc9a,1765141209000,sports_ranking_finish_position,contradiction
economic_or_replay,max_trades,3496b04d1407bfa617b8d7e95b3dfc9a,1765144809000,sports_ranking_finish_position,contradiction
economic_or_replay,max_trades,3496b04d1407bfa617b8d7e95b3dfc9a,1765148409000,sports_ranking_finish_position,contradiction
economic_or_replay,max_trades,3496b04d1407bfa617b8d7e95b3dfc9a,1765152009000,sports_ranking_finish_position,contradiction
economic_or_replay,max_trades,3496b04d1407bfa617b8d7e95b3dfc9a,1765155609000,sports_ranking_finish_position,contradiction
economic_or_replay,max_trades,3496b04d1407bfa617b8d7e95b3dfc9a,1765159209000,sports_ranking_finish_position,contradiction
economic_or_replay,max_trades,3496b04d1407bfa617b8d7e95b3dfc9a,1765162809000,sports_ranking_finish_position,contradiction
economic_or_replay,max_trades,3496b04d1407bfa617b8d7e95b3dfc9a,1765166409000,sports_ranking_finish_position,contradiction
economic_or_replay,max_trades,3496b04d1407bfa617b8d7e95b3dfc9a,1765170009000,sports_ranking_finish_position,contradiction
economic_or_replay,max_trades,3496b04d1407bfa617b8d7e95b3dfc9a,1765173609000,sports_ranking_finish_position,contradiction
economic_or_replay,max_trades,3496b04d1407bfa617b8d7e95b3dfc9a,1765177209000,sports_ranking_finish_position,contradiction
economic_or_replay,max_trades,3496b04d1407bfa617b8d7e95b3dfc9a,1765180809000,sports_ranking_finish_position,contradiction
economic_or_replay,max_trades,3496b04d1407bfa617b8d7e95b3dfc9a,1765184409000,sports_ranking_finish_position,contradiction
economic_or_replay,max_trades,3496b04d1407bfa617b8d7e95b3dfc9a,1765188009000,sports_ranking_finish_position,contradiction
economic_or_replay,max_trades,3496b04d1407bfa617b8d7e95b3dfc9a,1765191609000,sports_ranking_finish_position,contradiction
economic_or_replay,max_trades,3496b04d1407bfa617b8d7e95b3dfc9a,1765195209000,sports_ranking_finish_position,contradiction
economic_or_replay,max_trades,3496b04d1407bfa617b8d7e95b3dfc9a,1765198809000,sports_ranking_finish_position,contradiction
economic_or_replay,max_trades,3496b04d1407bfa617b8d7e95b3dfc9a,1765202409000,sports_ranking_finish_position,contradiction
economic_or_replay,max_trades,3496b04d1407bfa617b8d7e95b3dfc9a,1765206009000,sports_ranking_finish_position,contradiction
economic_or_replay,max_trades,3496b04d1407bfa617b8d7e95b3dfc9a,1765209609000,sports_ranking_finish_position,contradiction
economic_or_replay,max_trades,3496b04d1407bfa617b8d7e95b3dfc9a,1765213209000,sports_ranking_finish_position,contradiction
economic_or_replay,max_trades,3496b04d1407bfa617b8d7e95b3dfc9a,1765216809000,sports_ranking_finish_position,contradiction
economic_or_replay,max_trades,3496b04d1407bfa617b8d7e95b3dfc9a,1765220409000,sports_ranking_finish_position,contradiction
economic_or_replay,max_trades,3496b04d1407bfa617b8d7e95b3dfc9a,1765224009000,sports_ranking_finish_position,contradiction
economic_or_replay,max_trades,3496b04d1407bfa617b8d7e95b3dfc9a,1765227609000,sports_ranking_finish_position,contradiction
economic_or_replay,max_trades,3496b04d1407bfa617b8d7e95b3dfc9a,1765231209000,sports_ranking_finish_position,contradiction
economic_or_replay,max_trades,3496b04d1407bfa617b8d7e95b3dfc9a,1765234809000,sports_ranking_finish_position,contradiction
economic_or_replay,max_trades,3496b04d1407bfa617b8d7e95b3dfc9a,1765238409000,sports_ranking_finish_position,contradiction
economic_or_replay,max_trades,3496b04d1407bfa617b8d7e95b3dfc9a,1765242009000,sports_ranking_finish_position,contradiction
economic_or_replay,max_trades,3496b04d1407bfa617b8d7e95b3dfc9a,1765245609000,sports_ranking_finish_position,contradiction
economic_or_replay,max_trades,3496b04d1407bfa617b8d7e95b3dfc9a,1765249209000,sports_ranking_finish_position,contradiction
economic_or_replay,max_trades,3496b04d1407bfa617b8d7e95b3dfc9a,1765252809000,sports_ranking_finish_position,contradiction
economic_or_replay,max_trades,3496b04d1407bfa617b8d7e95b3dfc9a,1765256409000,sports_ranking_finish_position,contradiction
economic_or_replay,max_trades,3496b04d1407bfa617b8d7e95b3dfc9a,1765260009000,sports_ranking_finish_position,contradiction
economic_or_replay,max_trades,3496b04d1407bfa617b8d7e95b3dfc9a,1765263609000,sports_ranking_finish_position,contradiction
economic_or_replay,max_trades,3496b04d1407bfa617b8d7e95b3dfc9a,1765267209000,sports_ranking_finish_position,contradiction
economic_or_replay,max_trades,3496b04d1407bfa617b8d7e95b3dfc9a,1765270809000,sports_ranking_finish_position,contradiction
economic_or_replay,max_trades,3496b04d1407bfa617b8d7e95b3dfc9a,1765274409000,sports_ranking_finish_position,contradiction
economic_or_replay,max_trades,3496b04d1407bfa617b8d7e95b3dfc9a,1765278009000,sports_ranking_finish_position,contradiction
economic_or_replay,max_trades,3496b04d1407bfa617b8d7e95b3dfc9a,1765281609000,sports_ranking_finish_position,contradiction
economic_or_replay,max_trades,3496b04d1407bfa617b8d7e95b3dfc9a,1765285209000,sports_ranking_finish_position,contradiction
economic_or_replay,max_trades,3496b04d1407bfa617b8d7e95b3dfc9a,1765288809000,sports_ranking_finish_position,contradiction
economic_or_replay,max_trades,3496b04d1407bfa617b8d7e95b3dfc9a,1765292409000,sports_ranking_finish_position,contradiction
economic_or_replay,max_trades,3496b04d1407bfa617b8d7e95b3dfc9a,1765296009000,sports_ranking_finish_position,contradiction
economic_or_replay,max_trades,3496b04d1407bfa617b8d7e95b3dfc9a,1765299609000,sports_ranking_finish_position,contradiction
economic_or_replay,max_trades,3496b04d1407bfa617b8d7e95b3dfc9a,1765303209000,sports_ranking_finish_position,contradiction
economic_or_replay,max_trades,3496b04d1407bfa617b8d7e95b3dfc9a,1765306809000,sports_ranking_finish_position,contradiction
economic_or_replay,max_trades,3496b04d1407bfa617b8d7e95b3dfc9a,1765310409000,sports_ranking_finish_position,contradiction
economic_or_replay,max_trades,3496b04d1407bfa617b8d7e95b3dfc9a,1765314009000,sports_ranking_finish_position,contradiction
economic_or_replay,max_trades,3496b04d1407bfa617b8d7e95b3dfc9a,1765317609000,sports_ranking_finish_position,contradiction
economic_or_replay,max_trades,3496b04d1407bfa617b8d7e95b3dfc9a,1765321209000,sports_ranking_finish_position,contradiction
economic_or_replay,max_trades,3496b04d1407bfa617b8d7e95b3dfc9a,1765324809000,sports_ranking_finish_position,contradiction
economic_or_replay,max_trades,3496b04d1407bfa617b8d7e95b3dfc9a,1765328409000,sports_ranking_finish_position,contradiction
economic_or_replay,max_trades,3496b04d1407bfa617b8d7e95b3dfc9a,1765332009000,sports_ranking_finish_position,contradiction
economic_or_replay,max_trades,3496b04d1407bfa617b8d7e95b3dfc9a,1765335609000,sports_ranking_finish_position,contradiction
economic_or_replay,max_trades,3496b04d1407bfa617b8d7e95b3dfc9a,1765339209000,sports_ranking_finish_position,contradiction
economic_or_replay,max_trades,3496b04d1407bfa617b8d7e95b3dfc9a,1765342809000,sports_ranking_finish_position,contradiction
economic_or_replay,max_trades,3496b04d1407bfa617b8d7e95b3dfc9a,1765346409000,sports_ranking_finish_position,contradiction
economic_or_replay,max_trades,3496b04d1407bfa617b8d7e95b3dfc9a,1765350009000,sports_ranking_finish_position,contradiction
economic_or_replay,max_trades,3496b04d1407bfa617b8d7e95b3dfc9a,1765353609000,sports_ranking_finish_position,contradiction
economic_or_replay,max_trades,3496b04d1407bfa617b8d7e95b3dfc9a,1765357209000,sports_ranking_finish_position,contradiction
economic_or_replay,max_trades,3496b04d1407bfa617b8d7e95b3dfc9a,1765360809000,sports_ranking_finish_position,contradiction
economic_or_replay,max_trades,3496b04d1407bfa617b8d7e95b3dfc9a,1765364409000,sports_ranking_finish_position,contradiction
economic_or_replay,max_trades,3496b04d1407bfa617b8d7e95b3dfc9a,1765368009000,sports_ranking_finish_position,contradiction
economic_or_replay,max_trades,3496b04d1407bfa617b8d7e95b3dfc9a,1765371609000,sports_ranking_finish_position,contradiction
economic_or_replay,max_trades,3496b04d1407bfa617b8d7e95b3dfc9a,1765375209000,sports_ranking_finish_position,contradiction
economic_or_replay,max_trades,3496b04d1407bfa617b8d7e95b3dfc9a,1765378809000,sports_ranking_finish_position,contradiction
economic_or_replay,max_trades,3496b04d1407bfa617b8d7e95b3dfc9a,1765382409000,sports_ranking_finish_position,contradiction
economic_or_replay,max_trades,3496b04d1407bfa617b8d7e95b3dfc9a,1765386009000,sports_ranking_finish_position,contradiction
economic_or_replay,max_trades,3496b04d1407bfa617b8d7e95b3dfc9a,1765389609000,sports_ranking_finish_position,contradiction
economic_or_replay,max_trades,3496b04d1407bfa617b8d7e95b3dfc9a,1765393209000,sports_ranking_finish_position,contradiction
economic_or_replay,max_trades,3496b04d1407bfa617b8d7e95b3dfc9a,1765396809000,sports_ranking_finish_position,contradiction
economic_or_replay,max_trades,3496b04d1407bfa617b8d7e95b3dfc9a,1765400409000,sports_ranking_finish_position,contradiction
economic_or_replay,max_trades,3496b04d1407bfa617b8d7e95b3dfc9a,1765404009000,sports_ranking_finish_position,contradiction
economic_or_replay,max_trades,3496b04d1407bfa617b8d7e95b3dfc9a,1765407609000,sports_ranking_finish_position,contradiction
economic_or_replay,max_trades,3496b04d1407bfa617b8d7e95b3dfc9a,1765411209000,sports_ranking_finish_position,contradiction
economic_or_replay,max_trades,3496b04d1407bfa617b8d7e95b3dfc9a,1765414809000,sports_ranking_finish_position,contradiction
economic_or_replay,max_trades,3496b04d1407bfa617b8d7e95b3dfc9a,1765418409000,sports_ranking_finish_position,contradiction
economic_or_replay,max_trades,3496b04d1407bfa617b8d7e95b3dfc9a,1765422009000,sports_ranking_finish_position,contradiction
economic_or_replay,max_trades,3496b04d1407bfa617b8d7e95b3dfc9a,1765425609000,sports_ranking_finish_position,contradiction
economic_or_replay,max_trades,3496b04d1407bfa617b8d7e95b3dfc9a,1765429209000,sports_ranking_finish_position,contradiction
economic_or_replay,max_trades,3496b04d1407bfa617b8d7e95b3dfc9a,1765432809000,sports_ranking_finish_position,contradiction
economic_or_replay,max_trades,3496b04d1407bfa617b8d7e95b3dfc9a,1765436409000,sports_ranking_finish_position,contradiction
economic_or_replay,max_trades,3496b04d1407bfa617b8d7e95b3dfc9a,1765440009000,sports_ranking_finish_position,contradiction
economic_or_replay,max_trades,3496b04d1407bfa617b8d7e95b3dfc9a,1765443609000,sports_ranking_finish_position,contradiction
economic_or_replay,max_trades,3496b04d1407bfa617b8d7e95b3dfc9a,1765447209000,sports_ranking_finish_position,contradiction
economic_or_replay,max_trades,3496b04d1407bfa617b8d7e95b3dfc9a,1765450809000,sports_ranking_finish_position,contradiction
economic_or_replay,max_trades,3496b04d1407bfa617b8d7e95b3dfc9a,1765454409000,sports_ranking_finish_position,contradiction
economic_or_replay,max_trades,3496b04d1407bfa617b8d7e95b3dfc9a,1765458009000,sports_ranking_finish_position,contradiction
economic_or_replay,max_trades,3496b04d1407bfa617b8d7e95b3dfc9a,1765461609000,sports_ranking_finish_position,contradiction
economic_or_replay,max_trades,3496b04d1407bfa617b8d7e95b3dfc9a,1765465209000,sports_ranking_finish_position,contradiction
economic_or_replay,max_trades,3496b04d1407bfa617b8d7e95b3dfc9a,1765468809000,sports_ranking_finish_position,contradiction
economic_or_replay,max_trades,3496b04d1407bfa617b8d7e95b3dfc9a,1765472409000,sports_ranking_finish_position,contradiction
economic_or_replay,max_trades,3496b04d1407bfa617b8d7e95b3dfc9a,1765476009000,sports_ranking_finish_position,contradiction
economic_or_replay,max_trades,3496b04d1407bfa617b8d7e95b3dfc9a,1765479609000,sports_ranking_finish_position,contradiction
economic_or_replay,max_trades,3496b04d1407bfa617b8d7e95b3dfc9a,1765483209000,sports_ranking_finish_position,contradiction
economic_or_replay,max_trades,3496b04d1407bfa617b8d7e95b3dfc9a,1765486809000,sports_ranking_finish_position,contradiction
economic_or_replay,max_trades,3496b04d1407bfa617b8d7e95b3dfc9a,1765490409000,sports_ranking_finish_position,contradiction
economic_or_replay,max_trades,3496b04d1407bfa617b8d7e95b3dfc9a,1765494009000,sports_ranking_finish_position,contradiction
economic_or_replay,max_trades,3496b04d1407bfa617b8d7e95b3dfc9a,1765497609000,sports_ranking_finish_position,contradiction
economic_or_replay,max_trades,3496b04d1407bfa617b8d7e95b3dfc9a,1765501209000,sports_ranking_finish_position,contradiction
economic_or_replay,max_trades,3496b04d1407bfa617b8d7e95b3dfc9a,1765504809000,sports_ranking_finish_position,contradiction
economic_or_replay,max_trades,3496b04d1407bfa617b8d7e95b3dfc9a,1765508409000,sports_ranking_finish_position,contradiction
economic_or_replay,max_trades,3496b04d1407bfa617b8d7e95b3dfc9a,1765512009000,sports_ranking_finish_position,contradiction
economic_or_replay,max_trades,3496b04d1407bfa617b8d7e95b3dfc9a,1765515609000,sports_ranking_finish_position,contradiction
economic_or_replay,max_trades,3496b04d1407bfa617b8d7e95b3dfc9a,1765519209000,sports_ranking_finish_position,contradiction
economic_or_replay,max_trades,3496b04d1407bfa617b8d7e95b3dfc9a,1765522809000,sports_ranking_finish_position,contradiction
economic_or_replay,max_trades,3496b04d1407bfa617b8d7e95b3dfc9a,1765526409000,sports_ranking_finish_position,contradiction
economic_or_replay,max_trades,3496b04d1407bfa617b8d7e95b3dfc9a,1765530009000,sports_ranking_finish_position,contradiction
economic_or_replay,max_trades,3496b04d1407bfa617b8d7e95b3dfc9a,1765533609000,sports_ranking_finish_position,contradiction
economic_or_replay,max_trades,3496b04d1407bfa617b8d7e95b3dfc9a,1765537209000,sports_ranking_finish_position,contradiction
economic_or_replay,max_trades,3496b04d1407bfa617b8d7e95b3dfc9a,1765540809000,sports_ranking_finish_position,contradiction
economic_or_replay,max_trades,3496b04d1407bfa617b8d7e95b3dfc9a,1765544409000,sports_ranking_finish_position,contradiction
economic_or_replay,max_trades,3496b04d1407bfa617b8d7e95b3dfc9a,1765548009000,sports_ranking_finish_position,contradiction
economic_or_replay,max_trades,3496b04d1407bfa617b8d7e95b3dfc9a,1765551609000,sports_ranking_finish_position,contradiction
economic_or_replay,max_trades,3496b04d1407bfa617b8d7e95b3dfc9a,1765555209000,sports_ranking_finish_position,contradiction
economic_or_replay,max_trades,3496b04d1407bfa617b8d7e95b3dfc9a,1765558809000,sports_ranking_finish_position,contradiction
economic_or_replay,max_trades,3496b04d1407bfa617b8d7e95b3dfc9a,1765562409000,sports_ranking_finish_position,contradiction
economic_or_replay,max_trades,3496b04d1407bfa617b8d7e95b3dfc9a,1765566009000,sports_ranking_finish_position,contradiction
economic_or_replay,max_trades,3496b04d1407bfa617b8d7e95b3dfc9a,1765569609000,sports_ranking_finish_position,contradiction
economic_or_replay,max_trades,3496b04d1407bfa617b8d7e95b3dfc9a,1765573209000,sports_ranking_finish_position,contradiction
economic_or_replay,max_trades,3496b04d1407bfa617b8d7e95b3dfc9a,1765576809000,sports_ranking_finish_position,contradiction
economic_or_replay,max_trades,3496b04d1407bfa617b8d7e95b3dfc9a,1765580409000,sports_ranking_finish_position,contradiction
economic_or_replay,max_trades,3496b04d1407bfa617b8d7e95b3dfc9a,1765584009000,sports_ranking_finish_position,contradiction
economic_or_replay,max_trades,3496b04d1407bfa617b8d7e95b3dfc9a,1765587609000,sports_ranking_finish_position,contradiction
economic_or_replay,max_trades,3496b04d1407bfa617b8d7e95b3dfc9a,1765591209000,sports_ranking_finish_position,contradiction
economic_or_replay,max_trades,3496b04d1407bfa617b8d7e95b3dfc9a,1765594809000,sports_ranking_finish_position,contradiction
economic_or_replay,max_trades,3496b04d1407bfa617b8d7e95b3dfc9a,1765598409000,sports_ranking_finish_position,contradiction
economic_or_replay,max_trades,3496b04d1407bfa617b8d7e95b3dfc9a,1765602009000,sports_ranking_finish_position,contradiction
economic_or_replay,max_trades,3496b04d1407bfa617b8d7e95b3dfc9a,1765605609000,sports_ranking_finish_position,contradiction
economic_or_replay,max_trades,3496b04d1407bfa617b8d7e95b3dfc9a,1765609209000,sports_ranking_finish_position,contradiction
economic_or_replay,max_trades,3496b04d1407bfa617b8d7e95b3dfc9a,1765612809000,sports_ranking_finish_position,contradiction
economic_or_replay,max_trades,3496b04d1407bfa617b8d7e95b3dfc9a,1765616409000,sports_ranking_finish_position,contradiction
economic_or_replay,max_trades,3496b04d1407bfa617b8d7e95b3dfc9a,1765620009000,sports_ranking_finish_position,contradiction
economic_or_replay,max_trades,3496b04d1407bfa617b8d7e95b3dfc9a,1765623609000,sports_ranking_finish_position,contradiction
economic_or_replay,max_trades,3496b04d1407bfa617b8d7e95b3dfc9a,1765627209000,sports_ranking_finish_position,contradiction
economic_or_replay,max_trades,3496b04d1407bfa617b8d7e95b3dfc9a,1765630809000,sports_ranking_finish_position,contradiction
economic_or_replay,max_trades,3496b04d1407bfa617b8d7e95b3dfc9a,1765634409000,sports_ranking_finish_position,contradiction
economic_or_replay,max_trades,3496b04d1407bfa617b8d7e95b3dfc9a,1765638009000,sports_ranking_finish_position,contradiction
economic_or_replay,max_trades,3496b04d1407bfa617b8d7e95b3dfc9a,1765641609000,sports_ranking_finish_position,contradiction
economic_or_replay,max_trades,3496b04d1407bfa617b8d7e95b3dfc9a,1765645209000,sports_ranking_finish_position,contradiction
economic_or_replay,max_trades,3496b04d1407bfa617b8d7e95b3dfc9a,1765648809000,sports_ranking_finish_position,contradiction
economic_or_replay,max_trades,3496b04d1407bfa617b8d7e95b3dfc9a,1765652409000,sports_ranking_finish_position,contradiction
economic_or_replay,max_trades,3496b04d1407bfa617b8d7e95b3dfc9a,1765656009000,sports_ranking_finish_position,contradiction
economic_or_replay,max_trades,3496b04d1407bfa617b8d7e95b3dfc9a,1765659609000,sports_ranking_finish_position,contradiction
economic_or_replay,max_trades,3496b04d1407bfa617b8d7e95b3dfc9a,1765663209000,sports_ranking_finish_position,contradiction
economic_or_replay,max_trades,3496b04d1407bfa617b8d7e95b3dfc9a,1765666809000,sports_ranking_finish_position,contradiction
economic_or_replay,max_trades,3496b04d1407bfa617b8d7e95b3dfc9a,1765670409000,sports_ranking_finish_position,contradiction
economic_or_replay,max_trades,3496b04d1407bfa617b8d7e95b3dfc9a,1765674009000,sports_ranking_finish_position,contradiction
economic_or_replay,max_trades,3496b04d1407bfa617b8d7e95b3dfc9a,1765677609000,sports_ranking_finish_position,contradiction
economic_or_replay,max_trades,3496b04d1407bfa617b8d7e95b3dfc9a,1765681209000,sports_ranking_finish_position,contradiction
economic_or_replay,max_trades,3496b04d1407bfa617b8d7e95b3dfc9a,1765684809000,sports_ranking_finish_position,contradiction
economic_or_replay,max_trades,3496b04d1407bfa617b8d7e95b3dfc9a,1765688409000,sports_ranking_finish_position,contradiction
economic_or_replay,max_trades,3496b04d1407bfa617b8d7e95b3dfc9a,1765692009000,sports_ranking_finish_position,contradiction
economic_or_replay,max_trades,3496b04d1407bfa617b8d7e95b3dfc9a,1765695609000,sports_ranking_finish_position,contradiction
economic_or_replay,max_trades,3496b04d1407bfa617b8d7e95b3dfc9a,1765699209000,sports_ranking_finish_position,contradiction
economic_or_replay,max_trades,3496b04d1407bfa617b8d7e95b3dfc9a,1765702809000,sports_ranking_finish_position,contradiction
economic_or_replay,max_trades,3496b04d1407bfa617b8d7e95b3dfc9a,1765706409000,sports_ranking_finish_position,contradiction
economic_or_replay,max_trades,3496b04d1407bfa617b8d7e95b3dfc9a,1765710009000,sports_ranking_finish_position,contradiction
economic_or_replay,max_trades,3496b04d1407bfa617b8d7e95b3dfc9a,1765713609000,sports_ranking_finish_position,contradiction
economic_or_replay,max_trades,3496b04d1407bfa617b8d7e95b3dfc9a,1765717209000,sports_ranking_finish_position,contradiction
economic_or_replay,max_trades,3496b04d1407bfa617b8d7e95b3dfc9a,1765720809000,sports_ranking_finish_position,contradiction
economic_or_replay,max_trades,3496b04d1407bfa617b8d7e95b3dfc9a,1765724409000,sports_ranking_finish_position,contradiction
economic_or_replay,max_trades,3496b04d1407bfa617b8d7e95b3dfc9a,1765728009000,sports_ranking_finish_position,contradiction
economic_or_replay,max_trades,3496b04d1407bfa617b8d7e95b3dfc9a,1765731609000,sports_ranking_finish_position,contradiction
economic_or_replay,max_trades,3496b04d1407bfa617b8d7e95b3dfc9a,1765735209000,sports_ranking_finish_position,contradiction
economic_or_replay,max_trades,3496b04d1407bfa617b8d7e95b3dfc9a,1765738809000,sports_ranking_finish_position,contradiction
economic_or_replay,max_trades,3496b04d1407bfa617b8d7e95b3dfc9a,1765742409000,sports_ranking_finish_position,contradiction
economic_or_replay,max_trades,3496b04d1407bfa617b8d7e95b3dfc9a,1765746009000,sports_ranking_finish_position,contradiction
economic_or_replay,max_trades,3496b04d1407bfa617b8d7e95b3dfc9a,1765749609000,sports_ranking_finish_position,contradiction
economic_or_replay,max_trades,3496b04d1407bfa617b8d7e95b3dfc9a,1765753209000,sports_ranking_finish_position,contradiction
economic_or_replay,max_trades,3496b04d1407bfa617b8d7e95b3dfc9a,1765756809000,sports_ranking_finish_position,contradiction
economic_or_replay,max_trades,3496b04d1407bfa617b8d7e95b3dfc9a,1765760409000,sports_ranking_finish_position,contradiction
economic_or_replay,max_trades,3496b04d1407bfa617b8d7e95b3dfc9a,1765764009000,sports_ranking_finish_position,contradiction
economic_or_replay,max_trades,3496b04d1407bfa617b8d7e95b3dfc9a,1765767609000,sports_ranking_finish_position,contradiction
economic_or_replay,max_trades,3496b04d1407bfa617b8d7e95b3dfc9a,1765771209000,sports_ranking_finish_position,contradiction
economic_or_replay,max_trades,3496b04d1407bfa617b8d7e95b3dfc9a,1765774809000,sports_ranking_finish_position,contradiction
economic_or_replay,max_trades,3496b04d1407bfa617b8d7e95b3dfc9a,1765778409000,sports_ranking_finish_position,contradiction
economic_or_replay,max_trades,3496b04d1407bfa617b8d7e95b3dfc9a,1765782009000,sports_ranking_finish_position,contradiction
economic_or_replay,max_trades,3496b04d1407bfa617b8d7e95b3dfc9a,1765785609000,sports_ranking_finish_position,contradiction
economic_or_replay,max_trades,3496b04d1407bfa617b8d7e95b3dfc9a,1765789209000,sports_ranking_finish_position,contradiction
economic_or_replay,max_trades,3496b04d1407bfa617b8d7e95b3dfc9a,1765792809000,sports_ranking_finish_position,contradiction
economic_or_replay,max_trades,3496b04d1407bfa617b8d7e95b3dfc9a,1765796409000,sports_ranking_finish_position,contradiction
economic_or_replay,max_trades,3496b04d1407bfa617b8d7e95b3dfc9a,1765800009000,sports_ranking_finish_position,contradiction
economic_or_replay,max_trades,3496b04d1407bfa617b8d7e95b3dfc9a,1765803609000,sports_ranking_finish_position,contradiction
economic_or_replay,max_trades,3496b04d1407bfa617b8d7e95b3dfc9a,1765807209000,sports_ranking_finish_position,contradiction
economic_or_replay,max_trades,3496b04d1407bfa617b8d7e95b3dfc9a,1765810809000,sports_ranking_finish_position,contradiction
economic_or_replay,max_trades,3496b04d1407bfa617b8d7e95b3dfc9a,1765814409000,sports_ranking_finish_position,contradiction
economic_or_replay,max_trades,3496b04d1407bfa617b8d7e95b3dfc9a,1765818009000,sports_ranking_finish_position,contradiction
economic_or_replay,max_trades,3496b04d1407bfa617b8d7e95b3dfc9a,1765821609000,sports_ranking_finish_position,contradiction
economic_or_replay,max_trades,3496b04d1407bfa617b8d7e95b3dfc9a,1765825209000,sports_ranking_finish_position,contradiction
economic_or_replay,max_trades,3496b04d1407bfa617b8d7e95b3dfc9a,1765828809000,sports_ranking_finish_position,contradiction
economic_or_replay,max_trades,3496b04d1407bfa617b8d7e95b3dfc9a,1765832409000,sports_ranking_finish_position,contradiction
economic_or_replay,max_trades,3496b04d1407bfa617b8d7e95b3dfc9a,1765836009000,sports_ranking_finish_position,contradiction
economic_or_replay,max_trades,3496b04d1407bfa617b8d7e95b3dfc9a,1765839609000,sports_ranking_finish_position,contradiction
economic_or_replay,max_trades,3496b04d1407bfa617b8d7e95b3dfc9a,1765843209000,sports_ranking_finish_position,contradiction
economic_or_replay,max_trades,3496b04d1407bfa617b8d7e95b3dfc9a,1765846809000,sports_ranking_finish_position,contradiction
economic_or_replay,max_trades,3496b04d1407bfa617b8d7e95b3dfc9a,1765850409000,sports_ranking_finish_position,contradiction
economic_or_replay,max_trades,3496b04d1407bfa617b8d7e95b3dfc9a,1765854009000,sports_ranking_finish_position,contradiction
economic_or_replay,max_trades,3496b04d1407bfa617b8d7e95b3dfc9a,1765857609000,sports_ranking_finish_position,contradiction
economic_or_replay,max_trades,3496b04d1407bfa617b8d7e95b3dfc9a,1765861209000,sports_ranking_finish_position,contradiction
economic_or_replay,max_trades,3496b04d1407bfa617b8d7e95b3dfc9a,1765864809000,sports_ranking_finish_position,contradiction
economic_or_replay,max_trades,3496b04d1407bfa617b8d7e95b3dfc9a,1765868409000,sports_ranking_finish_position,contradiction
economic_or_replay,max_trades,3496b04d1407bfa617b8d7e95b3dfc9a,1765872009000,sports_ranking_finish_position,contradiction
economic_or_replay,max_trades,3496b04d1407bfa617b8d7e95b3dfc9a,1765875609000,sports_ranking_finish_position,contradiction
economic_or_replay,max_trades,3496b04d1407bfa617b8d7e95b3dfc9a,1765879209000,sports_ranking_finish_position,contradiction
economic_or_replay,max_trades,3496b04d1407bfa617b8d7e95b3dfc9a,1765882809000,sports_ranking_finish_position,contradiction
economic_or_replay,max_trades,3496b04d1407bfa617b8d7e95b3dfc9a,1765886409000,sports_ranking_finish_position,contradiction
economic_or_replay,max_trades,3496b04d1407bfa617b8d7e95b3dfc9a,1765890009000,sports_ranking_finish_position,contradiction
economic_or_replay,max_trades,3496b04d1407bfa617b8d7e95b3dfc9a,1765893609000,sports_ranking_finish_position,contradiction
economic_or_replay,max_trades,3496b04d1407bfa617b8d7e95b3dfc9a,1765897209000,sports_ranking_finish_position,contradiction
economic_or_replay,max_trades,3496b04d1407bfa617b8d7e95b3dfc9a,1765900809000,sports_ranking_finish_position,contradiction
economic_or_replay,max_trades,3496b04d1407bfa617b8d7e95b3dfc9a,1765904409000,sports_ranking_finish_position,contradiction
economic_or_replay,max_trades,3496b04d1407bfa617b8d7e95b3dfc9a,1765908009000,sports_ranking_finish_position,contradiction
economic_or_replay,max_trades,3496b04d1407bfa617b8d7e95b3dfc9a,1765911609000,sports_ranking_finish_position,contradiction
economic_or_replay,max_trades,3496b04d1407bfa617b8d7e95b3dfc9a,1765915209000,sports_ranking_finish_position,contradiction
economic_or_replay,max_trades,3496b04d1407bfa617b8d7e95b3dfc9a,1765918809000,sports_ranking_finish_position,contradiction
economic_or_replay,max_trades,3496b04d1407bfa617b8d7e95b3dfc9a,1765922409000,sports_ranking_finish_position,contradiction
economic_or_replay,max_trades,3496b04d1407bfa617b8d7e95b3dfc9a,1765926009000,sports_ranking_finish_position,contradiction
economic_or_replay,max_trades,3496b04d1407bfa617b8d7e95b3dfc9a,1765929609000,sports_ranking_finish_position,contradiction
economic_or_replay,max_trades,3496b04d1407bfa617b8d7e95b3dfc9a,1765933209000,sports_ranking_finish_position,contradiction
economic_or_replay,max_trades,3496b04d1407bfa617b8d7e95b3dfc9a,1765936809000,sports_ranking_finish_position,contradiction
economic_or_replay,max_trades,3496b04d1407bfa617b8d7e95b3dfc9a,1765940409000,sports_ranking_finish_position,contradiction
economic_or_replay,max_trades,3496b04d1407bfa617b8d7e95b3dfc9a,1765944009000,sports_ranking_finish_position,contradiction
economic_or_replay,max_trades,3496b04d1407bfa617b8d7e95b3dfc9a,1765947609000,sports_ranking_finish_position,contradiction
economic_or_replay,max_trades,3496b04d1407bfa617b8d7e95b3dfc9a,1765951209000,sports_ranking_finish_position,contradiction
economic_or_replay,max_trades,3496b04d1407bfa617b8d7e95b3dfc9a,1765954809000,sports_ranking_finish_position,contradiction
economic_or_replay,max_trades,3496b04d1407bfa617b8d7e95b3dfc9a,1765958409000,sports_ranking_finish_position,contradiction
economic_or_replay,max_trades,3496b04d1407bfa617b8d7e95b3dfc9a,1765962009000,sports_ranking_finish_position,contradiction
economic_or_replay,max_trades,3496b04d1407bfa617b8d7e95b3dfc9a,1765965609000,sports_ranking_finish_position,contradiction
economic_or_replay,max_trades,3496b04d1407bfa617b8d7e95b3dfc9a,1765969209000,sports_ranking_finish_position,contradiction
economic_or_replay,max_trades,3496b04d1407bfa617b8d7e95b3dfc9a,1765972809000,sports_ranking_finish_position,contradiction
economic_or_replay,max_trades,3496b04d1407bfa617b8d7e95b3dfc9a,1765976409000,sports_ranking_finish_position,contradiction
economic_or_replay,max_trades,3496b04d1407bfa617b8d7e95b3dfc9a,1765980009000,sports_ranking_finish_position,contradiction
economic_or_replay,max_trades,3496b04d1407bfa617b8d7e95b3dfc9a,1765983609000,sports_ranking_finish_position,contradiction
economic_or_replay,max_trades,3496b04d1407bfa617b8d7e95b3dfc9a,1765987209000,sports_ranking_finish_position,contradiction
economic_or_replay,max_trades,3496b04d1407bfa617b8d7e95b3dfc9a,1765990809000,sports_ranking_finish_position,contradiction
economic_or_replay,max_trades,3496b04d1407bfa617b8d7e95b3dfc9a,1765994409000,sports_ranking_finish_position,contradiction
economic_or_replay,max_trades,3496b04d1407bfa617b8d7e95b3dfc9a,1765998009000,sports_ranking_finish_position,contradiction
economic_or_replay,max_trades,3496b04d1407bfa617b8d7e95b3dfc9a,1766001609000,sports_ranking_finish_position,contradiction
economic_or_replay,max_trades,3496b04d1407bfa617b8d7e95b3dfc9a,1766005209000,sports_ranking_finish_position,contradiction
economic_or_replay,max_trades,3496b04d1407bfa617b8d7e95b3dfc9a,1766008809000,sports_ranking_finish_position,contradiction
economic_or_replay,max_trades,3496b04d1407bfa617b8d7e95b3dfc9a,1766012409000,sports_ranking_finish_position,contradiction
economic_or_replay,max_trades,3496b04d1407bfa617b8d7e95b3dfc9a,1766016009000,sports_ranking_finish_position,contradiction
economic_or_replay,max_trades,3496b04d1407bfa617b8d7e95b3dfc9a,1766019609000,sports_ranking_finish_position,contradiction
economic_or_replay,max_trades,3496b04d1407bfa617b8d7e95b3dfc9a,1766023209000,sports_ranking_finish_position,contradiction
economic_or_replay,max_trades,3496b04d1407bfa617b8d7e95b3dfc9a,1766026809000,sports_ranking_finish_position,contradiction
economic_or_replay,max_trades,3496b04d1407bfa617b8d7e95b3dfc9a,1766030409000,sports_ranking_finish_position,contradiction
economic_or_replay,max_trades,3496b04d1407bfa617b8d7e95b3dfc9a,1766034009000,sports_ranking_finish_position,contradiction
economic_or_replay,max_trades,3496b04d1407bfa617b8d7e95b3dfc9a,1766037609000,sports_ranking_finish_position,contradiction
economic_or_replay,max_trades,3496b04d1407bfa617b8d7e95b3dfc9a,1766041209000,sports_ranking_finish_position,contradiction
economic_or_replay,max_trades,3496b04d1407bfa617b8d7e95b3dfc9a,1766044809000,sports_ranking_finish_position,contradiction
economic_or_replay,max_trades,3496b04d1407bfa617b8d7e95b3dfc9a,1766048409000,sports_ranking_finish_position,contradiction
economic_or_replay,max_trades,3496b04d1407bfa617b8d7e95b3dfc9a,1766052009000,sports_ranking_finish_position,contradiction
economic_or_replay,max_trades,3496b04d1407bfa617b8d7e95b3dfc9a,1766055609000,sports_ranking_finish_position,contradiction
economic_or_replay,max_trades,3496b04d1407bfa617b8d7e95b3dfc9a,1766059209000,sports_ranking_finish_position,contradiction
economic_or_replay,max_trades,3496b04d1407bfa617b8d7e95b3dfc9a,1766062809000,sports_ranking_finish_position,contradiction
economic_or_replay,max_trades,3496b04d1407bfa617b8d7e95b3dfc9a,1766066409000,sports_ranking_finish_position,contradiction
economic_or_replay,max_trades,3496b04d1407bfa617b8d7e95b3dfc9a,1766070009000,sports_ranking_finish_position,contradiction
economic_or_replay,max_trades,3496b04d1407bfa617b8d7e95b3dfc9a,1766073609000,sports_ranking_finish_position,contradiction
economic_or_replay,max_trades,3496b04d1407bfa617b8d7e95b3dfc9a,1766077209000,sports_ranking_finish_position,contradiction
economic_or_replay,max_trades,3496b04d1407bfa617b8d7e95b3dfc9a,1766080809000,sports_ranking_finish_position,contradiction
economic_or_replay,max_trades,3496b04d1407bfa617b8d7e95b3dfc9a,1766084409000,sports_ranking_finish_position,contradiction
economic_or_replay,max_trades,3496b04d1407bfa617b8d7e95b3dfc9a,1766088009000,sports_ranking_finish_position,contradiction
economic_or_replay,max_trades,3496b04d1407bfa617b8d7e95b3dfc9a,1766091609000,sports_ranking_finish_position,contradiction
economic_or_replay,max_trades,3496b04d1407bfa617b8d7e95b3dfc9a,1766095209000,sports_ranking_finish_position,contradiction
economic_or_replay,max_trades,3496b04d1407bfa617b8d7e95b3dfc9a,1766098809000,sports_ranking_finish_position,contradiction
economic_or_replay,max_trades,3496b04d1407bfa617b8d7e95b3dfc9a,1766102409000,sports_ranking_finish_position,contradiction
economic_or_replay,max_trades,3496b04d1407bfa617b8d7e95b3dfc9a,1766106009000,sports_ranking_finish_position,contradiction
economic_or_replay,max_trades,3496b04d1407bfa617b8d7e95b3dfc9a,1766109609000,sports_ranking_finish_position,contradiction
economic_or_replay,max_trades,3496b04d1407bfa617b8d7e95b3dfc9a,1766113209000,sports_ranking_finish_position,contradiction
economic_or_replay,max_trades,3496b04d1407bfa617b8d7e95b3dfc9a,1766116809000,sports_ranking_finish_position,contradiction
economic_or_replay,max_trades,3496b04d1407bfa617b8d7e95b3dfc9a,1766120409000,sports_ranking_finish_position,contradiction
economic_or_replay,max_trades,3496b04d1407bfa617b8d7e95b3dfc9a,1766124009000,sports_ranking_finish_position,contradiction
economic_or_replay,max_trades,3496b04d1407bfa617b8d7e95b3dfc9a,1766127609000,sports_ranking_finish_position,contradiction
economic_or_replay,max_trades,3496b04d1407bfa617b8d7e95b3dfc9a,1766131209000,sports_ranking_finish_position,contradiction
economic_or_replay,max_trades,3496b04d1407bfa617b8d7e95b3dfc9a,1766134809000,sports_ranking_finish_position,contradiction
economic_or_replay,max_trades,3496b04d1407bfa617b8d7e95b3dfc9a,1766138409000,sports_ranking_finish_position,contradiction
economic_or_replay,max_trades,3496b04d1407bfa617b8d7e95b3dfc9a,1766142009000,sports_ranking_finish_position,contradiction
economic_or_replay,max_trades,3496b04d1407bfa617b8d7e95b3dfc9a,1766145609000,sports_ranking_finish_position,contradiction
economic_or_replay,max_trades,3496b04d1407bfa617b8d7e95b3dfc9a,1766149209000,sports_ranking_finish_position,contradiction
economic_or_replay,max_trades,3496b04d1407bfa617b8d7e95b3dfc9a,1766152809000,sports_ranking_finish_position,contradiction
economic_or_replay,max_trades,3496b04d1407bfa617b8d7e95b3dfc9a,1766156409000,sports_ranking_finish_position,contradiction
economic_or_replay,max_trades,3496b04d1407bfa617b8d7e95b3dfc9a,1766160009000,sports_ranking_finish_position,contradiction
economic_or_replay,max_trades,3496b04d1407bfa617b8d7e95b3dfc9a,1766163609000,sports_ranking_finish_position,contradiction
economic_or_replay,max_trades,3496b04d1407bfa617b8d7e95b3dfc9a,1766167209000,sports_ranking_finish_position,contradiction
economic_or_replay,max_trades,3496b04d1407bfa617b8d7e95b3dfc9a,1766170809000,sports_ranking_finish_position,contradiction
economic_or_replay,max_trades,3496b04d1407bfa617b8d7e95b3dfc9a,1766174409000,sports_ranking_finish_position,contradiction
economic_or_replay,max_trades,3496b04d1407bfa617b8d7e95b3dfc9a,1766178009000,sports_ranking_finish_position,contradiction
economic_or_replay,max_trades,3496b04d1407bfa617b8d7e95b3dfc9a,1766181609000,sports_ranking_finish_position,contradiction
economic_or_replay,max_trades,3496b04d1407bfa617b8d7e95b3dfc9a,1766185209000,sports_ranking_finish_position,contradiction
economic_or_replay,max_trades,3496b04d1407bfa617b8d7e95b3dfc9a,1766188809000,sports_ranking_finish_position,contradiction
economic_or_replay,max_trades,3496b04d1407bfa617b8d7e95b3dfc9a,1766192409000,sports_ranking_finish_position,contradiction
economic_or_replay,max_trades,3496b04d1407bfa617b8d7e95b3dfc9a,1766196009000,sports_ranking_finish_position,contradiction
economic_or_replay,max_trades,3496b04d1407bfa617b8d7e95b3dfc9a,1766199609000,sports_ranking_finish_position,contradiction
economic_or_replay,max_trades,3496b04d1407bfa617b8d7e95b3dfc9a,1766203209000,sports_ranking_finish_position,contradiction
economic_or_replay,max_trades,3496b04d1407bfa617b8d7e95b3dfc9a,1766206809000,sports_ranking_finish_position,contradiction
economic_or_replay,max_trades,3496b04d1407bfa617b8d7e95b3dfc9a,1766210409000,sports_ranking_finish_position,contradiction
economic_or_replay,max_trades,3496b04d1407bfa617b8d7e95b3dfc9a,1766214009000,sports_ranking_finish_position,contradiction
economic_or_replay,max_trades,3496b04d1407bfa617b8d7e95b3dfc9a,1766217609000,sports_ranking_finish_position,contradiction
economic_or_replay,max_trades,3496b04d1407bfa617b8d7e95b3dfc9a,1766221209000,sports_ranking_finish_position,contradiction
economic_or_replay,max_trades,3496b04d1407bfa617b8d7e95b3dfc9a,1766224809000,sports_ranking_finish_position,contradiction
economic_or_replay,max_trades,3496b04d1407bfa617b8d7e95b3dfc9a,1766228409000,sports_ranking_finish_position,contradiction
economic_or_replay,max_trades,3496b04d1407bfa617b8d7e95b3dfc9a,1766232009000,sports_ranking_finish_position,contradiction
economic_or_replay,max_trades,3496b04d1407bfa617b8d7e95b3dfc9a,1766235609000,sports_ranking_finish_position,contradiction
economic_or_replay,max_trades,3496b04d1407bfa617b8d7e95b3dfc9a,1766239209000,sports_ranking_finish_position,contradiction
economic_or_replay,max_trades,3496b04d1407bfa617b8d7e95b3dfc9a,1766242809000,sports_ranking_finish_position,contradiction
economic_or_replay,max_trades,3496b04d1407bfa617b8d7e95b3dfc9a,1766246409000,sports_ranking_finish_position,contradiction
economic_or_replay,max_trades,3496b04d1407bfa617b8d7e95b3dfc9a,1766250009000,sports_ranking_finish_position,contradiction
economic_or_replay,max_trades,3496b04d1407bfa617b8d7e95b3dfc9a,1766253609000,sports_ranking_finish_position,contradiction
economic_or_replay,max_trades,3496b04d1407bfa617b8d7e95b3dfc9a,1766257209000,sports_ranking_finish_position,contradiction
economic_or_replay,max_trades,3496b04d1407bfa617b8d7e95b3dfc9a,1766260809000,sports_ranking_finish_position,contradiction
economic_or_replay,max_trades,3496b04d1407bfa617b8d7e95b3dfc9a,1766264409000,sports_ranking_finish_position,contradiction
economic_or_replay,max_trades,3496b04d1407bfa617b8d7e95b3dfc9a,1766268009000,sports_ranking_finish_position,contradiction
economic_or_replay,max_trades,3496b04d1407bfa617b8d7e95b3dfc9a,1766271609000,sports_ranking_finish_position,contradiction
economic_or_replay,max_trades,3496b04d1407bfa617b8d7e95b3dfc9a,1766275209000,sports_ranking_finish_position,contradiction
economic_or_replay,max_trades,3496b04d1407bfa617b8d7e95b3dfc9a,1766278809000,sports_ranking_finish_position,contradiction
economic_or_replay,max_trades,3496b04d1407bfa617b8d7e95b3dfc9a,1766282409000,sports_ranking_finish_position,contradiction
economic_or_replay,max_trades,3496b04d1407bfa617b8d7e95b3dfc9a,1766286009000,sports_ranking_finish_position,contradiction
economic_or_replay,max_trades,3496b04d1407bfa617b8d7e95b3dfc9a,1766289609000,sports_ranking_finish_position,contradiction
economic_or_replay,max_trades,3496b04d1407bfa617b8d7e95b3dfc9a,1766293209000,sports_ranking_finish_position,contradiction
economic_or_replay,max_trades,3496b04d1407bfa617b8d7e95b3dfc9a,1766296809000,sports_ranking_finish_position,contradiction
economic_or_replay,max_trades,3496b04d1407bfa617b8d7e95b3dfc9a,1766300409000,sports_ranking_finish_position,contradiction
economic_or_replay,max_trades,3496b04d1407bfa617b8d7e95b3dfc9a,1766304009000,sports_ranking_finish_position,contradiction
economic_or_replay,max_trades,3496b04d1407bfa617b8d7e95b3dfc9a,1766307609000,sports_ranking_finish_position,contradiction
economic_or_replay,max_trades,3496b04d1407bfa617b8d7e95b3dfc9a,1766311209000,sports_ranking_finish_position,contradiction
economic_or_replay,max_trades,3496b04d1407bfa617b8d7e95b3dfc9a,1766314809000,sports_ranking_finish_position,contradiction
economic_or_replay,max_trades,3496b04d1407bfa617b8d7e95b3dfc9a,1766318409000,sports_ranking_finish_position,contradiction
economic_or_replay,max_trades,3496b04d1407bfa617b8d7e95b3dfc9a,1766322009000,sports_ranking_finish_position,contradiction
economic_or_replay,max_trades,3496b04d1407bfa617b8d7e95b3dfc9a,1766325609000,sports_ranking_finish_position,contradiction
economic_or_replay,max_trades,3496b04d1407bfa617b8d7e95b3dfc9a,1766329209000,sports_ranking_finish_position,contradiction
economic_or_replay,max_trades,3496b04d1407bfa617b8d7e95b3dfc9a,1766332809000,sports_ranking_finish_position,contradiction
economic_or_replay,max_trades,3496b04d1407bfa617b8d7e95b3dfc9a,1766336409000,sports_ranking_finish_position,contradiction
economic_or_replay,max_trades,3496b04d1407bfa617b8d7e95b3dfc9a,1766340009000,sports_ranking_finish_position,contradiction
economic_or_replay,max_trades,3496b04d1407bfa617b8d7e95b3dfc9a,1766343609000,sports_ranking_finish_position,contradiction
economic_or_replay,max_trades,3496b04d1407bfa617b8d7e95b3dfc9a,1766347209000,sports_ranking_finish_position,contradiction
economic_or_replay,max_trades,3496b04d1407bfa617b8d7e95b3dfc9a,1766350809000,sports_ranking_finish_position,contradiction
economic_or_replay,max_trades,3496b04d1407bfa617b8d7e95b3dfc9a,1766354409000,sports_ranking_finish_position,contradiction
economic_or_replay,max_trades,3496b04d1407bfa617b8d7e95b3dfc9a,1766358009000,sports_ranking_finish_position,contradiction
economic_or_replay,max_trades,3496b04d1407bfa617b8d7e95b3dfc9a,1766361609000,sports_ranking_finish_position,contradiction
economic_or_replay,max_trades,3496b04d1407bfa617b8d7e95b3dfc9a,1766365209000,sports_ranking_finish_position,contradiction
economic_or_replay,max_trades,3496b04d1407bfa617b8d7e95b3dfc9a,1766368809000,sports_ranking_finish_position,contradiction
economic_or_replay,max_trades,3496b04d1407bfa617b8d7e95b3dfc9a,1766372409000,sports_ranking_finish_position,contradiction
economic_or_replay,max_trades,3496b04d1407bfa617b8d7e95b3dfc9a,1766376009000,sports_ranking_finish_position,contradiction
economic_or_replay,max_trades,3496b04d1407bfa617b8d7e95b3dfc9a,1766379609000,sports_ranking_finish_position,contradiction
economic_or_replay,max_trades,3496b04d1407bfa617b8d7e95b3dfc9a,1766383209000,sports_ranking_finish_position,contradiction
economic_or_replay,max_trades,3496b04d1407bfa617b8d7e95b3dfc9a,1766386809000,sports_ranking_finish_position,contradiction
economic_or_replay,max_trades,3496b04d1407bfa617b8d7e95b3dfc9a,1766390409000,sports_ranking_finish_position,contradiction
economic_or_replay,max_trades,3496b04d1407bfa617b8d7e95b3dfc9a,1766394009000,sports_ranking_finish_position,contradiction
economic_or_replay,max_trades,3496b04d1407bfa617b8d7e95b3dfc9a,1766397609000,sports_ranking_finish_position,contradiction
economic_or_replay,max_trades,3496b04d1407bfa617b8d7e95b3dfc9a,1766401209000,sports_ranking_finish_position,contradiction
economic_or_replay,max_trades,3496b04d1407bfa617b8d7e95b3dfc9a,1766404809000,sports_ranking_finish_position,contradiction
economic_or_replay,max_trades,3496b04d1407bfa617b8d7e95b3dfc9a,1766408409000,sports_ranking_finish_position,contradiction
economic_or_replay,max_trades,3496b04d1407bfa617b8d7e95b3dfc9a,1766412009000,sports_ranking_finish_position,contradiction
economic_or_replay,max_trades,3496b04d1407bfa617b8d7e95b3dfc9a,1766415609000,sports_ranking_finish_position,contradiction
economic_or_replay,max_trades,3496b04d1407bfa617b8d7e95b3dfc9a,1766419209000,sports_ranking_finish_position,contradiction
economic_or_replay,max_trades,3496b04d1407bfa617b8d7e95b3dfc9a,1766422809000,sports_ranking_finish_position,contradiction
economic_or_replay,max_trades,3496b04d1407bfa617b8d7e95b3dfc9a,1766426409000,sports_ranking_finish_position,contradiction
economic_or_replay,max_trades,3496b04d1407bfa617b8d7e95b3dfc9a,1766430009000,sports_ranking_finish_position,contradiction
economic_or_replay,max_trades,3496b04d1407bfa617b8d7e95b3dfc9a,1766433609000,sports_ranking_finish_position,contradiction
economic_or_replay,max_trades,3496b04d1407bfa617b8d7e95b3dfc9a,1766437209000,sports_ranking_finish_position,contradiction
economic_or_replay,max_trades,3496b04d1407bfa617b8d7e95b3dfc9a,1766440809000,sports_ranking_finish_position,contradiction
economic_or_replay,max_trades,3496b04d1407bfa617b8d7e95b3dfc9a,1766444409000,sports_ranking_finish_position,contradiction
economic_or_replay,max_trades,3496b04d1407bfa617b8d7e95b3dfc9a,1766448009000,sports_ranking_finish_position,contradiction
economic_or_replay,max_trades,3496b04d1407bfa617b8d7e95b3dfc9a,1766451609000,sports_ranking_finish_position,contradiction
economic_or_replay,max_trades,3496b04d1407bfa617b8d7e95b3dfc9a,1766455209000,sports_ranking_finish_position,contradiction
economic_or_replay,max_trades,3496b04d1407bfa617b8d7e95b3dfc9a,1766458809000,sports_ranking_finish_position,contradiction
economic_or_replay,max_trades,3496b04d1407bfa617b8d7e95b3dfc9a,1766462409000,sports_ranking_finish_position,contradiction
economic_or_replay,max_trades,3496b04d1407bfa617b8d7e95b3dfc9a,1766466009000,sports_ranking_finish_position,contradiction
economic_or_replay,max_trades,3496b04d1407bfa617b8d7e95b3dfc9a,1766469609000,sports_ranking_finish_position,contradiction
economic_or_replay,max_trades,3496b04d1407bfa617b8d7e95b3dfc9a,1766473209000,sports_ranking_finish_position,contradiction
economic_or_replay,max_trades,3496b04d1407bfa617b8d7e95b3dfc9a,1766476809000,sports_ranking_finish_position,contradiction
economic_or_replay,max_trades,3496b04d1407bfa617b8d7e95b3dfc9a,1766480409000,sports_ranking_finish_position,contradiction
economic_or_replay,max_trades,3496b04d1407bfa617b8d7e95b3dfc9a,1766484009000,sports_ranking_finish_position,contradiction
economic_or_replay,max_trades,3496b04d1407bfa617b8d7e95b3dfc9a,1766487609000,sports_ranking_finish_position,contradiction
economic_or_replay,max_trades,3496b04d1407bfa617b8d7e95b3dfc9a,1766491209000,sports_ranking_finish_position,contradiction
economic_or_replay,max_trades,3496b04d1407bfa617b8d7e95b3dfc9a,1766494809000,sports_ranking_finish_position,contradiction
economic_or_replay,max_trades,3496b04d1407bfa617b8d7e95b3dfc9a,1766498409000,sports_ranking_finish_position,contradiction
economic_or_replay,max_trades,3496b04d1407bfa617b8d7e95b3dfc9a,1766502009000,sports_ranking_finish_position,contradiction
economic_or_replay,max_trades,3496b04d1407bfa617b8d7e95b3dfc9a,1766505609000,sports_ranking_finish_position,contradiction
economic_or_replay,max_trades,3496b04d1407bfa617b8d7e95b3dfc9a,1766509209000,sports_ranking_finish_position,contradiction
economic_or_replay,max_trades,3496b04d1407bfa617b8d7e95b3dfc9a,1766512809000,sports_ranking_finish_position,contradiction
economic_or_replay,max_trades,3496b04d1407bfa617b8d7e95b3dfc9a,1766516409000,sports_ranking_finish_position,contradiction
economic_or_replay,max_trades,3496b04d1407bfa617b8d7e95b3dfc9a,1766520009000,sports_ranking_finish_position,contradiction
economic_or_replay,max_trades,3496b04d1407bfa617b8d7e95b3dfc9a,1766523609000,sports_ranking_finish_position,contradiction
economic_or_replay,max_trades,3496b04d1407bfa617b8d7e95b3dfc9a,1766527209000,sports_ranking_finish_position,contradiction
economic_or_replay,max_trades,3496b04d1407bfa617b8d7e95b3dfc9a,1766530809000,sports_ranking_finish_position,contradiction
economic_or_replay,max_trades,3496b04d1407bfa617b8d7e95b3dfc9a,1766534409000,sports_ranking_finish_position,contradiction
economic_or_replay,max_trades,3496b04d1407bfa617b8d7e95b3dfc9a,1766538009000,sports_ranking_finish_position,contradiction
economic_or_replay,max_trades,3496b04d1407bfa617b8d7e95b3dfc9a,1766541609000,sports_ranking_finish_position,contradiction
economic_or_replay,max_trades,3496b04d1407bfa617b8d7e95b3dfc9a,1766545209000,sports_ranking_finish_position,contradiction
economic_or_replay,max_trades,3496b04d1407bfa617b8d7e95b3dfc9a,1766548809000,sports_ranking_finish_position,contradiction
economic_or_replay,max_trades,3496b04d1407bfa617b8d7e95b3dfc9a,1766552409000,sports_ranking_finish_position,contradiction
economic_or_replay,max_trades,3496b04d1407bfa617b8d7e95b3dfc9a,1766556009000,sports_ranking_finish_position,contradiction
economic_or_replay,max_trades,3496b04d1407bfa617b8d7e95b3dfc9a,1766559609000,sports_ranking_finish_position,contradiction
economic_or_replay,max_trades,3496b04d1407bfa617b8d7e95b3dfc9a,1766563209000,sports_ranking_finish_position,contradiction
economic_or_replay,max_trades,3496b04d1407bfa617b8d7e95b3dfc9a,1766566809000,sports_ranking_finish_position,contradiction
economic_or_replay,max_trades,3496b04d1407bfa617b8d7e95b3dfc9a,1766570409000,sports_ranking_finish_position,contradiction
economic_or_replay,max_trades,3496b04d1407bfa617b8d7e95b3dfc9a,1766574009000,sports_ranking_finish_position,contradiction
economic_or_replay,max_trades,3496b04d1407bfa617b8d7e95b3dfc9a,1766577609000,sports_ranking_finish_position,contradiction
economic_or_replay,max_trades,3496b04d1407bfa617b8d7e95b3dfc9a,1766581209000,sports_ranking_finish_position,contradiction
economic_or_replay,max_trades,3496b04d1407bfa617b8d7e95b3dfc9a,1766584809000,sports_ranking_finish_position,contradiction
economic_or_replay,max_trades,3496b04d1407bfa617b8d7e95b3dfc9a,1766588409000,sports_ranking_finish_position,contradiction
economic_or_replay,max_trades,3496b04d1407bfa617b8d7e95b3dfc9a,1766592009000,sports_ranking_finish_position,contradiction
economic_or_replay,max_trades,3496b04d1407bfa617b8d7e95b3dfc9a,1766595609000,sports_ranking_finish_position,contradiction
economic_or_replay,max_trades,3496b04d1407bfa617b8d7e95b3dfc9a,1766599209000,sports_ranking_finish_position,contradiction
economic_or_replay,max_trades,3496b04d1407bfa617b8d7e95b3dfc9a,1766602809000,sports_ranking_finish_position,contradiction
economic_or_replay,max_trades,3496b04d1407bfa617b8d7e95b3dfc9a,1766606409000,sports_ranking_finish_position,contradiction
economic_or_replay,max_trades,3496b04d1407bfa617b8d7e95b3dfc9a,1766610009000,sports_ranking_finish_position,contradiction
economic_or_replay,max_trades,3496b04d1407bfa617b8d7e95b3dfc9a,1766613609000,sports_ranking_finish_position,contradiction
economic_or_replay,max_trades,3496b04d1407bfa617b8d7e95b3dfc9a,1766617209000,sports_ranking_finish_position,contradiction
economic_or_replay,max_trades,3496b04d1407bfa617b8d7e95b3dfc9a,1766620809000,sports_ranking_finish_position,contradiction
economic_or_replay,max_trades,3496b04d1407bfa617b8d7e95b3dfc9a,1766624409000,sports_ranking_finish_position,contradiction
economic_or_replay,max_trades,3496b04d1407bfa617b8d7e95b3dfc9a,1766628009000,sports_ranking_finish_position,contradiction
economic_or_replay,max_trades,3496b04d1407bfa617b8d7e95b3dfc9a,1766631609000,sports_ranking_finish_position,contradiction
economic_or_replay,max_trades,3496b04d1407bfa617b8d7e95b3dfc9a,1766635209000,sports_ranking_finish_position,contradiction
economic_or_replay,max_trades,3496b04d1407bfa617b8d7e95b3dfc9a,1766638809000,sports_ranking_finish_position,contradiction
economic_or_replay,max_trades,3496b04d1407bfa617b8d7e95b3dfc9a,1766642409000,sports_ranking_finish_position,contradiction
economic_or_replay,max_trades,3496b04d1407bfa617b8d7e95b3dfc9a,1766646009000,sports_ranking_finish_position,contradiction
economic_or_replay,max_trades,3496b04d1407bfa617b8d7e95b3dfc9a,1766649609000,sports_ranking_finish_position,contradiction
economic_or_replay,max_trades,3496b04d1407bfa617b8d7e95b3dfc9a,1766653209000,sports_ranking_finish_position,contradiction
economic_or_replay,max_trades,3496b04d1407bfa617b8d7e95b3dfc9a,1766656809000,sports_ranking_finish_position,contradiction
economic_or_replay,max_trades,3496b04d1407bfa617b8d7e95b3dfc9a,1766660409000,sports_ranking_finish_position,contradiction
economic_or_replay,max_trades,3496b04d1407bfa617b8d7e95b3dfc9a,1766664009000,sports_ranking_finish_position,contradiction
economic_or_replay,max_trades,3496b04d1407bfa617b8d7e95b3dfc9a,1766667609000,sports_ranking_finish_position,contradiction
economic_or_replay,max_trades,3496b04d1407bfa617b8d7e95b3dfc9a,1766671209000,sports_ranking_finish_position,contradiction
economic_or_replay,max_trades,3496b04d1407bfa617b8d7e95b3dfc9a,1766674809000,sports_ranking_finish_position,contradiction
economic_or_replay,max_trades,3496b04d1407bfa617b8d7e95b3dfc9a,1766678409000,sports_ranking_finish_position,contradiction
economic_or_replay,max_trades,3496b04d1407bfa617b8d7e95b3dfc9a,1766682009000,sports_ranking_finish_position,contradiction
economic_or_replay,max_trades,3496b04d1407bfa617b8d7e95b3dfc9a,1766685609000,sports_ranking_finish_position,contradiction
economic_or_replay,max_trades,3496b04d1407bfa617b8d7e95b3dfc9a,1766689209000,sports_ranking_finish_position,contradiction
economic_or_replay,max_trades,3496b04d1407bfa617b8d7e95b3dfc9a,1766692809000,sports_ranking_finish_position,contradiction
economic_or_replay,max_trades,3496b04d1407bfa617b8d7e95b3dfc9a,1766696409000,sports_ranking_finish_position,contradiction
economic_or_replay,max_trades,3496b04d1407bfa617b8d7e95b3dfc9a,1766700009000,sports_ranking_finish_position,contradiction
economic_or_replay,max_trades,3496b04d1407bfa617b8d7e95b3dfc9a,1766703609000,sports_ranking_finish_position,contradiction
economic_or_replay,max_trades,3496b04d1407bfa617b8d7e95b3dfc9a,1766707209000,sports_ranking_finish_position,contradiction
economic_or_replay,max_trades,3496b04d1407bfa617b8d7e95b3dfc9a,1766710809000,sports_ranking_finish_position,contradiction
economic_or_replay,max_trades,3496b04d1407bfa617b8d7e95b3dfc9a,1766714409000,sports_ranking_finish_position,contradiction
economic_or_replay,max_trades,3496b04d1407bfa617b8d7e95b3dfc9a,1766718009000,sports_ranking_finish_position,contradiction
economic_or_replay,max_trades,3496b04d1407bfa617b8d7e95b3dfc9a,1766721609000,sports_ranking_finish_position,contradiction
economic_or_replay,max_trades,3496b04d1407bfa617b8d7e95b3dfc9a,1766725209000,sports_ranking_finish_position,contradiction
economic_or_replay,max_trades,3496b04d1407bfa617b8d7e95b3dfc9a,1766728809000,sports_ranking_finish_position,contradiction
economic_or_replay,max_trades,3496b04d1407bfa617b8d7e95b3dfc9a,1766732409000,sports_ranking_finish_position,contradiction
economic_or_replay,max_trades,3496b04d1407bfa617b8d7e95b3dfc9a,1766736009000,sports_ranking_finish_position,contradiction
economic_or_replay,max_trades,3496b04d1407bfa617b8d7e95b3dfc9a,1766739609000,sports_ranking_finish_position,contradiction
economic_or_replay,max_trades,3496b04d1407bfa617b8d7e95b3dfc9a,1766743209000,sports_ranking_finish_position,contradiction
economic_or_replay,max_trades,3496b04d1407bfa617b8d7e95b3dfc9a,1766746809000,sports_ranking_finish_position,contradiction
economic_or_replay,max_trades,3496b04d1407bfa617b8d7e95b3dfc9a,1766750409000,sports_ranking_finish_position,contradiction
economic_or_replay,max_trades,3496b04d1407bfa617b8d7e95b3dfc9a,1766754009000,sports_ranking_finish_position,contradiction
economic_or_replay,max_trades,3496b04d1407bfa617b8d7e95b3dfc9a,1766757609000,sports_ranking_finish_position,contradiction
economic_or_replay,max_trades,3496b04d1407bfa617b8d7e95b3dfc9a,1766761209000,sports_ranking_finish_position,contradiction
economic_or_replay,max_trades,3496b04d1407bfa617b8d7e95b3dfc9a,1766764809000,sports_ranking_finish_position,contradiction
economic_or_replay,max_trades,3496b04d1407bfa617b8d7e95b3dfc9a,1766768409000,sports_ranking_finish_position,contradiction
economic_or_replay,max_trades,3496b04d1407bfa617b8d7e95b3dfc9a,1766772009000,sports_ranking_finish_position,contradiction
economic_or_replay,max_trades,3496b04d1407bfa617b8d7e95b3dfc9a,1766775609000,sports_ranking_finish_position,contradiction
economic_or_replay,max_trades,3496b04d1407bfa617b8d7e95b3dfc9a,1766779209000,sports_ranking_finish_position,contradiction
economic_or_replay,max_trades,3496b04d1407bfa617b8d7e95b3dfc9a,1766782809000,sports_ranking_finish_position,contradiction
economic_or_replay,max_trades,3496b04d1407bfa617b8d7e95b3dfc9a,1766786409000,sports_ranking_finish_position,contradiction
economic_or_replay,max_trades,3496b04d1407bfa617b8d7e95b3dfc9a,1766790009000,sports_ranking_finish_position,contradiction
economic_or_replay,max_trades,3496b04d1407bfa617b8d7e95b3dfc9a,1766793609000,sports_ranking_finish_position,contradiction
economic_or_replay,max_trades,3496b04d1407bfa617b8d7e95b3dfc9a,1766797209000,sports_ranking_finish_position,contradiction
economic_or_replay,max_trades,3496b04d1407bfa617b8d7e95b3dfc9a,1766800809000,sports_ranking_finish_position,contradiction
economic_or_replay,max_trades,3496b04d1407bfa617b8d7e95b3dfc9a,1766804409000,sports_ranking_finish_position,contradiction
economic_or_replay,max_trades,3496b04d1407bfa617b8d7e95b3dfc9a,1766808009000,sports_ranking_finish_position,contradiction
economic_or_replay,max_trades,3496b04d1407bfa617b8d7e95b3dfc9a,1766811609000,sports_ranking_finish_position,contradiction
economic_or_replay,max_trades,3496b04d1407bfa617b8d7e95b3dfc9a,1766815209000,sports_ranking_finish_position,contradiction
economic_or_replay,max_trades,3496b04d1407bfa617b8d7e95b3dfc9a,1766818809000,sports_ranking_finish_position,contradiction
economic_or_replay,max_trades,3496b04d1407bfa617b8d7e95b3dfc9a,1766822409000,sports_ranking_finish_position,contradiction
economic_or_replay,max_trades,3496b04d1407bfa617b8d7e95b3dfc9a,1766826009000,sports_ranking_finish_position,contradiction
economic_or_replay,max_trades,3496b04d1407bfa617b8d7e95b3dfc9a,1766829609000,sports_ranking_finish_position,contradiction
economic_or_replay,max_trades,3496b04d1407bfa617b8d7e95b3dfc9a,1766833209000,sports_ranking_finish_position,contradiction
economic_or_replay,max_trades,3496b04d1407bfa617b8d7e95b3dfc9a,1766836809000,sports_ranking_finish_position,contradiction
economic_or_replay,max_trades,3496b04d1407bfa617b8d7e95b3dfc9a,1766840409000,sports_ranking_finish_position,contradiction
economic_or_replay,max_trades,3496b04d1407bfa617b8d7e95b3dfc9a,1766844009000,sports_ranking_finish_position,contradiction
economic_or_replay,max_trades,3496b04d1407bfa617b8d7e95b3dfc9a,1766847609000,sports_ranking_finish_position,contradiction
economic_or_replay,max_trades,3496b04d1407bfa617b8d7e95b3dfc9a,1766851209000,sports_ranking_finish_position,contradiction
economic_or_replay,max_trades,3496b04d1407bfa617b8d7e95b3dfc9a,1766854809000,sports_ranking_finish_position,contradiction
economic_or_replay,max_trades,3496b04d1407bfa617b8d7e95b3dfc9a,1766858409000,sports_ranking_finish_position,contradiction
economic_or_replay,max_trades,3496b04d1407bfa617b8d7e95b3dfc9a,1766862009000,sports_ranking_finish_position,contradiction
economic_or_replay,max_trades,3496b04d1407bfa617b8d7e95b3dfc9a,1766865609000,sports_ranking_finish_position,contradiction
economic_or_replay,max_trades,3496b04d1407bfa617b8d7e95b3dfc9a,1766869209000,sports_ranking_finish_position,contradiction
economic_or_replay,max_trades,3496b04d1407bfa617b8d7e95b3dfc9a,1766872809000,sports_ranking_finish_position,contradiction
economic_or_replay,max_trades,3496b04d1407bfa617b8d7e95b3dfc9a,1766876409000,sports_ranking_finish_position,contradiction
economic_or_replay,max_trades,3496b04d1407bfa617b8d7e95b3dfc9a,1766880009000,sports_ranking_finish_position,contradiction
economic_or_replay,max_trades,3496b04d1407bfa617b8d7e95b3dfc9a,1766883609000,sports_ranking_finish_position,contradiction
economic_or_replay,max_trades,3496b04d1407bfa617b8d7e95b3dfc9a,1766887209000,sports_ranking_finish_position,contradiction
economic_or_replay,max_trades,3496b04d1407bfa617b8d7e95b3dfc9a,1766890809000,sports_ranking_finish_position,contradiction
economic_or_replay,max_trades,3496b04d1407bfa617b8d7e95b3dfc9a,1766894409000,sports_ranking_finish_position,contradiction
economic_or_replay,max_trades,3496b04d1407bfa617b8d7e95b3dfc9a,1766898009000,sports_ranking_finish_position,contradiction
economic_or_replay,max_trades,3496b04d1407bfa617b8d7e95b3dfc9a,1766901609000,sports_ranking_finish_position,contradiction
economic_or_replay,max_trades,3496b04d1407bfa617b8d7e95b3dfc9a,1766905209000,sports_ranking_finish_position,contradiction
economic_or_replay,max_trades,3496b04d1407bfa617b8d7e95b3dfc9a,1766908809000,sports_ranking_finish_position,contradiction
economic_or_replay,max_trades,3496b04d1407bfa617b8d7e95b3dfc9a,1766912409000,sports_ranking_finish_position,contradiction
economic_or_replay,max_trades,3496b04d1407bfa617b8d7e95b3dfc9a,1766916009000,sports_ranking_finish_position,contradiction
economic_or_replay,max_trades,3496b04d1407bfa617b8d7e95b3dfc9a,1766919609000,sports_ranking_finish_position,contradiction
economic_or_replay,max_trades,3496b04d1407bfa617b8d7e95b3dfc9a,1766923209000,sports_ranking_finish_position,contradiction
economic_or_replay,max_trades,3496b04d1407bfa617b8d7e95b3dfc9a,1766926809000,sports_ranking_finish_position,contradiction
economic_or_replay,max_trades,3496b04d1407bfa617b8d7e95b3dfc9a,1766930409000,sports_ranking_finish_position,contradiction
economic_or_replay,max_trades,3496b04d1407bfa617b8d7e95b3dfc9a,1766934009000,sports_ranking_finish_position,contradiction
economic_or_replay,max_trades,3496b04d1407bfa617b8d7e95b3dfc9a,1766937609000,sports_ranking_finish_position,contradiction
economic_or_replay,max_trades,3496b04d1407bfa617b8d7e95b3dfc9a,1766941209000,sports_ranking_finish_position,contradiction
economic_or_replay,max_trades,3496b04d1407bfa617b8d7e95b3dfc9a,1766944809000,sports_ranking_finish_position,contradiction
economic_or_replay,max_trades,3496b04d1407bfa617b8d7e95b3dfc9a,1766948409000,sports_ranking_finish_position,contradiction
economic_or_replay,max_trades,3496b04d1407bfa617b8d7e95b3dfc9a,1766952009000,sports_ranking_finish_position,contradiction
economic_or_replay,max_trades,3496b04d1407bfa617b8d7e95b3dfc9a,1766955609000,sports_ranking_finish_position,contradiction
economic_or_replay,max_trades,3496b04d1407bfa617b8d7e95b3dfc9a,1766959209000,sports_ranking_finish_position,contradiction
economic_or_replay,max_trades,3496b04d1407bfa617b8d7e95b3dfc9a,1766962809000,sports_ranking_finish_position,contradiction
economic_or_replay,max_trades,3496b04d1407bfa617b8d7e95b3dfc9a,1766966409000,sports_ranking_finish_position,contradiction
economic_or_replay,max_trades,3496b04d1407bfa617b8d7e95b3dfc9a,1766970009000,sports_ranking_finish_position,contradiction
economic_or_replay,max_trades,3496b04d1407bfa617b8d7e95b3dfc9a,1766973609000,sports_ranking_finish_position,contradiction
economic_or_replay,max_trades,3496b04d1407bfa617b8d7e95b3dfc9a,1766977209000,sports_ranking_finish_position,contradiction
economic_or_replay,max_trades,3496b04d1407bfa617b8d7e95b3dfc9a,1766980809000,sports_ranking_finish_position,contradiction
economic_or_replay,max_trades,3496b04d1407bfa617b8d7e95b3dfc9a,1766984409000,sports_ranking_finish_position,contradiction
economic_or_replay,max_trades,3496b04d1407bfa617b8d7e95b3dfc9a,1766988009000,sports_ranking_finish_position,contradiction
economic_or_replay,max_trades,3496b04d1407bfa617b8d7e95b3dfc9a,1766991609000,sports_ranking_finish_position,contradiction
economic_or_replay,max_trades,3496b04d1407bfa617b8d7e95b3dfc9a,1766995209000,sports_ranking_finish_position,contradiction
economic_or_replay,max_trades,3496b04d1407bfa617b8d7e95b3dfc9a,1766998809000,sports_ranking_finish_position,contradiction
economic_or_replay,max_trades,3496b04d1407bfa617b8d7e95b3dfc9a,1767002409000,sports_ranking_finish_position,contradiction
economic_or_replay,max_trades,3496b04d1407bfa617b8d7e95b3dfc9a,1767006009000,sports_ranking_finish_position,contradiction
economic_or_replay,max_trades,3496b04d1407bfa617b8d7e95b3dfc9a,1767009609000,sports_ranking_finish_position,contradiction
economic_or_replay,max_trades,3496b04d1407bfa617b8d7e95b3dfc9a,1767013209000,sports_ranking_finish_position,contradiction
economic_or_replay,max_trades,3496b04d1407bfa617b8d7e95b3dfc9a,1767016809000,sports_ranking_finish_position,contradiction
economic_or_replay,max_trades,3496b04d1407bfa617b8d7e95b3dfc9a,1767020409000,sports_ranking_finish_position,contradiction
economic_or_replay,max_trades,3496b04d1407bfa617b8d7e95b3dfc9a,1767024009000,sports_ranking_finish_position,contradiction
economic_or_replay,max_trades,3496b04d1407bfa617b8d7e95b3dfc9a,1767027609000,sports_ranking_finish_position,contradiction
economic_or_replay,max_trades,3496b04d1407bfa617b8d7e95b3dfc9a,1767031209000,sports_ranking_finish_position,contradiction
economic_or_replay,max_trades,3496b04d1407bfa617b8d7e95b3dfc9a,1767034809000,sports_ranking_finish_position,contradiction
economic_or_replay,max_trades,3496b04d1407bfa617b8d7e95b3dfc9a,1767038409000,sports_ranking_finish_position,contradiction
economic_or_replay,max_trades,3496b04d1407bfa617b8d7e95b3dfc9a,1767042009000,sports_ranking_finish_position,contradiction
economic_or_replay,max_trades,3496b04d1407bfa617b8d7e95b3dfc9a,1767045609000,sports_ranking_finish_position,contradiction
economic_or_replay,max_trades,3496b04d1407bfa617b8d7e95b3dfc9a,1767049209000,sports_ranking_finish_position,contradiction
economic_or_replay,max_trades,3496b04d1407bfa617b8d7e95b3dfc9a,1767052809000,sports_ranking_finish_position,contradiction
economic_or_replay,max_trades,3496b04d1407bfa617b8d7e95b3dfc9a,1767056409000,sports_ranking_finish_position,contradiction
economic_or_replay,max_trades,3496b04d1407bfa617b8d7e95b3dfc9a,1767060009000,sports_ranking_finish_position,contradiction
economic_or_replay,max_trades,3496b04d1407bfa617b8d7e95b3dfc9a,1767063609000,sports_ranking_finish_position,contradiction
economic_or_replay,max_trades,3496b04d1407bfa617b8d7e95b3dfc9a,1767067209000,sports_ranking_finish_position,contradiction
economic_or_replay,max_trades,3496b04d1407bfa617b8d7e95b3dfc9a,1767070809000,sports_ranking_finish_position,contradiction
economic_or_replay,max_trades,3496b04d1407bfa617b8d7e95b3dfc9a,1767074409000,sports_ranking_finish_position,contradiction
economic_or_replay,max_trades,3496b04d1407bfa617b8d7e95b3dfc9a,1767078009000,sports_ranking_finish_position,contradiction
economic_or_replay,max_trades,3496b04d1407bfa617b8d7e95b3dfc9a,1767081609000,sports_ranking_finish_position,contradiction
economic_or_replay,max_trades,3496b04d1407bfa617b8d7e95b3dfc9a,1767085209000,sports_ranking_finish_position,contradiction
economic_or_replay,max_trades,3496b04d1407bfa617b8d7e95b3dfc9a,1767088809000,sports_ranking_finish_position,contradiction
economic_or_replay,max_trades,3496b04d1407bfa617b8d7e95b3dfc9a,1767092409000,sports_ranking_finish_position,contradiction
economic_or_replay,max_trades,3496b04d1407bfa617b8d7e95b3dfc9a,1767096009000,sports_ranking_finish_position,contradiction
economic_or_replay,max_trades,3496b04d1407bfa617b8d7e95b3dfc9a,1767099609000,sports_ranking_finish_position,contradiction
economic_or_replay,max_trades,3496b04d1407bfa617b8d7e95b3dfc9a,1767103209000,sports_ranking_finish_position,contradiction
economic_or_replay,max_trades,3496b04d1407bfa617b8d7e95b3dfc9a,1767106809000,sports_ranking_finish_position,contradiction
economic_or_replay,max_trades,3496b04d1407bfa617b8d7e95b3dfc9a,1767110409000,sports_ranking_finish_position,contradiction
economic_or_replay,max_trades,3496b04d1407bfa617b8d7e95b3dfc9a,1767114009000,sports_ranking_finish_position,contradiction
economic_or_replay,max_trades,3496b04d1407bfa617b8d7e95b3dfc9a,1767117609000,sports_ranking_finish_position,contradiction
economic_or_replay,max_trades,3496b04d1407bfa617b8d7e95b3dfc9a,1767121209000,sports_ranking_finish_position,contradiction
economic_or_replay,max_trades,3496b04d1407bfa617b8d7e95b3dfc9a,1767124809000,sports_ranking_finish_position,contradiction
economic_or_replay,max_trades,3496b04d1407bfa617b8d7e95b3dfc9a,1767128409000,sports_ranking_finish_position,contradiction
economic_or_replay,max_trades,3496b04d1407bfa617b8d7e95b3dfc9a,1767132009000,sports_ranking_finish_position,contradiction
economic_or_replay,max_trades,3496b04d1407bfa617b8d7e95b3dfc9a,1767135609000,sports_ranking_finish_position,contradiction
economic_or_replay,max_trades,3496b04d1407bfa617b8d7e95b3dfc9a,1767139209000,sports_ranking_finish_position,contradiction
economic_or_replay,max_trades,3496b04d1407bfa617b8d7e95b3dfc9a,1767142809000,sports_ranking_finish_position,contradiction
economic_or_replay,max_trades,3496b04d1407bfa617b8d7e95b3dfc9a,1767146409000,sports_ranking_finish_position,contradiction
economic_or_replay,max_trades,3496b04d1407bfa617b8d7e95b3dfc9a,1767150009000,sports_ranking_finish_position,contradiction
economic_or_replay,max_trades,3496b04d1407bfa617b8d7e95b3dfc9a,1767153609000,sports_ranking_finish_position,contradiction
economic_or_replay,max_trades,3496b04d1407bfa617b8d7e95b3dfc9a,1767157209000,sports_ranking_finish_position,contradiction
economic_or_replay,max_trades,3496b04d1407bfa617b8d7e95b3dfc9a,1767160809000,sports_ranking_finish_position,contradiction
economic_or_replay,max_trades,3496b04d1407bfa617b8d7e95b3dfc9a,1767164409000,sports_ranking_finish_position,contradiction
economic_or_replay,max_trades,3496b04d1407bfa617b8d7e95b3dfc9a,1767168009000,sports_ranking_finish_position,contradiction
economic_or_replay,max_trades,3496b04d1407bfa617b8d7e95b3dfc9a,1767171609000,sports_ranking_finish_position,contradiction
economic_or_replay,max_trades,3496b04d1407bfa617b8d7e95b3dfc9a,1767175209000,sports_ranking_finish_position,contradiction
economic_or_replay,max_trades,3496b04d1407bfa617b8d7e95b3dfc9a,1767178809000,sports_ranking_finish_position,contradiction
economic_or_replay,max_trades,3496b04d1407bfa617b8d7e95b3dfc9a,1767182409000,sports_ranking_finish_position,contradiction
economic_or_replay,max_trades,3496b04d1407bfa617b8d7e95b3dfc9a,1767186009000,sports_ranking_finish_position,contradiction
economic_or_replay,max_trades,3496b04d1407bfa617b8d7e95b3dfc9a,1767189609000,sports_ranking_finish_position,contradiction
economic_or_replay,max_trades,3496b04d1407bfa617b8d7e95b3dfc9a,1767193209000,sports_ranking_finish_position,contradiction
economic_or_replay,max_trades,3496b04d1407bfa617b8d7e95b3dfc9a,1767196809000,sports_ranking_finish_position,contradiction
economic_or_replay,max_trades,3496b04d1407bfa617b8d7e95b3dfc9a,1767200409000,sports_ranking_finish_position,contradiction
economic_or_replay,max_trades,3496b04d1407bfa617b8d7e95b3dfc9a,1767204009000,sports_ranking_finish_position,contradiction
economic_or_replay,max_trades,3496b04d1407bfa617b8d7e95b3dfc9a,1767207609000,sports_ranking_finish_position,contradiction
economic_or_replay,max_trades,3496b04d1407bfa617b8d7e95b3dfc9a,1767211209000,sports_ranking_finish_position,contradiction
economic_or_replay,max_trades,3496b04d1407bfa617b8d7e95b3dfc9a,1767214809000,sports_ranking_finish_position,contradiction
economic_or_replay,max_trades,3496b04d1407bfa617b8d7e95b3dfc9a,1767218409000,sports_ranking_finish_position,contradiction
economic_or_replay,max_trades,3496b04d1407bfa617b8d7e95b3dfc9a,1767222009000,sports_ranking_finish_position,contradiction
economic_or_replay,max_trades,3496b04d1407bfa617b8d7e95b3dfc9a,1767225609000,sports_ranking_finish_position,contradiction
economic_or_replay,max_trades,3496b04d1407bfa617b8d7e95b3dfc9a,1767229209000,sports_ranking_finish_position,contradiction
economic_or_replay,max_trades,3496b04d1407bfa617b8d7e95b3dfc9a,1767232809000,sports_ranking_finish_position,contradiction
economic_or_replay,max_trades,3496b04d1407bfa617b8d7e95b3dfc9a,1767236409000,sports_ranking_finish_position,contradiction
economic_or_replay,max_trades,3496b04d1407bfa617b8d7e95b3dfc9a,1767240009000,sports_ranking_finish_position,contradiction
economic_or_replay,max_trades,3496b04d1407bfa617b8d7e95b3dfc9a,1767243609000,sports_ranking_finish_position,contradiction
economic_or_replay,max_trades,3496b04d1407bfa617b8d7e95b3dfc9a,1767247209000,sports_ranking_finish_position,contradiction
economic_or_replay,max_trades,3496b04d1407bfa617b8d7e95b3dfc9a,1767250809000,sports_ranking_finish_position,contradiction
economic_or_replay,max_trades,3496b04d1407bfa617b8d7e95b3dfc9a,1767254409000,sports_ranking_finish_position,contradiction
economic_or_replay,max_trades,3496b04d1407bfa617b8d7e95b3dfc9a,1767258009000,sports_ranking_finish_position,contradiction
economic_or_replay,max_trades,3496b04d1407bfa617b8d7e95b3dfc9a,1767261609000,sports_ranking_finish_position,contradiction
economic_or_replay,max_trades,3496b04d1407bfa617b8d7e95b3dfc9a,1767265209000,sports_ranking_finish_position,contradiction
economic_or_replay,max_trades,3496b04d1407bfa617b8d7e95b3dfc9a,1767268809000,sports_ranking_finish_position,contradiction
economic_or_replay,max_trades,3496b04d1407bfa617b8d7e95b3dfc9a,1767272409000,sports_ranking_finish_position,contradiction
economic_or_replay,max_trades,3496b04d1407bfa617b8d7e95b3dfc9a,1767276009000,sports_ranking_finish_position,contradiction
economic_or_replay,max_trades,3496b04d1407bfa617b8d7e95b3dfc9a,1767279609000,sports_ranking_finish_position,contradiction
economic_or_replay,max_trades,3496b04d1407bfa617b8d7e95b3dfc9a,1767283209000,sports_ranking_finish_position,contradiction
economic_or_replay,max_trades,3496b04d1407bfa617b8d7e95b3dfc9a,1767286809000,sports_ranking_finish_position,contradiction
economic_or_replay,max_trades,3496b04d1407bfa617b8d7e95b3dfc9a,1767290409000,sports_ranking_finish_position,contradiction
economic_or_replay,max_trades,3496b04d1407bfa617b8d7e95b3dfc9a,1767294009000,sports_ranking_finish_position,contradiction
economic_or_replay,max_trades,3496b04d1407bfa617b8d7e95b3dfc9a,1767297609000,sports_ranking_finish_position,contradiction
economic_or_replay,max_trades,3496b04d1407bfa617b8d7e95b3dfc9a,1767301209000,sports_ranking_finish_position,contradiction
economic_or_replay,max_trades,3496b04d1407bfa617b8d7e95b3dfc9a,1767304809000,sports_ranking_finish_position,contradiction
economic_or_replay,max_trades,3496b04d1407bfa617b8d7e95b3dfc9a,1767308409000,sports_ranking_finish_position,contradiction
economic_or_replay,max_trades,3496b04d1407bfa617b8d7e95b3dfc9a,1767312009000,sports_ranking_finish_position,contradiction
economic_or_replay,max_trades,3496b04d1407bfa617b8d7e95b3dfc9a,1767315609000,sports_ranking_finish_position,contradiction
economic_or_replay,max_trades,3496b04d1407bfa617b8d7e95b3dfc9a,1767319209000,sports_ranking_finish_position,contradiction
economic_or_replay,max_trades,3496b04d1407bfa617b8d7e95b3dfc9a,1767322809000,sports_ranking_finish_position,contradiction
economic_or_replay,max_trades,3496b04d1407bfa617b8d7e95b3dfc9a,1767326409000,sports_ranking_finish_position,contradiction
economic_or_replay,max_trades,3496b04d1407bfa617b8d7e95b3dfc9a,1767330009000,sports_ranking_finish_position,contradiction
economic_or_replay,max_trades,3496b04d1407bfa617b8d7e95b3dfc9a,1767333609000,sports_ranking_finish_position,contradiction
economic_or_replay,max_trades,3496b04d1407bfa617b8d7e95b3dfc9a,1767337209000,sports_ranking_finish_position,contradiction
economic_or_replay,max_trades,3496b04d1407bfa617b8d7e95b3dfc9a,1767340809000,sports_ranking_finish_position,contradiction
economic_or_replay,max_trades,3496b04d1407bfa617b8d7e95b3dfc9a,1767344409000,sports_ranking_finish_position,contradiction
economic_or_replay,max_trades,3496b04d1407bfa617b8d7e95b3dfc9a,1767348009000,sports_ranking_finish_position,contradiction
economic_or_replay,max_trades,3496b04d1407bfa617b8d7e95b3dfc9a,1767351609000,sports_ranking_finish_position,contradiction
economic_or_replay,max_trades,3496b04d1407bfa617b8d7e95b3dfc9a,1767355209000,sports_ranking_finish_position,contradiction
economic_or_replay,max_trades,3496b04d1407bfa617b8d7e95b3dfc9a,1767358809000,sports_ranking_finish_position,contradiction
economic_or_replay,max_trades,3496b04d1407bfa617b8d7e95b3dfc9a,1767362409000,sports_ranking_finish_position,contradiction
economic_or_replay,max_trades,3496b04d1407bfa617b8d7e95b3dfc9a,1767366009000,sports_ranking_finish_position,contradiction
economic_or_replay,max_trades,3496b04d1407bfa617b8d7e95b3dfc9a,1767369609000,sports_ranking_finish_position,contradiction
economic_or_replay,max_trades,3496b04d1407bfa617b8d7e95b3dfc9a,1767373209000,sports_ranking_finish_position,contradiction
economic_or_replay,max_trades,3496b04d1407bfa617b8d7e95b3dfc9a,1767376809000,sports_ranking_finish_position,contradiction
economic_or_replay,max_trades,3496b04d1407bfa617b8d7e95b3dfc9a,1767380409000,sports_ranking_finish_position,contradiction
economic_or_replay,max_trades,3496b04d1407bfa617b8d7e95b3dfc9a,1767384009000,sports_ranking_finish_position,contradiction
economic_or_replay,max_trades,3496b04d1407bfa617b8d7e95b3dfc9a,1767387609000,sports_ranking_finish_position,contradiction
economic_or_replay,max_trades,3496b04d1407bfa617b8d7e95b3dfc9a,1767391209000,sports_ranking_finish_position,contradiction
economic_or_replay,max_trades,3496b04d1407bfa617b8d7e95b3dfc9a,1767394809000,sports_ranking_finish_position,contradiction
economic_or_replay,max_trades,3496b04d1407bfa617b8d7e95b3dfc9a,1767398409000,sports_ranking_finish_position,contradiction
economic_or_replay,max_trades,3496b04d1407bfa617b8d7e95b3dfc9a,1767402009000,sports_ranking_finish_position,contradiction
economic_or_replay,max_trades,3496b04d1407bfa617b8d7e95b3dfc9a,1767405609000,sports_ranking_finish_position,contradiction
economic_or_replay,max_trades,3496b04d1407bfa617b8d7e95b3dfc9a,1767409209000,sports_ranking_finish_position,contradiction
economic_or_replay,max_trades,3496b04d1407bfa617b8d7e95b3dfc9a,1767412809000,sports_ranking_finish_position,contradiction
economic_or_replay,max_trades,3496b04d1407bfa617b8d7e95b3dfc9a,1767416409000,sports_ranking_finish_position,contradiction
economic_or_replay,max_trades,3496b04d1407bfa617b8d7e95b3dfc9a,1767420009000,sports_ranking_finish_position,contradiction
economic_or_replay,max_trades,3496b04d1407bfa617b8d7e95b3dfc9a,1767423609000,sports_ranking_finish_position,contradiction
economic_or_replay,max_trades,3496b04d1407bfa617b8d7e95b3dfc9a,1767427209000,sports_ranking_finish_position,contradiction
economic_or_replay,max_trades,3496b04d1407bfa617b8d7e95b3dfc9a,1767430809000,sports_ranking_finish_position,contradiction
economic_or_replay,max_trades,3496b04d1407bfa617b8d7e95b3dfc9a,1767434409000,sports_ranking_finish_position,contradiction
economic_or_replay,max_trades,3496b04d1407bfa617b8d7e95b3dfc9a,1767438009000,sports_ranking_finish_position,contradiction
economic_or_replay,max_trades,3496b04d1407bfa617b8d7e95b3dfc9a,1767441609000,sports_ranking_finish_position,contradiction
economic_or_replay,max_trades,3496b04d1407bfa617b8d7e95b3dfc9a,1767445209000,sports_ranking_finish_position,contradiction
economic_or_replay,max_trades,3496b04d1407bfa617b8d7e95b3dfc9a,1767448809000,sports_ranking_finish_position,contradiction
economic_or_replay,max_trades,3496b04d1407bfa617b8d7e95b3dfc9a,1767452409000,sports_ranking_finish_position,contradiction
economic_or_replay,max_trades,3496b04d1407bfa617b8d7e95b3dfc9a,1767456009000,sports_ranking_finish_position,contradiction
economic_or_replay,max_trades,3496b04d1407bfa617b8d7e95b3dfc9a,1767459609000,sports_ranking_finish_position,contradiction
economic_or_replay,max_trades,3496b04d1407bfa617b8d7e95b3dfc9a,1767463209000,sports_ranking_finish_position,contradiction
economic_or_replay,max_trades,3496b04d1407bfa617b8d7e95b3dfc9a,1767466809000,sports_ranking_finish_position,contradiction
economic_or_replay,max_trades,3496b04d1407bfa617b8d7e95b3dfc9a,1767470409000,sports_ranking_finish_position,contradiction
economic_or_replay,max_trades,3496b04d1407bfa617b8d7e95b3dfc9a,1767474009000,sports_ranking_finish_position,contradiction
economic_or_replay,max_trades,3496b04d1407bfa617b8d7e95b3dfc9a,1767477609000,sports_ranking_finish_position,contradiction
economic_or_replay,max_trades,3496b04d1407bfa617b8d7e95b3dfc9a,1767481209000,sports_ranking_finish_position,contradiction
economic_or_replay,max_trades,3496b04d1407bfa617b8d7e95b3dfc9a,1767484809000,sports_ranking_finish_position,contradiction
economic_or_replay,max_trades,3496b04d1407bfa617b8d7e95b3dfc9a,1767488409000,sports_ranking_finish_position,contradiction
economic_or_replay,max_trades,3496b04d1407bfa617b8d7e95b3dfc9a,1767492009000,sports_ranking_finish_position,contradiction
economic_or_replay,max_trades,3496b04d1407bfa617b8d7e95b3dfc9a,1767495609000,sports_ranking_finish_position,contradiction
economic_or_replay,max_trades,3496b04d1407bfa617b8d7e95b3dfc9a,1767499209000,sports_ranking_finish_position,contradiction
economic_or_replay,max_trades,3496b04d1407bfa617b8d7e95b3dfc9a,1767502809000,sports_ranking_finish_position,contradiction
economic_or_replay,max_trades,3496b04d1407bfa617b8d7e95b3dfc9a,1767506409000,sports_ranking_finish_position,contradiction
economic_or_replay,max_trades,3496b04d1407bfa617b8d7e95b3dfc9a,1767510009000,sports_ranking_finish_position,contradiction
economic_or_replay,max_trades,3496b04d1407bfa617b8d7e95b3dfc9a,1767513609000,sports_ranking_finish_position,contradiction
economic_or_replay,max_trades,3496b04d1407bfa617b8d7e95b3dfc9a,1767517209000,sports_ranking_finish_position,contradiction
economic_or_replay,max_trades,3496b04d1407bfa617b8d7e95b3dfc9a,1767520809000,sports_ranking_finish_position,contradiction
economic_or_replay,max_trades,3496b04d1407bfa617b8d7e95b3dfc9a,1767524409000,sports_ranking_finish_position,contradiction
economic_or_replay,max_trades,3496b04d1407bfa617b8d7e95b3dfc9a,1767528009000,sports_ranking_finish_position,contradiction
economic_or_replay,max_trades,3496b04d1407bfa617b8d7e95b3dfc9a,1767531609000,sports_ranking_finish_position,contradiction
economic_or_replay,max_trades,3496b04d1407bfa617b8d7e95b3dfc9a,1767535209000,sports_ranking_finish_position,contradiction
economic_or_replay,max_trades,3496b04d1407bfa617b8d7e95b3dfc9a,1767538809000,sports_ranking_finish_position,contradiction
economic_or_replay,max_trades,3496b04d1407bfa617b8d7e95b3dfc9a,1767542409000,sports_ranking_finish_position,contradiction
economic_or_replay,max_trades,3496b04d1407bfa617b8d7e95b3dfc9a,1767546009000,sports_ranking_finish_position,contradiction
economic_or_replay,max_trades,3496b04d1407bfa617b8d7e95b3dfc9a,1767549609000,sports_ranking_finish_position,contradiction
economic_or_replay,max_trades,3496b04d1407bfa617b8d7e95b3dfc9a,1767553209000,sports_ranking_finish_position,contradiction
economic_or_replay,max_trades,3496b04d1407bfa617b8d7e95b3dfc9a,1767556809000,sports_ranking_finish_position,contradiction
economic_or_replay,max_trades,3496b04d1407bfa617b8d7e95b3dfc9a,1767560409000,sports_ranking_finish_position,contradiction
economic_or_replay,max_trades,3496b04d1407bfa617b8d7e95b3dfc9a,1767564009000,sports_ranking_finish_position,contradiction
economic_or_replay,max_trades,3496b04d1407bfa617b8d7e95b3dfc9a,1767567609000,sports_ranking_finish_position,contradiction
economic_or_replay,max_trades,3496b04d1407bfa617b8d7e95b3dfc9a,1767571209000,sports_ranking_finish_position,contradiction
economic_or_replay,max_trades,3496b04d1407bfa617b8d7e95b3dfc9a,1767574809000,sports_ranking_finish_position,contradiction
economic_or_replay,max_trades,3496b04d1407bfa617b8d7e95b3dfc9a,1767578409000,sports_ranking_finish_position,contradiction
economic_or_replay,max_trades,3496b04d1407bfa617b8d7e95b3dfc9a,1767582009000,sports_ranking_finish_position,contradiction
economic_or_replay,max_trades,3496b04d1407bfa617b8d7e95b3dfc9a,1767585609000,sports_ranking_finish_position,contradiction
economic_or_replay,max_trades,3496b04d1407bfa617b8d7e95b3dfc9a,1767589209000,sports_ranking_finish_position,contradiction
economic_or_replay,max_trades,3496b04d1407bfa617b8d7e95b3dfc9a,1767592809000,sports_ranking_finish_position,contradiction
economic_or_replay,max_trades,3496b04d1407bfa617b8d7e95b3dfc9a,1767596409000,sports_ranking_finish_position,contradiction
economic_or_replay,max_trades,3496b04d1407bfa617b8d7e95b3dfc9a,1767600009000,sports_ranking_finish_position,contradiction
economic_or_replay,max_trades,3496b04d1407bfa617b8d7e95b3dfc9a,1767603609000,sports_ranking_finish_position,contradiction
economic_or_replay,max_trades,3496b04d1407bfa617b8d7e95b3dfc9a,1767607209000,sports_ranking_finish_position,contradiction
economic_or_replay,max_trades,3496b04d1407bfa617b8d7e95b3dfc9a,1767610809000,sports_ranking_finish_position,contradiction
economic_or_replay,max_trades,3496b04d1407bfa617b8d7e95b3dfc9a,1767614409000,sports_ranking_finish_position,contradiction
economic_or_replay,max_trades,3496b04d1407bfa617b8d7e95b3dfc9a,1767618009000,sports_ranking_finish_position,contradiction
economic_or_replay,max_trades,3496b04d1407bfa617b8d7e95b3dfc9a,1767621609000,sports_ranking_finish_position,contradiction
economic_or_replay,max_trades,3496b04d1407bfa617b8d7e95b3dfc9a,1767625209000,sports_ranking_finish_position,contradiction
economic_or_replay,max_trades,3496b04d1407bfa617b8d7e95b3dfc9a,1767628809000,sports_ranking_finish_position,contradiction
economic_or_replay,max_trades,3496b04d1407bfa617b8d7e95b3dfc9a,1767632409000,sports_ranking_finish_position,contradiction
economic_or_replay,max_trades,3496b04d1407bfa617b8d7e95b3dfc9a,1767636009000,sports_ranking_finish_position,contradiction
economic_or_replay,max_trades,3496b04d1407bfa617b8d7e95b3dfc9a,1767639609000,sports_ranking_finish_position,contradiction
economic_or_replay,max_trades,3496b04d1407bfa617b8d7e95b3dfc9a,1767643209000,sports_ranking_finish_position,contradiction
economic_or_replay,max_trades,3496b04d1407bfa617b8d7e95b3dfc9a,1767646809000,sports_ranking_finish_position,contradiction
economic_or_replay,max_trades,3496b04d1407bfa617b8d7e95b3dfc9a,1767650409000,sports_ranking_finish_position,contradiction
economic_or_replay,max_trades,3496b04d1407bfa617b8d7e95b3dfc9a,1767654009000,sports_ranking_finish_position,contradiction
economic_or_replay,max_trades,3496b04d1407bfa617b8d7e95b3dfc9a,1767657609000,sports_ranking_finish_position,contradiction
economic_or_replay,max_trades,3496b04d1407bfa617b8d7e95b3dfc9a,1767661209000,sports_ranking_finish_position,contradiction
economic_or_replay,max_trades,3496b04d1407bfa617b8d7e95b3dfc9a,1767664809000,sports_ranking_finish_position,contradiction
economic_or_replay,max_trades,3496b04d1407bfa617b8d7e95b3dfc9a,1767668409000,sports_ranking_finish_position,contradiction
economic_or_replay,max_trades,3496b04d1407bfa617b8d7e95b3dfc9a,1767672009000,sports_ranking_finish_position,contradiction
economic_or_replay,max_trades,3496b04d1407bfa617b8d7e95b3dfc9a,1767675609000,sports_ranking_finish_position,contradiction
economic_or_replay,max_trades,3496b04d1407bfa617b8d7e95b3dfc9a,1767679209000,sports_ranking_finish_position,contradiction
economic_or_replay,max_trades,3496b04d1407bfa617b8d7e95b3dfc9a,1767682809000,sports_ranking_finish_position,contradiction
economic_or_replay,max_trades,3496b04d1407bfa617b8d7e95b3dfc9a,1767686409000,sports_ranking_finish_position,contradiction
economic_or_replay,max_trades,3496b04d1407bfa617b8d7e95b3dfc9a,1767690009000,sports_ranking_finish_position,contradiction
economic_or_replay,max_trades,3496b04d1407bfa617b8d7e95b3dfc9a,1767693609000,sports_ranking_finish_position,contradiction
economic_or_replay,max_trades,3496b04d1407bfa617b8d7e95b3dfc9a,1767697209000,sports_ranking_finish_position,contradiction
economic_or_replay,max_trades,3496b04d1407bfa617b8d7e95b3dfc9a,1767700809000,sports_ranking_finish_position,contradiction
economic_or_replay,max_trades,3496b04d1407bfa617b8d7e95b3dfc9a,1767704409000,sports_ranking_finish_position,contradiction
economic_or_replay,max_trades,3496b04d1407bfa617b8d7e95b3dfc9a,1767708009000,sports_ranking_finish_position,contradiction
economic_or_replay,max_trades,3496b04d1407bfa617b8d7e95b3dfc9a,1767711609000,sports_ranking_finish_position,contradiction
economic_or_replay,max_trades,3496b04d1407bfa617b8d7e95b3dfc9a,1767715209000,sports_ranking_finish_position,contradiction
economic_or_replay,max_trades,3496b04d1407bfa617b8d7e95b3dfc9a,1767718809000,sports_ranking_finish_position,contradiction
economic_or_replay,max_trades,3496b04d1407bfa617b8d7e95b3dfc9a,1767722409000,sports_ranking_finish_position,contradiction
economic_or_replay,max_trades,3496b04d1407bfa617b8d7e95b3dfc9a,1767726009000,sports_ranking_finish_position,contradiction
economic_or_replay,max_trades,3496b04d1407bfa617b8d7e95b3dfc9a,1767729609000,sports_ranking_finish_position,contradiction
economic_or_replay,max_trades,3496b04d1407bfa617b8d7e95b3dfc9a,1767733209000,sports_ranking_finish_position,contradiction
economic_or_replay,max_trades,3496b04d1407bfa617b8d7e95b3dfc9a,1767736809000,sports_ranking_finish_position,contradiction
economic_or_replay,max_trades,3496b04d1407bfa617b8d7e95b3dfc9a,1767740409000,sports_ranking_finish_position,contradiction
economic_or_replay,max_trades,3496b04d1407bfa617b8d7e95b3dfc9a,1767744009000,sports_ranking_finish_position,contradiction
economic_or_replay,max_trades,3496b04d1407bfa617b8d7e95b3dfc9a,1767747609000,sports_ranking_finish_position,contradiction
economic_or_replay,max_trades,3496b04d1407bfa617b8d7e95b3dfc9a,1767751209000,sports_ranking_finish_position,contradiction
economic_or_replay,max_trades,3496b04d1407bfa617b8d7e95b3dfc9a,1767754809000,sports_ranking_finish_position,contradiction
economic_or_replay,max_trades,3496b04d1407bfa617b8d7e95b3dfc9a,1767758409000,sports_ranking_finish_position,contradiction
economic_or_replay,max_trades,3496b04d1407bfa617b8d7e95b3dfc9a,1767762009000,sports_ranking_finish_position,contradiction
economic_or_replay,max_trades,3496b04d1407bfa617b8d7e95b3dfc9a,1767765609000,sports_ranking_finish_position,contradiction
economic_or_replay,max_trades,3496b04d1407bfa617b8d7e95b3dfc9a,1767769209000,sports_ranking_finish_position,contradiction
economic_or_replay,max_trades,3496b04d1407bfa617b8d7e95b3dfc9a,1767772809000,sports_ranking_finish_position,contradiction
economic_or_replay,max_trades,3496b04d1407bfa617b8d7e95b3dfc9a,1767776409000,sports_ranking_finish_position,contradiction
economic_or_replay,max_trades,3496b04d1407bfa617b8d7e95b3dfc9a,1767780009000,sports_ranking_finish_position,contradiction
economic_or_replay,max_trades,3496b04d1407bfa617b8d7e95b3dfc9a,1767783609000,sports_ranking_finish_position,contradiction
economic_or_replay,max_trades,3496b04d1407bfa617b8d7e95b3dfc9a,1767787209000,sports_ranking_finish_position,contradiction
economic_or_replay,max_trades,3496b04d1407bfa617b8d7e95b3dfc9a,1767790809000,sports_ranking_finish_position,contradiction
economic_or_replay,max_trades,3496b04d1407bfa617b8d7e95b3dfc9a,1767794409000,sports_ranking_finish_position,contradiction
economic_or_replay,max_trades,3496b04d1407bfa617b8d7e95b3dfc9a,1767798009000,sports_ranking_finish_position,contradiction
economic_or_replay,max_trades,3496b04d1407bfa617b8d7e95b3dfc9a,1767801609000,sports_ranking_finish_position,contradiction
economic_or_replay,max_trades,3496b04d1407bfa617b8d7e95b3dfc9a,1767805209000,sports_ranking_finish_position,contradiction
economic_or_replay,max_trades,3496b04d1407bfa617b8d7e95b3dfc9a,1767808809000,sports_ranking_finish_position,contradiction
economic_or_replay,max_trades,3496b04d1407bfa617b8d7e95b3dfc9a,1767812409000,sports_ranking_finish_position,contradiction
economic_or_replay,max_trades,3496b04d1407bfa617b8d7e95b3dfc9a,1767816009000,sports_ranking_finish_position,contradiction
economic_or_replay,max_trades,3496b04d1407bfa617b8d7e95b3dfc9a,1767819609000,sports_ranking_finish_position,contradiction
economic_or_replay,max_trades,3496b04d1407bfa617b8d7e95b3dfc9a,1767823209000,sports_ranking_finish_position,contradiction
economic_or_replay,max_trades,3496b04d1407bfa617b8d7e95b3dfc9a,1767826809000,sports_ranking_finish_position,contradiction
economic_or_replay,max_trades,3496b04d1407bfa617b8d7e95b3dfc9a,1767830409000,sports_ranking_finish_position,contradiction
economic_or_replay,max_trades,3496b04d1407bfa617b8d7e95b3dfc9a,1767834009000,sports_ranking_finish_position,contradiction
economic_or_replay,max_trades,3496b04d1407bfa617b8d7e95b3dfc9a,1767837609000,sports_ranking_finish_position,contradiction
economic_or_replay,max_trades,3496b04d1407bfa617b8d7e95b3dfc9a,1767841209000,sports_ranking_finish_position,contradiction
economic_or_replay,max_trades,3496b04d1407bfa617b8d7e95b3dfc9a,1767844809000,sports_ranking_finish_position,contradiction
economic_or_replay,max_trades,3496b04d1407bfa617b8d7e95b3dfc9a,1767848409000,sports_ranking_finish_position,contradiction
economic_or_replay,max_trades,3496b04d1407bfa617b8d7e95b3dfc9a,1767852009000,sports_ranking_finish_position,contradiction
economic_or_replay,max_trades,3496b04d1407bfa617b8d7e95b3dfc9a,1767855609000,sports_ranking_finish_position,contradiction
economic_or_replay,max_trades,3496b04d1407bfa617b8d7e95b3dfc9a,1767859209000,sports_ranking_finish_position,contradiction
economic_or_replay,max_trades,3496b04d1407bfa617b8d7e95b3dfc9a,1767862809000,sports_ranking_finish_position,contradiction
economic_or_replay,max_trades,3496b04d1407bfa617b8d7e95b3dfc9a,1767866409000,sports_ranking_finish_position,contradiction
economic_or_replay,max_trades,3496b04d1407bfa617b8d7e95b3dfc9a,1767870009000,sports_ranking_finish_position,contradiction
economic_or_replay,max_trades,3496b04d1407bfa617b8d7e95b3dfc9a,1767873609000,sports_ranking_finish_position,contradiction
economic_or_replay,max_trades,3496b04d1407bfa617b8d7e95b3dfc9a,1767877209000,sports_ranking_finish_position,contradiction
economic_or_replay,max_trades,3496b04d1407bfa617b8d7e95b3dfc9a,1767880809000,sports_ranking_finish_position,contradiction
economic_or_replay,max_trades,3496b04d1407bfa617b8d7e95b3dfc9a,1767884409000,sports_ranking_finish_position,contradiction
economic_or_replay,max_trades,3496b04d1407bfa617b8d7e95b3dfc9a,1767888009000,sports_ranking_finish_position,contradiction
economic_or_replay,max_trades,3496b04d1407bfa617b8d7e95b3dfc9a,1767891609000,sports_ranking_finish_position,contradiction
economic_or_replay,max_trades,3496b04d1407bfa617b8d7e95b3dfc9a,1767895209000,sports_ranking_finish_position,contradiction
economic_or_replay,max_trades,3496b04d1407bfa617b8d7e95b3dfc9a,1767898809000,sports_ranking_finish_position,contradiction
economic_or_replay,max_trades,3496b04d1407bfa617b8d7e95b3dfc9a,1767902409000,sports_ranking_finish_position,contradiction
economic_or_replay,max_trades,3496b04d1407bfa617b8d7e95b3dfc9a,1767906009000,sports_ranking_finish_position,contradiction
economic_or_replay,max_trades,3496b04d1407bfa617b8d7e95b3dfc9a,1767909609000,sports_ranking_finish_position,contradiction
economic_or_replay,max_trades,3496b04d1407bfa617b8d7e95b3dfc9a,1767913209000,sports_ranking_finish_position,contradiction
economic_or_replay,max_trades,3496b04d1407bfa617b8d7e95b3dfc9a,1767916809000,sports_ranking_finish_position,contradiction
economic_or_replay,max_trades,3496b04d1407bfa617b8d7e95b3dfc9a,1767920409000,sports_ranking_finish_position,contradiction
economic_or_replay,max_trades,3496b04d1407bfa617b8d7e95b3dfc9a,1767924009000,sports_ranking_finish_position,contradiction
economic_or_replay,max_trades,3496b04d1407bfa617b8d7e95b3dfc9a,1767927609000,sports_ranking_finish_position,contradiction
economic_or_replay,max_trades,3496b04d1407bfa617b8d7e95b3dfc9a,1767931209000,sports_ranking_finish_position,contradiction
economic_or_replay,max_trades,3496b04d1407bfa617b8d7e95b3dfc9a,1767934809000,sports_ranking_finish_position,contradiction
economic_or_replay,max_trades,3496b04d1407bfa617b8d7e95b3dfc9a,1767938409000,sports_ranking_finish_position,contradiction
economic_or_replay,max_trades,3496b04d1407bfa617b8d7e95b3dfc9a,1767942009000,sports_ranking_finish_position,contradiction
economic_or_replay,max_trades,3496b04d1407bfa617b8d7e95b3dfc9a,1767945609000,sports_ranking_finish_position,contradiction
economic_or_replay,max_trades,3496b04d1407bfa617b8d7e95b3dfc9a,1767949209000,sports_ranking_finish_position,contradiction
economic_or_replay,max_trades,3496b04d1407bfa617b8d7e95b3dfc9a,1767952809000,sports_ranking_finish_position,contradiction
economic_or_replay,max_trades,3496b04d1407bfa617b8d7e95b3dfc9a,1767956409000,sports_ranking_finish_position,contradiction
economic_or_replay,max_trades,3496b04d1407bfa617b8d7e95b3dfc9a,1767960009000,sports_ranking_finish_position,contradiction
economic_or_replay,max_trades,3496b04d1407bfa617b8d7e95b3dfc9a,1767963609000,sports_ranking_finish_position,contradiction
economic_or_replay,max_trades,3496b04d1407bfa617b8d7e95b3dfc9a,1767967209000,sports_ranking_finish_position,contradiction
economic_or_replay,max_trades,3496b04d1407bfa617b8d7e95b3dfc9a,1767970809000,sports_ranking_finish_position,contradiction
economic_or_replay,max_trades,3496b04d1407bfa617b8d7e95b3dfc9a,1767974409000,sports_ranking_finish_position,contradiction
economic_or_replay,max_trades,3496b04d1407bfa617b8d7e95b3dfc9a,1767978009000,sports_ranking_finish_position,contradiction
economic_or_replay,max_trades,3496b04d1407bfa617b8d7e95b3dfc9a,1767981609000,sports_ranking_finish_position,contradiction
economic_or_replay,max_trades,3496b04d1407bfa617b8d7e95b3dfc9a,1767985209000,sports_ranking_finish_position,contradiction
economic_or_replay,max_trades,3496b04d1407bfa617b8d7e95b3dfc9a,1767988809000,sports_ranking_finish_position,contradiction
economic_or_replay,max_trades,3496b04d1407bfa617b8d7e95b3dfc9a,1767992409000,sports_ranking_finish_position,contradiction
economic_or_replay,max_trades,3496b04d1407bfa617b8d7e95b3dfc9a,1767996009000,sports_ranking_finish_position,contradiction
economic_or_replay,max_trades,3496b04d1407bfa617b8d7e95b3dfc9a,1767999609000,sports_ranking_finish_position,contradiction
economic_or_replay,max_trades,3496b04d1407bfa617b8d7e95b3dfc9a,1768003209000,sports_ranking_finish_position,contradiction
economic_or_replay,max_trades,3496b04d1407bfa617b8d7e95b3dfc9a,1768006809000,sports_ranking_finish_position,contradiction
economic_or_replay,max_trades,3496b04d1407bfa617b8d7e95b3dfc9a,1768010409000,sports_ranking_finish_position,contradiction
economic_or_replay,max_trades,3496b04d1407bfa617b8d7e95b3dfc9a,1768014009000,sports_ranking_finish_position,contradiction
economic_or_replay,max_trades,3496b04d1407bfa617b8d7e95b3dfc9a,1768017609000,sports_ranking_finish_position,contradiction
economic_or_replay,max_trades,3496b04d1407bfa617b8d7e95b3dfc9a,1768021209000,sports_ranking_finish_position,contradiction
economic_or_replay,max_trades,3496b04d1407bfa617b8d7e95b3dfc9a,1768024809000,sports_ranking_finish_position,contradiction
economic_or_replay,max_trades,3496b04d1407bfa617b8d7e95b3dfc9a,1768028409000,sports_ranking_finish_position,contradiction
economic_or_replay,max_trades,3496b04d1407bfa617b8d7e95b3dfc9a,1768032009000,sports_ranking_finish_position,contradiction
economic_or_replay,max_trades,3496b04d1407bfa617b8d7e95b3dfc9a,1768035609000,sports_ranking_finish_position,contradiction
economic_or_replay,max_trades,3496b04d1407bfa617b8d7e95b3dfc9a,1768039209000,sports_ranking_finish_position,contradiction
economic_or_replay,max_trades,3496b04d1407bfa617b8d7e95b3dfc9a,1768042809000,sports_ranking_finish_position,contradiction
economic_or_replay,max_trades,3496b04d1407bfa617b8d7e95b3dfc9a,1768046409000,sports_ranking_finish_position,contradiction
economic_or_replay,max_trades,3496b04d1407bfa617b8d7e95b3dfc9a,1768050009000,sports_ranking_finish_position,contradiction
economic_or_replay,max_trades,3496b04d1407bfa617b8d7e95b3dfc9a,1768053609000,sports_ranking_finish_position,contradiction
economic_or_replay,max_trades,3496b04d1407bfa617b8d7e95b3dfc9a,1768057209000,sports_ranking_finish_position,contradiction
economic_or_replay,max_trades,3496b04d1407bfa617b8d7e95b3dfc9a,1768060809000,sports_ranking_finish_position,contradiction
economic_or_replay,max_trades,3496b04d1407bfa617b8d7e95b3dfc9a,1768064409000,sports_ranking_finish_position,contradiction
economic_or_replay,max_trades,3496b04d1407bfa617b8d7e95b3dfc9a,1768068009000,sports_ranking_finish_position,contradiction
economic_or_replay,max_trades,3496b04d1407bfa617b8d7e95b3dfc9a,1768071609000,sports_ranking_finish_position,contradiction
economic_or_replay,max_trades,3496b04d1407bfa617b8d7e95b3dfc9a,1768075209000,sports_ranking_finish_position,contradiction
economic_or_replay,max_trades,3496b04d1407bfa617b8d7e95b3dfc9a,1768078809000,sports_ranking_finish_position,contradiction
economic_or_replay,max_trades,3496b04d1407bfa617b8d7e95b3dfc9a,1768082409000,sports_ranking_finish_position,contradiction
economic_or_replay,max_trades,3496b04d1407bfa617b8d7e95b3dfc9a,1768086009000,sports_ranking_finish_position,contradiction
economic_or_replay,max_trades,3496b04d1407bfa617b8d7e95b3dfc9a,1768089609000,sports_ranking_finish_position,contradiction
economic_or_replay,max_trades,3496b04d1407bfa617b8d7e95b3dfc9a,1768093209000,sports_ranking_finish_position,contradiction
economic_or_replay,max_trades,3496b04d1407bfa617b8d7e95b3dfc9a,1768096809000,sports_ranking_finish_position,contradiction
economic_or_replay,max_trades,3496b04d1407bfa617b8d7e95b3dfc9a,1768100409000,sports_ranking_finish_position,contradiction
economic_or_replay,max_trades,3496b04d1407bfa617b8d7e95b3dfc9a,1768104009000,sports_ranking_finish_position,contradiction
economic_or_replay,max_trades,3496b04d1407bfa617b8d7e95b3dfc9a,1768107609000,sports_ranking_finish_position,contradiction
economic_or_replay,max_trades,3496b04d1407bfa617b8d7e95b3dfc9a,1768111209000,sports_ranking_finish_position,contradiction
economic_or_replay,max_trades,3496b04d1407bfa617b8d7e95b3dfc9a,1768114809000,sports_ranking_finish_position,contradiction
economic_or_replay,max_trades,3496b04d1407bfa617b8d7e95b3dfc9a,1768118409000,sports_ranking_finish_position,contradiction
economic_or_replay,max_trades,3496b04d1407bfa617b8d7e95b3dfc9a,1768122009000,sports_ranking_finish_position,contradiction
economic_or_replay,max_trades,3496b04d1407bfa617b8d7e95b3dfc9a,1768125609000,sports_ranking_finish_position,contradiction
economic_or_replay,max_trades,3496b04d1407bfa617b8d7e95b3dfc9a,1768129209000,sports_ranking_finish_position,contradiction
economic_or_replay,max_trades,3496b04d1407bfa617b8d7e95b3dfc9a,1768132809000,sports_ranking_finish_position,contradiction
economic_or_replay,max_trades,3496b04d1407bfa617b8d7e95b3dfc9a,1768136409000,sports_ranking_finish_position,contradiction
economic_or_replay,max_trades,3496b04d1407bfa617b8d7e95b3dfc9a,1768140009000,sports_ranking_finish_position,contradiction
economic_or_replay,max_trades,3496b04d1407bfa617b8d7e95b3dfc9a,1768143609000,sports_ranking_finish_position,contradiction
economic_or_replay,max_trades,3496b04d1407bfa617b8d7e95b3dfc9a,1768147209000,sports_ranking_finish_position,contradiction
economic_or_replay,max_trades,3496b04d1407bfa617b8d7e95b3dfc9a,1768150809000,sports_ranking_finish_position,contradiction
economic_or_replay,max_trades,3496b04d1407bfa617b8d7e95b3dfc9a,1768154409000,sports_ranking_finish_position,contradiction
economic_or_replay,max_trades,3496b04d1407bfa617b8d7e95b3dfc9a,1768158009000,sports_ranking_finish_position,contradiction
economic_or_replay,max_trades,3496b04d1407bfa617b8d7e95b3dfc9a,1768161609000,sports_ranking_finish_position,contradiction
economic_or_replay,max_trades,3496b04d1407bfa617b8d7e95b3dfc9a,1768165209000,sports_ranking_finish_position,contradiction
economic_or_replay,max_trades,3496b04d1407bfa617b8d7e95b3dfc9a,1768168809000,sports_ranking_finish_position,contradiction
economic_or_replay,max_trades,3496b04d1407bfa617b8d7e95b3dfc9a,1768172409000,sports_ranking_finish_position,contradiction
economic_or_replay,max_trades,3496b04d1407bfa617b8d7e95b3dfc9a,1768176009000,sports_ranking_finish_position,contradiction
economic_or_replay,max_trades,3496b04d1407bfa617b8d7e95b3dfc9a,1768179609000,sports_ranking_finish_position,contradiction
economic_or_replay,max_trades,3496b04d1407bfa617b8d7e95b3dfc9a,1768183209000,sports_ranking_finish_position,contradiction
economic_or_replay,max_trades,3496b04d1407bfa617b8d7e95b3dfc9a,1768186809000,sports_ranking_finish_position,contradiction
economic_or_replay,max_trades,3496b04d1407bfa617b8d7e95b3dfc9a,1768190409000,sports_ranking_finish_position,contradiction
economic_or_replay,max_trades,3496b04d1407bfa617b8d7e95b3dfc9a,1768194009000,sports_ranking_finish_position,contradiction
economic_or_replay,max_trades,3496b04d1407bfa617b8d7e95b3dfc9a,1768197609000,sports_ranking_finish_position,contradiction
economic_or_replay,max_trades,3496b04d1407bfa617b8d7e95b3dfc9a,1768201209000,sports_ranking_finish_position,contradiction
economic_or_replay,max_trades,3496b04d1407bfa617b8d7e95b3dfc9a,1768204809000,sports_ranking_finish_position,contradiction
economic_or_replay,max_trades,3496b04d1407bfa617b8d7e95b3dfc9a,1768208409000,sports_ranking_finish_position,contradiction
economic_or_replay,max_trades,3496b04d1407bfa617b8d7e95b3dfc9a,1768212009000,sports_ranking_finish_position,contradiction
economic_or_replay,max_trades,3496b04d1407bfa617b8d7e95b3dfc9a,1768215609000,sports_ranking_finish_position,contradiction
economic_or_replay,max_trades,3496b04d1407bfa617b8d7e95b3dfc9a,1768219209000,sports_ranking_finish_position,contradiction
economic_or_replay,max_trades,3496b04d1407bfa617b8d7e95b3dfc9a,1768222809000,sports_ranking_finish_position,contradiction
economic_or_replay,max_trades,3496b04d1407bfa617b8d7e95b3dfc9a,1768226409000,sports_ranking_finish_position,contradiction
economic_or_replay,max_trades,3496b04d1407bfa617b8d7e95b3dfc9a,1768230009000,sports_ranking_finish_position,contradiction
economic_or_replay,max_trades,3496b04d1407bfa617b8d7e95b3dfc9a,1768233609000,sports_ranking_finish_position,contradiction
economic_or_replay,max_trades,3496b04d1407bfa617b8d7e95b3dfc9a,1768237209000,sports_ranking_finish_position,contradiction
economic_or_replay,max_trades,3496b04d1407bfa617b8d7e95b3dfc9a,1768240809000,sports_ranking_finish_position,contradiction
economic_or_replay,max_trades,3496b04d1407bfa617b8d7e95b3dfc9a,1768244409000,sports_ranking_finish_position,contradiction
economic_or_replay,max_trades,3496b04d1407bfa617b8d7e95b3dfc9a,1768248009000,sports_ranking_finish_position,contradiction
economic_or_replay,max_trades,3496b04d1407bfa617b8d7e95b3dfc9a,1768251609000,sports_ranking_finish_position,contradiction
economic_or_replay,max_trades,3496b04d1407bfa617b8d7e95b3dfc9a,1768255209000,sports_ranking_finish_position,contradiction
economic_or_replay,max_trades,3496b04d1407bfa617b8d7e95b3dfc9a,1768258809000,sports_ranking_finish_position,contradiction
economic_or_replay,max_trades,3496b04d1407bfa617b8d7e95b3dfc9a,1768262409000,sports_ranking_finish_position,contradiction
economic_or_replay,max_trades,3496b04d1407bfa617b8d7e95b3dfc9a,1768266009000,sports_ranking_finish_position,contradiction
economic_or_replay,max_trades,3496b04d1407bfa617b8d7e95b3dfc9a,1768269609000,sports_ranking_finish_position,contradiction
economic_or_replay,max_trades,3496b04d1407bfa617b8d7e95b3dfc9a,1768273209000,sports_ranking_finish_position,contradiction
economic_or_replay,max_trades,3496b04d1407bfa617b8d7e95b3dfc9a,1768276809000,sports_ranking_finish_position,contradiction
economic_or_replay,max_trades,3496b04d1407bfa617b8d7e95b3dfc9a,1768280409000,sports_ranking_finish_position,contradiction
economic_or_replay,max_trades,3496b04d1407bfa617b8d7e95b3dfc9a,1768284009000,sports_ranking_finish_position,contradiction
economic_or_replay,max_trades,3496b04d1407bfa617b8d7e95b3dfc9a,1768287609000,sports_ranking_finish_position,contradiction
economic_or_replay,max_trades,3496b04d1407bfa617b8d7e95b3dfc9a,1768291209000,sports_ranking_finish_position,contradiction
economic_or_replay,max_trades,3496b04d1407bfa617b8d7e95b3dfc9a,1768294809000,sports_ranking_finish_position,contradiction
economic_or_replay,max_trades,3496b04d1407bfa617b8d7e95b3dfc9a,1768298409000,sports_ranking_finish_position,contradiction
economic_or_replay,max_trades,3496b04d1407bfa617b8d7e95b3dfc9a,1768302009000,sports_ranking_finish_position,contradiction
economic_or_replay,max_trades,3496b04d1407bfa617b8d7e95b3dfc9a,1768305609000,sports_ranking_finish_position,contradiction
economic_or_replay,max_trades,3496b04d1407bfa617b8d7e95b3dfc9a,1768309209000,sports_ranking_finish_position,contradiction
economic_or_replay,max_trades,3496b04d1407bfa617b8d7e95b3dfc9a,1768312809000,sports_ranking_finish_position,contradiction
economic_or_replay,max_trades,3496b04d1407bfa617b8d7e95b3dfc9a,1768316409000,sports_ranking_finish_position,contradiction
economic_or_replay,max_trades,3496b04d1407bfa617b8d7e95b3dfc9a,1768320009000,sports_ranking_finish_position,contradiction
economic_or_replay,max_trades,3496b04d1407bfa617b8d7e95b3dfc9a,1768323609000,sports_ranking_finish_position,contradiction
economic_or_replay,max_trades,3496b04d1407bfa617b8d7e95b3dfc9a,1768327209000,sports_ranking_finish_position,contradiction
economic_or_replay,max_trades,3496b04d1407bfa617b8d7e95b3dfc9a,1768330809000,sports_ranking_finish_position,contradiction
economic_or_replay,max_trades,3496b04d1407bfa617b8d7e95b3dfc9a,1768334409000,sports_ranking_finish_position,contradiction
economic_or_replay,max_trades,3496b04d1407bfa617b8d7e95b3dfc9a,1768338009000,sports_ranking_finish_position,contradiction
economic_or_replay,max_trades,3496b04d1407bfa617b8d7e95b3dfc9a,1768341609000,sports_ranking_finish_position,contradiction
economic_or_replay,max_trades,3496b04d1407bfa617b8d7e95b3dfc9a,1768345209000,sports_ranking_finish_position,contradiction
economic_or_replay,max_trades,3496b04d1407bfa617b8d7e95b3dfc9a,1768348809000,sports_ranking_finish_position,contradiction
economic_or_replay,max_trades,3496b04d1407bfa617b8d7e95b3dfc9a,1768352409000,sports_ranking_finish_position,contradiction
economic_or_replay,max_trades,3496b04d1407bfa617b8d7e95b3dfc9a,1768356009000,sports_ranking_finish_position,contradiction
economic_or_replay,max_trades,3496b04d1407bfa617b8d7e95b3dfc9a,1768359609000,sports_ranking_finish_position,contradiction
economic_or_replay,max_trades,3496b04d1407bfa617b8d7e95b3dfc9a,1768363209000,sports_ranking_finish_position,contradiction
economic_or_replay,max_trades,3496b04d1407bfa617b8d7e95b3dfc9a,1768366809000,sports_ranking_finish_position,contradiction
economic_or_replay,max_trades,3496b04d1407bfa617b8d7e95b3dfc9a,1768370409000,sports_ranking_finish_position,contradiction
economic_or_replay,max_trades,3496b04d1407bfa617b8d7e95b3dfc9a,1768374009000,sports_ranking_finish_position,contradiction
economic_or_replay,max_trades,3496b04d1407bfa617b8d7e95b3dfc9a,1768377609000,sports_ranking_finish_position,contradiction
economic_or_replay,max_trades,3496b04d1407bfa617b8d7e95b3dfc9a,1768381209000,sports_ranking_finish_position,contradiction
economic_or_replay,max_trades,3496b04d1407bfa617b8d7e95b3dfc9a,1768384809000,sports_ranking_finish_position,contradiction
economic_or_replay,max_trades,3496b04d1407bfa617b8d7e95b3dfc9a,1768388409000,sports_ranking_finish_position,contradiction
economic_or_replay,max_trades,3496b04d1407bfa617b8d7e95b3dfc9a,1768392009000,sports_ranking_finish_position,contradiction
economic_or_replay,max_trades,3496b04d1407bfa617b8d7e95b3dfc9a,1768395609000,sports_ranking_finish_position,contradiction
economic_or_replay,max_trades,3496b04d1407bfa617b8d7e95b3dfc9a,1768399209000,sports_ranking_finish_position,contradiction
economic_or_replay,max_trades,3496b04d1407bfa617b8d7e95b3dfc9a,1768402809000,sports_ranking_finish_position,contradiction
economic_or_replay,max_trades,3496b04d1407bfa617b8d7e95b3dfc9a,1768406409000,sports_ranking_finish_position,contradiction
economic_or_replay,max_trades,3496b04d1407bfa617b8d7e95b3dfc9a,1768410009000,sports_ranking_finish_position,contradiction
economic_or_replay,max_trades,3496b04d1407bfa617b8d7e95b3dfc9a,1768413609000,sports_ranking_finish_position,contradiction
economic_or_replay,max_trades,3496b04d1407bfa617b8d7e95b3dfc9a,1768417209000,sports_ranking_finish_position,contradiction
economic_or_replay,max_trades,3496b04d1407bfa617b8d7e95b3dfc9a,1768420809000,sports_ranking_finish_position,contradiction
economic_or_replay,max_trades,3496b04d1407bfa617b8d7e95b3dfc9a,1768424409000,sports_ranking_finish_position,contradiction
economic_or_replay,max_trades,3496b04d1407bfa617b8d7e95b3dfc9a,1768428009000,sports_ranking_finish_position,contradiction
economic_or_replay,max_trades,3496b04d1407bfa617b8d7e95b3dfc9a,1768431609000,sports_ranking_finish_position,contradiction
economic_or_replay,max_trades,3496b04d1407bfa617b8d7e95b3dfc9a,1768435209000,sports_ranking_finish_position,contradiction
economic_or_replay,max_trades,3496b04d1407bfa617b8d7e95b3dfc9a,1768438809000,sports_ranking_finish_position,contradiction
economic_or_replay,max_trades,3496b04d1407bfa617b8d7e95b3dfc9a,1768442409000,sports_ranking_finish_position,contradiction
economic_or_replay,max_trades,3496b04d1407bfa617b8d7e95b3dfc9a,1768446009000,sports_ranking_finish_position,contradiction
economic_or_replay,max_trades,3496b04d1407bfa617b8d7e95b3dfc9a,1768449609000,sports_ranking_finish_position,contradiction
economic_or_replay,max_trades,3496b04d1407bfa617b8d7e95b3dfc9a,1768453209000,sports_ranking_finish_position,contradiction
economic_or_replay,max_trades,3496b04d1407bfa617b8d7e95b3dfc9a,1768456809000,sports_ranking_finish_position,contradiction
economic_or_replay,max_trades,3496b04d1407bfa617b8d7e95b3dfc9a,1768460409000,sports_ranking_finish_position,contradiction
economic_or_replay,max_trades,3496b04d1407bfa617b8d7e95b3dfc9a,1768464009000,sports_ranking_finish_position,contradiction
economic_or_replay,max_trades,3496b04d1407bfa617b8d7e95b3dfc9a,1768467609000,sports_ranking_finish_position,contradiction
economic_or_replay,max_trades,3496b04d1407bfa617b8d7e95b3dfc9a,1768471209000,sports_ranking_finish_position,contradiction
economic_or_replay,max_trades,3496b04d1407bfa617b8d7e95b3dfc9a,1768474809000,sports_ranking_finish_position,contradiction
economic_or_replay,max_trades,3496b04d1407bfa617b8d7e95b3dfc9a,1768478409000,sports_ranking_finish_position,contradiction
economic_or_replay,max_trades,3496b04d1407bfa617b8d7e95b3dfc9a,1768482009000,sports_ranking_finish_position,contradiction
economic_or_replay,max_trades,3496b04d1407bfa617b8d7e95b3dfc9a,1768485609000,sports_ranking_finish_position,contradiction
economic_or_replay,max_trades,3496b04d1407bfa617b8d7e95b3dfc9a,1768489209000,sports_ranking_finish_position,contradiction
economic_or_replay,max_trades,3496b04d1407bfa617b8d7e95b3dfc9a,1768492809000,sports_ranking_finish_position,contradiction
economic_or_replay,max_trades,3496b04d1407bfa617b8d7e95b3dfc9a,1768496409000,sports_ranking_finish_position,contradiction
economic_or_replay,max_trades,3496b04d1407bfa617b8d7e95b3dfc9a,1768500009000,sports_ranking_finish_position,contradiction
economic_or_replay,max_trades,3496b04d1407bfa617b8d7e95b3dfc9a,1768503609000,sports_ranking_finish_position,contradiction
economic_or_replay,max_trades,3496b04d1407bfa617b8d7e95b3dfc9a,1768507209000,sports_ranking_finish_position,contradiction
economic_or_replay,max_trades,3496b04d1407bfa617b8d7e95b3dfc9a,1768510809000,sports_ranking_finish_position,contradiction
economic_or_replay,max_trades,3496b04d1407bfa617b8d7e95b3dfc9a,1768514409000,sports_ranking_finish_position,contradiction
economic_or_replay,max_trades,3496b04d1407bfa617b8d7e95b3dfc9a,1768518009000,sports_ranking_finish_position,contradiction
economic_or_replay,max_trades,3496b04d1407bfa617b8d7e95b3dfc9a,1768521609000,sports_ranking_finish_position,contradiction
economic_or_replay,max_trades,3496b04d1407bfa617b8d7e95b3dfc9a,1768525209000,sports_ranking_finish_position,contradiction
economic_or_replay,max_trades,3496b04d1407bfa617b8d7e95b3dfc9a,1768528809000,sports_ranking_finish_position,contradiction
economic_or_replay,max_trades,3496b04d1407bfa617b8d7e95b3dfc9a,1768532409000,sports_ranking_finish_position,contradiction
economic_or_replay,max_trades,3496b04d1407bfa617b8d7e95b3dfc9a,1768536009000,sports_ranking_finish_position,contradiction
economic_or_replay,max_trades,3496b04d1407bfa617b8d7e95b3dfc9a,1768539609000,sports_ranking_finish_position,contradiction
economic_or_replay,max_trades,3496b04d1407bfa617b8d7e95b3dfc9a,1768543209000,sports_ranking_finish_position,contradiction
economic_or_replay,max_trades,3496b04d1407bfa617b8d7e95b3dfc9a,1768546809000,sports_ranking_finish_position,contradiction
economic_or_replay,max_trades,3496b04d1407bfa617b8d7e95b3dfc9a,1768550409000,sports_ranking_finish_position,contradiction
economic_or_replay,max_trades,3496b04d1407bfa617b8d7e95b3dfc9a,1768554009000,sports_ranking_finish_position,contradiction
economic_or_replay,max_trades,3496b04d1407bfa617b8d7e95b3dfc9a,1768557609000,sports_ranking_finish_position,contradiction
economic_or_replay,max_trades,3496b04d1407bfa617b8d7e95b3dfc9a,1768561209000,sports_ranking_finish_position,contradiction
economic_or_replay,max_trades,3496b04d1407bfa617b8d7e95b3dfc9a,1768564809000,sports_ranking_finish_position,contradiction
economic_or_replay,max_trades,3496b04d1407bfa617b8d7e95b3dfc9a,1768568409000,sports_ranking_finish_position,contradiction
economic_or_replay,max_trades,3496b04d1407bfa617b8d7e95b3dfc9a,1768572009000,sports_ranking_finish_position,contradiction
economic_or_replay,max_trades,3496b04d1407bfa617b8d7e95b3dfc9a,1768575609000,sports_ranking_finish_position,contradiction
economic_or_replay,max_trades,3496b04d1407bfa617b8d7e95b3dfc9a,1768579209000,sports_ranking_finish_position,contradiction
economic_or_replay,max_trades,3496b04d1407bfa617b8d7e95b3dfc9a,1768582809000,sports_ranking_finish_position,contradiction
economic_or_replay,max_trades,3496b04d1407bfa617b8d7e95b3dfc9a,1768586409000,sports_ranking_finish_position,contradiction
economic_or_replay,max_trades,3496b04d1407bfa617b8d7e95b3dfc9a,1768590009000,sports_ranking_finish_position,contradiction
economic_or_replay,max_trades,3496b04d1407bfa617b8d7e95b3dfc9a,1768593609000,sports_ranking_finish_position,contradiction
economic_or_replay,max_trades,3496b04d1407bfa617b8d7e95b3dfc9a,1768597209000,sports_ranking_finish_position,contradiction
economic_or_replay,max_trades,3496b04d1407bfa617b8d7e95b3dfc9a,1768600809000,sports_ranking_finish_position,contradiction
economic_or_replay,max_trades,3496b04d1407bfa617b8d7e95b3dfc9a,1768604409000,sports_ranking_finish_position,contradiction
economic_or_replay,max_trades,3496b04d1407bfa617b8d7e95b3dfc9a,1768608009000,sports_ranking_finish_position,contradiction
economic_or_replay,max_trades,3496b04d1407bfa617b8d7e95b3dfc9a,1768611609000,sports_ranking_finish_position,contradiction
economic_or_replay,max_trades,3496b04d1407bfa617b8d7e95b3dfc9a,1768615209000,sports_ranking_finish_position,contradiction
economic_or_replay,max_trades,3496b04d1407bfa617b8d7e95b3dfc9a,1768618809000,sports_ranking_finish_position,contradiction
economic_or_replay,max_trades,3496b04d1407bfa617b8d7e95b3dfc9a,1768622409000,sports_ranking_finish_position,contradiction
economic_or_replay,max_trades,3496b04d1407bfa617b8d7e95b3dfc9a,1768626009000,sports_ranking_finish_position,contradiction
economic_or_replay,max_trades,3496b04d1407bfa617b8d7e95b3dfc9a,1768629609000,sports_ranking_finish_position,contradiction
economic_or_replay,max_trades,3496b04d1407bfa617b8d7e95b3dfc9a,1768633209000,sports_ranking_finish_position,contradiction
economic_or_replay,max_trades,3496b04d1407bfa617b8d7e95b3dfc9a,1768636809000,sports_ranking_finish_position,contradiction
economic_or_replay,max_trades,3496b04d1407bfa617b8d7e95b3dfc9a,1768640409000,sports_ranking_finish_position,contradiction
economic_or_replay,max_trades,3496b04d1407bfa617b8d7e95b3dfc9a,1768644009000,sports_ranking_finish_position,contradiction
economic_or_replay,max_trades,3496b04d1407bfa617b8d7e95b3dfc9a,1768647609000,sports_ranking_finish_position,contradiction
economic_or_replay,max_trades,3496b04d1407bfa617b8d7e95b3dfc9a,1768651209000,sports_ranking_finish_position,contradiction
economic_or_replay,max_trades,3496b04d1407bfa617b8d7e95b3dfc9a,1768654809000,sports_ranking_finish_position,contradiction
economic_or_replay,max_trades,3496b04d1407bfa617b8d7e95b3dfc9a,1768658409000,sports_ranking_finish_position,contradiction
economic_or_replay,max_trades,3496b04d1407bfa617b8d7e95b3dfc9a,1768662009000,sports_ranking_finish_position,contradiction
economic_or_replay,max_trades,3496b04d1407bfa617b8d7e95b3dfc9a,1768665609000,sports_ranking_finish_position,contradiction
economic_or_replay,max_trades,3496b04d1407bfa617b8d7e95b3dfc9a,1768669209000,sports_ranking_finish_position,contradiction
economic_or_replay,max_trades,3496b04d1407bfa617b8d7e95b3dfc9a,1768672809000,sports_ranking_finish_position,contradiction
economic_or_replay,max_trades,3496b04d1407bfa617b8d7e95b3dfc9a,1768676409000,sports_ranking_finish_position,contradiction
economic_or_replay,max_trades,3496b04d1407bfa617b8d7e95b3dfc9a,1768680009000,sports_ranking_finish_position,contradiction
economic_or_replay,max_trades,3496b04d1407bfa617b8d7e95b3dfc9a,1768683609000,sports_ranking_finish_position,contradiction
economic_or_replay,max_trades,3496b04d1407bfa617b8d7e95b3dfc9a,1768687209000,sports_ranking_finish_position,contradiction
economic_or_replay,max_trades,3496b04d1407bfa617b8d7e95b3dfc9a,1768690809000,sports_ranking_finish_position,contradiction
economic_or_replay,max_trades,3496b04d1407bfa617b8d7e95b3dfc9a,1768694409000,sports_ranking_finish_position,contradiction
economic_or_replay,max_trades,3496b04d1407bfa617b8d7e95b3dfc9a,1768698009000,sports_ranking_finish_position,contradiction
economic_or_replay,max_trades,3496b04d1407bfa617b8d7e95b3dfc9a,1768701609000,sports_ranking_finish_position,contradiction
economic_or_replay,max_trades,3496b04d1407bfa617b8d7e95b3dfc9a,1768705209000,sports_ranking_finish_position,contradiction
economic_or_replay,max_trades,3496b04d1407bfa617b8d7e95b3dfc9a,1768708809000,sports_ranking_finish_position,contradiction
economic_or_replay,max_trades,3496b04d1407bfa617b8d7e95b3dfc9a,1768712409000,sports_ranking_finish_position,contradiction
economic_or_replay,max_trades,3496b04d1407bfa617b8d7e95b3dfc9a,1768716009000,sports_ranking_finish_position,contradiction
economic_or_replay,max_trades,3496b04d1407bfa617b8d7e95b3dfc9a,1768719609000,sports_ranking_finish_position,contradiction
economic_or_replay,max_trades,3496b04d1407bfa617b8d7e95b3dfc9a,1768723209000,sports_ranking_finish_position,contradiction
economic_or_replay,max_trades,3496b04d1407bfa617b8d7e95b3dfc9a,1768726809000,sports_ranking_finish_position,contradiction
economic_or_replay,max_trades,3496b04d1407bfa617b8d7e95b3dfc9a,1768730409000,sports_ranking_finish_position,contradiction
economic_or_replay,max_trades,3496b04d1407bfa617b8d7e95b3dfc9a,1768734009000,sports_ranking_finish_position,contradiction
economic_or_replay,max_trades,3496b04d1407bfa617b8d7e95b3dfc9a,1768737609000,sports_ranking_finish_position,contradiction
economic_or_replay,max_trades,3496b04d1407bfa617b8d7e95b3dfc9a,1768741209000,sports_ranking_finish_position,contradiction
economic_or_replay,max_trades,3496b04d1407bfa617b8d7e95b3dfc9a,1768744809000,sports_ranking_finish_position,contradiction
economic_or_replay,max_trades,3496b04d1407bfa617b8d7e95b3dfc9a,1768748409000,sports_ranking_finish_position,contradiction
economic_or_replay,max_trades,3496b04d1407bfa617b8d7e95b3dfc9a,1768752009000,sports_ranking_finish_position,contradiction
economic_or_replay,max_trades,3496b04d1407bfa617b8d7e95b3dfc9a,1768755609000,sports_ranking_finish_position,contradiction
economic_or_replay,max_trades,3496b04d1407bfa617b8d7e95b3dfc9a,1768759209000,sports_ranking_finish_position,contradiction
economic_or_replay,max_trades,3496b04d1407bfa617b8d7e95b3dfc9a,1768762809000,sports_ranking_finish_position,contradiction
economic_or_replay,max_trades,3496b04d1407bfa617b8d7e95b3dfc9a,1768766409000,sports_ranking_finish_position,contradiction
economic_or_replay,max_trades,3496b04d1407bfa617b8d7e95b3dfc9a,1768770009000,sports_ranking_finish_position,contradiction
economic_or_replay,max_trades,3496b04d1407bfa617b8d7e95b3dfc9a,1768773609000,sports_ranking_finish_position,contradiction
economic_or_replay,max_trades,3496b04d1407bfa617b8d7e95b3dfc9a,1768777209000,sports_ranking_finish_position,contradiction
economic_or_replay,max_trades,3496b04d1407bfa617b8d7e95b3dfc9a,1768780809000,sports_ranking_finish_position,contradiction
economic_or_replay,max_trades,3496b04d1407bfa617b8d7e95b3dfc9a,1768784409000,sports_ranking_finish_position,contradiction
economic_or_replay,max_trades,3496b04d1407bfa617b8d7e95b3dfc9a,1768788009000,sports_ranking_finish_position,contradiction
economic_or_replay,max_trades,3496b04d1407bfa617b8d7e95b3dfc9a,1768791609000,sports_ranking_finish_position,contradiction
economic_or_replay,max_trades,3496b04d1407bfa617b8d7e95b3dfc9a,1768795209000,sports_ranking_finish_position,contradiction
economic_or_replay,max_trades,3496b04d1407bfa617b8d7e95b3dfc9a,1768798809000,sports_ranking_finish_position,contradiction
economic_or_replay,max_trades,3496b04d1407bfa617b8d7e95b3dfc9a,1768802409000,sports_ranking_finish_position,contradiction
economic_or_replay,max_trades,3496b04d1407bfa617b8d7e95b3dfc9a,1768806009000,sports_ranking_finish_position,contradiction
economic_or_replay,max_trades,3496b04d1407bfa617b8d7e95b3dfc9a,1768809609000,sports_ranking_finish_position,contradiction
economic_or_replay,max_trades,3496b04d1407bfa617b8d7e95b3dfc9a,1768813209000,sports_ranking_finish_position,contradiction
economic_or_replay,max_trades,3496b04d1407bfa617b8d7e95b3dfc9a,1768816809000,sports_ranking_finish_position,contradiction
economic_or_replay,max_trades,3496b04d1407bfa617b8d7e95b3dfc9a,1768820409000,sports_ranking_finish_position,contradiction
economic_or_replay,max_trades,3496b04d1407bfa617b8d7e95b3dfc9a,1768824009000,sports_ranking_finish_position,contradiction
economic_or_replay,max_trades,3496b04d1407bfa617b8d7e95b3dfc9a,1768827609000,sports_ranking_finish_position,contradiction
economic_or_replay,max_trades,3496b04d1407bfa617b8d7e95b3dfc9a,1768831209000,sports_ranking_finish_position,contradiction
economic_or_replay,max_trades,3496b04d1407bfa617b8d7e95b3dfc9a,1768834809000,sports_ranking_finish_position,contradiction
economic_or_replay,max_trades,3496b04d1407bfa617b8d7e95b3dfc9a,1768838409000,sports_ranking_finish_position,contradiction
economic_or_replay,max_trades,3496b04d1407bfa617b8d7e95b3dfc9a,1768842009000,sports_ranking_finish_position,contradiction
economic_or_replay,max_trades,3496b04d1407bfa617b8d7e95b3dfc9a,1768845609000,sports_ranking_finish_position,contradiction
economic_or_replay,max_trades,3496b04d1407bfa617b8d7e95b3dfc9a,1768849209000,sports_ranking_finish_position,contradiction
economic_or_replay,max_trades,3496b04d1407bfa617b8d7e95b3dfc9a,1768852809000,sports_ranking_finish_position,contradiction
economic_or_replay,max_trades,3496b04d1407bfa617b8d7e95b3dfc9a,1768856409000,sports_ranking_finish_position,contradiction
economic_or_replay,max_trades,3496b04d1407bfa617b8d7e95b3dfc9a,1768860009000,sports_ranking_finish_position,contradiction
economic_or_replay,max_trades,3496b04d1407bfa617b8d7e95b3dfc9a,1768863609000,sports_ranking_finish_position,contradiction
economic_or_replay,max_trades,3496b04d1407bfa617b8d7e95b3dfc9a,1768867209000,sports_ranking_finish_position,contradiction
economic_or_replay,max_trades,3496b04d1407bfa617b8d7e95b3dfc9a,1768870809000,sports_ranking_finish_position,contradiction
economic_or_replay,max_trades,3496b04d1407bfa617b8d7e95b3dfc9a,1768874409000,sports_ranking_finish_position,contradiction
economic_or_replay,max_trades,3496b04d1407bfa617b8d7e95b3dfc9a,1768878009000,sports_ranking_finish_position,contradiction
economic_or_replay,max_trades,3496b04d1407bfa617b8d7e95b3dfc9a,1768881609000,sports_ranking_finish_position,contradiction
economic_or_replay,max_trades,3496b04d1407bfa617b8d7e95b3dfc9a,1768885209000,sports_ranking_finish_position,contradiction
economic_or_replay,max_trades,3496b04d1407bfa617b8d7e95b3dfc9a,1768888809000,sports_ranking_finish_position,contradiction
economic_or_replay,max_trades,3496b04d1407bfa617b8d7e95b3dfc9a,1768892409000,sports_ranking_finish_position,contradiction
economic_or_replay,max_trades,3496b04d1407bfa617b8d7e95b3dfc9a,1768896009000,sports_ranking_finish_position,contradiction
economic_or_replay,max_trades,3496b04d1407bfa617b8d7e95b3dfc9a,1768899609000,sports_ranking_finish_position,contradiction
economic_or_replay,max_trades,3496b04d1407bfa617b8d7e95b3dfc9a,1768903209000,sports_ranking_finish_position,contradiction
economic_or_replay,max_trades,3496b04d1407bfa617b8d7e95b3dfc9a,1768906809000,sports_ranking_finish_position,contradiction
economic_or_replay,max_trades,3496b04d1407bfa617b8d7e95b3dfc9a,1768910409000,sports_ranking_finish_position,contradiction
economic_or_replay,max_trades,3496b04d1407bfa617b8d7e95b3dfc9a,1768914009000,sports_ranking_finish_position,contradiction
economic_or_replay,max_trades,3496b04d1407bfa617b8d7e95b3dfc9a,1768917609000,sports_ranking_finish_position,contradiction
economic_or_replay,max_trades,3496b04d1407bfa617b8d7e95b3dfc9a,1768921209000,sports_ranking_finish_position,contradiction
economic_or_replay,max_trades,3496b04d1407bfa617b8d7e95b3dfc9a,1768924809000,sports_ranking_finish_position,contradiction
economic_or_replay,max_trades,3496b04d1407bfa617b8d7e95b3dfc9a,1768928409000,sports_ranking_finish_position,contradiction
economic_or_replay,max_trades,3496b04d1407bfa617b8d7e95b3dfc9a,1768932009000,sports_ranking_finish_position,contradiction
economic_or_replay,max_trades,3496b04d1407bfa617b8d7e95b3dfc9a,1768935609000,sports_ranking_finish_position,contradiction
economic_or_replay,max_trades,3496b04d1407bfa617b8d7e95b3dfc9a,1768939209000,sports_ranking_finish_position,contradiction
economic_or_replay,max_trades,3496b04d1407bfa617b8d7e95b3dfc9a,1768942809000,sports_ranking_finish_position,contradiction
economic_or_replay,max_trades,3496b04d1407bfa617b8d7e95b3dfc9a,1768946409000,sports_ranking_finish_position,contradiction
economic_or_replay,max_trades,3496b04d1407bfa617b8d7e95b3dfc9a,1768950009000,sports_ranking_finish_position,contradiction
economic_or_replay,max_trades,3496b04d1407bfa617b8d7e95b3dfc9a,1768953609000,sports_ranking_finish_position,contradiction
economic_or_replay,max_trades,3496b04d1407bfa617b8d7e95b3dfc9a,1768957209000,sports_ranking_finish_position,contradiction
economic_or_replay,max_trades,3496b04d1407bfa617b8d7e95b3dfc9a,1768960809000,sports_ranking_finish_position,contradiction
economic_or_replay,max_trades,3496b04d1407bfa617b8d7e95b3dfc9a,1768964409000,sports_ranking_finish_position,contradiction
economic_or_replay,max_trades,3496b04d1407bfa617b8d7e95b3dfc9a,1768968009000,sports_ranking_finish_position,contradiction
economic_or_replay,max_trades,3496b04d1407bfa617b8d7e95b3dfc9a,1768971609000,sports_ranking_finish_position,contradiction
economic_or_replay,max_trades,3496b04d1407bfa617b8d7e95b3dfc9a,1768975209000,sports_ranking_finish_position,contradiction
economic_or_replay,max_trades,3496b04d1407bfa617b8d7e95b3dfc9a,1768978809000,sports_ranking_finish_position,contradiction
economic_or_replay,max_trades,3496b04d1407bfa617b8d7e95b3dfc9a,1768982409000,sports_ranking_finish_position,contradiction
economic_or_replay,max_trades,3496b04d1407bfa617b8d7e95b3dfc9a,1768986009000,sports_ranking_finish_position,contradiction
economic_or_replay,max_trades,3496b04d1407bfa617b8d7e95b3dfc9a,1768989609000,sports_ranking_finish_position,contradiction
economic_or_replay,max_trades,3496b04d1407bfa617b8d7e95b3dfc9a,1768993209000,sports_ranking_finish_position,contradiction
economic_or_replay,max_trades,3496b04d1407bfa617b8d7e95b3dfc9a,1768996809000,sports_ranking_finish_position,contradiction
economic_or_replay,max_trades,3496b04d1407bfa617b8d7e95b3dfc9a,1769000409000,sports_ranking_finish_position,contradiction
economic_or_replay,max_trades,3496b04d1407bfa617b8d7e95b3dfc9a,1769004009000,sports_ranking_finish_position,contradiction
economic_or_replay,max_trades,3496b04d1407bfa617b8d7e95b3dfc9a,1769007609000,sports_ranking_finish_position,contradiction
economic_or_replay,max_trades,3496b04d1407bfa617b8d7e95b3dfc9a,1769011209000,sports_ranking_finish_position,contradiction
economic_or_replay,max_trades,3496b04d1407bfa617b8d7e95b3dfc9a,1769014809000,sports_ranking_finish_position,contradiction
economic_or_replay,max_trades,3496b04d1407bfa617b8d7e95b3dfc9a,1769018409000,sports_ranking_finish_position,contradiction
economic_or_replay,max_trades,3496b04d1407bfa617b8d7e95b3dfc9a,1769022009000,sports_ranking_finish_position,contradiction
economic_or_replay,max_trades,3496b04d1407bfa617b8d7e95b3dfc9a,1769025609000,sports_ranking_finish_position,contradiction
economic_or_replay,max_trades,3496b04d1407bfa617b8d7e95b3dfc9a,1769029209000,sports_ranking_finish_position,contradiction
economic_or_replay,max_trades,3496b04d1407bfa617b8d7e95b3dfc9a,1769032809000,sports_ranking_finish_position,contradiction
economic_or_replay,max_trades,3496b04d1407bfa617b8d7e95b3dfc9a,1769036409000,sports_ranking_finish_position,contradiction
economic_or_replay,max_trades,3496b04d1407bfa617b8d7e95b3dfc9a,1769040009000,sports_ranking_finish_position,contradiction
economic_or_replay,max_trades,3496b04d1407bfa617b8d7e95b3dfc9a,1769043609000,sports_ranking_finish_position,contradiction
economic_or_replay,max_trades,3496b04d1407bfa617b8d7e95b3dfc9a,1769047209000,sports_ranking_finish_position,contradiction
economic_or_replay,max_trades,3496b04d1407bfa617b8d7e95b3dfc9a,1769050809000,sports_ranking_finish_position,contradiction
economic_or_replay,max_trades,3496b04d1407bfa617b8d7e95b3dfc9a,1769054409000,sports_ranking_finish_position,contradiction
economic_or_replay,max_trades,3496b04d1407bfa617b8d7e95b3dfc9a,1769058009000,sports_ranking_finish_position,contradiction
economic_or_replay,max_trades,3496b04d1407bfa617b8d7e95b3dfc9a,1769061609000,sports_ranking_finish_position,contradiction
economic_or_replay,max_trades,3496b04d1407bfa617b8d7e95b3dfc9a,1769065209000,sports_ranking_finish_position,contradiction
economic_or_replay,max_trades,3496b04d1407bfa617b8d7e95b3dfc9a,1769068809000,sports_ranking_finish_position,contradiction
economic_or_replay,max_trades,3496b04d1407bfa617b8d7e95b3dfc9a,1769072409000,sports_ranking_finish_position,contradiction
economic_or_replay,max_trades,3496b04d1407bfa617b8d7e95b3dfc9a,1769076009000,sports_ranking_finish_position,contradiction
economic_or_replay,max_trades,3496b04d1407bfa617b8d7e95b3dfc9a,1769079609000,sports_ranking_finish_position,contradiction
economic_or_replay,max_trades,3496b04d1407bfa617b8d7e95b3dfc9a,1769083209000,sports_ranking_finish_position,contradiction
economic_or_replay,max_trades,3496b04d1407bfa617b8d7e95b3dfc9a,1769086809000,sports_ranking_finish_position,contradiction
economic_or_replay,max_trades,3496b04d1407bfa617b8d7e95b3dfc9a,1769090409000,sports_ranking_finish_position,contradiction
economic_or_replay,max_trades,3496b04d1407bfa617b8d7e95b3dfc9a,1769094009000,sports_ranking_finish_position,contradiction
economic_or_replay,max_trades,3496b04d1407bfa617b8d7e95b3dfc9a,1769097609000,sports_ranking_finish_position,contradiction
economic_or_replay,max_trades,3496b04d1407bfa617b8d7e95b3dfc9a,1769101209000,sports_ranking_finish_position,contradiction
economic_or_replay,max_trades,3496b04d1407bfa617b8d7e95b3dfc9a,1769104809000,sports_ranking_finish_position,contradiction
economic_or_replay,max_trades,3496b04d1407bfa617b8d7e95b3dfc9a,1769108409000,sports_ranking_finish_position,contradiction
economic_or_replay,max_trades,3496b04d1407bfa617b8d7e95b3dfc9a,1769112009000,sports_ranking_finish_position,contradiction
economic_or_replay,max_trades,3496b04d1407bfa617b8d7e95b3dfc9a,1769115609000,sports_ranking_finish_position,contradiction
economic_or_replay,max_trades,3496b04d1407bfa617b8d7e95b3dfc9a,1769119209000,sports_ranking_finish_position,contradiction
economic_or_replay,max_trades,3496b04d1407bfa617b8d7e95b3dfc9a,1769122809000,sports_ranking_finish_position,contradiction
economic_or_replay,max_trades,3496b04d1407bfa617b8d7e95b3dfc9a,1769126409000,sports_ranking_finish_position,contradiction
economic_or_replay,max_trades,3496b04d1407bfa617b8d7e95b3dfc9a,1769130009000,sports_ranking_finish_position,contradiction
economic_or_replay,max_trades,3496b04d1407bfa617b8d7e95b3dfc9a,1769133609000,sports_ranking_finish_position,contradiction
economic_or_replay,max_trades,3496b04d1407bfa617b8d7e95b3dfc9a,1769137209000,sports_ranking_finish_position,contradiction
economic_or_replay,max_trades,3496b04d1407bfa617b8d7e95b3dfc9a,1769140809000,sports_ranking_finish_position,contradiction
economic_or_replay,max_trades,3496b04d1407bfa617b8d7e95b3dfc9a,1769144409000,sports_ranking_finish_position,contradiction
economic_or_replay,max_trades,3496b04d1407bfa617b8d7e95b3dfc9a,1769148009000,sports_ranking_finish_position,contradiction
economic_or_replay,max_trades,3496b04d1407bfa617b8d7e95b3dfc9a,1769151609000,sports_ranking_finish_position,contradiction
economic_or_replay,max_trades,3496b04d1407bfa617b8d7e95b3dfc9a,1769155209000,sports_ranking_finish_position,contradiction
economic_or_replay,max_trades,3496b04d1407bfa617b8d7e95b3dfc9a,1769158809000,sports_ranking_finish_position,contradiction
economic_or_replay,max_trades,3496b04d1407bfa617b8d7e95b3dfc9a,1769162409000,sports_ranking_finish_position,contradiction
economic_or_replay,max_trades,3496b04d1407bfa617b8d7e95b3dfc9a,1769166009000,sports_ranking_finish_position,contradiction
economic_or_replay,max_trades,3496b04d1407bfa617b8d7e95b3dfc9a,1769169609000,sports_ranking_finish_position,contradiction
economic_or_replay,max_trades,3496b04d1407bfa617b8d7e95b3dfc9a,1769173209000,sports_ranking_finish_position,contradiction
economic_or_replay,max_trades,3496b04d1407bfa617b8d7e95b3dfc9a,1769176809000,sports_ranking_finish_position,contradiction
economic_or_replay,max_trades,3496b04d1407bfa617b8d7e95b3dfc9a,1769180409000,sports_ranking_finish_position,contradiction
economic_or_replay,max_trades,3496b04d1407bfa617b8d7e95b3dfc9a,1769184009000,sports_ranking_finish_position,contradiction
economic_or_replay,max_trades,3496b04d1407bfa617b8d7e95b3dfc9a,1769187609000,sports_ranking_finish_position,contradiction
economic_or_replay,max_trades,3496b04d1407bfa617b8d7e95b3dfc9a,1769191209000,sports_ranking_finish_position,contradiction
economic_or_replay,max_trades,3496b04d1407bfa617b8d7e95b3dfc9a,1769194809000,sports_ranking_finish_position,contradiction
economic_or_replay,max_trades,3496b04d1407bfa617b8d7e95b3dfc9a,1769198409000,sports_ranking_finish_position,contradiction
economic_or_replay,max_trades,3496b04d1407bfa617b8d7e95b3dfc9a,1769202009000,sports_ranking_finish_position,contradiction
economic_or_replay,max_trades,3496b04d1407bfa617b8d7e95b3dfc9a,1769205609000,sports_ranking_finish_position,contradiction
economic_or_replay,max_trades,3496b04d1407bfa617b8d7e95b3dfc9a,1769209209000,sports_ranking_finish_position,contradiction
economic_or_replay,max_trades,3496b04d1407bfa617b8d7e95b3dfc9a,1769212809000,sports_ranking_finish_position,contradiction
economic_or_replay,max_trades,3496b04d1407bfa617b8d7e95b3dfc9a,1769216409000,sports_ranking_finish_position,contradiction
economic_or_replay,max_trades,3496b04d1407bfa617b8d7e95b3dfc9a,1769220009000,sports_ranking_finish_position,contradiction
economic_or_replay,max_trades,3496b04d1407bfa617b8d7e95b3dfc9a,1769223609000,sports_ranking_finish_position,contradiction
economic_or_replay,max_trades,3496b04d1407bfa617b8d7e95b3dfc9a,1769227209000,sports_ranking_finish_position,contradiction
economic_or_replay,max_trades,3496b04d1407bfa617b8d7e95b3dfc9a,1769230809000,sports_ranking_finish_position,contradiction
economic_or_replay,max_trades,3496b04d1407bfa617b8d7e95b3dfc9a,1769234409000,sports_ranking_finish_position,contradiction
economic_or_replay,max_trades,3496b04d1407bfa617b8d7e95b3dfc9a,1769238009000,sports_ranking_finish_position,contradiction
economic_or_replay,max_trades,3496b04d1407bfa617b8d7e95b3dfc9a,1769241609000,sports_ranking_finish_position,contradiction
economic_or_replay,max_trades,3496b04d1407bfa617b8d7e95b3dfc9a,1769245209000,sports_ranking_finish_position,contradiction
economic_or_replay,max_trades,3496b04d1407bfa617b8d7e95b3dfc9a,1769248809000,sports_ranking_finish_position,contradiction
economic_or_replay,max_trades,3496b04d1407bfa617b8d7e95b3dfc9a,1769252409000,sports_ranking_finish_position,contradiction
economic_or_replay,max_trades,3496b04d1407bfa617b8d7e95b3dfc9a,1769256009000,sports_ranking_finish_position,contradiction
economic_or_replay,max_trades,3496b04d1407bfa617b8d7e95b3dfc9a,1769259609000,sports_ranking_finish_position,contradiction
economic_or_replay,max_trades,3496b04d1407bfa617b8d7e95b3dfc9a,1769263209000,sports_ranking_finish_position,contradiction
economic_or_replay,max_trades,3496b04d1407bfa617b8d7e95b3dfc9a,1769266809000,sports_ranking_finish_position,contradiction
economic_or_replay,max_trades,3496b04d1407bfa617b8d7e95b3dfc9a,1769270409000,sports_ranking_finish_position,contradiction
economic_or_replay,max_trades,3496b04d1407bfa617b8d7e95b3dfc9a,1769274009000,sports_ranking_finish_position,contradiction
economic_or_replay,max_trades,3496b04d1407bfa617b8d7e95b3dfc9a,1769277609000,sports_ranking_finish_position,contradiction
economic_or_replay,max_trades,3496b04d1407bfa617b8d7e95b3dfc9a,1769281209000,sports_ranking_finish_position,contradiction
economic_or_replay,max_trades,3496b04d1407bfa617b8d7e95b3dfc9a,1769284809000,sports_ranking_finish_position,contradiction
economic_or_replay,max_trades,3496b04d1407bfa617b8d7e95b3dfc9a,1769288409000,sports_ranking_finish_position,contradiction
economic_or_replay,max_trades,3496b04d1407bfa617b8d7e95b3dfc9a,1769292009000,sports_ranking_finish_position,contradiction
economic_or_replay,max_trades,3496b04d1407bfa617b8d7e95b3dfc9a,1769295609000,sports_ranking_finish_position,contradiction
economic_or_replay,max_trades,3496b04d1407bfa617b8d7e95b3dfc9a,1769299209000,sports_ranking_finish_position,contradiction
economic_or_replay,max_trades,3496b04d1407bfa617b8d7e95b3dfc9a,1769302809000,sports_ranking_finish_position,contradiction
economic_or_replay,max_trades,3496b04d1407bfa617b8d7e95b3dfc9a,1769306409000,sports_ranking_finish_position,contradiction
economic_or_replay,max_trades,3496b04d1407bfa617b8d7e95b3dfc9a,1769310009000,sports_ranking_finish_position,contradiction
economic_or_replay,max_trades,3496b04d1407bfa617b8d7e95b3dfc9a,1769313609000,sports_ranking_finish_position,contradiction
economic_or_replay,max_trades,3496b04d1407bfa617b8d7e95b3dfc9a,1769317209000,sports_ranking_finish_position,contradiction
economic_or_replay,max_trades,3496b04d1407bfa617b8d7e95b3dfc9a,1769320809000,sports_ranking_finish_position,contradiction
economic_or_replay,max_trades,3496b04d1407bfa617b8d7e95b3dfc9a,1769324409000,sports_ranking_finish_position,contradiction
economic_or_replay,max_trades,3496b04d1407bfa617b8d7e95b3dfc9a,1769328009000,sports_ranking_finish_position,contradiction
economic_or_replay,max_trades,3496b04d1407bfa617b8d7e95b3dfc9a,1769331609000,sports_ranking_finish_position,contradiction
economic_or_replay,max_trades,3496b04d1407bfa617b8d7e95b3dfc9a,1769335209000,sports_ranking_finish_position,contradiction
economic_or_replay,max_trades,3496b04d1407bfa617b8d7e95b3dfc9a,1769338809000,sports_ranking_finish_position,contradiction
economic_or_replay,max_trades,3496b04d1407bfa617b8d7e95b3dfc9a,1769342409000,sports_ranking_finish_position,contradiction
economic_or_replay,max_trades,3496b04d1407bfa617b8d7e95b3dfc9a,1769346009000,sports_ranking_finish_position,contradiction
economic_or_replay,max_trades,3496b04d1407bfa617b8d7e95b3dfc9a,1769349609000,sports_ranking_finish_position,contradiction
economic_or_replay,max_trades,3496b04d1407bfa617b8d7e95b3dfc9a,1769353209000,sports_ranking_finish_position,contradiction
economic_or_replay,max_trades,3496b04d1407bfa617b8d7e95b3dfc9a,1769356809000,sports_ranking_finish_position,contradiction
economic_or_replay,max_trades,3496b04d1407bfa617b8d7e95b3dfc9a,1769360409000,sports_ranking_finish_position,contradiction
economic_or_replay,max_trades,3496b04d1407bfa617b8d7e95b3dfc9a,1769364009000,sports_ranking_finish_position,contradiction
economic_or_replay,max_trades,3496b04d1407bfa617b8d7e95b3dfc9a,1769367609000,sports_ranking_finish_position,contradiction
economic_or_replay,max_trades,3496b04d1407bfa617b8d7e95b3dfc9a,1769371209000,sports_ranking_finish_position,contradiction
economic_or_replay,max_trades,3496b04d1407bfa617b8d7e95b3dfc9a,1769374809000,sports_ranking_finish_position,contradiction
economic_or_replay,max_trades,3496b04d1407bfa617b8d7e95b3dfc9a,1769378409000,sports_ranking_finish_position,contradiction
economic_or_replay,max_trades,3496b04d1407bfa617b8d7e95b3dfc9a,1769382009000,sports_ranking_finish_position,contradiction
economic_or_replay,max_trades,3496b04d1407bfa617b8d7e95b3dfc9a,1769385609000,sports_ranking_finish_position,contradiction
economic_or_replay,max_trades,3496b04d1407bfa617b8d7e95b3dfc9a,1769389209000,sports_ranking_finish_position,contradiction
economic_or_replay,max_trades,3496b04d1407bfa617b8d7e95b3dfc9a,1769392809000,sports_ranking_finish_position,contradiction
economic_or_replay,max_trades,3496b04d1407bfa617b8d7e95b3dfc9a,1769396409000,sports_ranking_finish_position,contradiction
economic_or_replay,max_trades,3496b04d1407bfa617b8d7e95b3dfc9a,1769400009000,sports_ranking_finish_position,contradiction
economic_or_replay,max_trades,3496b04d1407bfa617b8d7e95b3dfc9a,1769403609000,sports_ranking_finish_position,contradiction
economic_or_replay,max_trades,3496b04d1407bfa617b8d7e95b3dfc9a,1769407209000,sports_ranking_finish_position,contradiction
economic_or_replay,max_trades,3496b04d1407bfa617b8d7e95b3dfc9a,1769410809000,sports_ranking_finish_position,contradiction
economic_or_replay,max_trades,3496b04d1407bfa617b8d7e95b3dfc9a,1769414409000,sports_ranking_finish_position,contradiction
economic_or_replay,max_trades,3496b04d1407bfa617b8d7e95b3dfc9a,1769418009000,sports_ranking_finish_position,contradiction
economic_or_replay,max_trades,3496b04d1407bfa617b8d7e95b3dfc9a,1769421609000,sports_ranking_finish_position,contradiction
economic_or_replay,max_trades,3496b04d1407bfa617b8d7e95b3dfc9a,1769425209000,sports_ranking_finish_position,contradiction
economic_or_replay,max_trades,3496b04d1407bfa617b8d7e95b3dfc9a,1769428809000,sports_ranking_finish_position,contradiction
economic_or_replay,max_trades,3496b04d1407bfa617b8d7e95b3dfc9a,1769432409000,sports_ranking_finish_position,contradiction
economic_or_replay,max_trades,3496b04d1407bfa617b8d7e95b3dfc9a,1769436009000,sports_ranking_finish_position,contradiction
economic_or_replay,max_trades,3496b04d1407bfa617b8d7e95b3dfc9a,1769439609000,sports_ranking_finish_position,contradiction
economic_or_replay,max_trades,3496b04d1407bfa617b8d7e95b3dfc9a,1769443209000,sports_ranking_finish_position,contradiction
economic_or_replay,max_trades,3496b04d1407bfa617b8d7e95b3dfc9a,1769446809000,sports_ranking_finish_position,contradiction
economic_or_replay,max_trades,3496b04d1407bfa617b8d7e95b3dfc9a,1769450409000,sports_ranking_finish_position,contradiction
economic_or_replay,max_trades,3496b04d1407bfa617b8d7e95b3dfc9a,1769454009000,sports_ranking_finish_position,contradiction
economic_or_replay,max_trades,3496b04d1407bfa617b8d7e95b3dfc9a,1769457609000,sports_ranking_finish_position,contradiction
economic_or_replay,max_trades,3496b04d1407bfa617b8d7e95b3dfc9a,1769461209000,sports_ranking_finish_position,contradiction
economic_or_replay,max_trades,3496b04d1407bfa617b8d7e95b3dfc9a,1769464809000,sports_ranking_finish_position,contradiction
economic_or_replay,max_trades,3496b04d1407bfa617b8d7e95b3dfc9a,1769468409000,sports_ranking_finish_position,contradiction
economic_or_replay,max_trades,3496b04d1407bfa617b8d7e95b3dfc9a,1769472009000,sports_ranking_finish_position,contradiction
economic_or_replay,max_trades,3496b04d1407bfa617b8d7e95b3dfc9a,1769475609000,sports_ranking_finish_position,contradiction
economic_or_replay,max_trades,3496b04d1407bfa617b8d7e95b3dfc9a,1769479209000,sports_ranking_finish_position,contradiction
economic_or_replay,max_trades,3496b04d1407bfa617b8d7e95b3dfc9a,1769482809000,sports_ranking_finish_position,contradiction
economic_or_replay,max_trades,3496b04d1407bfa617b8d7e95b3dfc9a,1769486409000,sports_ranking_finish_position,contradiction
economic_or_replay,max_trades,3496b04d1407bfa617b8d7e95b3dfc9a,1769490009000,sports_ranking_finish_position,contradiction
economic_or_replay,max_trades,3496b04d1407bfa617b8d7e95b3dfc9a,1769493609000,sports_ranking_finish_position,contradiction
economic_or_replay,max_trades,3496b04d1407bfa617b8d7e95b3dfc9a,1769497209000,sports_ranking_finish_position,contradiction
economic_or_replay,max_trades,3496b04d1407bfa617b8d7e95b3dfc9a,1769500809000,sports_ranking_finish_position,contradiction
economic_or_replay,max_trades,3496b04d1407bfa617b8d7e95b3dfc9a,1769504409000,sports_ranking_finish_position,contradiction
economic_or_replay,max_trades,3496b04d1407bfa617b8d7e95b3dfc9a,1769508009000,sports_ranking_finish_position,contradiction
economic_or_replay,max_trades,3496b04d1407bfa617b8d7e95b3dfc9a,1769511609000,sports_ranking_finish_position,contradiction
economic_or_replay,max_trades,3496b04d1407bfa617b8d7e95b3dfc9a,1769515209000,sports_ranking_finish_position,contradiction
economic_or_replay,max_trades,3496b04d1407bfa617b8d7e95b3dfc9a,1769518809000,sports_ranking_finish_position,contradiction
economic_or_replay,max_trades,3496b04d1407bfa617b8d7e95b3dfc9a,1769522409000,sports_ranking_finish_position,contradiction
economic_or_replay,max_trades,3496b04d1407bfa617b8d7e95b3dfc9a,1769526009000,sports_ranking_finish_position,contradiction
economic_or_replay,max_trades,3496b04d1407bfa617b8d7e95b3dfc9a,1769529609000,sports_ranking_finish_position,contradiction
economic_or_replay,max_trades,3496b04d1407bfa617b8d7e95b3dfc9a,1769533209000,sports_ranking_finish_position,contradiction
economic_or_replay,max_trades,3496b04d1407bfa617b8d7e95b3dfc9a,1769536809000,sports_ranking_finish_position,contradiction
economic_or_replay,max_trades,3496b04d1407bfa617b8d7e95b3dfc9a,1769540409000,sports_ranking_finish_position,contradiction
economic_or_replay,max_trades,3496b04d1407bfa617b8d7e95b3dfc9a,1769544009000,sports_ranking_finish_position,contradiction
economic_or_replay,max_trades,3496b04d1407bfa617b8d7e95b3dfc9a,1769547609000,sports_ranking_finish_position,contradiction
economic_or_replay,max_trades,3496b04d1407bfa617b8d7e95b3dfc9a,1769551209000,sports_ranking_finish_position,contradiction
economic_or_replay,max_trades,3496b04d1407bfa617b8d7e95b3dfc9a,1769554809000,sports_ranking_finish_position,contradiction
economic_or_replay,max_trades,3496b04d1407bfa617b8d7e95b3dfc9a,1769558409000,sports_ranking_finish_position,contradiction
economic_or_replay,max_trades,3496b04d1407bfa617b8d7e95b3dfc9a,1769562009000,sports_ranking_finish_position,contradiction
economic_or_replay,max_trades,3496b04d1407bfa617b8d7e95b3dfc9a,1769565609000,sports_ranking_finish_position,contradiction
economic_or_replay,max_trades,3496b04d1407bfa617b8d7e95b3dfc9a,1769569209000,sports_ranking_finish_position,contradiction
economic_or_replay,max_trades,3496b04d1407bfa617b8d7e95b3dfc9a,1769572809000,sports_ranking_finish_position,contradiction
economic_or_replay,max_trades,3496b04d1407bfa617b8d7e95b3dfc9a,1769576409000,sports_ranking_finish_position,contradiction
economic_or_replay,max_trades,3496b04d1407bfa617b8d7e95b3dfc9a,1769580009000,sports_ranking_finish_position,contradiction
economic_or_replay,max_trades,3496b04d1407bfa617b8d7e95b3dfc9a,1769583609000,sports_ranking_finish_position,contradiction
economic_or_replay,max_trades,3496b04d1407bfa617b8d7e95b3dfc9a,1769587209000,sports_ranking_finish_position,contradiction
economic_or_replay,max_trades,3496b04d1407bfa617b8d7e95b3dfc9a,1769590809000,sports_ranking_finish_position,contradiction
economic_or_replay,max_trades,3496b04d1407bfa617b8d7e95b3dfc9a,1769594409000,sports_ranking_finish_position,contradiction
economic_or_replay,max_trades,3496b04d1407bfa617b8d7e95b3dfc9a,1769598009000,sports_ranking_finish_position,contradiction
economic_or_replay,max_trades,3496b04d1407bfa617b8d7e95b3dfc9a,1769601609000,sports_ranking_finish_position,contradiction
economic_or_replay,max_trades,3496b04d1407bfa617b8d7e95b3dfc9a,1769605209000,sports_ranking_finish_position,contradiction
economic_or_replay,max_trades,3496b04d1407bfa617b8d7e95b3dfc9a,1769608809000,sports_ranking_finish_position,contradiction
economic_or_replay,max_trades,3496b04d1407bfa617b8d7e95b3dfc9a,1769612409000,sports_ranking_finish_position,contradiction
economic_or_replay,max_trades,3496b04d1407bfa617b8d7e95b3dfc9a,1769616009000,sports_ranking_finish_position,contradiction
economic_or_replay,max_trades,3496b04d1407bfa617b8d7e95b3dfc9a,1769619609000,sports_ranking_finish_position,contradiction
economic_or_replay,max_trades,3496b04d1407bfa617b8d7e95b3dfc9a,1769623209000,sports_ranking_finish_position,contradiction
economic_or_replay,max_trades,3496b04d1407bfa617b8d7e95b3dfc9a,1769626809000,sports_ranking_finish_position,contradiction
economic_or_replay,max_trades,3496b04d1407bfa617b8d7e95b3dfc9a,1769630409000,sports_ranking_finish_position,contradiction
economic_or_replay,max_trades,3496b04d1407bfa617b8d7e95b3dfc9a,1769634009000,sports_ranking_finish_position,contradiction
economic_or_replay,max_trades,3496b04d1407bfa617b8d7e95b3dfc9a,1769637609000,sports_ranking_finish_position,contradiction
economic_or_replay,max_trades,3496b04d1407bfa617b8d7e95b3dfc9a,1769641209000,sports_ranking_finish_position,contradiction
economic_or_replay,max_trades,3496b04d1407bfa617b8d7e95b3dfc9a,1769644809000,sports_ranking_finish_position,contradiction
economic_or_replay,max_trades,3496b04d1407bfa617b8d7e95b3dfc9a,1769648409000,sports_ranking_finish_position,contradiction
economic_or_replay,max_trades,3496b04d1407bfa617b8d7e95b3dfc9a,1769652009000,sports_ranking_finish_position,contradiction
economic_or_replay,max_trades,3496b04d1407bfa617b8d7e95b3dfc9a,1769655609000,sports_ranking_finish_position,contradiction
economic_or_replay,max_trades,3496b04d1407bfa617b8d7e95b3dfc9a,1769659209000,sports_ranking_finish_position,contradiction
economic_or_replay,max_trades,3496b04d1407bfa617b8d7e95b3dfc9a,1769662809000,sports_ranking_finish_position,contradiction
economic_or_replay,max_trades,3496b04d1407bfa617b8d7e95b3dfc9a,1769666409000,sports_ranking_finish_position,contradiction
economic_or_replay,max_trades,3496b04d1407bfa617b8d7e95b3dfc9a,1769670009000,sports_ranking_finish_position,contradiction
economic_or_replay,max_trades,3496b04d1407bfa617b8d7e95b3dfc9a,1769673609000,sports_ranking_finish_position,contradiction
economic_or_replay,max_trades,3496b04d1407bfa617b8d7e95b3dfc9a,1769677209000,sports_ranking_finish_position,contradiction
economic_or_replay,max_trades,3496b04d1407bfa617b8d7e95b3dfc9a,1769680809000,sports_ranking_finish_position,contradiction
economic_or_replay,max_trades,3496b04d1407bfa617b8d7e95b3dfc9a,1769684409000,sports_ranking_finish_position,contradiction
economic_or_replay,max_trades,3496b04d1407bfa617b8d7e95b3dfc9a,1769688009000,sports_ranking_finish_position,contradiction
economic_or_replay,max_trades,3496b04d1407bfa617b8d7e95b3dfc9a,1769691609000,sports_ranking_finish_position,contradiction
economic_or_replay,max_trades,3496b04d1407bfa617b8d7e95b3dfc9a,1769695209000,sports_ranking_finish_position,contradiction
economic_or_replay,max_trades,3496b04d1407bfa617b8d7e95b3dfc9a,1769698809000,sports_ranking_finish_position,contradiction
economic_or_replay,max_trades,3496b04d1407bfa617b8d7e95b3dfc9a,1769702409000,sports_ranking_finish_position,contradiction
economic_or_replay,max_trades,3496b04d1407bfa617b8d7e95b3dfc9a,1769706009000,sports_ranking_finish_position,contradiction
economic_or_replay,max_trades,3496b04d1407bfa617b8d7e95b3dfc9a,1769709609000,sports_ranking_finish_position,contradiction
economic_or_replay,max_trades,3496b04d1407bfa617b8d7e95b3dfc9a,1769713209000,sports_ranking_finish_position,contradiction
economic_or_replay,max_trades,3496b04d1407bfa617b8d7e95b3dfc9a,1769716809000,sports_ranking_finish_position,contradiction
economic_or_replay,max_trades,3496b04d1407bfa617b8d7e95b3dfc9a,1769720409000,sports_ranking_finish_position,contradiction
economic_or_replay,max_trades,3496b04d1407bfa617b8d7e95b3dfc9a,1769724009000,sports_ranking_finish_position,contradiction
economic_or_replay,max_trades,3496b04d1407bfa617b8d7e95b3dfc9a,1769727609000,sports_ranking_finish_position,contradiction
economic_or_replay,max_trades,3496b04d1407bfa617b8d7e95b3dfc9a,1769731209000,sports_ranking_finish_position,contradiction
economic_or_replay,max_trades,3496b04d1407bfa617b8d7e95b3dfc9a,1769734809000,sports_ranking_finish_position,contradiction
economic_or_replay,max_trades,3496b04d1407bfa617b8d7e95b3dfc9a,1769738409000,sports_ranking_finish_position,contradiction
economic_or_replay,max_trades,3496b04d1407bfa617b8d7e95b3dfc9a,1769742009000,sports_ranking_finish_position,contradiction
economic_or_replay,max_trades,3496b04d1407bfa617b8d7e95b3dfc9a,1769745609000,sports_ranking_finish_position,contradiction
economic_or_replay,max_trades,3496b04d1407bfa617b8d7e95b3dfc9a,1769749209000,sports_ranking_finish_position,contradiction
economic_or_replay,max_trades,3496b04d1407bfa617b8d7e95b3dfc9a,1769752809000,sports_ranking_finish_position,contradiction
economic_or_replay,max_trades,3496b04d1407bfa617b8d7e95b3dfc9a,1769756409000,sports_ranking_finish_position,contradiction
economic_or_replay,max_trades,3496b04d1407bfa617b8d7e95b3dfc9a,1769760009000,sports_ranking_finish_position,contradiction
economic_or_replay,max_trades,3496b04d1407bfa617b8d7e95b3dfc9a,1769763609000,sports_ranking_finish_position,contradiction
economic_or_replay,max_trades,3496b04d1407bfa617b8d7e95b3dfc9a,1769767209000,sports_ranking_finish_position,contradiction
economic_or_replay,max_trades,3496b04d1407bfa617b8d7e95b3dfc9a,1769770809000,sports_ranking_finish_position,contradiction
economic_or_replay,max_trades,3496b04d1407bfa617b8d7e95b3dfc9a,1769774409000,sports_ranking_finish_position,contradiction
economic_or_replay,max_trades,3496b04d1407bfa617b8d7e95b3dfc9a,1769778009000,sports_ranking_finish_position,contradiction
economic_or_replay,max_trades,3496b04d1407bfa617b8d7e95b3dfc9a,1769781609000,sports_ranking_finish_position,contradiction
economic_or_replay,max_trades,3496b04d1407bfa617b8d7e95b3dfc9a,1769785209000,sports_ranking_finish_position,contradiction
economic_or_replay,max_trades,3496b04d1407bfa617b8d7e95b3dfc9a,1769788809000,sports_ranking_finish_position,contradiction
economic_or_replay,max_trades,3496b04d1407bfa617b8d7e95b3dfc9a,1769792409000,sports_ranking_finish_position,contradiction
economic_or_replay,max_trades,3496b04d1407bfa617b8d7e95b3dfc9a,1769796009000,sports_ranking_finish_position,contradiction
economic_or_replay,max_trades,3496b04d1407bfa617b8d7e95b3dfc9a,1769799609000,sports_ranking_finish_position,contradiction
economic_or_replay,max_trades,3496b04d1407bfa617b8d7e95b3dfc9a,1769803209000,sports_ranking_finish_position,contradiction
economic_or_replay,max_trades,3496b04d1407bfa617b8d7e95b3dfc9a,1769806809000,sports_ranking_finish_position,contradiction
economic_or_replay,max_trades,3496b04d1407bfa617b8d7e95b3dfc9a,1769810409000,sports_ranking_finish_position,contradiction
economic_or_replay,max_trades,3496b04d1407bfa617b8d7e95b3dfc9a,1769814009000,sports_ranking_finish_position,contradiction
economic_or_replay,max_trades,3496b04d1407bfa617b8d7e95b3dfc9a,1769817609000,sports_ranking_finish_position,contradiction
economic_or_replay,max_trades,3496b04d1407bfa617b8d7e95b3dfc9a,1769821209000,sports_ranking_finish_position,contradiction
economic_or_replay,max_trades,3496b04d1407bfa617b8d7e95b3dfc9a,1769824809000,sports_ranking_finish_position,contradiction
economic_or_replay,max_trades,3496b04d1407bfa617b8d7e95b3dfc9a,1769828409000,sports_ranking_finish_position,contradiction
economic_or_replay,max_trades,3496b04d1407bfa617b8d7e95b3dfc9a,1769832009000,sports_ranking_finish_position,contradiction
economic_or_replay,max_trades,3496b04d1407bfa617b8d7e95b3dfc9a,1769835609000,sports_ranking_finish_position,contradiction
economic_or_replay,max_trades,3496b04d1407bfa617b8d7e95b3dfc9a,1769839209000,sports_ranking_finish_position,contradiction
economic_or_replay,max_trades,3496b04d1407bfa617b8d7e95b3dfc9a,1769842809000,sports_ranking_finish_position,contradiction
economic_or_replay,max_trades,3496b04d1407bfa617b8d7e95b3dfc9a,1769846409000,sports_ranking_finish_position,contradiction
economic_or_replay,max_trades,3496b04d1407bfa617b8d7e95b3dfc9a,1769850009000,sports_ranking_finish_position,contradiction
economic_or_replay,max_trades,3496b04d1407bfa617b8d7e95b3dfc9a,1769853609000,sports_ranking_finish_position,contradiction
economic_or_replay,max_trades,3496b04d1407bfa617b8d7e95b3dfc9a,1769857209000,sports_ranking_finish_position,contradiction
economic_or_replay,max_trades,3496b04d1407bfa617b8d7e95b3dfc9a,1769860809000,sports_ranking_finish_position,contradiction
economic_or_replay,max_trades,3496b04d1407bfa617b8d7e95b3dfc9a,1769864409000,sports_ranking_finish_position,contradiction
economic_or_replay,max_trades,3496b04d1407bfa617b8d7e95b3dfc9a,1769868009000,sports_ranking_finish_position,contradiction
economic_or_replay,max_trades,3496b04d1407bfa617b8d7e95b3dfc9a,1769871609000,sports_ranking_finish_position,contradiction
economic_or_replay,max_trades,3496b04d1407bfa617b8d7e95b3dfc9a,1769875209000,sports_ranking_finish_position,contradiction
economic_or_replay,max_trades,3496b04d1407bfa617b8d7e95b3dfc9a,1769878809000,sports_ranking_finish_position,contradiction
economic_or_replay,max_trades,3496b04d1407bfa617b8d7e95b3dfc9a,1769882409000,sports_ranking_finish_position,contradiction
economic_or_replay,max_trades,3496b04d1407bfa617b8d7e95b3dfc9a,1769886009000,sports_ranking_finish_position,contradiction
economic_or_replay,max_trades,3496b04d1407bfa617b8d7e95b3dfc9a,1769889609000,sports_ranking_finish_position,contradiction
economic_or_replay,max_trades,3496b04d1407bfa617b8d7e95b3dfc9a,1769893209000,sports_ranking_finish_position,contradiction
economic_or_replay,max_trades,3496b04d1407bfa617b8d7e95b3dfc9a,1769896809000,sports_ranking_finish_position,contradiction
economic_or_replay,max_trades,3496b04d1407bfa617b8d7e95b3dfc9a,1769900409000,sports_ranking_finish_position,contradiction
economic_or_replay,max_trades,3496b04d1407bfa617b8d7e95b3dfc9a,1769904009000,sports_ranking_finish_position,contradiction
economic_or_replay,max_trades,3496b04d1407bfa617b8d7e95b3dfc9a,1769907609000,sports_ranking_finish_position,contradiction
economic_or_replay,max_trades,3496b04d1407bfa617b8d7e95b3dfc9a,1769911209000,sports_ranking_finish_position,contradiction
economic_or_replay,max_trades,3496b04d1407bfa617b8d7e95b3dfc9a,1769914809000,sports_ranking_finish_position,contradiction
economic_or_replay,max_trades,3496b04d1407bfa617b8d7e95b3dfc9a,1769918409000,sports_ranking_finish_position,contradiction
economic_or_replay,max_trades,3496b04d1407bfa617b8d7e95b3dfc9a,1769922009000,sports_ranking_finish_position,contradiction
economic_or_replay,max_trades,3496b04d1407bfa617b8d7e95b3dfc9a,1769925609000,sports_ranking_finish_position,contradiction
economic_or_replay,max_trades,3496b04d1407bfa617b8d7e95b3dfc9a,1769929209000,sports_ranking_finish_position,contradiction
economic_or_replay,max_trades,3496b04d1407bfa617b8d7e95b3dfc9a,1769932809000,sports_ranking_finish_position,contradiction
economic_or_replay,max_trades,3496b04d1407bfa617b8d7e95b3dfc9a,1769936409000,sports_ranking_finish_position,contradiction
economic_or_replay,max_trades,3496b04d1407bfa617b8d7e95b3dfc9a,1769940009000,sports_ranking_finish_position,contradiction
economic_or_replay,max_trades,3496b04d1407bfa617b8d7e95b3dfc9a,1769943609000,sports_ranking_finish_position,contradiction
economic_or_replay,max_trades,3496b04d1407bfa617b8d7e95b3dfc9a,1769947209000,sports_ranking_finish_position,contradiction
economic_or_replay,max_trades,3496b04d1407bfa617b8d7e95b3dfc9a,1769950809000,sports_ranking_finish_position,contradiction
economic_or_replay,max_trades,3496b04d1407bfa617b8d7e95b3dfc9a,1769954409000,sports_ranking_finish_position,contradiction
economic_or_replay,max_trades,3496b04d1407bfa617b8d7e95b3dfc9a,1769958009000,sports_ranking_finish_position,contradiction
economic_or_replay,max_trades,3496b04d1407bfa617b8d7e95b3dfc9a,1769961609000,sports_ranking_finish_position,contradiction
economic_or_replay,max_trades,3496b04d1407bfa617b8d7e95b3dfc9a,1769965209000,sports_ranking_finish_position,contradiction
economic_or_replay,max_trades,3496b04d1407bfa617b8d7e95b3dfc9a,1769968809000,sports_ranking_finish_position,contradiction
economic_or_replay,max_trades,3496b04d1407bfa617b8d7e95b3dfc9a,1769972409000,sports_ranking_finish_position,contradiction
economic_or_replay,max_trades,3496b04d1407bfa617b8d7e95b3dfc9a,1769976009000,sports_ranking_finish_position,contradiction
economic_or_replay,max_trades,3496b04d1407bfa617b8d7e95b3dfc9a,1769979609000,sports_ranking_finish_position,contradiction
economic_or_replay,max_trades,3496b04d1407bfa617b8d7e95b3dfc9a,1769983209000,sports_ranking_finish_position,contradiction
economic_or_replay,max_trades,3496b04d1407bfa617b8d7e95b3dfc9a,1769986809000,sports_ranking_finish_position,contradiction
economic_or_replay,max_trades,3496b04d1407bfa617b8d7e95b3dfc9a,1769990409000,sports_ranking_finish_position,contradiction
economic_or_replay,max_trades,3496b04d1407bfa617b8d7e95b3dfc9a,1769994009000,sports_ranking_finish_position,contradiction
economic_or_replay,max_trades,3496b04d1407bfa617b8d7e95b3dfc9a,1769997609000,sports_ranking_finish_position,contradiction
economic_or_replay,max_trades,3496b04d1407bfa617b8d7e95b3dfc9a,1770001209000,sports_ranking_finish_position,contradiction
economic_or_replay,max_trades,3496b04d1407bfa617b8d7e95b3dfc9a,1770004809000,sports_ranking_finish_position,contradiction
economic_or_replay,max_trades,3496b04d1407bfa617b8d7e95b3dfc9a,1770008409000,sports_ranking_finish_position,contradiction
economic_or_replay,max_trades,3496b04d1407bfa617b8d7e95b3dfc9a,1770012009000,sports_ranking_finish_position,contradiction
economic_or_replay,max_trades,3496b04d1407bfa617b8d7e95b3dfc9a,1770015609000,sports_ranking_finish_position,contradiction
economic_or_replay,max_trades,3496b04d1407bfa617b8d7e95b3dfc9a,1770019209000,sports_ranking_finish_position,contradiction
economic_or_replay,max_trades,3496b04d1407bfa617b8d7e95b3dfc9a,1770022809000,sports_ranking_finish_position,contradiction
economic_or_replay,max_trades,3496b04d1407bfa617b8d7e95b3dfc9a,1770026409000,sports_ranking_finish_position,contradiction
economic_or_replay,max_trades,3496b04d1407bfa617b8d7e95b3dfc9a,1770030009000,sports_ranking_finish_position,contradiction
economic_or_replay,max_trades,3496b04d1407bfa617b8d7e95b3dfc9a,1770033609000,sports_ranking_finish_position,contradiction
economic_or_replay,max_trades,3496b04d1407bfa617b8d7e95b3dfc9a,1770037209000,sports_ranking_finish_position,contradiction
economic_or_replay,max_trades,3496b04d1407bfa617b8d7e95b3dfc9a,1770040809000,sports_ranking_finish_position,contradiction
economic_or_replay,max_trades,3496b04d1407bfa617b8d7e95b3dfc9a,1770044409000,sports_ranking_finish_position,contradiction
economic_or_replay,max_trades,3496b04d1407bfa617b8d7e95b3dfc9a,1770048009000,sports_ranking_finish_position,contradiction
economic_or_replay,max_trades,3496b04d1407bfa617b8d7e95b3dfc9a,1770051609000,sports_ranking_finish_position,contradiction
economic_or_replay,max_trades,3496b04d1407bfa617b8d7e95b3dfc9a,1770055209000,sports_ranking_finish_position,contradiction
economic_or_replay,max_trades,3496b04d1407bfa617b8d7e95b3dfc9a,1770058809000,sports_ranking_finish_position,contradiction
economic_or_replay,max_trades,3496b04d1407bfa617b8d7e95b3dfc9a,1770062409000,sports_ranking_finish_position,contradiction
economic_or_replay,max_trades,3496b04d1407bfa617b8d7e95b3dfc9a,1770066009000,sports_ranking_finish_position,contradiction
economic_or_replay,max_trades,3496b04d1407bfa617b8d7e95b3dfc9a,1770069609000,sports_ranking_finish_position,contradiction
economic_or_replay,max_trades,3496b04d1407bfa617b8d7e95b3dfc9a,1770073209000,sports_ranking_finish_position,contradiction
economic_or_replay,max_trades,3496b04d1407bfa617b8d7e95b3dfc9a,1770076809000,sports_ranking_finish_position,contradiction
economic_or_replay,max_trades,3496b04d1407bfa617b8d7e95b3dfc9a,1770080409000,sports_ranking_finish_position,contradiction
economic_or_replay,max_trades,3496b04d1407bfa617b8d7e95b3dfc9a,1770084009000,sports_ranking_finish_position,contradiction
economic_or_replay,max_trades,3496b04d1407bfa617b8d7e95b3dfc9a,1770087609000,sports_ranking_finish_position,contradiction
economic_or_replay,max_trades,3496b04d1407bfa617b8d7e95b3dfc9a,1770091209000,sports_ranking_finish_position,contradiction
economic_or_replay,max_trades,3496b04d1407bfa617b8d7e95b3dfc9a,1770094809000,sports_ranking_finish_position,contradiction
economic_or_replay,max_trades,3496b04d1407bfa617b8d7e95b3dfc9a,1770098409000,sports_ranking_finish_position,contradiction
economic_or_replay,max_trades,3496b04d1407bfa617b8d7e95b3dfc9a,1770102009000,sports_ranking_finish_position,contradiction
economic_or_replay,max_trades,3496b04d1407bfa617b8d7e95b3dfc9a,1770105609000,sports_ranking_finish_position,contradiction
economic_or_replay,max_trades,3496b04d1407bfa617b8d7e95b3dfc9a,1770109209000,sports_ranking_finish_position,contradiction
economic_or_replay,max_trades,3496b04d1407bfa617b8d7e95b3dfc9a,1770112809000,sports_ranking_finish_position,contradiction
economic_or_replay,max_trades,3496b04d1407bfa617b8d7e95b3dfc9a,1770116409000,sports_ranking_finish_position,contradiction
economic_or_replay,max_trades,3496b04d1407bfa617b8d7e95b3dfc9a,1770120009000,sports_ranking_finish_position,contradiction
economic_or_replay,max_trades,3496b04d1407bfa617b8d7e95b3dfc9a,1770123609000,sports_ranking_finish_position,contradiction
economic_or_replay,max_trades,3496b04d1407bfa617b8d7e95b3dfc9a,1770127209000,sports_ranking_finish_position,contradiction
economic_or_replay,max_trades,3496b04d1407bfa617b8d7e95b3dfc9a,1770130809000,sports_ranking_finish_position,contradiction
economic_or_replay,max_trades,3496b04d1407bfa617b8d7e95b3dfc9a,1770134409000,sports_ranking_finish_position,contradiction
economic_or_replay,max_trades,3496b04d1407bfa617b8d7e95b3dfc9a,1770138009000,sports_ranking_finish_position,contradiction
economic_or_replay,max_trades,3496b04d1407bfa617b8d7e95b3dfc9a,1770141609000,sports_ranking_finish_position,contradiction
economic_or_replay,max_trades,3496b04d1407bfa617b8d7e95b3dfc9a,1770145209000,sports_ranking_finish_position,contradiction
economic_or_replay,max_trades,3496b04d1407bfa617b8d7e95b3dfc9a,1770148809000,sports_ranking_finish_position,contradiction
economic_or_replay,max_trades,3496b04d1407bfa617b8d7e95b3dfc9a,1770152409000,sports_ranking_finish_position,contradiction
economic_or_replay,max_trades,3496b04d1407bfa617b8d7e95b3dfc9a,1770156009000,sports_ranking_finish_position,contradiction
economic_or_replay,max_trades,3496b04d1407bfa617b8d7e95b3dfc9a,1770159609000,sports_ranking_finish_position,contradiction
economic_or_replay,max_trades,3496b04d1407bfa617b8d7e95b3dfc9a,1770163209000,sports_ranking_finish_position,contradiction
economic_or_replay,max_trades,3496b04d1407bfa617b8d7e95b3dfc9a,1770166809000,sports_ranking_finish_position,contradiction
economic_or_replay,max_trades,3496b04d1407bfa617b8d7e95b3dfc9a,1770170409000,sports_ranking_finish_position,contradiction
economic_or_replay,max_trades,3496b04d1407bfa617b8d7e95b3dfc9a,1770174009000,sports_ranking_finish_position,contradiction
economic_or_replay,max_trades,3496b04d1407bfa617b8d7e95b3dfc9a,1770177609000,sports_ranking_finish_position,contradiction
economic_or_replay,max_trades,3496b04d1407bfa617b8d7e95b3dfc9a,1770181209000,sports_ranking_finish_position,contradiction
economic_or_replay,max_trades,3496b04d1407bfa617b8d7e95b3dfc9a,1770184809000,sports_ranking_finish_position,contradiction
economic_or_replay,max_trades,3496b04d1407bfa617b8d7e95b3dfc9a,1770188409000,sports_ranking_finish_position,contradiction
economic_or_replay,max_trades,3496b04d1407bfa617b8d7e95b3dfc9a,1770192009000,sports_ranking_finish_position,contradiction
economic_or_replay,max_trades,3496b04d1407bfa617b8d7e95b3dfc9a,1770195609000,sports_ranking_finish_position,contradiction
economic_or_replay,max_trades,3496b04d1407bfa617b8d7e95b3dfc9a,1770199209000,sports_ranking_finish_position,contradiction
economic_or_replay,max_trades,3496b04d1407bfa617b8d7e95b3dfc9a,1770202809000,sports_ranking_finish_position,contradiction
economic_or_replay,max_trades,3496b04d1407bfa617b8d7e95b3dfc9a,1770206409000,sports_ranking_finish_position,contradiction
economic_or_replay,max_trades,3496b04d1407bfa617b8d7e95b3dfc9a,1770210009000,sports_ranking_finish_position,contradiction
economic_or_replay,max_trades,3496b04d1407bfa617b8d7e95b3dfc9a,1770213609000,sports_ranking_finish_position,contradiction
economic_or_replay,max_trades,3496b04d1407bfa617b8d7e95b3dfc9a,1770217209000,sports_ranking_finish_position,contradiction
economic_or_replay,max_trades,3496b04d1407bfa617b8d7e95b3dfc9a,1770220809000,sports_ranking_finish_position,contradiction
economic_or_replay,max_trades,3496b04d1407bfa617b8d7e95b3dfc9a,1770224409000,sports_ranking_finish_position,contradiction
economic_or_replay,max_trades,3496b04d1407bfa617b8d7e95b3dfc9a,1770228009000,sports_ranking_finish_position,contradiction
economic_or_replay,max_trades,3496b04d1407bfa617b8d7e95b3dfc9a,1770231609000,sports_ranking_finish_position,contradiction
economic_or_replay,max_trades,3496b04d1407bfa617b8d7e95b3dfc9a,1770235209000,sports_ranking_finish_position,contradiction
economic_or_replay,max_trades,3496b04d1407bfa617b8d7e95b3dfc9a,1770238809000,sports_ranking_finish_position,contradiction
economic_or_replay,max_trades,3496b04d1407bfa617b8d7e95b3dfc9a,1770242409000,sports_ranking_finish_position,contradiction
economic_or_replay,max_trades,3496b04d1407bfa617b8d7e95b3dfc9a,1770246009000,sports_ranking_finish_position,contradiction
economic_or_replay,max_trades,3496b04d1407bfa617b8d7e95b3dfc9a,1770249609000,sports_ranking_finish_position,contradiction
economic_or_replay,max_trades,3496b04d1407bfa617b8d7e95b3dfc9a,1770253209000,sports_ranking_finish_position,contradiction
economic_or_replay,max_trades,3496b04d1407bfa617b8d7e95b3dfc9a,1770256809000,sports_ranking_finish_position,contradiction
economic_or_replay,max_trades,3496b04d1407bfa617b8d7e95b3dfc9a,1770260409000,sports_ranking_finish_position,contradiction
economic_or_replay,max_trades,3496b04d1407bfa617b8d7e95b3dfc9a,1770264009000,sports_ranking_finish_position,contradiction
economic_or_replay,max_trades,3496b04d1407bfa617b8d7e95b3dfc9a,1770267609000,sports_ranking_finish_position,contradiction
economic_or_replay,max_trades,3496b04d1407bfa617b8d7e95b3dfc9a,1770271209000,sports_ranking_finish_position,contradiction
economic_or_replay,max_trades,3496b04d1407bfa617b8d7e95b3dfc9a,1770274809000,sports_ranking_finish_position,contradiction
economic_or_replay,max_trades,3496b04d1407bfa617b8d7e95b3dfc9a,1770278409000,sports_ranking_finish_position,contradiction
economic_or_replay,max_trades,3496b04d1407bfa617b8d7e95b3dfc9a,1770282009000,sports_ranking_finish_position,contradiction
economic_or_replay,max_trades,3496b04d1407bfa617b8d7e95b3dfc9a,1770285609000,sports_ranking_finish_position,contradiction
economic_or_replay,max_trades,3496b04d1407bfa617b8d7e95b3dfc9a,1770289209000,sports_ranking_finish_position,contradiction
economic_or_replay,max_trades,3496b04d1407bfa617b8d7e95b3dfc9a,1770292809000,sports_ranking_finish_position,contradiction
economic_or_replay,max_trades,3496b04d1407bfa617b8d7e95b3dfc9a,1770296409000,sports_ranking_finish_position,contradiction
economic_or_replay,max_trades,3496b04d1407bfa617b8d7e95b3dfc9a,1770300009000,sports_ranking_finish_position,contradiction
economic_or_replay,max_trades,3496b04d1407bfa617b8d7e95b3dfc9a,1770303609000,sports_ranking_finish_position,contradiction
economic_or_replay,max_trades,3496b04d1407bfa617b8d7e95b3dfc9a,1770307209000,sports_ranking_finish_position,contradiction
economic_or_replay,max_trades,3496b04d1407bfa617b8d7e95b3dfc9a,1770310809000,sports_ranking_finish_position,contradiction
economic_or_replay,max_trades,3496b04d1407bfa617b8d7e95b3dfc9a,1770314409000,sports_ranking_finish_position,contradiction
economic_or_replay,max_trades,3496b04d1407bfa617b8d7e95b3dfc9a,1770318009000,sports_ranking_finish_position,contradiction
economic_or_replay,max_trades,3496b04d1407bfa617b8d7e95b3dfc9a,1770321609000,sports_ranking_finish_position,contradiction
economic_or_replay,max_trades,3496b04d1407bfa617b8d7e95b3dfc9a,1770325209000,sports_ranking_finish_position,contradiction
economic_or_replay,max_trades,3496b04d1407bfa617b8d7e95b3dfc9a,1770328809000,sports_ranking_finish_position,contradiction
economic_or_replay,max_trades,3496b04d1407bfa617b8d7e95b3dfc9a,1770332409000,sports_ranking_finish_position,contradiction
economic_or_replay,max_trades,3496b04d1407bfa617b8d7e95b3dfc9a,1770336009000,sports_ranking_finish_position,contradiction
economic_or_replay,max_trades,3496b04d1407bfa617b8d7e95b3dfc9a,1770339609000,sports_ranking_finish_position,contradiction
economic_or_replay,max_trades,3496b04d1407bfa617b8d7e95b3dfc9a,1770343209000,sports_ranking_finish_position,contradiction
economic_or_replay,max_trades,3496b04d1407bfa617b8d7e95b3dfc9a,1770346809000,sports_ranking_finish_position,contradiction
economic_or_replay,max_trades,3496b04d1407bfa617b8d7e95b3dfc9a,1770350409000,sports_ranking_finish_position,contradiction
economic_or_replay,max_trades,3496b04d1407bfa617b8d7e95b3dfc9a,1770354009000,sports_ranking_finish_position,contradiction
economic_or_replay,max_trades,3496b04d1407bfa617b8d7e95b3dfc9a,1770357609000,sports_ranking_finish_position,contradiction
economic_or_replay,max_trades,3496b04d1407bfa617b8d7e95b3dfc9a,1770361209000,sports_ranking_finish_position,contradiction
economic_or_replay,max_trades,3496b04d1407bfa617b8d7e95b3dfc9a,1770364809000,sports_ranking_finish_position,contradiction
economic_or_replay,max_trades,3496b04d1407bfa617b8d7e95b3dfc9a,1770368409000,sports_ranking_finish_position,contradiction
economic_or_replay,max_trades,3496b04d1407bfa617b8d7e95b3dfc9a,1770372009000,sports_ranking_finish_position,contradiction
economic_or_replay,max_trades,3496b04d1407bfa617b8d7e95b3dfc9a,1770375609000,sports_ranking_finish_position,contradiction
economic_or_replay,max_trades,3496b04d1407bfa617b8d7e95b3dfc9a,1770379209000,sports_ranking_finish_position,contradiction
economic_or_replay,max_trades,3496b04d1407bfa617b8d7e95b3dfc9a,1770382809000,sports_ranking_finish_position,contradiction
economic_or_replay,max_trades,3496b04d1407bfa617b8d7e95b3dfc9a,1770386409000,sports_ranking_finish_position,contradiction
economic_or_replay,max_trades,3496b04d1407bfa617b8d7e95b3dfc9a,1770390009000,sports_ranking_finish_position,contradiction
economic_or_replay,max_trades,3496b04d1407bfa617b8d7e95b3dfc9a,1770393609000,sports_ranking_finish_position,contradiction
economic_or_replay,max_trades,3496b04d1407bfa617b8d7e95b3dfc9a,1770397209000,sports_ranking_finish_position,contradiction
economic_or_replay,max_trades,3496b04d1407bfa617b8d7e95b3dfc9a,1770400809000,sports_ranking_finish_position,contradiction
economic_or_replay,max_trades,3496b04d1407bfa617b8d7e95b3dfc9a,1770404409000,sports_ranking_finish_position,contradiction
economic_or_replay,max_trades,3496b04d1407bfa617b8d7e95b3dfc9a,1770408009000,sports_ranking_finish_position,contradiction
economic_or_replay,max_trades,3496b04d1407bfa617b8d7e95b3dfc9a,1770411609000,sports_ranking_finish_position,contradiction
economic_or_replay,max_trades,3496b04d1407bfa617b8d7e95b3dfc9a,1770415209000,sports_ranking_finish_position,contradiction
economic_or_replay,max_trades,3496b04d1407bfa617b8d7e95b3dfc9a,1770418809000,sports_ranking_finish_position,contradiction
economic_or_replay,max_trades,3496b04d1407bfa617b8d7e95b3dfc9a,1770422409000,sports_ranking_finish_position,contradiction
economic_or_replay,max_trades,3496b04d1407bfa617b8d7e95b3dfc9a,1770426009000,sports_ranking_finish_position,contradiction
economic_or_replay,max_trades,3496b04d1407bfa617b8d7e95b3dfc9a,1770429609000,sports_ranking_finish_position,contradiction
economic_or_replay,max_trades,3496b04d1407bfa617b8d7e95b3dfc9a,1770433209000,sports_ranking_finish_position,contradiction
economic_or_replay,max_trades,3496b04d1407bfa617b8d7e95b3dfc9a,1770436809000,sports_ranking_finish_position,contradiction
economic_or_replay,max_trades,3496b04d1407bfa617b8d7e95b3dfc9a,1770440409000,sports_ranking_finish_position,contradiction
economic_or_replay,max_trades,3496b04d1407bfa617b8d7e95b3dfc9a,1770444009000,sports_ranking_finish_position,contradiction
economic_or_replay,max_trades,3496b04d1407bfa617b8d7e95b3dfc9a,1770447609000,sports_ranking_finish_position,contradiction
economic_or_replay,max_trades,3496b04d1407bfa617b8d7e95b3dfc9a,1770451209000,sports_ranking_finish_position,contradiction
economic_or_replay,max_trades,3496b04d1407bfa617b8d7e95b3dfc9a,1770454809000,sports_ranking_finish_position,contradiction
economic_or_replay,max_trades,3496b04d1407bfa617b8d7e95b3dfc9a,1770458409000,sports_ranking_finish_position,contradiction
economic_or_replay,max_trades,3496b04d1407bfa617b8d7e95b3dfc9a,1770462009000,sports_ranking_finish_position,contradiction
economic_or_replay,max_trades,3496b04d1407bfa617b8d7e95b3dfc9a,1770465609000,sports_ranking_finish_position,contradiction
economic_or_replay,max_trades,3496b04d1407bfa617b8d7e95b3dfc9a,1770469209000,sports_ranking_finish_position,contradiction
economic_or_replay,max_trades,3496b04d1407bfa617b8d7e95b3dfc9a,1770472809000,sports_ranking_finish_position,contradiction
economic_or_replay,max_trades,3496b04d1407bfa617b8d7e95b3dfc9a,1770476409000,sports_ranking_finish_position,contradiction
economic_or_replay,max_trades,3496b04d1407bfa617b8d7e95b3dfc9a,1770480009000,sports_ranking_finish_position,contradiction
economic_or_replay,max_trades,3496b04d1407bfa617b8d7e95b3dfc9a,1770483609000,sports_ranking_finish_position,contradiction
economic_or_replay,max_trades,3496b04d1407bfa617b8d7e95b3dfc9a,1770487209000,sports_ranking_finish_position,contradiction
economic_or_replay,max_trades,3496b04d1407bfa617b8d7e95b3dfc9a,1770490809000,sports_ranking_finish_position,contradiction
economic_or_replay,max_trades,3496b04d1407bfa617b8d7e95b3dfc9a,1770494409000,sports_ranking_finish_position,contradiction
economic_or_replay,max_trades,3496b04d1407bfa617b8d7e95b3dfc9a,1770498009000,sports_ranking_finish_position,contradiction
economic_or_replay,max_trades,3496b04d1407bfa617b8d7e95b3dfc9a,1770501609000,sports_ranking_finish_position,contradiction
economic_or_replay,max_trades,3496b04d1407bfa617b8d7e95b3dfc9a,1770505209000,sports_ranking_finish_position,contradiction
economic_or_replay,max_trades,3496b04d1407bfa617b8d7e95b3dfc9a,1770508809000,sports_ranking_finish_position,contradiction
economic_or_replay,max_trades,3496b04d1407bfa617b8d7e95b3dfc9a,1770512409000,sports_ranking_finish_position,contradiction
economic_or_replay,max_trades,3496b04d1407bfa617b8d7e95b3dfc9a,1770516009000,sports_ranking_finish_position,contradiction
economic_or_replay,max_trades,3496b04d1407bfa617b8d7e95b3dfc9a,1770519609000,sports_ranking_finish_position,contradiction
economic_or_replay,max_trades,3496b04d1407bfa617b8d7e95b3dfc9a,1770523209000,sports_ranking_finish_position,contradiction
economic_or_replay,max_trades,3496b04d1407bfa617b8d7e95b3dfc9a,1770526809000,sports_ranking_finish_position,contradiction
economic_or_replay,max_trades,3496b04d1407bfa617b8d7e95b3dfc9a,1770530409000,sports_ranking_finish_position,contradiction
economic_or_replay,max_trades,3496b04d1407bfa617b8d7e95b3dfc9a,1770534009000,sports_ranking_finish_position,contradiction
economic_or_replay,max_trades,3496b04d1407bfa617b8d7e95b3dfc9a,1770537609000,sports_ranking_finish_position,contradiction
economic_or_replay,max_trades,3496b04d1407bfa617b8d7e95b3dfc9a,1770541209000,sports_ranking_finish_position,contradiction
economic_or_replay,max_trades,3496b04d1407bfa617b8d7e95b3dfc9a,1770544809000,sports_ranking_finish_position,contradiction
economic_or_replay,max_trades,3496b04d1407bfa617b8d7e95b3dfc9a,1770548409000,sports_ranking_finish_position,contradiction
economic_or_replay,max_trades,3496b04d1407bfa617b8d7e95b3dfc9a,1770552009000,sports_ranking_finish_position,contradiction
economic_or_replay,max_trades,3496b04d1407bfa617b8d7e95b3dfc9a,1770555609000,sports_ranking_finish_position,contradiction
economic_or_replay,max_trades,3496b04d1407bfa617b8d7e95b3dfc9a,1770559209000,sports_ranking_finish_position,contradiction
economic_or_replay,max_trades,3496b04d1407bfa617b8d7e95b3dfc9a,1770562809000,sports_ranking_finish_position,contradiction
economic_or_replay,max_trades,3496b04d1407bfa617b8d7e95b3dfc9a,1770566409000,sports_ranking_finish_position,contradiction
economic_or_replay,max_trades,3496b04d1407bfa617b8d7e95b3dfc9a,1770570009000,sports_ranking_finish_position,contradiction
economic_or_replay,max_trades,3496b04d1407bfa617b8d7e95b3dfc9a,1770573609000,sports_ranking_finish_position,contradiction
economic_or_replay,max_trades,3496b04d1407bfa617b8d7e95b3dfc9a,1770577209000,sports_ranking_finish_position,contradiction
economic_or_replay,max_trades,3496b04d1407bfa617b8d7e95b3dfc9a,1770580809000,sports_ranking_finish_position,contradiction
economic_or_replay,max_trades,3496b04d1407bfa617b8d7e95b3dfc9a,1770584409000,sports_ranking_finish_position,contradiction
economic_or_replay,max_trades,3496b04d1407bfa617b8d7e95b3dfc9a,1770588009000,sports_ranking_finish_position,contradiction
economic_or_replay,max_trades,3496b04d1407bfa617b8d7e95b3dfc9a,1770591609000,sports_ranking_finish_position,contradiction
economic_or_replay,max_trades,3496b04d1407bfa617b8d7e95b3dfc9a,1770595209000,sports_ranking_finish_position,contradiction
economic_or_replay,max_trades,3496b04d1407bfa617b8d7e95b3dfc9a,1770598809000,sports_ranking_finish_position,contradiction
economic_or_replay,max_trades,3496b04d1407bfa617b8d7e95b3dfc9a,1770602409000,sports_ranking_finish_position,contradiction
economic_or_replay,max_trades,3496b04d1407bfa617b8d7e95b3dfc9a,1770606009000,sports_ranking_finish_position,contradiction
economic_or_replay,max_trades,3496b04d1407bfa617b8d7e95b3dfc9a,1770609609000,sports_ranking_finish_position,contradiction
economic_or_replay,max_trades,3496b04d1407bfa617b8d7e95b3dfc9a,1770613209000,sports_ranking_finish_position,contradiction
economic_or_replay,max_trades,3496b04d1407bfa617b8d7e95b3dfc9a,1770616809000,sports_ranking_finish_position,contradiction
economic_or_replay,max_trades,3496b04d1407bfa617b8d7e95b3dfc9a,1770620409000,sports_ranking_finish_position,contradiction
economic_or_replay,max_trades,3496b04d1407bfa617b8d7e95b3dfc9a,1770624009000,sports_ranking_finish_position,contradiction
economic_or_replay,max_trades,3496b04d1407bfa617b8d7e95b3dfc9a,1770627609000,sports_ranking_finish_position,contradiction
economic_or_replay,max_trades,3496b04d1407bfa617b8d7e95b3dfc9a,1770631209000,sports_ranking_finish_position,contradiction
economic_or_replay,max_trades,3496b04d1407bfa617b8d7e95b3dfc9a,1770634809000,sports_ranking_finish_position,contradiction
economic_or_replay,max_trades,3496b04d1407bfa617b8d7e95b3dfc9a,1770638409000,sports_ranking_finish_position,contradiction
economic_or_replay,max_trades,3496b04d1407bfa617b8d7e95b3dfc9a,1770642009000,sports_ranking_finish_position,contradiction
economic_or_replay,max_trades,3496b04d1407bfa617b8d7e95b3dfc9a,1770645609000,sports_ranking_finish_position,contradiction
economic_or_replay,max_trades,3496b04d1407bfa617b8d7e95b3dfc9a,1770649209000,sports_ranking_finish_position,contradiction
economic_or_replay,max_trades,3496b04d1407bfa617b8d7e95b3dfc9a,1770652809000,sports_ranking_finish_position,contradiction
economic_or_replay,max_trades,3496b04d1407bfa617b8d7e95b3dfc9a,1770656409000,sports_ranking_finish_position,contradiction
economic_or_replay,max_trades,3496b04d1407bfa617b8d7e95b3dfc9a,1770660009000,sports_ranking_finish_position,contradiction
economic_or_replay,max_trades,3496b04d1407bfa617b8d7e95b3dfc9a,1770663609000,sports_ranking_finish_position,contradiction
economic_or_replay,max_trades,3496b04d1407bfa617b8d7e95b3dfc9a,1770667209000,sports_ranking_finish_position,contradiction
economic_or_replay,max_trades,3496b04d1407bfa617b8d7e95b3dfc9a,1770670809000,sports_ranking_finish_position,contradiction
economic_or_replay,max_trades,3496b04d1407bfa617b8d7e95b3dfc9a,1770674409000,sports_ranking_finish_position,contradiction
economic_or_replay,max_trades,3496b04d1407bfa617b8d7e95b3dfc9a,1770678009000,sports_ranking_finish_position,contradiction
economic_or_replay,max_trades,3496b04d1407bfa617b8d7e95b3dfc9a,1770681609000,sports_ranking_finish_position,contradiction
economic_or_replay,max_trades,3496b04d1407bfa617b8d7e95b3dfc9a,1770685209000,sports_ranking_finish_position,contradiction
economic_or_replay,max_trades,3496b04d1407bfa617b8d7e95b3dfc9a,1770688809000,sports_ranking_finish_position,contradiction
economic_or_replay,max_trades,3496b04d1407bfa617b8d7e95b3dfc9a,1770692409000,sports_ranking_finish_position,contradiction
economic_or_replay,max_trades,3496b04d1407bfa617b8d7e95b3dfc9a,1770696009000,sports_ranking_finish_position,contradiction
economic_or_replay,max_trades,3496b04d1407bfa617b8d7e95b3dfc9a,1770699609000,sports_ranking_finish_position,contradiction
economic_or_replay,max_trades,3496b04d1407bfa617b8d7e95b3dfc9a,1770703209000,sports_ranking_finish_position,contradiction
economic_or_replay,max_trades,3496b04d1407bfa617b8d7e95b3dfc9a,1770706809000,sports_ranking_finish_position,contradiction
economic_or_replay,max_trades,3496b04d1407bfa617b8d7e95b3dfc9a,1770710409000,sports_ranking_finish_position,contradiction
economic_or_replay,max_trades,3496b04d1407bfa617b8d7e95b3dfc9a,1770714009000,sports_ranking_finish_position,contradiction
economic_or_replay,max_trades,3496b04d1407bfa617b8d7e95b3dfc9a,1770717609000,sports_ranking_finish_position,contradiction
economic_or_replay,max_trades,3496b04d1407bfa617b8d7e95b3dfc9a,1770721209000,sports_ranking_finish_position,contradiction
economic_or_replay,max_trades,3496b04d1407bfa617b8d7e95b3dfc9a,1770724809000,sports_ranking_finish_position,contradiction
economic_or_replay,max_trades,3496b04d1407bfa617b8d7e95b3dfc9a,1770728409000,sports_ranking_finish_position,contradiction
economic_or_replay,max_trades,3496b04d1407bfa617b8d7e95b3dfc9a,1770732009000,sports_ranking_finish_position,contradiction
economic_or_replay,max_trades,3496b04d1407bfa617b8d7e95b3dfc9a,1770735609000,sports_ranking_finish_position,contradiction
economic_or_replay,max_trades,3496b04d1407bfa617b8d7e95b3dfc9a,1770739209000,sports_ranking_finish_position,contradiction
economic_or_replay,max_trades,3496b04d1407bfa617b8d7e95b3dfc9a,1770742809000,sports_ranking_finish_position,contradiction
economic_or_replay,max_trades,3496b04d1407bfa617b8d7e95b3dfc9a,1770746409000,sports_ranking_finish_position,contradiction
economic_or_replay,max_trades,3496b04d1407bfa617b8d7e95b3dfc9a,1770750009000,sports_ranking_finish_position,contradiction
economic_or_replay,max_trades,3496b04d1407bfa617b8d7e95b3dfc9a,1770753609000,sports_ranking_finish_position,contradiction
economic_or_replay,max_trades,3496b04d1407bfa617b8d7e95b3dfc9a,1770757209000,sports_ranking_finish_position,contradiction
economic_or_replay,max_trades,3496b04d1407bfa617b8d7e95b3dfc9a,1770760809000,sports_ranking_finish_position,contradiction
economic_or_replay,max_trades,3496b04d1407bfa617b8d7e95b3dfc9a,1770764409000,sports_ranking_finish_position,contradiction
economic_or_replay,max_trades,3496b04d1407bfa617b8d7e95b3dfc9a,1770768009000,sports_ranking_finish_position,contradiction
economic_or_replay,max_trades,3496b04d1407bfa617b8d7e95b3dfc9a,1770771609000,sports_ranking_finish_position,contradiction
economic_or_replay,max_trades,3496b04d1407bfa617b8d7e95b3dfc9a,1770775209000,sports_ranking_finish_position,contradiction
economic_or_replay,max_trades,3496b04d1407bfa617b8d7e95b3dfc9a,1770778809000,sports_ranking_finish_position,contradiction
economic_or_replay,max_trades,3496b04d1407bfa617b8d7e95b3dfc9a,1770782409000,sports_ranking_finish_position,contradiction
economic_or_replay,max_trades,3496b04d1407bfa617b8d7e95b3dfc9a,1770786009000,sports_ranking_finish_position,contradiction
economic_or_replay,max_trades,3496b04d1407bfa617b8d7e95b3dfc9a,1770789609000,sports_ranking_finish_position,contradiction
economic_or_replay,max_trades,3496b04d1407bfa617b8d7e95b3dfc9a,1770793209000,sports_ranking_finish_position,contradiction
economic_or_replay,max_trades,3496b04d1407bfa617b8d7e95b3dfc9a,1770796809000,sports_ranking_finish_position,contradiction
economic_or_replay,max_trades,3496b04d1407bfa617b8d7e95b3dfc9a,1770800409000,sports_ranking_finish_position,contradiction
economic_or_replay,max_trades,3496b04d1407bfa617b8d7e95b3dfc9a,1770804009000,sports_ranking_finish_position,contradiction
economic_or_replay,max_trades,3496b04d1407bfa617b8d7e95b3dfc9a,1770807609000,sports_ranking_finish_position,contradiction
economic_or_replay,max_trades,3496b04d1407bfa617b8d7e95b3dfc9a,1770811209000,sports_ranking_finish_position,contradiction
economic_or_replay,max_trades,3496b04d1407bfa617b8d7e95b3dfc9a,1770814809000,sports_ranking_finish_position,contradiction
economic_or_replay,max_trades,3496b04d1407bfa617b8d7e95b3dfc9a,1770818409000,sports_ranking_finish_position,contradiction
economic_or_replay,max_trades,3496b04d1407bfa617b8d7e95b3dfc9a,1770822009000,sports_ranking_finish_position,contradiction
economic_or_replay,max_trades,3496b04d1407bfa617b8d7e95b3dfc9a,1770825609000,sports_ranking_finish_position,contradiction
economic_or_replay,max_trades,3496b04d1407bfa617b8d7e95b3dfc9a,1770829209000,sports_ranking_finish_position,contradiction
economic_or_replay,max_trades,3496b04d1407bfa617b8d7e95b3dfc9a,1770832809000,sports_ranking_finish_position,contradiction
economic_or_replay,max_trades,3496b04d1407bfa617b8d7e95b3dfc9a,1770836409000,sports_ranking_finish_position,contradiction
economic_or_replay,max_trades,3496b04d1407bfa617b8d7e95b3dfc9a,1770840009000,sports_ranking_finish_position,contradiction
economic_or_replay,max_trades,3496b04d1407bfa617b8d7e95b3dfc9a,1770843609000,sports_ranking_finish_position,contradiction
economic_or_replay,max_trades,3496b04d1407bfa617b8d7e95b3dfc9a,1770847209000,sports_ranking_finish_position,contradiction
economic_or_replay,max_trades,3496b04d1407bfa617b8d7e95b3dfc9a,1770850809000,sports_ranking_finish_position,contradiction
economic_or_replay,max_trades,3496b04d1407bfa617b8d7e95b3dfc9a,1770854409000,sports_ranking_finish_position,contradiction
economic_or_replay,max_trades,3496b04d1407bfa617b8d7e95b3dfc9a,1770858009000,sports_ranking_finish_position,contradiction
economic_or_replay,max_trades,3496b04d1407bfa617b8d7e95b3dfc9a,1770861609000,sports_ranking_finish_position,contradiction
economic_or_replay,max_trades,3496b04d1407bfa617b8d7e95b3dfc9a,1770865209000,sports_ranking_finish_position,contradiction
economic_or_replay,max_trades,3496b04d1407bfa617b8d7e95b3dfc9a,1770868809000,sports_ranking_finish_position,contradiction
economic_or_replay,max_trades,3496b04d1407bfa617b8d7e95b3dfc9a,1770872409000,sports_ranking_finish_position,contradiction
economic_or_replay,max_trades,3496b04d1407bfa617b8d7e95b3dfc9a,1770876009000,sports_ranking_finish_position,contradiction
economic_or_replay,max_trades,3496b04d1407bfa617b8d7e95b3dfc9a,1770879609000,sports_ranking_finish_position,contradiction
economic_or_replay,max_trades,3496b04d1407bfa617b8d7e95b3dfc9a,1770883209000,sports_ranking_finish_position,contradiction
economic_or_replay,max_trades,3496b04d1407bfa617b8d7e95b3dfc9a,1770886809000,sports_ranking_finish_position,contradiction
economic_or_replay,max_trades,3496b04d1407bfa617b8d7e95b3dfc9a,1770890409000,sports_ranking_finish_position,contradiction
economic_or_replay,max_trades,3496b04d1407bfa617b8d7e95b3dfc9a,1770894009000,sports_ranking_finish_position,contradiction
economic_or_replay,max_trades,3496b04d1407bfa617b8d7e95b3dfc9a,1770897609000,sports_ranking_finish_position,contradiction
economic_or_replay,max_trades,3496b04d1407bfa617b8d7e95b3dfc9a,1770901209000,sports_ranking_finish_position,contradiction
economic_or_replay,max_trades,3496b04d1407bfa617b8d7e95b3dfc9a,1770904809000,sports_ranking_finish_position,contradiction
economic_or_replay,max_trades,3496b04d1407bfa617b8d7e95b3dfc9a,1770908409000,sports_ranking_finish_position,contradiction
economic_or_replay,max_trades,3496b04d1407bfa617b8d7e95b3dfc9a,1770912009000,sports_ranking_finish_position,contradiction
economic_or_replay,max_trades,3496b04d1407bfa617b8d7e95b3dfc9a,1770915609000,sports_ranking_finish_position,contradiction
economic_or_replay,max_trades,3496b04d1407bfa617b8d7e95b3dfc9a,1770919209000,sports_ranking_finish_position,contradiction
economic_or_replay,max_trades,3496b04d1407bfa617b8d7e95b3dfc9a,1770922809000,sports_ranking_finish_position,contradiction
economic_or_replay,max_trades,3496b04d1407bfa617b8d7e95b3dfc9a,1770926409000,sports_ranking_finish_position,contradiction
economic_or_replay,max_trades,3496b04d1407bfa617b8d7e95b3dfc9a,1770930009000,sports_ranking_finish_position,contradiction
economic_or_replay,max_trades,3496b04d1407bfa617b8d7e95b3dfc9a,1770933609000,sports_ranking_finish_position,contradiction
economic_or_replay,max_trades,3496b04d1407bfa617b8d7e95b3dfc9a,1770937209000,sports_ranking_finish_position,contradiction
economic_or_replay,max_trades,3496b04d1407bfa617b8d7e95b3dfc9a,1770940809000,sports_ranking_finish_position,contradiction
economic_or_replay,max_trades,3496b04d1407bfa617b8d7e95b3dfc9a,1770944409000,sports_ranking_finish_position,contradiction
economic_or_replay,max_trades,3496b04d1407bfa617b8d7e95b3dfc9a,1770948009000,sports_ranking_finish_position,contradiction
economic_or_replay,max_trades,3496b04d1407bfa617b8d7e95b3dfc9a,1770951609000,sports_ranking_finish_position,contradiction
economic_or_replay,max_trades,3496b04d1407bfa617b8d7e95b3dfc9a,1770955209000,sports_ranking_finish_position,contradiction
economic_or_replay,max_trades,3496b04d1407bfa617b8d7e95b3dfc9a,1770958809000,sports_ranking_finish_position,contradiction
economic_or_replay,max_trades,3496b04d1407bfa617b8d7e95b3dfc9a,1770962409000,sports_ranking_finish_position,contradiction
economic_or_replay,max_trades,3496b04d1407bfa617b8d7e95b3dfc9a,1770966009000,sports_ranking_finish_position,contradiction
economic_or_replay,max_trades,3496b04d1407bfa617b8d7e95b3dfc9a,1770969609000,sports_ranking_finish_position,contradiction
economic_or_replay,max_trades,3496b04d1407bfa617b8d7e95b3dfc9a,1770973209000,sports_ranking_finish_position,contradiction
economic_or_replay,max_trades,3496b04d1407bfa617b8d7e95b3dfc9a,1770976809000,sports_ranking_finish_position,contradiction
economic_or_replay,max_trades,3496b04d1407bfa617b8d7e95b3dfc9a,1770980409000,sports_ranking_finish_position,contradiction
economic_or_replay,max_trades,3496b04d1407bfa617b8d7e95b3dfc9a,1770984009000,sports_ranking_finish_position,contradiction
economic_or_replay,max_trades,3496b04d1407bfa617b8d7e95b3dfc9a,1770987609000,sports_ranking_finish_position,contradiction
economic_or_replay,max_trades,3496b04d1407bfa617b8d7e95b3dfc9a,1770991209000,sports_ranking_finish_position,contradiction
economic_or_replay,max_trades,3496b04d1407bfa617b8d7e95b3dfc9a,1770994809000,sports_ranking_finish_position,contradiction
economic_or_replay,max_trades,3496b04d1407bfa617b8d7e95b3dfc9a,1770998409000,sports_ranking_finish_position,contradiction
economic_or_replay,max_trades,3496b04d1407bfa617b8d7e95b3dfc9a,1771002009000,sports_ranking_finish_position,contradiction
economic_or_replay,max_trades,3496b04d1407bfa617b8d7e95b3dfc9a,1771005609000,sports_ranking_finish_position,contradiction
economic_or_replay,max_trades,3496b04d1407bfa617b8d7e95b3dfc9a,1771009209000,sports_ranking_finish_position,contradiction
economic_or_replay,max_trades,3496b04d1407bfa617b8d7e95b3dfc9a,1771012809000,sports_ranking_finish_position,contradiction
economic_or_replay,max_trades,3496b04d1407bfa617b8d7e95b3dfc9a,1771016409000,sports_ranking_finish_position,contradiction
economic_or_replay,max_trades,3496b04d1407bfa617b8d7e95b3dfc9a,1771020009000,sports_ranking_finish_position,contradiction
economic_or_replay,max_trades,3496b04d1407bfa617b8d7e95b3dfc9a,1771023609000,sports_ranking_finish_position,contradiction
economic_or_replay,max_trades,3496b04d1407bfa617b8d7e95b3dfc9a,1771027209000,sports_ranking_finish_position,contradiction
economic_or_replay,max_trades,3496b04d1407bfa617b8d7e95b3dfc9a,1771030809000,sports_ranking_finish_position,contradiction
economic_or_replay,max_trades,3496b04d1407bfa617b8d7e95b3dfc9a,1771034409000,sports_ranking_finish_position,contradiction
economic_or_replay,max_trades,3496b04d1407bfa617b8d7e95b3dfc9a,1771038009000,sports_ranking_finish_position,contradiction
economic_or_replay,max_trades,3496b04d1407bfa617b8d7e95b3dfc9a,1771041609000,sports_ranking_finish_position,contradiction
economic_or_replay,max_trades,3496b04d1407bfa617b8d7e95b3dfc9a,1771045209000,sports_ranking_finish_position,contradiction
economic_or_replay,max_trades,3496b04d1407bfa617b8d7e95b3dfc9a,1771048809000,sports_ranking_finish_position,contradiction
economic_or_replay,max_trades,3496b04d1407bfa617b8d7e95b3dfc9a,1771052409000,sports_ranking_finish_position,contradiction
economic_or_replay,max_trades,3496b04d1407bfa617b8d7e95b3dfc9a,1771056009000,sports_ranking_finish_position,contradiction
economic_or_replay,max_trades,3496b04d1407bfa617b8d7e95b3dfc9a,1771059609000,sports_ranking_finish_position,contradiction
economic_or_replay,max_trades,3496b04d1407bfa617b8d7e95b3dfc9a,1771063209000,sports_ranking_finish_position,contradiction
economic_or_replay,max_trades,3496b04d1407bfa617b8d7e95b3dfc9a,1771066809000,sports_ranking_finish_position,contradiction
economic_or_replay,max_trades,3496b04d1407bfa617b8d7e95b3dfc9a,1771070409000,sports_ranking_finish_position,contradiction
economic_or_replay,max_trades,3496b04d1407bfa617b8d7e95b3dfc9a,1771074009000,sports_ranking_finish_position,contradiction
economic_or_replay,max_trades,3496b04d1407bfa617b8d7e95b3dfc9a,1771077609000,sports_ranking_finish_position,contradiction
economic_or_replay,max_trades,3496b04d1407bfa617b8d7e95b3dfc9a,1771081209000,sports_ranking_finish_position,contradiction
economic_or_replay,max_trades,3496b04d1407bfa617b8d7e95b3dfc9a,1771084809000,sports_ranking_finish_position,contradiction
economic_or_replay,max_trades,3496b04d1407bfa617b8d7e95b3dfc9a,1771088409000,sports_ranking_finish_position,contradiction
economic_or_replay,max_trades,3496b04d1407bfa617b8d7e95b3dfc9a,1771092009000,sports_ranking_finish_position,contradiction
economic_or_replay,max_trades,3496b04d1407bfa617b8d7e95b3dfc9a,1771095609000,sports_ranking_finish_position,contradiction
economic_or_replay,max_trades,3496b04d1407bfa617b8d7e95b3dfc9a,1771099209000,sports_ranking_finish_position,contradiction
economic_or_replay,max_trades,3496b04d1407bfa617b8d7e95b3dfc9a,1771102809000,sports_ranking_finish_position,contradiction
economic_or_replay,max_trades,3496b04d1407bfa617b8d7e95b3dfc9a,1771106409000,sports_ranking_finish_position,contradiction
economic_or_replay,max_trades,3496b04d1407bfa617b8d7e95b3dfc9a,1771110009000,sports_ranking_finish_position,contradiction
economic_or_replay,max_trades,3496b04d1407bfa617b8d7e95b3dfc9a,1771113609000,sports_ranking_finish_position,contradiction
economic_or_replay,max_trades,3496b04d1407bfa617b8d7e95b3dfc9a,1771117209000,sports_ranking_finish_position,contradiction
economic_or_replay,max_trades,3496b04d1407bfa617b8d7e95b3dfc9a,1771120809000,sports_ranking_finish_position,contradiction
economic_or_replay,max_trades,3496b04d1407bfa617b8d7e95b3dfc9a,1771124409000,sports_ranking_finish_position,contradiction
economic_or_replay,max_trades,3496b04d1407bfa617b8d7e95b3dfc9a,1771128009000,sports_ranking_finish_position,contradiction
economic_or_replay,max_trades,3496b04d1407bfa617b8d7e95b3dfc9a,1771131609000,sports_ranking_finish_position,contradiction
economic_or_replay,max_trades,3496b04d1407bfa617b8d7e95b3dfc9a,1771135209000,sports_ranking_finish_position,contradiction
economic_or_replay,max_trades,3496b04d1407bfa617b8d7e95b3dfc9a,1771138809000,sports_ranking_finish_position,contradiction
economic_or_replay,max_trades,3496b04d1407bfa617b8d7e95b3dfc9a,1771142409000,sports_ranking_finish_position,contradiction
economic_or_replay,max_trades,3496b04d1407bfa617b8d7e95b3dfc9a,1771146009000,sports_ranking_finish_position,contradiction
economic_or_replay,max_trades,3496b04d1407bfa617b8d7e95b3dfc9a,1771149609000,sports_ranking_finish_position,contradiction
economic_or_replay,max_trades,3496b04d1407bfa617b8d7e95b3dfc9a,1771153209000,sports_ranking_finish_position,contradiction
economic_or_replay,max_trades,3496b04d1407bfa617b8d7e95b3dfc9a,1771156809000,sports_ranking_finish_position,contradiction
economic_or_replay,max_trades,3496b04d1407bfa617b8d7e95b3dfc9a,1771160409000,sports_ranking_finish_position,contradiction
economic_or_replay,max_trades,3496b04d1407bfa617b8d7e95b3dfc9a,1771164009000,sports_ranking_finish_position,contradiction
economic_or_replay,max_trades,3496b04d1407bfa617b8d7e95b3dfc9a,1771167609000,sports_ranking_finish_position,contradiction
economic_or_replay,max_trades,3496b04d1407bfa617b8d7e95b3dfc9a,1771171209000,sports_ranking_finish_position,contradiction
economic_or_replay,max_trades,3496b04d1407bfa617b8d7e95b3dfc9a,1771174809000,sports_ranking_finish_position,contradiction
economic_or_replay,max_trades,3496b04d1407bfa617b8d7e95b3dfc9a,1771178409000,sports_ranking_finish_position,contradiction
economic_or_replay,max_trades,3496b04d1407bfa617b8d7e95b3dfc9a,1771182009000,sports_ranking_finish_position,contradiction
economic_or_replay,max_trades,3496b04d1407bfa617b8d7e95b3dfc9a,1771185609000,sports_ranking_finish_position,contradiction
economic_or_replay,max_trades,3496b04d1407bfa617b8d7e95b3dfc9a,1771189209000,sports_ranking_finish_position,contradiction
economic_or_replay,max_trades,3496b04d1407bfa617b8d7e95b3dfc9a,1771192809000,sports_ranking_finish_position,contradiction
economic_or_replay,max_trades,3496b04d1407bfa617b8d7e95b3dfc9a,1771196409000,sports_ranking_finish_position,contradiction
economic_or_replay,max_trades,3496b04d1407bfa617b8d7e95b3dfc9a,1771200009000,sports_ranking_finish_position,contradiction
economic_or_replay,max_trades,3496b04d1407bfa617b8d7e95b3dfc9a,1771203609000,sports_ranking_finish_position,contradiction
economic_or_replay,max_trades,3496b04d1407bfa617b8d7e95b3dfc9a,1771207209000,sports_ranking_finish_position,contradiction
economic_or_replay,max_trades,3496b04d1407bfa617b8d7e95b3dfc9a,1771210809000,sports_ranking_finish_position,contradiction
economic_or_replay,max_trades,3496b04d1407bfa617b8d7e95b3dfc9a,1771214409000,sports_ranking_finish_position,contradiction
economic_or_replay,max_trades,3496b04d1407bfa617b8d7e95b3dfc9a,1771218009000,sports_ranking_finish_position,contradiction
economic_or_replay,max_trades,3496b04d1407bfa617b8d7e95b3dfc9a,1771221609000,sports_ranking_finish_position,contradiction
economic_or_replay,max_trades,3496b04d1407bfa617b8d7e95b3dfc9a,1771225209000,sports_ranking_finish_position,contradiction
economic_or_replay,max_trades,3496b04d1407bfa617b8d7e95b3dfc9a,1771228809000,sports_ranking_finish_position,contradiction
economic_or_replay,max_trades,3496b04d1407bfa617b8d7e95b3dfc9a,1771232409000,sports_ranking_finish_position,contradiction
economic_or_replay,max_trades,3496b04d1407bfa617b8d7e95b3dfc9a,1771236009000,sports_ranking_finish_position,contradiction
economic_or_replay,max_trades,3496b04d1407bfa617b8d7e95b3dfc9a,1771239609000,sports_ranking_finish_position,contradiction
economic_or_replay,max_trades,3496b04d1407bfa617b8d7e95b3dfc9a,1771243209000,sports_ranking_finish_position,contradiction
economic_or_replay,max_trades,3496b04d1407bfa617b8d7e95b3dfc9a,1771246809000,sports_ranking_finish_position,contradiction
economic_or_replay,max_trades,3496b04d1407bfa617b8d7e95b3dfc9a,1771250409000,sports_ranking_finish_position,contradiction
economic_or_replay,max_trades,3496b04d1407bfa617b8d7e95b3dfc9a,1771254009000,sports_ranking_finish_position,contradiction
economic_or_replay,max_trades,3496b04d1407bfa617b8d7e95b3dfc9a,1771257609000,sports_ranking_finish_position,contradiction
economic_or_replay,max_trades,3496b04d1407bfa617b8d7e95b3dfc9a,1771261209000,sports_ranking_finish_position,contradiction
economic_or_replay,max_trades,3496b04d1407bfa617b8d7e95b3dfc9a,1771264809000,sports_ranking_finish_position,contradiction
economic_or_replay,max_trades,3496b04d1407bfa617b8d7e95b3dfc9a,1771268409000,sports_ranking_finish_position,contradiction
economic_or_replay,max_trades,3496b04d1407bfa617b8d7e95b3dfc9a,1771272009000,sports_ranking_finish_position,contradiction
economic_or_replay,max_trades,3496b04d1407bfa617b8d7e95b3dfc9a,1771275609000,sports_ranking_finish_position,contradiction
economic_or_replay,max_trades,3496b04d1407bfa617b8d7e95b3dfc9a,1771279209000,sports_ranking_finish_position,contradiction
economic_or_replay,max_trades,3496b04d1407bfa617b8d7e95b3dfc9a,1771282809000,sports_ranking_finish_position,contradiction
economic_or_replay,max_trades,3496b04d1407bfa617b8d7e95b3dfc9a,1771286409000,sports_ranking_finish_position,contradiction
economic_or_replay,max_trades,3496b04d1407bfa617b8d7e95b3dfc9a,1771290009000,sports_ranking_finish_position,contradiction
economic_or_replay,max_trades,3496b04d1407bfa617b8d7e95b3dfc9a,1771293609000,sports_ranking_finish_position,contradiction
economic_or_replay,max_trades,3496b04d1407bfa617b8d7e95b3dfc9a,1771297209000,sports_ranking_finish_position,contradiction
economic_or_replay,max_trades,3496b04d1407bfa617b8d7e95b3dfc9a,1771300809000,sports_ranking_finish_position,contradiction
economic_or_replay,max_trades,3496b04d1407bfa617b8d7e95b3dfc9a,1771304409000,sports_ranking_finish_position,contradiction
economic_or_replay,max_trades,3496b04d1407bfa617b8d7e95b3dfc9a,1771308009000,sports_ranking_finish_position,contradiction
economic_or_replay,max_trades,3496b04d1407bfa617b8d7e95b3dfc9a,1771311609000,sports_ranking_finish_position,contradiction
economic_or_replay,max_trades,3496b04d1407bfa617b8d7e95b3dfc9a,1771315209000,sports_ranking_finish_position,contradiction
economic_or_replay,max_trades,3496b04d1407bfa617b8d7e95b3dfc9a,1771318809000,sports_ranking_finish_position,contradiction
economic_or_replay,max_trades,3496b04d1407bfa617b8d7e95b3dfc9a,1771322409000,sports_ranking_finish_position,contradiction
economic_or_replay,max_trades,3496b04d1407bfa617b8d7e95b3dfc9a,1771326009000,sports_ranking_finish_position,contradiction
economic_or_replay,max_trades,3496b04d1407bfa617b8d7e95b3dfc9a,1771329609000,sports_ranking_finish_position,contradiction
economic_or_replay,max_trades,3496b04d1407bfa617b8d7e95b3dfc9a,1771333209000,sports_ranking_finish_position,contradiction
economic_or_replay,max_trades,3496b04d1407bfa617b8d7e95b3dfc9a,1771336809000,sports_ranking_finish_position,contradiction
economic_or_replay,max_trades,3496b04d1407bfa617b8d7e95b3dfc9a,1771340409000,sports_ranking_finish_position,contradiction
economic_or_replay,max_trades,3496b04d1407bfa617b8d7e95b3dfc9a,1771344009000,sports_ranking_finish_position,contradiction
economic_or_replay,max_trades,3496b04d1407bfa617b8d7e95b3dfc9a,1771347609000,sports_ranking_finish_position,contradiction
economic_or_replay,max_trades,3496b04d1407bfa617b8d7e95b3dfc9a,1771351209000,sports_ranking_finish_position,contradiction
economic_or_replay,max_trades,3496b04d1407bfa617b8d7e95b3dfc9a,1771354809000,sports_ranking_finish_position,contradiction
economic_or_replay,max_trades,3496b04d1407bfa617b8d7e95b3dfc9a,1771358409000,sports_ranking_finish_position,contradiction
economic_or_replay,max_trades,3496b04d1407bfa617b8d7e95b3dfc9a,1771362009000,sports_ranking_finish_position,contradiction
economic_or_replay,max_trades,3496b04d1407bfa617b8d7e95b3dfc9a,1771365609000,sports_ranking_finish_position,contradiction
economic_or_replay,max_trades,3496b04d1407bfa617b8d7e95b3dfc9a,1771369209000,sports_ranking_finish_position,contradiction
economic_or_replay,max_trades,3496b04d1407bfa617b8d7e95b3dfc9a,1771372809000,sports_ranking_finish_position,contradiction
economic_or_replay,max_trades,3496b04d1407bfa617b8d7e95b3dfc9a,1771376409000,sports_ranking_finish_position,contradiction
economic_or_replay,max_trades,3496b04d1407bfa617b8d7e95b3dfc9a,1771380009000,sports_ranking_finish_position,contradiction
economic_or_replay,max_trades,3496b04d1407bfa617b8d7e95b3dfc9a,1771383609000,sports_ranking_finish_position,contradiction
economic_or_replay,max_trades,3496b04d1407bfa617b8d7e95b3dfc9a,1771387209000,sports_ranking_finish_position,contradiction
economic_or_replay,max_trades,3496b04d1407bfa617b8d7e95b3dfc9a,1771390809000,sports_ranking_finish_position,contradiction
economic_or_replay,max_trades,3496b04d1407bfa617b8d7e95b3dfc9a,1771394409000,sports_ranking_finish_position,contradiction
economic_or_replay,max_trades,3496b04d1407bfa617b8d7e95b3dfc9a,1771398009000,sports_ranking_finish_position,contradiction
economic_or_replay,max_trades,3496b04d1407bfa617b8d7e95b3dfc9a,1771401609000,sports_ranking_finish_position,contradiction
economic_or_replay,max_trades,3496b04d1407bfa617b8d7e95b3dfc9a,1771405209000,sports_ranking_finish_position,contradiction
economic_or_replay,max_trades,3496b04d1407bfa617b8d7e95b3dfc9a,1771408809000,sports_ranking_finish_position,contradiction
economic_or_replay,max_trades,3496b04d1407bfa617b8d7e95b3dfc9a,1771412409000,sports_ranking_finish_position,contradiction
economic_or_replay,max_trades,3496b04d1407bfa617b8d7e95b3dfc9a,1771416009000,sports_ranking_finish_position,contradiction
economic_or_replay,max_trades,3496b04d1407bfa617b8d7e95b3dfc9a,1771419609000,sports_ranking_finish_position,contradiction
economic_or_replay,max_trades,3496b04d1407bfa617b8d7e95b3dfc9a,1771423209000,sports_ranking_finish_position,contradiction
economic_or_replay,max_trades,3496b04d1407bfa617b8d7e95b3dfc9a,1771426809000,sports_ranking_finish_position,contradiction
economic_or_replay,max_trades,3496b04d1407bfa617b8d7e95b3dfc9a,1771430409000,sports_ranking_finish_position,contradiction
economic_or_replay,max_trades,3496b04d1407bfa617b8d7e95b3dfc9a,1771434009000,sports_ranking_finish_position,contradiction
economic_or_replay,max_trades,3496b04d1407bfa617b8d7e95b3dfc9a,1771437609000,sports_ranking_finish_position,contradiction
economic_or_replay,max_trades,3496b04d1407bfa617b8d7e95b3dfc9a,1771441209000,sports_ranking_finish_position,contradiction
economic_or_replay,max_trades,3496b04d1407bfa617b8d7e95b3dfc9a,1771444809000,sports_ranking_finish_position,contradiction
economic_or_replay,max_trades,3496b04d1407bfa617b8d7e95b3dfc9a,1771448409000,sports_ranking_finish_position,contradiction
economic_or_replay,max_trades,3496b04d1407bfa617b8d7e95b3dfc9a,1771452009000,sports_ranking_finish_position,contradiction
economic_or_replay,max_trades,3496b04d1407bfa617b8d7e95b3dfc9a,1771455609000,sports_ranking_finish_position,contradiction
economic_or_replay,max_trades,3496b04d1407bfa617b8d7e95b3dfc9a,1771459209000,sports_ranking_finish_position,contradiction
economic_or_replay,max_trades,3496b04d1407bfa617b8d7e95b3dfc9a,1771462809000,sports_ranking_finish_position,contradiction
economic_or_replay,max_trades,3496b04d1407bfa617b8d7e95b3dfc9a,1771466409000,sports_ranking_finish_position,contradiction
economic_or_replay,max_trades,3496b04d1407bfa617b8d7e95b3dfc9a,1771470009000,sports_ranking_finish_position,contradiction
economic_or_replay,max_trades,3496b04d1407bfa617b8d7e95b3dfc9a,1771473609000,sports_ranking_finish_position,contradiction
economic_or_replay,max_trades,3496b04d1407bfa617b8d7e95b3dfc9a,1771477209000,sports_ranking_finish_position,contradiction
economic_or_replay,max_trades,3496b04d1407bfa617b8d7e95b3dfc9a,1771480809000,sports_ranking_finish_position,contradiction
economic_or_replay,max_trades,3496b04d1407bfa617b8d7e95b3dfc9a,1771484409000,sports_ranking_finish_position,contradiction
economic_or_replay,max_trades,3496b04d1407bfa617b8d7e95b3dfc9a,1771488009000,sports_ranking_finish_position,contradiction
economic_or_replay,max_trades,3496b04d1407bfa617b8d7e95b3dfc9a,1771491609000,sports_ranking_finish_position,contradiction
economic_or_replay,max_trades,3496b04d1407bfa617b8d7e95b3dfc9a,1771495209000,sports_ranking_finish_position,contradiction
economic_or_replay,max_trades,3496b04d1407bfa617b8d7e95b3dfc9a,1771498809000,sports_ranking_finish_position,contradiction
economic_or_replay,max_trades,3496b04d1407bfa617b8d7e95b3dfc9a,1771502409000,sports_ranking_finish_position,contradiction
economic_or_replay,max_trades,3496b04d1407bfa617b8d7e95b3dfc9a,1771506009000,sports_ranking_finish_position,contradiction
economic_or_replay,max_trades,3496b04d1407bfa617b8d7e95b3dfc9a,1771509609000,sports_ranking_finish_position,contradiction
economic_or_replay,max_trades,3496b04d1407bfa617b8d7e95b3dfc9a,1771513209000,sports_ranking_finish_position,contradiction
economic_or_replay,max_trades,3496b04d1407bfa617b8d7e95b3dfc9a,1771516809000,sports_ranking_finish_position,contradiction
economic_or_replay,max_trades,3496b04d1407bfa617b8d7e95b3dfc9a,1771520409000,sports_ranking_finish_position,contradiction
economic_or_replay,max_trades,3496b04d1407bfa617b8d7e95b3dfc9a,1771524009000,sports_ranking_finish_position,contradiction
economic_or_replay,max_trades,3496b04d1407bfa617b8d7e95b3dfc9a,1771527609000,sports_ranking_finish_position,contradiction
economic_or_replay,max_trades,3496b04d1407bfa617b8d7e95b3dfc9a,1771531209000,sports_ranking_finish_position,contradiction
economic_or_replay,max_trades,3496b04d1407bfa617b8d7e95b3dfc9a,1771534809000,sports_ranking_finish_position,contradiction
economic_or_replay,max_trades,3496b04d1407bfa617b8d7e95b3dfc9a,1771538409000,sports_ranking_finish_position,contradiction
economic_or_replay,max_trades,3496b04d1407bfa617b8d7e95b3dfc9a,1771542009000,sports_ranking_finish_position,contradiction
economic_or_replay,max_trades,3496b04d1407bfa617b8d7e95b3dfc9a,1771545609000,sports_ranking_finish_position,contradiction
economic_or_replay,max_trades,3496b04d1407bfa617b8d7e95b3dfc9a,1771549209000,sports_ranking_finish_position,contradiction
economic_or_replay,max_trades,3496b04d1407bfa617b8d7e95b3dfc9a,1771552809000,sports_ranking_finish_position,contradiction
economic_or_replay,max_trades,3496b04d1407bfa617b8d7e95b3dfc9a,1771556409000,sports_ranking_finish_position,contradiction
economic_or_replay,max_trades,3496b04d1407bfa617b8d7e95b3dfc9a,1771560009000,sports_ranking_finish_position,contradiction
economic_or_replay,max_trades,3496b04d1407bfa617b8d7e95b3dfc9a,1771563609000,sports_ranking_finish_position,contradiction
economic_or_replay,max_trades,3496b04d1407bfa617b8d7e95b3dfc9a,1771567209000,sports_ranking_finish_position,contradiction
economic_or_replay,max_trades,3496b04d1407bfa617b8d7e95b3dfc9a,1771570809000,sports_ranking_finish_position,contradiction
economic_or_replay,max_trades,3496b04d1407bfa617b8d7e95b3dfc9a,1771574409000,sports_ranking_finish_position,contradiction
economic_or_replay,max_trades,3496b04d1407bfa617b8d7e95b3dfc9a,1771578009000,sports_ranking_finish_position,contradiction
economic_or_replay,max_trades,3496b04d1407bfa617b8d7e95b3dfc9a,1771581609000,sports_ranking_finish_position,contradiction
economic_or_replay,max_trades,3496b04d1407bfa617b8d7e95b3dfc9a,1771585209000,sports_ranking_finish_position,contradiction
economic_or_replay,max_trades,3496b04d1407bfa617b8d7e95b3dfc9a,1771588809000,sports_ranking_finish_position,contradiction
economic_or_replay,max_trades,3496b04d1407bfa617b8d7e95b3dfc9a,1771592409000,sports_ranking_finish_position,contradiction
economic_or_replay,max_trades,3496b04d1407bfa617b8d7e95b3dfc9a,1771596009000,sports_ranking_finish_position,contradiction
economic_or_replay,max_trades,3496b04d1407bfa617b8d7e95b3dfc9a,1771599609000,sports_ranking_finish_position,contradiction
economic_or_replay,max_trades,3496b04d1407bfa617b8d7e95b3dfc9a,1771603209000,sports_ranking_finish_position,contradiction
economic_or_replay,max_trades,3496b04d1407bfa617b8d7e95b3dfc9a,1771606809000,sports_ranking_finish_position,contradiction
economic_or_replay,max_trades,3496b04d1407bfa617b8d7e95b3dfc9a,1771610409000,sports_ranking_finish_position,contradiction
economic_or_replay,max_trades,3496b04d1407bfa617b8d7e95b3dfc9a,1771614009000,sports_ranking_finish_position,contradiction
economic_or_replay,max_trades,3496b04d1407bfa617b8d7e95b3dfc9a,1771617609000,sports_ranking_finish_position,contradiction
economic_or_replay,max_trades,3496b04d1407bfa617b8d7e95b3dfc9a,1771621209000,sports_ranking_finish_position,contradiction
economic_or_replay,max_trades,3496b04d1407bfa617b8d7e95b3dfc9a,1771624809000,sports_ranking_finish_position,contradiction
economic_or_replay,max_trades,3496b04d1407bfa617b8d7e95b3dfc9a,1771628409000,sports_ranking_finish_position,contradiction
economic_or_replay,max_trades,3496b04d1407bfa617b8d7e95b3dfc9a,1771632009000,sports_ranking_finish_position,contradiction
economic_or_replay,max_trades,3496b04d1407bfa617b8d7e95b3dfc9a,1771635609000,sports_ranking_finish_position,contradiction
economic_or_replay,max_trades,3496b04d1407bfa617b8d7e95b3dfc9a,1771639209000,sports_ranking_finish_position,contradiction
economic_or_replay,max_trades,3496b04d1407bfa617b8d7e95b3dfc9a,1771642809000,sports_ranking_finish_position,contradiction
economic_or_replay,max_trades,3496b04d1407bfa617b8d7e95b3dfc9a,1771646409000,sports_ranking_finish_position,contradiction
economic_or_replay,max_trades,3496b04d1407bfa617b8d7e95b3dfc9a,1771650009000,sports_ranking_finish_position,contradiction
economic_or_replay,max_trades,3496b04d1407bfa617b8d7e95b3dfc9a,1771653609000,sports_ranking_finish_position,contradiction
economic_or_replay,max_trades,3496b04d1407bfa617b8d7e95b3dfc9a,1771657209000,sports_ranking_finish_position,contradiction
economic_or_replay,max_trades,3496b04d1407bfa617b8d7e95b3dfc9a,1771660809000,sports_ranking_finish_position,contradiction
economic_or_replay,max_trades,3496b04d1407bfa617b8d7e95b3dfc9a,1771664409000,sports_ranking_finish_position,contradiction
economic_or_replay,max_trades,3496b04d1407bfa617b8d7e95b3dfc9a,1771668009000,sports_ranking_finish_position,contradiction
economic_or_replay,max_trades,3496b04d1407bfa617b8d7e95b3dfc9a,1771671609000,sports_ranking_finish_position,contradiction
economic_or_replay,max_trades,3496b04d1407bfa617b8d7e95b3dfc9a,1771675209000,sports_ranking_finish_position,contradiction
economic_or_replay,max_trades,3496b04d1407bfa617b8d7e95b3dfc9a,1771678809000,sports_ranking_finish_position,contradiction
economic_or_replay,max_trades,3496b04d1407bfa617b8d7e95b3dfc9a,1771682409000,sports_ranking_finish_position,contradiction
economic_or_replay,max_trades,3496b04d1407bfa617b8d7e95b3dfc9a,1771686009000,sports_ranking_finish_position,contradiction
economic_or_replay,max_trades,3496b04d1407bfa617b8d7e95b3dfc9a,1771689609000,sports_ranking_finish_position,contradiction
economic_or_replay,max_trades,3496b04d1407bfa617b8d7e95b3dfc9a,1771693209000,sports_ranking_finish_position,contradiction
economic_or_replay,max_trades,3496b04d1407bfa617b8d7e95b3dfc9a,1771696809000,sports_ranking_finish_position,contradiction
economic_or_replay,max_trades,3496b04d1407bfa617b8d7e95b3dfc9a,1771700409000,sports_ranking_finish_position,contradiction
economic_or_replay,max_trades,3496b04d1407bfa617b8d7e95b3dfc9a,1771704009000,sports_ranking_finish_position,contradiction
economic_or_replay,max_trades,3496b04d1407bfa617b8d7e95b3dfc9a,1771707609000,sports_ranking_finish_position,contradiction
economic_or_replay,max_trades,3496b04d1407bfa617b8d7e95b3dfc9a,1771711209000,sports_ranking_finish_position,contradiction
economic_or_replay,max_trades,3496b04d1407bfa617b8d7e95b3dfc9a,1771714809000,sports_ranking_finish_position,contradiction
economic_or_replay,max_trades,3496b04d1407bfa617b8d7e95b3dfc9a,1771718409000,sports_ranking_finish_position,contradiction
economic_or_replay,max_trades,3496b04d1407bfa617b8d7e95b3dfc9a,1771722009000,sports_ranking_finish_position,contradiction
economic_or_replay,max_trades,3496b04d1407bfa617b8d7e95b3dfc9a,1771725609000,sports_ranking_finish_position,contradiction
economic_or_replay,max_trades,3496b04d1407bfa617b8d7e95b3dfc9a,1771729209000,sports_ranking_finish_position,contradiction
economic_or_replay,max_trades,3496b04d1407bfa617b8d7e95b3dfc9a,1771732809000,sports_ranking_finish_position,contradiction
economic_or_replay,max_trades,3496b04d1407bfa617b8d7e95b3dfc9a,1771736409000,sports_ranking_finish_position,contradiction
economic_or_replay,max_trades,3496b04d1407bfa617b8d7e95b3dfc9a,1771740009000,sports_ranking_finish_position,contradiction
economic_or_replay,max_trades,3496b04d1407bfa617b8d7e95b3dfc9a,1771743609000,sports_ranking_finish_position,contradiction
economic_or_replay,max_trades,3496b04d1407bfa617b8d7e95b3dfc9a,1771747209000,sports_ranking_finish_position,contradiction
economic_or_replay,max_trades,3496b04d1407bfa617b8d7e95b3dfc9a,1771750809000,sports_ranking_finish_position,contradiction
economic_or_replay,max_trades,3496b04d1407bfa617b8d7e95b3dfc9a,1771754409000,sports_ranking_finish_position,contradiction
economic_or_replay,max_trades,3496b04d1407bfa617b8d7e95b3dfc9a,1771758009000,sports_ranking_finish_position,contradiction
economic_or_replay,max_trades,3496b04d1407bfa617b8d7e95b3dfc9a,1771761609000,sports_ranking_finish_position,contradiction
economic_or_replay,max_trades,3496b04d1407bfa617b8d7e95b3dfc9a,1771765209000,sports_ranking_finish_position,contradiction
economic_or_replay,max_trades,3496b04d1407bfa617b8d7e95b3dfc9a,1771768809000,sports_ranking_finish_position,contradiction
economic_or_replay,max_trades,3496b04d1407bfa617b8d7e95b3dfc9a,1771772409000,sports_ranking_finish_position,contradiction
economic_or_replay,max_trades,3496b04d1407bfa617b8d7e95b3dfc9a,1771776009000,sports_ranking_finish_position,contradiction
economic_or_replay,max_trades,3496b04d1407bfa617b8d7e95b3dfc9a,1771779609000,sports_ranking_finish_position,contradiction
economic_or_replay,max_trades,3496b04d1407bfa617b8d7e95b3dfc9a,1771783209000,sports_ranking_finish_position,contradiction
economic_or_replay,max_trades,3496b04d1407bfa617b8d7e95b3dfc9a,1771786809000,sports_ranking_finish_position,contradiction
economic_or_replay,max_trades,3496b04d1407bfa617b8d7e95b3dfc9a,1771790409000,sports_ranking_finish_position,contradiction
economic_or_replay,max_trades,3496b04d1407bfa617b8d7e95b3dfc9a,1771794009000,sports_ranking_finish_position,contradiction
economic_or_replay,max_trades,3496b04d1407bfa617b8d7e95b3dfc9a,1771797609000,sports_ranking_finish_position,contradiction
economic_or_replay,max_trades,3496b04d1407bfa617b8d7e95b3dfc9a,1771801209000,sports_ranking_finish_position,contradiction
economic_or_replay,max_trades,3496b04d1407bfa617b8d7e95b3dfc9a,1771804809000,sports_ranking_finish_position,contradiction
economic_or_replay,max_trades,3496b04d1407bfa617b8d7e95b3dfc9a,1771808409000,sports_ranking_finish_position,contradiction
economic_or_replay,max_trades,3496b04d1407bfa617b8d7e95b3dfc9a,1771812009000,sports_ranking_finish_position,contradiction
economic_or_replay,max_trades,3496b04d1407bfa617b8d7e95b3dfc9a,1771815609000,sports_ranking_finish_position,contradiction
economic_or_replay,max_trades,3496b04d1407bfa617b8d7e95b3dfc9a,1771819209000,sports_ranking_finish_position,contradiction
economic_or_replay,max_trades,3496b04d1407bfa617b8d7e95b3dfc9a,1771822809000,sports_ranking_finish_position,contradiction
economic_or_replay,max_trades,3496b04d1407bfa617b8d7e95b3dfc9a,1771826409000,sports_ranking_finish_position,contradiction
economic_or_replay,max_trades,3496b04d1407bfa617b8d7e95b3dfc9a,1771830009000,sports_ranking_finish_position,contradiction
economic_or_replay,max_trades,3496b04d1407bfa617b8d7e95b3dfc9a,1771833609000,sports_ranking_finish_position,contradiction
economic_or_replay,max_trades,3496b04d1407bfa617b8d7e95b3dfc9a,1771837209000,sports_ranking_finish_position,contradiction
economic_or_replay,max_trades,3496b04d1407bfa617b8d7e95b3dfc9a,1771840809000,sports_ranking_finish_position,contradiction
economic_or_replay,max_trades,3496b04d1407bfa617b8d7e95b3dfc9a,1771844409000,sports_ranking_finish_position,contradiction
economic_or_replay,max_trades,3496b04d1407bfa617b8d7e95b3dfc9a,1771848009000,sports_ranking_finish_position,contradiction
economic_or_replay,max_trades,3496b04d1407bfa617b8d7e95b3dfc9a,1771851609000,sports_ranking_finish_position,contradiction
economic_or_replay,max_trades,3496b04d1407bfa617b8d7e95b3dfc9a,1771855209000,sports_ranking_finish_position,contradiction
economic_or_replay,max_trades,3496b04d1407bfa617b8d7e95b3dfc9a,1771858809000,sports_ranking_finish_position,contradiction
economic_or_replay,max_trades,3496b04d1407bfa617b8d7e95b3dfc9a,1771862409000,sports_ranking_finish_position,contradiction
economic_or_replay,max_trades,3496b04d1407bfa617b8d7e95b3dfc9a,1771866009000,sports_ranking_finish_position,contradiction
economic_or_replay,max_trades,3496b04d1407bfa617b8d7e95b3dfc9a,1771869609000,sports_ranking_finish_position,contradiction
economic_or_replay,max_trades,3496b04d1407bfa617b8d7e95b3dfc9a,1771873209000,sports_ranking_finish_position,contradiction
economic_or_replay,max_trades,3496b04d1407bfa617b8d7e95b3dfc9a,1771876809000,sports_ranking_finish_position,contradiction
economic_or_replay,max_trades,3496b04d1407bfa617b8d7e95b3dfc9a,1771880409000,sports_ranking_finish_position,contradiction
economic_or_replay,max_trades,3496b04d1407bfa617b8d7e95b3dfc9a,1771884009000,sports_ranking_finish_position,contradiction
economic_or_replay,max_trades,3496b04d1407bfa617b8d7e95b3dfc9a,1771887609000,sports_ranking_finish_position,contradiction
economic_or_replay,max_trades,3496b04d1407bfa617b8d7e95b3dfc9a,1771891209000,sports_ranking_finish_position,contradiction
economic_or_replay,max_trades,3496b04d1407bfa617b8d7e95b3dfc9a,1771894809000,sports_ranking_finish_position,contradiction
economic_or_replay,max_trades,3496b04d1407bfa617b8d7e95b3dfc9a,1771898409000,sports_ranking_finish_position,contradiction
economic_or_replay,max_trades,3496b04d1407bfa617b8d7e95b3dfc9a,1771902009000,sports_ranking_finish_position,contradiction
economic_or_replay,max_trades,3496b04d1407bfa617b8d7e95b3dfc9a,1771905609000,sports_ranking_finish_position,contradiction
economic_or_replay,max_trades,3496b04d1407bfa617b8d7e95b3dfc9a,1771909209000,sports_ranking_finish_position,contradiction
economic_or_replay,max_trades,3496b04d1407bfa617b8d7e95b3dfc9a,1771912809000,sports_ranking_finish_position,contradiction
economic_or_replay,max_trades,3496b04d1407bfa617b8d7e95b3dfc9a,1771916409000,sports_ranking_finish_position,contradiction
economic_or_replay,max_trades,3496b04d1407bfa617b8d7e95b3dfc9a,1771920009000,sports_ranking_finish_position,contradiction
economic_or_replay,max_trades,3496b04d1407bfa617b8d7e95b3dfc9a,1771923609000,sports_ranking_finish_position,contradiction
economic_or_replay,max_trades,3496b04d1407bfa617b8d7e95b3dfc9a,1771927209000,sports_ranking_finish_position,contradiction
economic_or_replay,max_trades,3496b04d1407bfa617b8d7e95b3dfc9a,1771930809000,sports_ranking_finish_position,contradiction
economic_or_replay,max_trades,3496b04d1407bfa617b8d7e95b3dfc9a,1771934409000,sports_ranking_finish_position,contradiction
economic_or_replay,max_trades,3496b04d1407bfa617b8d7e95b3dfc9a,1771938009000,sports_ranking_finish_position,contradiction
economic_or_replay,max_trades,3496b04d1407bfa617b8d7e95b3dfc9a,1771941609000,sports_ranking_finish_position,contradiction
economic_or_replay,max_trades,3496b04d1407bfa617b8d7e95b3dfc9a,1771945209000,sports_ranking_finish_position,contradiction
economic_or_replay,max_trades,3496b04d1407bfa617b8d7e95b3dfc9a,1771948809000,sports_ranking_finish_position,contradiction
economic_or_replay,max_trades,3496b04d1407bfa617b8d7e95b3dfc9a,1771952409000,sports_ranking_finish_position,contradiction
economic_or_replay,max_trades,3496b04d1407bfa617b8d7e95b3dfc9a,1771956009000,sports_ranking_finish_position,contradiction
economic_or_replay,max_trades,3496b04d1407bfa617b8d7e95b3dfc9a,1771959609000,sports_ranking_finish_position,contradiction
economic_or_replay,max_trades,3496b04d1407bfa617b8d7e95b3dfc9a,1771963209000,sports_ranking_finish_position,contradiction
economic_or_replay,max_trades,3496b04d1407bfa617b8d7e95b3dfc9a,1771966809000,sports_ranking_finish_position,contradiction
economic_or_replay,max_trades,3496b04d1407bfa617b8d7e95b3dfc9a,1771970409000,sports_ranking_finish_position,contradiction
economic_or_replay,max_trades,3496b04d1407bfa617b8d7e95b3dfc9a,1771974009000,sports_ranking_finish_position,contradiction
economic_or_replay,max_trades,3496b04d1407bfa617b8d7e95b3dfc9a,1771977609000,sports_ranking_finish_position,contradiction
economic_or_replay,max_trades,3496b04d1407bfa617b8d7e95b3dfc9a,1771981209000,sports_ranking_finish_position,contradiction
economic_or_replay,max_trades,3496b04d1407bfa617b8d7e95b3dfc9a,1771984809000,sports_ranking_finish_position,contradiction
economic_or_replay,max_trades,3496b04d1407bfa617b8d7e95b3dfc9a,1771988409000,sports_ranking_finish_position,contradiction
economic_or_replay,max_trades,3496b04d1407bfa617b8d7e95b3dfc9a,1771992009000,sports_ranking_finish_position,contradiction
economic_or_replay,max_trades,3496b04d1407bfa617b8d7e95b3dfc9a,1771995609000,sports_ranking_finish_position,contradiction
economic_or_replay,max_trades,3496b04d1407bfa617b8d7e95b3dfc9a,1771999209000,sports_ranking_finish_position,contradiction
economic_or_replay,max_trades,3496b04d1407bfa617b8d7e95b3dfc9a,1772002809000,sports_ranking_finish_position,contradiction
economic_or_replay,max_trades,3496b04d1407bfa617b8d7e95b3dfc9a,1772006409000,sports_ranking_finish_position,contradiction
economic_or_replay,max_trades,3496b04d1407bfa617b8d7e95b3dfc9a,1772010009000,sports_ranking_finish_position,contradiction
economic_or_replay,max_trades,3496b04d1407bfa617b8d7e95b3dfc9a,1772013609000,sports_ranking_finish_position,contradiction
economic_or_replay,max_trades,3496b04d1407bfa617b8d7e95b3dfc9a,1772017209000,sports_ranking_finish_position,contradiction
economic_or_replay,max_trades,3496b04d1407bfa617b8d7e95b3dfc9a,1772020809000,sports_ranking_finish_position,contradiction
economic_or_replay,max_trades,3496b04d1407bfa617b8d7e95b3dfc9a,1772024409000,sports_ranking_finish_position,contradiction
economic_or_replay,max_trades,3496b04d1407bfa617b8d7e95b3dfc9a,1772028009000,sports_ranking_finish_position,contradiction
economic_or_replay,max_trades,3496b04d1407bfa617b8d7e95b3dfc9a,1772031609000,sports_ranking_finish_position,contradiction
economic_or_replay,max_trades,3496b04d1407bfa617b8d7e95b3dfc9a,1772035209000,sports_ranking_finish_position,contradiction
economic_or_replay,max_trades,3496b04d1407bfa617b8d7e95b3dfc9a,1772038809000,sports_ranking_finish_position,contradiction
economic_or_replay,max_trades,3496b04d1407bfa617b8d7e95b3dfc9a,1772042409000,sports_ranking_finish_position,contradiction
economic_or_replay,max_trades,3496b04d1407bfa617b8d7e95b3dfc9a,1772046009000,sports_ranking_finish_position,contradiction
economic_or_replay,max_trades,3496b04d1407bfa617b8d7e95b3dfc9a,1772049609000,sports_ranking_finish_position,contradiction
economic_or_replay,max_trades,3496b04d1407bfa617b8d7e95b3dfc9a,1772053209000,sports_ranking_finish_position,contradiction
economic_or_replay,max_trades,3496b04d1407bfa617b8d7e95b3dfc9a,1772056809000,sports_ranking_finish_position,contradiction
economic_or_replay,max_trades,3496b04d1407bfa617b8d7e95b3dfc9a,1772060409000,sports_ranking_finish_position,contradiction
economic_or_replay,max_trades,3496b04d1407bfa617b8d7e95b3dfc9a,1772064009000,sports_ranking_finish_position,contradiction
economic_or_replay,max_trades,3496b04d1407bfa617b8d7e95b3dfc9a,1772067609000,sports_ranking_finish_position,contradiction
economic_or_replay,max_trades,3496b04d1407bfa617b8d7e95b3dfc9a,1772071209000,sports_ranking_finish_position,contradiction
economic_or_replay,max_trades,3496b04d1407bfa617b8d7e95b3dfc9a,1772074809000,sports_ranking_finish_position,contradiction
economic_or_replay,max_trades,3496b04d1407bfa617b8d7e95b3dfc9a,1772078409000,sports_ranking_finish_position,contradiction
economic_or_replay,max_trades,3496b04d1407bfa617b8d7e95b3dfc9a,1772082009000,sports_ranking_finish_position,contradiction
economic_or_replay,max_trades,3496b04d1407bfa617b8d7e95b3dfc9a,1772085609000,sports_ranking_finish_position,contradiction
economic_or_replay,max_trades,3496b04d1407bfa617b8d7e95b3dfc9a,1772089209000,sports_ranking_finish_position,contradiction
economic_or_replay,max_trades,3496b04d1407bfa617b8d7e95b3dfc9a,1772092809000,sports_ranking_finish_position,contradiction
economic_or_replay,max_trades,3496b04d1407bfa617b8d7e95b3dfc9a,1772096409000,sports_ranking_finish_position,contradiction
economic_or_replay,max_trades,3496b04d1407bfa617b8d7e95b3dfc9a,1772100009000,sports_ranking_finish_position,contradiction
economic_or_replay,max_trades,3496b04d1407bfa617b8d7e95b3dfc9a,1772103609000,sports_ranking_finish_position,contradiction
economic_or_replay,max_trades,3496b04d1407bfa617b8d7e95b3dfc9a,1772107209000,sports_ranking_finish_position,contradiction
economic_or_replay,max_trades,3496b04d1407bfa617b8d7e95b3dfc9a,1772110809000,sports_ranking_finish_position,contradiction
economic_or_replay,max_trades,3496b04d1407bfa617b8d7e95b3dfc9a,1772114409000,sports_ranking_finish_position,contradiction
economic_or_replay,max_trades,3496b04d1407bfa617b8d7e95b3dfc9a,1772118009000,sports_ranking_finish_position,contradiction
economic_or_replay,max_trades,3496b04d1407bfa617b8d7e95b3dfc9a,1772121609000,sports_ranking_finish_position,contradiction
economic_or_replay,max_trades,3496b04d1407bfa617b8d7e95b3dfc9a,1772125209000,sports_ranking_finish_position,contradiction
economic_or_replay,max_trades,3496b04d1407bfa617b8d7e95b3dfc9a,1772128809000,sports_ranking_finish_position,contradiction
economic_or_replay,max_trades,3496b04d1407bfa617b8d7e95b3dfc9a,1772132409000,sports_ranking_finish_position,contradiction
economic_or_replay,max_trades,3496b04d1407bfa617b8d7e95b3dfc9a,1772136009000,sports_ranking_finish_position,contradiction
economic_or_replay,max_trades,3496b04d1407bfa617b8d7e95b3dfc9a,1772139609000,sports_ranking_finish_position,contradiction
economic_or_replay,max_trades,3496b04d1407bfa617b8d7e95b3dfc9a,1772143209000,sports_ranking_finish_position,contradiction
economic_or_replay,max_trades,3496b04d1407bfa617b8d7e95b3dfc9a,1772146809000,sports_ranking_finish_position,contradiction
economic_or_replay,max_trades,3496b04d1407bfa617b8d7e95b3dfc9a,1772150409000,sports_ranking_finish_position,contradiction
economic_or_replay,max_trades,3496b04d1407bfa617b8d7e95b3dfc9a,1772154009000,sports_ranking_finish_position,contradiction
economic_or_replay,max_trades,3496b04d1407bfa617b8d7e95b3dfc9a,1772157609000,sports_ranking_finish_position,contradiction
economic_or_replay,max_trades,3496b04d1407bfa617b8d7e95b3dfc9a,1772161209000,sports_ranking_finish_position,contradiction
economic_or_replay,max_trades,3496b04d1407bfa617b8d7e95b3dfc9a,1772164809000,sports_ranking_finish_position,contradiction
economic_or_replay,max_trades,3496b04d1407bfa617b8d7e95b3dfc9a,1772168409000,sports_ranking_finish_position,contradiction
economic_or_replay,max_trades,3496b04d1407bfa617b8d7e95b3dfc9a,1772172009000,sports_ranking_finish_position,contradiction
economic_or_replay,max_trades,3496b04d1407bfa617b8d7e95b3dfc9a,1772175609000,sports_ranking_finish_position,contradiction
economic_or_replay,max_trades,3496b04d1407bfa617b8d7e95b3dfc9a,1772179209000,sports_ranking_finish_position,contradiction
economic_or_replay,max_trades,3496b04d1407bfa617b8d7e95b3dfc9a,1772182809000,sports_ranking_finish_position,contradiction
economic_or_replay,max_trades,3496b04d1407bfa617b8d7e95b3dfc9a,1772186409000,sports_ranking_finish_position,contradiction
economic_or_replay,max_trades,3496b04d1407bfa617b8d7e95b3dfc9a,1772190009000,sports_ranking_finish_position,contradiction
economic_or_replay,max_trades,3496b04d1407bfa617b8d7e95b3dfc9a,1772193609000,sports_ranking_finish_position,contradiction
economic_or_replay,max_trades,3496b04d1407bfa617b8d7e95b3dfc9a,1772197209000,sports_ranking_finish_position,contradiction
economic_or_replay,max_trades,3496b04d1407bfa617b8d7e95b3dfc9a,1772200809000,sports_ranking_finish_position,contradiction
economic_or_replay,max_trades,3496b04d1407bfa617b8d7e95b3dfc9a,1772204409000,sports_ranking_finish_position,contradiction
economic_or_replay,max_trades,3496b04d1407bfa617b8d7e95b3dfc9a,1772208009000,sports_ranking_finish_position,contradiction
economic_or_replay,max_trades,3496b04d1407bfa617b8d7e95b3dfc9a,1772211609000,sports_ranking_finish_position,contradiction
economic_or_replay,max_trades,3496b04d1407bfa617b8d7e95b3dfc9a,1772215209000,sports_ranking_finish_position,contradiction
economic_or_replay,max_trades,3496b04d1407bfa617b8d7e95b3dfc9a,1772218809000,sports_ranking_finish_position,contradiction
economic_or_replay,max_trades,3496b04d1407bfa617b8d7e95b3dfc9a,1772222409000,sports_ranking_finish_position,contradiction
economic_or_replay,max_trades,3496b04d1407bfa617b8d7e95b3dfc9a,1772226009000,sports_ranking_finish_position,contradiction
economic_or_replay,max_trades,3496b04d1407bfa617b8d7e95b3dfc9a,1772229609000,sports_ranking_finish_position,contradiction
economic_or_replay,max_trades,3496b04d1407bfa617b8d7e95b3dfc9a,1772233209000,sports_ranking_finish_position,contradiction
economic_or_replay,max_trades,3496b04d1407bfa617b8d7e95b3dfc9a,1772236809000,sports_ranking_finish_position,contradiction
economic_or_replay,max_trades,3496b04d1407bfa617b8d7e95b3dfc9a,1772240409000,sports_ranking_finish_position,contradiction
economic_or_replay,max_trades,3496b04d1407bfa617b8d7e95b3dfc9a,1772244009000,sports_ranking_finish_position,contradiction
economic_or_replay,max_trades,3496b04d1407bfa617b8d7e95b3dfc9a,1772247609000,sports_ranking_finish_position,contradiction
economic_or_replay,max_trades,3496b04d1407bfa617b8d7e95b3dfc9a,1772251209000,sports_ranking_finish_position,contradiction
economic_or_replay,max_trades,3496b04d1407bfa617b8d7e95b3dfc9a,1772254809000,sports_ranking_finish_position,contradiction
economic_or_replay,max_trades,3496b04d1407bfa617b8d7e95b3dfc9a,1772258409000,sports_ranking_finish_position,contradiction
economic_or_replay,max_trades,3496b04d1407bfa617b8d7e95b3dfc9a,1772262009000,sports_ranking_finish_position,contradiction
economic_or_replay,max_trades,3496b04d1407bfa617b8d7e95b3dfc9a,1772265609000,sports_ranking_finish_position,contradiction
economic_or_replay,max_trades,3496b04d1407bfa617b8d7e95b3dfc9a,1772269209000,sports_ranking_finish_position,contradiction
economic_or_replay,max_trades,3496b04d1407bfa617b8d7e95b3dfc9a,1772272809000,sports_ranking_finish_position,contradiction
economic_or_replay,max_trades,3496b04d1407bfa617b8d7e95b3dfc9a,1772276409000,sports_ranking_finish_position,contradiction
economic_or_replay,max_trades,3496b04d1407bfa617b8d7e95b3dfc9a,1772280009000,sports_ranking_finish_position,contradiction
economic_or_replay,max_trades,3496b04d1407bfa617b8d7e95b3dfc9a,1772283609000,sports_ranking_finish_position,contradiction
economic_or_replay,max_trades,3496b04d1407bfa617b8d7e95b3dfc9a,1772287209000,sports_ranking_finish_position,contradiction
economic_or_replay,max_trades,3496b04d1407bfa617b8d7e95b3dfc9a,1772290809000,sports_ranking_finish_position,contradiction
economic_or_replay,max_trades,3496b04d1407bfa617b8d7e95b3dfc9a,1772294409000,sports_ranking_finish_position,contradiction
economic_or_replay,max_trades,3496b04d1407bfa617b8d7e95b3dfc9a,1772298009000,sports_ranking_finish_position,contradiction
economic_or_replay,max_trades,3496b04d1407bfa617b8d7e95b3dfc9a,1772301609000,sports_ranking_finish_position,contradiction
economic_or_replay,max_trades,3496b04d1407bfa617b8d7e95b3dfc9a,1772305209000,sports_ranking_finish_position,contradiction
economic_or_replay,max_trades,3496b04d1407bfa617b8d7e95b3dfc9a,1772308809000,sports_ranking_finish_position,contradiction
economic_or_replay,max_trades,3496b04d1407bfa617b8d7e95b3dfc9a,1772312409000,sports_ranking_finish_position,contradiction
economic_or_replay,max_trades,3496b04d1407bfa617b8d7e95b3dfc9a,1772316009000,sports_ranking_finish_position,contradiction
economic_or_replay,max_trades,3496b04d1407bfa617b8d7e95b3dfc9a,1772319609000,sports_ranking_finish_position,contradiction
economic_or_replay,max_trades,3496b04d1407bfa617b8d7e95b3dfc9a,1772323209000,sports_ranking_finish_position,contradiction
economic_or_replay,max_trades,3496b04d1407bfa617b8d7e95b3dfc9a,1772370009000,sports_ranking_finish_position,contradiction
economic_or_replay,max_trades,3496b04d1407bfa617b8d7e95b3dfc9a,1772373609000,sports_ranking_finish_position,contradiction
economic_or_replay,max_trades,3496b04d1407bfa617b8d7e95b3dfc9a,1772377209000,sports_ranking_finish_position,contradiction
economic_or_replay,max_trades,3496b04d1407bfa617b8d7e95b3dfc9a,1772380809000,sports_ranking_finish_position,contradiction
economic_or_replay,max_trades,3496b04d1407bfa617b8d7e95b3dfc9a,1772384409000,sports_ranking_finish_position,contradiction
economic_or_replay,max_trades,3496b04d1407bfa617b8d7e95b3dfc9a,1772388009000,sports_ranking_finish_position,contradiction
economic_or_replay,max_trades,3496b04d1407bfa617b8d7e95b3dfc9a,1772391609000,sports_ranking_finish_position,contradiction
economic_or_replay,max_trades,3496b04d1407bfa617b8d7e95b3dfc9a,1772395209000,sports_ranking_finish_position,contradiction
economic_or_replay,max_trades,3496b04d1407bfa617b8d7e95b3dfc9a,1772398809000,sports_ranking_finish_position,contradiction
economic_or_replay,max_trades,3496b04d1407bfa617b8d7e95b3dfc9a,1772402409000,sports_ranking_finish_position,contradiction
economic_or_replay,max_trades,3496b04d1407bfa617b8d7e95b3dfc9a,1772406009000,sports_ranking_finish_position,contradiction
economic_or_replay,max_trades,3496b04d1407bfa617b8d7e95b3dfc9a,1772409609000,sports_ranking_finish_position,contradiction
economic_or_replay,max_trades,3496b04d1407bfa617b8d7e95b3dfc9a,1772413209000,sports_ranking_finish_position,contradiction
economic_or_replay,max_trades,3496b04d1407bfa617b8d7e95b3dfc9a,1772416809000,sports_ranking_finish_position,contradiction
economic_or_replay,max_trades,3496b04d1407bfa617b8d7e95b3dfc9a,1772420409000,sports_ranking_finish_position,contradiction
economic_or_replay,max_trades,3496b04d1407bfa617b8d7e95b3dfc9a,1772424009000,sports_ranking_finish_position,contradiction
economic_or_replay,max_trades,3496b04d1407bfa617b8d7e95b3dfc9a,1772427609000,sports_ranking_finish_position,contradiction
economic_or_replay,max_trades,3496b04d1407bfa617b8d7e95b3dfc9a,1772431209000,sports_ranking_finish_position,contradiction
economic_or_replay,max_trades,3496b04d1407bfa617b8d7e95b3dfc9a,1772434809000,sports_ranking_finish_position,contradiction
economic_or_replay,max_trades,3496b04d1407bfa617b8d7e95b3dfc9a,1772438409000,sports_ranking_finish_position,contradiction
economic_or_replay,max_trades,3496b04d1407bfa617b8d7e95b3dfc9a,1772442009000,sports_ranking_finish_position,contradiction
economic_or_replay,max_trades,3496b04d1407bfa617b8d7e95b3dfc9a,1772445609000,sports_ranking_finish_position,contradiction
economic_or_replay,max_trades,3496b04d1407bfa617b8d7e95b3dfc9a,1772449209000,sports_ranking_finish_position,contradiction
economic_or_replay,max_trades,3496b04d1407bfa617b8d7e95b3dfc9a,1772452809000,sports_ranking_finish_position,contradiction
economic_or_replay,max_trades,3496b04d1407bfa617b8d7e95b3dfc9a,1772456409000,sports_ranking_finish_position,contradiction
economic_or_replay,max_trades,3496b04d1407bfa617b8d7e95b3dfc9a,1772460009000,sports_ranking_finish_position,contradiction
economic_or_replay,max_trades,3496b04d1407bfa617b8d7e95b3dfc9a,1772463609000,sports_ranking_finish_position,contradiction
economic_or_replay,max_trades,3496b04d1407bfa617b8d7e95b3dfc9a,1772467209000,sports_ranking_finish_position,contradiction
economic_or_replay,max_trades,3496b04d1407bfa617b8d7e95b3dfc9a,1772470809000,sports_ranking_finish_position,contradiction
economic_or_replay,max_trades,3496b04d1407bfa617b8d7e95b3dfc9a,1772474409000,sports_ranking_finish_position,contradiction
economic_or_replay,max_trades,3496b04d1407bfa617b8d7e95b3dfc9a,1772478009000,sports_ranking_finish_position,contradiction
economic_or_replay,max_trades,3496b04d1407bfa617b8d7e95b3dfc9a,1772481609000,sports_ranking_finish_position,contradiction
economic_or_replay,max_trades,3496b04d1407bfa617b8d7e95b3dfc9a,1772485209000,sports_ranking_finish_position,contradiction
economic_or_replay,max_trades,3496b04d1407bfa617b8d7e95b3dfc9a,1772488809000,sports_ranking_finish_position,contradiction
economic_or_replay,max_trades,3496b04d1407bfa617b8d7e95b3dfc9a,1772492409000,sports_ranking_finish_position,contradiction
economic_or_replay,max_trades,3496b04d1407bfa617b8d7e95b3dfc9a,1772496009000,sports_ranking_finish_position,contradiction
economic_or_replay,max_trades,3496b04d1407bfa617b8d7e95b3dfc9a,1772499609000,sports_ranking_finish_position,contradiction
economic_or_replay,max_trades,3496b04d1407bfa617b8d7e95b3dfc9a,1772503209000,sports_ranking_finish_position,contradiction
economic_or_replay,max_trades,3496b04d1407bfa617b8d7e95b3dfc9a,1772506809000,sports_ranking_finish_position,contradiction
economic_or_replay,max_trades,3496b04d1407bfa617b8d7e95b3dfc9a,1772510409000,sports_ranking_finish_position,contradiction
economic_or_replay,max_trades,3496b04d1407bfa617b8d7e95b3dfc9a,1772514009000,sports_ranking_finish_position,contradiction
economic_or_replay,max_trades,3496b04d1407bfa617b8d7e95b3dfc9a,1772517609000,sports_ranking_finish_position,contradiction
economic_or_replay,max_trades,3496b04d1407bfa617b8d7e95b3dfc9a,1772521209000,sports_ranking_finish_position,contradiction
economic_or_replay,max_trades,3496b04d1407bfa617b8d7e95b3dfc9a,1772524809000,sports_ranking_finish_position,contradiction
economic_or_replay,max_trades,3496b04d1407bfa617b8d7e95b3dfc9a,1772528409000,sports_ranking_finish_position,contradiction
economic_or_replay,max_trades,3496b04d1407bfa617b8d7e95b3dfc9a,1772532009000,sports_ranking_finish_position,contradiction
economic_or_replay,max_trades,3496b04d1407bfa617b8d7e95b3dfc9a,1772535609000,sports_ranking_finish_position,contradiction
economic_or_replay,max_trades,3496b04d1407bfa617b8d7e95b3dfc9a,1772539209000,sports_ranking_finish_position,contradiction
economic_or_replay,max_trades,3496b04d1407bfa617b8d7e95b3dfc9a,1772542809000,sports_ranking_finish_position,contradiction
economic_or_replay,max_trades,3496b04d1407bfa617b8d7e95b3dfc9a,1772546409000,sports_ranking_finish_position,contradiction
economic_or_replay,max_trades,3496b04d1407bfa617b8d7e95b3dfc9a,1772550009000,sports_ranking_finish_position,contradiction
economic_or_replay,max_trades,3496b04d1407bfa617b8d7e95b3dfc9a,1772553609000,sports_ranking_finish_position,contradiction
economic_or_replay,max_trades,3496b04d1407bfa617b8d7e95b3dfc9a,1772557209000,sports_ranking_finish_position,contradiction
economic_or_replay,max_trades,3496b04d1407bfa617b8d7e95b3dfc9a,1772560809000,sports_ranking_finish_position,contradiction
economic_or_replay,max_trades,3496b04d1407bfa617b8d7e95b3dfc9a,1772564409000,sports_ranking_finish_position,contradiction
economic_or_replay,max_trades,3496b04d1407bfa617b8d7e95b3dfc9a,1772568009000,sports_ranking_finish_position,contradiction
economic_or_replay,max_trades,3496b04d1407bfa617b8d7e95b3dfc9a,1772571609000,sports_ranking_finish_position,contradiction
economic_or_replay,max_trades,3496b04d1407bfa617b8d7e95b3dfc9a,1772575209000,sports_ranking_finish_position,contradiction
economic_or_replay,max_trades,3496b04d1407bfa617b8d7e95b3dfc9a,1772578809000,sports_ranking_finish_position,contradiction
economic_or_replay,max_trades,3496b04d1407bfa617b8d7e95b3dfc9a,1772582409000,sports_ranking_finish_position,contradiction
economic_or_replay,max_trades,3496b04d1407bfa617b8d7e95b3dfc9a,1772586009000,sports_ranking_finish_position,contradiction
economic_or_replay,max_trades,3496b04d1407bfa617b8d7e95b3dfc9a,1772589609000,sports_ranking_finish_position,contradiction
economic_or_replay,max_trades,3496b04d1407bfa617b8d7e95b3dfc9a,1772593209000,sports_ranking_finish_position,contradiction
economic_or_replay,max_trades,3496b04d1407bfa617b8d7e95b3dfc9a,1772596809000,sports_ranking_finish_position,contradiction
economic_or_replay,max_trades,3496b04d1407bfa617b8d7e95b3dfc9a,1772600409000,sports_ranking_finish_position,contradiction
economic_or_replay,max_trades,3496b04d1407bfa617b8d7e95b3dfc9a,1772604009000,sports_ranking_finish_position,contradiction
economic_or_replay,max_trades,3496b04d1407bfa617b8d7e95b3dfc9a,1772607609000,sports_ranking_finish_position,contradiction
economic_or_replay,max_trades,3496b04d1407bfa617b8d7e95b3dfc9a,1772611209000,sports_ranking_finish_position,contradiction
economic_or_replay,max_trades,3496b04d1407bfa617b8d7e95b3dfc9a,1772614809000,sports_ranking_finish_position,contradiction
economic_or_replay,max_trades,3496b04d1407bfa617b8d7e95b3dfc9a,1772618409000,sports_ranking_finish_position,contradiction
economic_or_replay,max_trades,3496b04d1407bfa617b8d7e95b3dfc9a,1772622009000,sports_ranking_finish_position,contradiction
economic_or_replay,max_trades,3496b04d1407bfa617b8d7e95b3dfc9a,1772625609000,sports_ranking_finish_position,contradiction
economic_or_replay,max_trades,3496b04d1407bfa617b8d7e95b3dfc9a,1772629209000,sports_ranking_finish_position,contradiction
economic_or_replay,max_trades,3496b04d1407bfa617b8d7e95b3dfc9a,1772632809000,sports_ranking_finish_position,contradiction
economic_or_replay,max_trades,3496b04d1407bfa617b8d7e95b3dfc9a,1772636409000,sports_ranking_finish_position,contradiction
economic_or_replay,max_trades,3496b04d1407bfa617b8d7e95b3dfc9a,1772640009000,sports_ranking_finish_position,contradiction
economic_or_replay,max_trades,3496b04d1407bfa617b8d7e95b3dfc9a,1772643609000,sports_ranking_finish_position,contradiction
economic_or_replay,max_trades,3496b04d1407bfa617b8d7e95b3dfc9a,1772647209000,sports_ranking_finish_position,contradiction
economic_or_replay,max_trades,3496b04d1407bfa617b8d7e95b3dfc9a,1772650809000,sports_ranking_finish_position,contradiction
economic_or_replay,max_trades,3496b04d1407bfa617b8d7e95b3dfc9a,1772654409000,sports_ranking_finish_position,contradiction
economic_or_replay,max_trades,3496b04d1407bfa617b8d7e95b3dfc9a,1772658009000,sports_ranking_finish_position,contradiction
economic_or_replay,max_trades,3496b04d1407bfa617b8d7e95b3dfc9a,1772661609000,sports_ranking_finish_position,contradiction
economic_or_replay,max_trades,3496b04d1407bfa617b8d7e95b3dfc9a,1772665209000,sports_ranking_finish_position,contradiction
economic_or_replay,max_trades,3496b04d1407bfa617b8d7e95b3dfc9a,1772668809000,sports_ranking_finish_position,contradiction
economic_or_replay,max_trades,3496b04d1407bfa617b8d7e95b3dfc9a,1772672409000,sports_ranking_finish_position,contradiction
economic_or_replay,max_trades,3496b04d1407bfa617b8d7e95b3dfc9a,1772676009000,sports_ranking_finish_position,contradiction
economic_or_replay,max_trades,3496b04d1407bfa617b8d7e95b3dfc9a,1772679609000,sports_ranking_finish_position,contradiction
economic_or_replay,max_trades,3496b04d1407bfa617b8d7e95b3dfc9a,1772683209000,sports_ranking_finish_position,contradiction
economic_or_replay,max_trades,3496b04d1407bfa617b8d7e95b3dfc9a,1772686809000,sports_ranking_finish_position,contradiction
economic_or_replay,max_trades,3496b04d1407bfa617b8d7e95b3dfc9a,1772690409000,sports_ranking_finish_position,contradiction
economic_or_replay,max_trades,3496b04d1407bfa617b8d7e95b3dfc9a,1772694009000,sports_ranking_finish_position,contradiction
economic_or_replay,max_trades,3496b04d1407bfa617b8d7e95b3dfc9a,1772697609000,sports_ranking_finish_position,contradiction
economic_or_replay,max_trades,3496b04d1407bfa617b8d7e95b3dfc9a,1772701209000,sports_ranking_finish_position,contradiction
economic_or_replay,max_trades,3496b04d1407bfa617b8d7e95b3dfc9a,1772704809000,sports_ranking_finish_position,contradiction
economic_or_replay,max_trades,3496b04d1407bfa617b8d7e95b3dfc9a,1772708409000,sports_ranking_finish_position,contradiction
economic_or_replay,max_trades,3496b04d1407bfa617b8d7e95b3dfc9a,1772712009000,sports_ranking_finish_position,contradiction
economic_or_replay,max_trades,3496b04d1407bfa617b8d7e95b3dfc9a,1772715609000,sports_ranking_finish_position,contradiction
economic_or_replay,max_trades,3496b04d1407bfa617b8d7e95b3dfc9a,1772719209000,sports_ranking_finish_position,contradiction
economic_or_replay,max_trades,3496b04d1407bfa617b8d7e95b3dfc9a,1772722809000,sports_ranking_finish_position,contradiction
economic_or_replay,max_trades,3496b04d1407bfa617b8d7e95b3dfc9a,1772726409000,sports_ranking_finish_position,contradiction
economic_or_replay,max_trades,3496b04d1407bfa617b8d7e95b3dfc9a,1772730009000,sports_ranking_finish_position,contradiction
economic_or_replay,max_trades,3496b04d1407bfa617b8d7e95b3dfc9a,1772733609000,sports_ranking_finish_position,contradiction
economic_or_replay,max_trades,3496b04d1407bfa617b8d7e95b3dfc9a,1772737209000,sports_ranking_finish_position,contradiction
economic_or_replay,max_trades,3496b04d1407bfa617b8d7e95b3dfc9a,1772740809000,sports_ranking_finish_position,contradiction
economic_or_replay,max_trades,3496b04d1407bfa617b8d7e95b3dfc9a,1772744409000,sports_ranking_finish_position,contradiction
economic_or_replay,max_trades,3496b04d1407bfa617b8d7e95b3dfc9a,1772748009000,sports_ranking_finish_position,contradiction
economic_or_replay,max_trades,3496b04d1407bfa617b8d7e95b3dfc9a,1772751609000,sports_ranking_finish_position,contradiction
economic_or_replay,max_trades,3496b04d1407bfa617b8d7e95b3dfc9a,1772755209000,sports_ranking_finish_position,contradiction
economic_or_replay,max_trades,3496b04d1407bfa617b8d7e95b3dfc9a,1772758809000,sports_ranking_finish_position,contradiction
economic_or_replay,max_trades,3496b04d1407bfa617b8d7e95b3dfc9a,1772762409000,sports_ranking_finish_position,contradiction
economic_or_replay,max_trades,3496b04d1407bfa617b8d7e95b3dfc9a,1772766009000,sports_ranking_finish_position,contradiction
economic_or_replay,max_trades,3496b04d1407bfa617b8d7e95b3dfc9a,1772769609000,sports_ranking_finish_position,contradiction
economic_or_replay,max_trades,3496b04d1407bfa617b8d7e95b3dfc9a,1772773209000,sports_ranking_finish_position,contradiction
economic_or_replay,max_trades,3496b04d1407bfa617b8d7e95b3dfc9a,1772776809000,sports_ranking_finish_position,contradiction
economic_or_replay,max_trades,3496b04d1407bfa617b8d7e95b3dfc9a,1772780409000,sports_ranking_finish_position,contradiction
economic_or_replay,max_trades,3496b04d1407bfa617b8d7e95b3dfc9a,1772784009000,sports_ranking_finish_position,contradiction
economic_or_replay,max_trades,3496b04d1407bfa617b8d7e95b3dfc9a,1772787609000,sports_ranking_finish_position,contradiction
economic_or_replay,max_trades,3496b04d1407bfa617b8d7e95b3dfc9a,1772791209000,sports_ranking_finish_position,contradiction
economic_or_replay,max_trades,3496b04d1407bfa617b8d7e95b3dfc9a,1772794809000,sports_ranking_finish_position,contradiction
economic_or_replay,max_trades,3496b04d1407bfa617b8d7e95b3dfc9a,1772798409000,sports_ranking_finish_position,contradiction
economic_or_replay,max_trades,3496b04d1407bfa617b8d7e95b3dfc9a,1772802009000,sports_ranking_finish_position,contradiction
economic_or_replay,max_trades,3496b04d1407bfa617b8d7e95b3dfc9a,1772805609000,sports_ranking_finish_position,contradiction
economic_or_replay,max_trades,3496b04d1407bfa617b8d7e95b3dfc9a,1772809209000,sports_ranking_finish_position,contradiction
economic_or_replay,max_trades,3496b04d1407bfa617b8d7e95b3dfc9a,1772812809000,sports_ranking_finish_position,contradiction
economic_or_replay,max_trades,3496b04d1407bfa617b8d7e95b3dfc9a,1772816409000,sports_ranking_finish_position,contradiction
economic_or_replay,max_trades,3496b04d1407bfa617b8d7e95b3dfc9a,1772820009000,sports_ranking_finish_position,contradiction
economic_or_replay,max_trades,3496b04d1407bfa617b8d7e95b3dfc9a,1772823609000,sports_ranking_finish_position,contradiction
economic_or_replay,max_trades,3496b04d1407bfa617b8d7e95b3dfc9a,1772827209000,sports_ranking_finish_position,contradiction
economic_or_replay,max_trades,3496b04d1407bfa617b8d7e95b3dfc9a,1772830809000,sports_ranking_finish_position,contradiction
economic_or_replay,max_trades,3496b04d1407bfa617b8d7e95b3dfc9a,1772834409000,sports_ranking_finish_position,contradiction
economic_or_replay,max_trades,3496b04d1407bfa617b8d7e95b3dfc9a,1772838009000,sports_ranking_finish_position,contradiction
economic_or_replay,max_trades,3496b04d1407bfa617b8d7e95b3dfc9a,1772841609000,sports_ranking_finish_position,contradiction
economic_or_replay,max_trades,3496b04d1407bfa617b8d7e95b3dfc9a,1772845209000,sports_ranking_finish_position,contradiction
economic_or_replay,max_trades,3496b04d1407bfa617b8d7e95b3dfc9a,1772848809000,sports_ranking_finish_position,contradiction
economic_or_replay,max_trades,3496b04d1407bfa617b8d7e95b3dfc9a,1772852409000,sports_ranking_finish_position,contradiction
economic_or_replay,max_trades,3496b04d1407bfa617b8d7e95b3dfc9a,1772856009000,sports_ranking_finish_position,contradiction
economic_or_replay,max_trades,3496b04d1407bfa617b8d7e95b3dfc9a,1772859609000,sports_ranking_finish_position,contradiction
economic_or_replay,max_trades,3496b04d1407bfa617b8d7e95b3dfc9a,1772863209000,sports_ranking_finish_position,contradiction
economic_or_replay,max_trades,3496b04d1407bfa617b8d7e95b3dfc9a,1772866809000,sports_ranking_finish_position,contradiction
economic_or_replay,max_trades,3496b04d1407bfa617b8d7e95b3dfc9a,1772870409000,sports_ranking_finish_position,contradiction
economic_or_replay,max_trades,3496b04d1407bfa617b8d7e95b3dfc9a,1772874009000,sports_ranking_finish_position,contradiction
economic_or_replay,max_trades,3496b04d1407bfa617b8d7e95b3dfc9a,1772877609000,sports_ranking_finish_position,contradiction
economic_or_replay,max_trades,3496b04d1407bfa617b8d7e95b3dfc9a,1772881209000,sports_ranking_finish_position,contradiction
economic_or_replay,max_trades,3496b04d1407bfa617b8d7e95b3dfc9a,1772884809000,sports_ranking_finish_position,contradiction
economic_or_replay,max_trades,3496b04d1407bfa617b8d7e95b3dfc9a,1772888409000,sports_ranking_finish_position,contradiction
economic_or_replay,max_trades,3496b04d1407bfa617b8d7e95b3dfc9a,1772892009000,sports_ranking_finish_position,contradiction
economic_or_replay,max_trades,3496b04d1407bfa617b8d7e95b3dfc9a,1772895609000,sports_ranking_finish_position,contradiction
economic_or_replay,max_trades,3496b04d1407bfa617b8d7e95b3dfc9a,1772899209000,sports_ranking_finish_position,contradiction
economic_or_replay,max_trades,3496b04d1407bfa617b8d7e95b3dfc9a,1772902809000,sports_ranking_finish_position,contradiction
economic_or_replay,max_trades,3496b04d1407bfa617b8d7e95b3dfc9a,1772906409000,sports_ranking_finish_position,contradiction
economic_or_replay,max_trades,3496b04d1407bfa617b8d7e95b3dfc9a,1772910009000,sports_ranking_finish_position,contradiction
economic_or_replay,max_trades,3496b04d1407bfa617b8d7e95b3dfc9a,1772913609000,sports_ranking_finish_position,contradiction
economic_or_replay,max_trades,3496b04d1407bfa617b8d7e95b3dfc9a,1772917209000,sports_ranking_finish_position,contradiction
economic_or_replay,max_trades,3496b04d1407bfa617b8d7e95b3dfc9a,1772920809000,sports_ranking_finish_position,contradiction
economic_or_replay,max_trades,3496b04d1407bfa617b8d7e95b3dfc9a,1772924409000,sports_ranking_finish_position,contradiction
economic_or_replay,max_trades,3496b04d1407bfa617b8d7e95b3dfc9a,1772928009000,sports_ranking_finish_position,contradiction
economic_or_replay,max_trades,3496b04d1407bfa617b8d7e95b3dfc9a,1772931609000,sports_ranking_finish_position,contradiction
economic_or_replay,max_trades,3496b04d1407bfa617b8d7e95b3dfc9a,1772935209000,sports_ranking_finish_position,contradiction
economic_or_replay,max_trades,3496b04d1407bfa617b8d7e95b3dfc9a,1772938809000,sports_ranking_finish_position,contradiction
economic_or_replay,max_trades,3496b04d1407bfa617b8d7e95b3dfc9a,1772942409000,sports_ranking_finish_position,contradiction
economic_or_replay,max_trades,3496b04d1407bfa617b8d7e95b3dfc9a,1772946009000,sports_ranking_finish_position,contradiction
economic_or_replay,max_trades,3496b04d1407bfa617b8d7e95b3dfc9a,1772949609000,sports_ranking_finish_position,contradiction
economic_or_replay,max_trades,3496b04d1407bfa617b8d7e95b3dfc9a,1772953209000,sports_ranking_finish_position,contradiction
economic_or_replay,max_trades,3496b04d1407bfa617b8d7e95b3dfc9a,1772956809000,sports_ranking_finish_position,contradiction
economic_or_replay,max_trades,3496b04d1407bfa617b8d7e95b3dfc9a,1772960409000,sports_ranking_finish_position,contradiction
economic_or_replay,max_trades,3496b04d1407bfa617b8d7e95b3dfc9a,1772964009000,sports_ranking_finish_position,contradiction
economic_or_replay,max_trades,3496b04d1407bfa617b8d7e95b3dfc9a,1772967609000,sports_ranking_finish_position,contradiction
economic_or_replay,max_trades,3496b04d1407bfa617b8d7e95b3dfc9a,1772971209000,sports_ranking_finish_position,contradiction
economic_or_replay,max_trades,3496b04d1407bfa617b8d7e95b3dfc9a,1772974809000,sports_ranking_finish_position,contradiction
economic_or_replay,max_trades,3496b04d1407bfa617b8d7e95b3dfc9a,1772978409000,sports_ranking_finish_position,contradiction
economic_or_replay,max_trades,3496b04d1407bfa617b8d7e95b3dfc9a,1772982009000,sports_ranking_finish_position,contradiction
economic_or_replay,max_trades,3496b04d1407bfa617b8d7e95b3dfc9a,1772985609000,sports_ranking_finish_position,contradiction
economic_or_replay,max_trades,3496b04d1407bfa617b8d7e95b3dfc9a,1772989209000,sports_ranking_finish_position,contradiction
economic_or_replay,max_trades,3496b04d1407bfa617b8d7e95b3dfc9a,1772992809000,sports_ranking_finish_position,contradiction
economic_or_replay,max_trades,3496b04d1407bfa617b8d7e95b3dfc9a,1772996409000,sports_ranking_finish_position,contradiction
economic_or_replay,max_trades,3496b04d1407bfa617b8d7e95b3dfc9a,1773000009000,sports_ranking_finish_position,contradiction
economic_or_replay,max_trades,3496b04d1407bfa617b8d7e95b3dfc9a,1773003609000,sports_ranking_finish_position,contradiction
economic_or_replay,max_trades,3496b04d1407bfa617b8d7e95b3dfc9a,1773007209000,sports_ranking_finish_position,contradiction
economic_or_replay,max_trades,3496b04d1407bfa617b8d7e95b3dfc9a,1773010809000,sports_ranking_finish_position,contradiction
economic_or_replay,max_trades,3496b04d1407bfa617b8d7e95b3dfc9a,1773014409000,sports_ranking_finish_position,contradiction
economic_or_replay,max_trades,3496b04d1407bfa617b8d7e95b3dfc9a,1773018009000,sports_ranking_finish_position,contradiction
economic_or_replay,max_trades,3496b04d1407bfa617b8d7e95b3dfc9a,1773021609000,sports_ranking_finish_position,contradiction
economic_or_replay,max_trades,3496b04d1407bfa617b8d7e95b3dfc9a,1773025209000,sports_ranking_finish_position,contradiction
economic_or_replay,max_trades,3496b04d1407bfa617b8d7e95b3dfc9a,1773028809000,sports_ranking_finish_position,contradiction
economic_or_replay,max_trades,3496b04d1407bfa617b8d7e95b3dfc9a,1773032409000,sports_ranking_finish_position,contradiction
economic_or_replay,max_trades,3496b04d1407bfa617b8d7e95b3dfc9a,1773036009000,sports_ranking_finish_position,contradiction
economic_or_replay,max_trades,3496b04d1407bfa617b8d7e95b3dfc9a,1773039609000,sports_ranking_finish_position,contradiction
economic_or_replay,max_trades,3496b04d1407bfa617b8d7e95b3dfc9a,1773043209000,sports_ranking_finish_position,contradiction
economic_or_replay,max_trades,3496b04d1407bfa617b8d7e95b3dfc9a,1773046809000,sports_ranking_finish_position,contradiction
economic_or_replay,max_trades,3496b04d1407bfa617b8d7e95b3dfc9a,1773050409000,sports_ranking_finish_position,contradiction
economic_or_replay,max_trades,3496b04d1407bfa617b8d7e95b3dfc9a,1773054009000,sports_ranking_finish_position,contradiction
economic_or_replay,max_trades,3496b04d1407bfa617b8d7e95b3dfc9a,1773057609000,sports_ranking_finish_position,contradiction
economic_or_replay,max_trades,3496b04d1407bfa617b8d7e95b3dfc9a,1773061209000,sports_ranking_finish_position,contradiction
economic_or_replay,max_trades,3496b04d1407bfa617b8d7e95b3dfc9a,1773064809000,sports_ranking_finish_position,contradiction
economic_or_replay,max_trades,3496b04d1407bfa617b8d7e95b3dfc9a,1773068409000,sports_ranking_finish_position,contradiction
economic_or_replay,max_trades,3496b04d1407bfa617b8d7e95b3dfc9a,1773072009000,sports_ranking_finish_position,contradiction
economic_or_replay,max_trades,3496b04d1407bfa617b8d7e95b3dfc9a,1773075609000,sports_ranking_finish_position,contradiction
economic_or_replay,max_trades,3496b04d1407bfa617b8d7e95b3dfc9a,1773079209000,sports_ranking_finish_position,contradiction
economic_or_replay,max_trades,3496b04d1407bfa617b8d7e95b3dfc9a,1773082809000,sports_ranking_finish_position,contradiction
economic_or_replay,max_trades,3496b04d1407bfa617b8d7e95b3dfc9a,1773086409000,sports_ranking_finish_position,contradiction
economic_or_replay,max_trades,3496b04d1407bfa617b8d7e95b3dfc9a,1773090009000,sports_ranking_finish_position,contradiction
economic_or_replay,max_trades,3496b04d1407bfa617b8d7e95b3dfc9a,1773093609000,sports_ranking_finish_position,contradiction
economic_or_replay,max_trades,3496b04d1407bfa617b8d7e95b3dfc9a,1773097209000,sports_ranking_finish_position,contradiction
economic_or_replay,max_trades,3496b04d1407bfa617b8d7e95b3dfc9a,1773100809000,sports_ranking_finish_position,contradiction
economic_or_replay,max_trades,3496b04d1407bfa617b8d7e95b3dfc9a,1773104409000,sports_ranking_finish_position,contradiction
economic_or_replay,max_trades,3496b04d1407bfa617b8d7e95b3dfc9a,1773108009000,sports_ranking_finish_position,contradiction
economic_or_replay,max_trades,3496b04d1407bfa617b8d7e95b3dfc9a,1773111609000,sports_ranking_finish_position,contradiction
economic_or_replay,max_trades,3496b04d1407bfa617b8d7e95b3dfc9a,1773115209000,sports_ranking_finish_position,contradiction
economic_or_replay,max_trades,3496b04d1407bfa617b8d7e95b3dfc9a,1773118809000,sports_ranking_finish_position,contradiction
economic_or_replay,max_trades,3496b04d1407bfa617b8d7e95b3dfc9a,1773122409000,sports_ranking_finish_position,contradiction
economic_or_replay,max_trades,3496b04d1407bfa617b8d7e95b3dfc9a,1773126009000,sports_ranking_finish_position,contradiction
economic_or_replay,max_trades,3496b04d1407bfa617b8d7e95b3dfc9a,1773129609000,sports_ranking_finish_position,contradiction
economic_or_replay,max_trades,3496b04d1407bfa617b8d7e95b3dfc9a,1773133209000,sports_ranking_finish_position,contradiction
economic_or_replay,max_trades,3496b04d1407bfa617b8d7e95b3dfc9a,1773136809000,sports_ranking_finish_position,contradiction
economic_or_replay,max_trades,3496b04d1407bfa617b8d7e95b3dfc9a,1773140409000,sports_ranking_finish_position,contradiction
economic_or_replay,max_trades,3496b04d1407bfa617b8d7e95b3dfc9a,1773144009000,sports_ranking_finish_position,contradiction
economic_or_replay,max_trades,3496b04d1407bfa617b8d7e95b3dfc9a,1773147609000,sports_ranking_finish_position,contradiction
economic_or_replay,max_trades,3496b04d1407bfa617b8d7e95b3dfc9a,1773151209000,sports_ranking_finish_position,contradiction
economic_or_replay,max_trades,3496b04d1407bfa617b8d7e95b3dfc9a,1773154809000,sports_ranking_finish_position,contradiction
economic_or_replay,max_trades,3496b04d1407bfa617b8d7e95b3dfc9a,1773158409000,sports_ranking_finish_position,contradiction
economic_or_replay,max_trades,3496b04d1407bfa617b8d7e95b3dfc9a,1773162009000,sports_ranking_finish_position,contradiction
economic_or_replay,max_trades,3496b04d1407bfa617b8d7e95b3dfc9a,1773165609000,sports_ranking_finish_position,contradiction
economic_or_replay,max_trades,3496b04d1407bfa617b8d7e95b3dfc9a,1773169209000,sports_ranking_finish_position,contradiction
economic_or_replay,max_trades,3496b04d1407bfa617b8d7e95b3dfc9a,1773172809000,sports_ranking_finish_position,contradiction
economic_or_replay,max_trades,3496b04d1407bfa617b8d7e95b3dfc9a,1773176409000,sports_ranking_finish_position,contradiction
economic_or_replay,max_trades,3496b04d1407bfa617b8d7e95b3dfc9a,1773180009000,sports_ranking_finish_position,contradiction
economic_or_replay,max_trades,3496b04d1407bfa617b8d7e95b3dfc9a,1773183609000,sports_ranking_finish_position,contradiction
economic_or_replay,max_trades,3496b04d1407bfa617b8d7e95b3dfc9a,1773187209000,sports_ranking_finish_position,contradiction
economic_or_replay,max_trades,3496b04d1407bfa617b8d7e95b3dfc9a,1773190809000,sports_ranking_finish_position,contradiction
economic_or_replay,max_trades,3496b04d1407bfa617b8d7e95b3dfc9a,1773194409000,sports_ranking_finish_position,contradiction
economic_or_replay,max_trades,3496b04d1407bfa617b8d7e95b3dfc9a,1773198009000,sports_ranking_finish_position,contradiction
economic_or_replay,max_trades,3496b04d1407bfa617b8d7e95b3dfc9a,1773201609000,sports_ranking_finish_position,contradiction
economic_or_replay,max_trades,3496b04d1407bfa617b8d7e95b3dfc9a,1773205209000,sports_ranking_finish_position,contradiction
economic_or_replay,max_trades,3496b04d1407bfa617b8d7e95b3dfc9a,1773208809000,sports_ranking_finish_position,contradiction
economic_or_replay,max_trades,3496b04d1407bfa617b8d7e95b3dfc9a,1773212409000,sports_ranking_finish_position,contradiction
economic_or_replay,max_trades,3496b04d1407bfa617b8d7e95b3dfc9a,1773216009000,sports_ranking_finish_position,contradiction
economic_or_replay,max_trades,3496b04d1407bfa617b8d7e95b3dfc9a,1773219609000,sports_ranking_finish_position,contradiction
economic_or_replay,max_trades,3496b04d1407bfa617b8d7e95b3dfc9a,1773223209000,sports_ranking_finish_position,contradiction
economic_or_replay,max_trades,3496b04d1407bfa617b8d7e95b3dfc9a,1773226809000,sports_ranking_finish_position,contradiction
economic_or_replay,max_trades,3496b04d1407bfa617b8d7e95b3dfc9a,1773230409000,sports_ranking_finish_position,contradiction
economic_or_replay,max_trades,3496b04d1407bfa617b8d7e95b3dfc9a,1773234009000,sports_ranking_finish_position,contradiction
economic_or_replay,max_trades,3496b04d1407bfa617b8d7e95b3dfc9a,1773237609000,sports_ranking_finish_position,contradiction
economic_or_replay,max_trades,3496b04d1407bfa617b8d7e95b3dfc9a,1773241209000,sports_ranking_finish_position,contradiction
economic_or_replay,max_trades,3496b04d1407bfa617b8d7e95b3dfc9a,1773244809000,sports_ranking_finish_position,contradiction
economic_or_replay,max_trades,3496b04d1407bfa617b8d7e95b3dfc9a,1773248409000,sports_ranking_finish_position,contradiction
economic_or_replay,max_trades,3496b04d1407bfa617b8d7e95b3dfc9a,1773252009000,sports_ranking_finish_position,contradiction
economic_or_replay,max_trades,3496b04d1407bfa617b8d7e95b3dfc9a,1773255609000,sports_ranking_finish_position,contradiction
economic_or_replay,max_trades,3496b04d1407bfa617b8d7e95b3dfc9a,1773259209000,sports_ranking_finish_position,contradiction
economic_or_replay,max_trades,3496b04d1407bfa617b8d7e95b3dfc9a,1773262809000,sports_ranking_finish_position,contradiction
economic_or_replay,max_trades,3496b04d1407bfa617b8d7e95b3dfc9a,1773266409000,sports_ranking_finish_position,contradiction
economic_or_replay,max_trades,3496b04d1407bfa617b8d7e95b3dfc9a,1773270009000,sports_ranking_finish_position,contradiction
economic_or_replay,max_trades,3496b04d1407bfa617b8d7e95b3dfc9a,1773273609000,sports_ranking_finish_position,contradiction
economic_or_replay,max_trades,3496b04d1407bfa617b8d7e95b3dfc9a,1773277209000,sports_ranking_finish_position,contradiction
economic_or_replay,max_trades,3496b04d1407bfa617b8d7e95b3dfc9a,1773280809000,sports_ranking_finish_position,contradiction
economic_or_replay,max_trades,3496b04d1407bfa617b8d7e95b3dfc9a,1773284409000,sports_ranking_finish_position,contradiction
economic_or_replay,max_trades,3496b04d1407bfa617b8d7e95b3dfc9a,1773288009000,sports_ranking_finish_position,contradiction
economic_or_replay,max_trades,3496b04d1407bfa617b8d7e95b3dfc9a,1773291609000,sports_ranking_finish_position,contradiction
economic_or_replay,max_trades,3496b04d1407bfa617b8d7e95b3dfc9a,1773295209000,sports_ranking_finish_position,contradiction
economic_or_replay,max_trades,3496b04d1407bfa617b8d7e95b3dfc9a,1773298809000,sports_ranking_finish_position,contradiction
economic_or_replay,max_trades,3496b04d1407bfa617b8d7e95b3dfc9a,1773302409000,sports_ranking_finish_position,contradiction
economic_or_replay,max_trades,3496b04d1407bfa617b8d7e95b3dfc9a,1773306009000,sports_ranking_finish_position,contradiction
economic_or_replay,max_trades,3496b04d1407bfa617b8d7e95b3dfc9a,1773309609000,sports_ranking_finish_position,contradiction
economic_or_replay,max_trades,3496b04d1407bfa617b8d7e95b3dfc9a,1773313209000,sports_ranking_finish_position,contradiction
economic_or_replay,max_trades,3496b04d1407bfa617b8d7e95b3dfc9a,1773316809000,sports_ranking_finish_position,contradiction
economic_or_replay,max_trades,3496b04d1407bfa617b8d7e95b3dfc9a,1773320409000,sports_ranking_finish_position,contradiction
economic_or_replay,max_trades,3496b04d1407bfa617b8d7e95b3dfc9a,1773324009000,sports_ranking_finish_position,contradiction
economic_or_replay,max_trades,3496b04d1407bfa617b8d7e95b3dfc9a,1773327609000,sports_ranking_finish_position,contradiction
economic_or_replay,max_trades,3496b04d1407bfa617b8d7e95b3dfc9a,1773331209000,sports_ranking_finish_position,contradiction
economic_or_replay,max_trades,3496b04d1407bfa617b8d7e95b3dfc9a,1773334809000,sports_ranking_finish_position,contradiction
economic_or_replay,max_trades,3496b04d1407bfa617b8d7e95b3dfc9a,1773338409000,sports_ranking_finish_position,contradiction
economic_or_replay,max_trades,3496b04d1407bfa617b8d7e95b3dfc9a,1773342009000,sports_ranking_finish_position,contradiction
economic_or_replay,max_trades,3496b04d1407bfa617b8d7e95b3dfc9a,1773345609000,sports_ranking_finish_position,contradiction
economic_or_replay,max_trades,3496b04d1407bfa617b8d7e95b3dfc9a,1773349209000,sports_ranking_finish_position,contradiction
economic_or_replay,max_trades,3496b04d1407bfa617b8d7e95b3dfc9a,1773352809000,sports_ranking_finish_position,contradiction
economic_or_replay,max_trades,3496b04d1407bfa617b8d7e95b3dfc9a,1773356409000,sports_ranking_finish_position,contradiction
economic_or_replay,max_trades,3496b04d1407bfa617b8d7e95b3dfc9a,1773360009000,sports_ranking_finish_position,contradiction
economic_or_replay,max_trades,3496b04d1407bfa617b8d7e95b3dfc9a,1773406809000,sports_ranking_finish_position,contradiction
economic_or_replay,max_trades,3496b04d1407bfa617b8d7e95b3dfc9a,1773410409000,sports_ranking_finish_position,contradiction
economic_or_replay,max_trades,3496b04d1407bfa617b8d7e95b3dfc9a,1773414009000,sports_ranking_finish_position,contradiction
economic_or_replay,max_trades,3496b04d1407bfa617b8d7e95b3dfc9a,1773417609000,sports_ranking_finish_position,contradiction
economic_or_replay,max_trades,3496b04d1407bfa617b8d7e95b3dfc9a,1773421209000,sports_ranking_finish_position,contradiction
economic_or_replay,max_trades,3496b04d1407bfa617b8d7e95b3dfc9a,1773424809000,sports_ranking_finish_position,contradiction
economic_or_replay,max_trades,3496b04d1407bfa617b8d7e95b3dfc9a,1773428409000,sports_ranking_finish_position,contradiction
economic_or_replay,max_trades,3496b04d1407bfa617b8d7e95b3dfc9a,1773432009000,sports_ranking_finish_position,contradiction
economic_or_replay,max_trades,3496b04d1407bfa617b8d7e95b3dfc9a,1773435609000,sports_ranking_finish_position,contradiction
economic_or_replay,max_trades,3496b04d1407bfa617b8d7e95b3dfc9a,1773439209000,sports_ranking_finish_position,contradiction
economic_or_replay,max_trades,3496b04d1407bfa617b8d7e95b3dfc9a,1773442809000,sports_ranking_finish_position,contradiction
economic_or_replay,max_trades,3496b04d1407bfa617b8d7e95b3dfc9a,1773446409000,sports_ranking_finish_position,contradiction
economic_or_replay,max_trades,3496b04d1407bfa617b8d7e95b3dfc9a,1773450009000,sports_ranking_finish_position,contradiction
economic_or_replay,max_trades,3496b04d1407bfa617b8d7e95b3dfc9a,1773453609000,sports_ranking_finish_position,contradiction
economic_or_replay,max_trades,3496b04d1407bfa617b8d7e95b3dfc9a,1773457209000,sports_ranking_finish_position,contradiction
economic_or_replay,max_trades,3496b04d1407bfa617b8d7e95b3dfc9a,1773460809000,sports_ranking_finish_position,contradiction
economic_or_replay,max_trades,3496b04d1407bfa617b8d7e95b3dfc9a,1773464409000,sports_ranking_finish_position,contradiction
economic_or_replay,max_trades,3496b04d1407bfa617b8d7e95b3dfc9a,1773468009000,sports_ranking_finish_position,contradiction
economic_or_replay,max_trades,3496b04d1407bfa617b8d7e95b3dfc9a,1773471609000,sports_ranking_finish_position,contradiction
economic_or_replay,max_trades,3496b04d1407bfa617b8d7e95b3dfc9a,1773475209000,sports_ranking_finish_position,contradiction
economic_or_replay,max_trades,3496b04d1407bfa617b8d7e95b3dfc9a,1773478809000,sports_ranking_finish_position,contradiction
economic_or_replay,max_trades,3496b04d1407bfa617b8d7e95b3dfc9a,1773482409000,sports_ranking_finish_position,contradiction
economic_or_replay,max_trades,3496b04d1407bfa617b8d7e95b3dfc9a,1773486009000,sports_ranking_finish_position,contradiction
economic_or_replay,max_trades,3496b04d1407bfa617b8d7e95b3dfc9a,1773489609000,sports_ranking_finish_position,contradiction
economic_or_replay,max_trades,3496b04d1407bfa617b8d7e95b3dfc9a,1773493209000,sports_ranking_finish_position,contradiction
economic_or_replay,max_trades,3496b04d1407bfa617b8d7e95b3dfc9a,1773496809000,sports_ranking_finish_position,contradiction
economic_or_replay,max_trades,3496b04d1407bfa617b8d7e95b3dfc9a,1773500409000,sports_ranking_finish_position,contradiction
economic_or_replay,max_trades,3496b04d1407bfa617b8d7e95b3dfc9a,1773504009000,sports_ranking_finish_position,contradiction
economic_or_replay,max_trades,3496b04d1407bfa617b8d7e95b3dfc9a,1773507609000,sports_ranking_finish_position,contradiction
economic_or_replay,max_trades,3496b04d1407bfa617b8d7e95b3dfc9a,1773511209000,sports_ranking_finish_position,contradiction
economic_or_replay,max_trades,3496b04d1407bfa617b8d7e95b3dfc9a,1773514809000,sports_ranking_finish_position,contradiction
economic_or_replay,max_trades,3496b04d1407bfa617b8d7e95b3dfc9a,1773518409000,sports_ranking_finish_position,contradiction
economic_or_replay,max_trades,3496b04d1407bfa617b8d7e95b3dfc9a,1773522009000,sports_ranking_finish_position,contradiction
economic_or_replay,max_trades,3496b04d1407bfa617b8d7e95b3dfc9a,1773525609000,sports_ranking_finish_position,contradiction
economic_or_replay,max_trades,3496b04d1407bfa617b8d7e95b3dfc9a,1773529209000,sports_ranking_finish_position,contradiction
economic_or_replay,max_trades,3496b04d1407bfa617b8d7e95b3dfc9a,1773532809000,sports_ranking_finish_position,contradiction
economic_or_replay,max_trades,3496b04d1407bfa617b8d7e95b3dfc9a,1773579609000,sports_ranking_finish_position,contradiction
economic_or_replay,max_trades,3496b04d1407bfa617b8d7e95b3dfc9a,1773583209000,sports_ranking_finish_position,contradiction
economic_or_replay,max_trades,3496b04d1407bfa617b8d7e95b3dfc9a,1773586809000,sports_ranking_finish_position,contradiction
economic_or_replay,max_trades,3496b04d1407bfa617b8d7e95b3dfc9a,1773590409000,sports_ranking_finish_position,contradiction
economic_or_replay,max_trades,3496b04d1407bfa617b8d7e95b3dfc9a,1773594009000,sports_ranking_finish_position,contradiction
economic_or_replay,max_trades,3496b04d1407bfa617b8d7e95b3dfc9a,1773597609000,sports_ranking_finish_position,contradiction
economic_or_replay,max_trades,3496b04d1407bfa617b8d7e95b3dfc9a,1773601209000,sports_ranking_finish_position,contradiction
economic_or_replay,max_trades,3496b04d1407bfa617b8d7e95b3dfc9a,1773604809000,sports_ranking_finish_position,contradiction
economic_or_replay,max_trades,3496b04d1407bfa617b8d7e95b3dfc9a,1773608409000,sports_ranking_finish_position,contradiction
economic_or_replay,max_trades,3496b04d1407bfa617b8d7e95b3dfc9a,1773612009000,sports_ranking_finish_position,contradiction
economic_or_replay,max_trades,3496b04d1407bfa617b8d7e95b3dfc9a,1773615609000,sports_ranking_finish_position,contradiction
economic_or_replay,max_trades,3496b04d1407bfa617b8d7e95b3dfc9a,1773619209000,sports_ranking_finish_position,contradiction
economic_or_replay,max_trades,3496b04d1407bfa617b8d7e95b3dfc9a,1773622809000,sports_ranking_finish_position,contradiction
economic_or_replay,max_trades,3496b04d1407bfa617b8d7e95b3dfc9a,1773626409000,sports_ranking_finish_position,contradiction
economic_or_replay,max_trades,3496b04d1407bfa617b8d7e95b3dfc9a,1773630009000,sports_ranking_finish_position,contradiction
economic_or_replay,max_trades,3496b04d1407bfa617b8d7e95b3dfc9a,1773633609000,sports_ranking_finish_position,contradiction
economic_or_replay,max_trades,3496b04d1407bfa617b8d7e95b3dfc9a,1773637209000,sports_ranking_finish_position,contradiction
economic_or_replay,max_trades,3496b04d1407bfa617b8d7e95b3dfc9a,1773640809000,sports_ranking_finish_position,contradiction
economic_or_replay,max_trades,3496b04d1407bfa617b8d7e95b3dfc9a,1773644409000,sports_ranking_finish_position,contradiction
economic_or_replay,max_trades,3496b04d1407bfa617b8d7e95b3dfc9a,1773648009000,sports_ranking_finish_position,contradiction
economic_or_replay,max_trades,3496b04d1407bfa617b8d7e95b3dfc9a,1773651609000,sports_ranking_finish_position,contradiction
economic_or_replay,max_trades,3496b04d1407bfa617b8d7e95b3dfc9a,1773655209000,sports_ranking_finish_position,contradiction
economic_or_replay,max_trades,3496b04d1407bfa617b8d7e95b3dfc9a,1773658809000,sports_ranking_finish_position,contradiction
economic_or_replay,max_trades,3496b04d1407bfa617b8d7e95b3dfc9a,1773662409000,sports_ranking_finish_position,contradiction
economic_or_replay,max_trades,3496b04d1407bfa617b8d7e95b3dfc9a,1773666009000,sports_ranking_finish_position,contradiction
economic_or_replay,max_trades,3496b04d1407bfa617b8d7e95b3dfc9a,1773669609000,sports_ranking_finish_position,contradiction
economic_or_replay,max_trades,3496b04d1407bfa617b8d7e95b3dfc9a,1773673209000,sports_ranking_finish_position,contradiction
economic_or_replay,max_trades,3496b04d1407bfa617b8d7e95b3dfc9a,1773676809000,sports_ranking_finish_position,contradiction
economic_or_replay,max_trades,3496b04d1407bfa617b8d7e95b3dfc9a,1773680409000,sports_ranking_finish_position,contradiction
economic_or_replay,max_trades,3496b04d1407bfa617b8d7e95b3dfc9a,1773684009000,sports_ranking_finish_position,contradiction
economic_or_replay,max_trades,3496b04d1407bfa617b8d7e95b3dfc9a,1773687609000,sports_ranking_finish_position,contradiction
economic_or_replay,max_trades,3496b04d1407bfa617b8d7e95b3dfc9a,1773691209000,sports_ranking_finish_position,contradiction
economic_or_replay,max_trades,3496b04d1407bfa617b8d7e95b3dfc9a,1773694809000,sports_ranking_finish_position,contradiction
economic_or_replay,max_trades,3496b04d1407bfa617b8d7e95b3dfc9a,1773698409000,sports_ranking_finish_position,contradiction
economic_or_replay,max_trades,3496b04d1407bfa617b8d7e95b3dfc9a,1773702009000,sports_ranking_finish_position,contradiction
economic_or_replay,max_trades,3496b04d1407bfa617b8d7e95b3dfc9a,1773705609000,sports_ranking_finish_position,contradiction
economic_or_replay,max_trades,3496b04d1407bfa617b8d7e95b3dfc9a,1773709209000,sports_ranking_finish_position,contradiction
economic_or_replay,max_trades,3496b04d1407bfa617b8d7e95b3dfc9a,1773712809000,sports_ranking_finish_position,contradiction
economic_or_replay,max_trades,3496b04d1407bfa617b8d7e95b3dfc9a,1773716409000,sports_ranking_finish_position,contradiction
economic_or_replay,max_trades,3496b04d1407bfa617b8d7e95b3dfc9a,1773720009000,sports_ranking_finish_position,contradiction
economic_or_replay,max_trades,3496b04d1407bfa617b8d7e95b3dfc9a,1773723609000,sports_ranking_finish_position,contradiction
economic_or_replay,max_trades,3496b04d1407bfa617b8d7e95b3dfc9a,1773727209000,sports_ranking_finish_position,contradiction
economic_or_replay,max_trades,3496b04d1407bfa617b8d7e95b3dfc9a,1773730809000,sports_ranking_finish_position,contradiction
economic_or_replay,max_trades,3496b04d1407bfa617b8d7e95b3dfc9a,1773734409000,sports_ranking_finish_position,contradiction
economic_or_replay,max_trades,3496b04d1407bfa617b8d7e95b3dfc9a,1773738009000,sports_ranking_finish_position,contradiction
economic_or_replay,max_trades,3496b04d1407bfa617b8d7e95b3dfc9a,1773741609000,sports_ranking_finish_position,contradiction
economic_or_replay,max_trades,3496b04d1407bfa617b8d7e95b3dfc9a,1773745209000,sports_ranking_finish_position,contradiction
economic_or_replay,max_trades,3496b04d1407bfa617b8d7e95b3dfc9a,1773748809000,sports_ranking_finish_position,contradiction
economic_or_replay,max_trades,3496b04d1407bfa617b8d7e95b3dfc9a,1773752409000,sports_ranking_finish_position,contradiction
economic_or_replay,max_trades,3496b04d1407bfa617b8d7e95b3dfc9a,1773756009000,sports_ranking_finish_position,contradiction
economic_or_replay,max_trades,3496b04d1407bfa617b8d7e95b3dfc9a,1773759609000,sports_ranking_finish_position,contradiction
economic_or_replay,max_trades,3496b04d1407bfa617b8d7e95b3dfc9a,1773763209000,sports_ranking_finish_position,contradiction
economic_or_replay,max_trades,3496b04d1407bfa617b8d7e95b3dfc9a,1773766809000,sports_ranking_finish_position,contradiction
economic_or_replay,max_trades,3496b04d1407bfa617b8d7e95b3dfc9a,1773770409000,sports_ranking_finish_position,contradiction
economic_or_replay,max_trades,3496b04d1407bfa617b8d7e95b3dfc9a,1773774009000,sports_ranking_finish_position,contradiction
economic_or_replay,max_trades,3496b04d1407bfa617b8d7e95b3dfc9a,1773777609000,sports_ranking_finish_position,contradiction
economic_or_replay,max_trades,3496b04d1407bfa617b8d7e95b3dfc9a,1773781209000,sports_ranking_finish_position,contradiction
economic_or_replay,max_trades,3496b04d1407bfa617b8d7e95b3dfc9a,1773784809000,sports_ranking_finish_position,contradiction
economic_or_replay,max_trades,3496b04d1407bfa617b8d7e95b3dfc9a,1773788409000,sports_ranking_finish_position,contradiction
economic_or_replay,max_trades,3496b04d1407bfa617b8d7e95b3dfc9a,1773792009000,sports_ranking_finish_position,contradiction
economic_or_replay,max_trades,3496b04d1407bfa617b8d7e95b3dfc9a,1773795609000,sports_ranking_finish_position,contradiction
economic_or_replay,max_trades,3496b04d1407bfa617b8d7e95b3dfc9a,1773799209000,sports_ranking_finish_position,contradiction
economic_or_replay,max_trades,3496b04d1407bfa617b8d7e95b3dfc9a,1773802809000,sports_ranking_finish_position,contradiction
economic_or_replay,max_trades,3496b04d1407bfa617b8d7e95b3dfc9a,1773806409000,sports_ranking_finish_position,contradiction
economic_or_replay,max_trades,3496b04d1407bfa617b8d7e95b3dfc9a,1773810009000,sports_ranking_finish_position,contradiction
economic_or_replay,max_trades,3496b04d1407bfa617b8d7e95b3dfc9a,1773813609000,sports_ranking_finish_position,contradiction
economic_or_replay,max_trades,3496b04d1407bfa617b8d7e95b3dfc9a,1773817209000,sports_ranking_finish_position,contradiction
economic_or_replay,max_trades,3496b04d1407bfa617b8d7e95b3dfc9a,1773820809000,sports_ranking_finish_position,contradiction
economic_or_replay,max_trades,3496b04d1407bfa617b8d7e95b3dfc9a,1773824409000,sports_ranking_finish_position,contradiction
economic_or_replay,max_trades,3496b04d1407bfa617b8d7e95b3dfc9a,1773828009000,sports_ranking_finish_position,contradiction
economic_or_replay,max_trades,3496b04d1407bfa617b8d7e95b3dfc9a,1773831609000,sports_ranking_finish_position,contradiction
economic_or_replay,max_trades,3496b04d1407bfa617b8d7e95b3dfc9a,1773835209000,sports_ranking_finish_position,contradiction
economic_or_replay,max_trades,3496b04d1407bfa617b8d7e95b3dfc9a,1773838809000,sports_ranking_finish_position,contradiction
economic_or_replay,max_trades,3496b04d1407bfa617b8d7e95b3dfc9a,1773842409000,sports_ranking_finish_position,contradiction
economic_or_replay,max_trades,3496b04d1407bfa617b8d7e95b3dfc9a,1773846009000,sports_ranking_finish_position,contradiction
economic_or_replay,max_trades,3496b04d1407bfa617b8d7e95b3dfc9a,1773849609000,sports_ranking_finish_position,contradiction
economic_or_replay,max_trades,3496b04d1407bfa617b8d7e95b3dfc9a,1773853209000,sports_ranking_finish_position,contradiction
economic_or_replay,max_trades,3496b04d1407bfa617b8d7e95b3dfc9a,1773856809000,sports_ranking_finish_position,contradiction
economic_or_replay,max_trades,3496b04d1407bfa617b8d7e95b3dfc9a,1773860409000,sports_ranking_finish_position,contradiction
economic_or_replay,max_trades,3496b04d1407bfa617b8d7e95b3dfc9a,1773864009000,sports_ranking_finish_position,contradiction
economic_or_replay,max_trades,3496b04d1407bfa617b8d7e95b3dfc9a,1773867609000,sports_ranking_finish_position,contradiction
economic_or_replay,max_trades,3496b04d1407bfa617b8d7e95b3dfc9a,1773871209000,sports_ranking_finish_position,contradiction
economic_or_replay,max_trades,3496b04d1407bfa617b8d7e95b3dfc9a,1773874809000,sports_ranking_finish_position,contradiction
economic_or_replay,max_trades,3496b04d1407bfa617b8d7e95b3dfc9a,1773878409000,sports_ranking_finish_position,contradiction
economic_or_replay,max_trades,3496b04d1407bfa617b8d7e95b3dfc9a,1773925209000,sports_ranking_finish_position,contradiction
economic_or_replay,max_trades,3496b04d1407bfa617b8d7e95b3dfc9a,1773928809000,sports_ranking_finish_position,contradiction
economic_or_replay,max_trades,3496b04d1407bfa617b8d7e95b3dfc9a,1773932409000,sports_ranking_finish_position,contradiction
economic_or_replay,max_trades,3496b04d1407bfa617b8d7e95b3dfc9a,1773936009000,sports_ranking_finish_position,contradiction
economic_or_replay,max_trades,3496b04d1407bfa617b8d7e95b3dfc9a,1773939609000,sports_ranking_finish_position,contradiction
economic_or_replay,max_trades,3496b04d1407bfa617b8d7e95b3dfc9a,1773943209000,sports_ranking_finish_position,contradiction
economic_or_replay,max_trades,3496b04d1407bfa617b8d7e95b3dfc9a,1773946809000,sports_ranking_finish_position,contradiction
economic_or_replay,max_trades,3496b04d1407bfa617b8d7e95b3dfc9a,1773950409000,sports_ranking_finish_position,contradiction
economic_or_replay,max_trades,3496b04d1407bfa617b8d7e95b3dfc9a,1773954009000,sports_ranking_finish_position,contradiction
economic_or_replay,max_trades,3496b04d1407bfa617b8d7e95b3dfc9a,1773957609000,sports_ranking_finish_position,contradiction
economic_or_replay,max_trades,3496b04d1407bfa617b8d7e95b3dfc9a,1773961209000,sports_ranking_finish_position,contradiction
economic_or_replay,max_trades,3496b04d1407bfa617b8d7e95b3dfc9a,1773964809000,sports_ranking_finish_position,contradiction
economic_or_replay,max_trades,3496b04d1407bfa617b8d7e95b3dfc9a,1773968409000,sports_ranking_finish_position,contradiction
economic_or_replay,max_trades,3496b04d1407bfa617b8d7e95b3dfc9a,1773972009000,sports_ranking_finish_position,contradiction
economic_or_replay,max_trades,3496b04d1407bfa617b8d7e95b3dfc9a,1773975609000,sports_ranking_finish_position,contradiction
economic_or_replay,max_trades,3496b04d1407bfa617b8d7e95b3dfc9a,1773979209000,sports_ranking_finish_position,contradiction
economic_or_replay,max_trades,3496b04d1407bfa617b8d7e95b3dfc9a,1773982809000,sports_ranking_finish_position,contradiction
economic_or_replay,max_trades,3496b04d1407bfa617b8d7e95b3dfc9a,1773986409000,sports_ranking_finish_position,contradiction
economic_or_replay,max_trades,3496b04d1407bfa617b8d7e95b3dfc9a,1773990009000,sports_ranking_finish_position,contradiction
economic_or_replay,max_trades,3496b04d1407bfa617b8d7e95b3dfc9a,1773993609000,sports_ranking_finish_position,contradiction
economic_or_replay,max_trades,3496b04d1407bfa617b8d7e95b3dfc9a,1773997209000,sports_ranking_finish_position,contradiction
economic_or_replay,max_trades,3496b04d1407bfa617b8d7e95b3dfc9a,1774000809000,sports_ranking_finish_position,contradiction
economic_or_replay,max_trades,3496b04d1407bfa617b8d7e95b3dfc9a,1774004409000,sports_ranking_finish_position,contradiction
economic_or_replay,max_trades,3496b04d1407bfa617b8d7e95b3dfc9a,1774008009000,sports_ranking_finish_position,contradiction
economic_or_replay,max_trades,3496b04d1407bfa617b8d7e95b3dfc9a,1774011609000,sports_ranking_finish_position,contradiction
economic_or_replay,max_trades,3496b04d1407bfa617b8d7e95b3dfc9a,1774015209000,sports_ranking_finish_position,contradiction
economic_or_replay,max_trades,3496b04d1407bfa617b8d7e95b3dfc9a,1774018809000,sports_ranking_finish_position,contradiction
economic_or_replay,max_trades,3496b04d1407bfa617b8d7e95b3dfc9a,1774022409000,sports_ranking_finish_position,contradiction
economic_or_replay,max_trades,3496b04d1407bfa617b8d7e95b3dfc9a,1774026009000,sports_ranking_finish_position,contradiction
economic_or_replay,max_trades,3496b04d1407bfa617b8d7e95b3dfc9a,1774029609000,sports_ranking_finish_position,contradiction
economic_or_replay,max_trades,3496b04d1407bfa617b8d7e95b3dfc9a,1774033209000,sports_ranking_finish_position,contradiction
economic_or_replay,max_trades,3496b04d1407bfa617b8d7e95b3dfc9a,1774036809000,sports_ranking_finish_position,contradiction
economic_or_replay,max_trades,3496b04d1407bfa617b8d7e95b3dfc9a,1774040409000,sports_ranking_finish_position,contradiction
economic_or_replay,max_trades,3496b04d1407bfa617b8d7e95b3dfc9a,1774044009000,sports_ranking_finish_position,contradiction
economic_or_replay,max_trades,3496b04d1407bfa617b8d7e95b3dfc9a,1774047609000,sports_ranking_finish_position,contradiction
economic_or_replay,max_trades,3496b04d1407bfa617b8d7e95b3dfc9a,1774051209000,sports_ranking_finish_position,contradiction
economic_or_replay,max_trades,3496b04d1407bfa617b8d7e95b3dfc9a,1774054809000,sports_ranking_finish_position,contradiction
economic_or_replay,max_trades,3496b04d1407bfa617b8d7e95b3dfc9a,1774058409000,sports_ranking_finish_position,contradiction
economic_or_replay,max_trades,3496b04d1407bfa617b8d7e95b3dfc9a,1774062009000,sports_ranking_finish_position,contradiction
economic_or_replay,max_trades,3496b04d1407bfa617b8d7e95b3dfc9a,1774065609000,sports_ranking_finish_position,contradiction
economic_or_replay,max_trades,3496b04d1407bfa617b8d7e95b3dfc9a,1774069209000,sports_ranking_finish_position,contradiction
economic_or_replay,max_trades,3496b04d1407bfa617b8d7e95b3dfc9a,1774072809000,sports_ranking_finish_position,contradiction
economic_or_replay,max_trades,3496b04d1407bfa617b8d7e95b3dfc9a,1774076409000,sports_ranking_finish_position,contradiction
economic_or_replay,max_trades,3496b04d1407bfa617b8d7e95b3dfc9a,1774080009000,sports_ranking_finish_position,contradiction
economic_or_replay,max_trades,3496b04d1407bfa617b8d7e95b3dfc9a,1774083609000,sports_ranking_finish_position,contradiction
economic_or_replay,max_trades,3496b04d1407bfa617b8d7e95b3dfc9a,1774087209000,sports_ranking_finish_position,contradiction
economic_or_replay,max_trades,3496b04d1407bfa617b8d7e95b3dfc9a,1774090809000,sports_ranking_finish_position,contradiction
economic_or_replay,max_trades,3496b04d1407bfa617b8d7e95b3dfc9a,1774094409000,sports_ranking_finish_position,contradiction
economic_or_replay,max_trades,3496b04d1407bfa617b8d7e95b3dfc9a,1774098009000,sports_ranking_finish_position,contradiction
economic_or_replay,max_trades,3496b04d1407bfa617b8d7e95b3dfc9a,1774101609000,sports_ranking_finish_position,contradiction
economic_or_replay,max_trades,3496b04d1407bfa617b8d7e95b3dfc9a,1774105209000,sports_ranking_finish_position,contradiction
economic_or_replay,max_trades,3496b04d1407bfa617b8d7e95b3dfc9a,1774108809000,sports_ranking_finish_position,contradiction
economic_or_replay,max_trades,3496b04d1407bfa617b8d7e95b3dfc9a,1774112409000,sports_ranking_finish_position,contradiction
economic_or_replay,max_trades,3496b04d1407bfa617b8d7e95b3dfc9a,1774116009000,sports_ranking_finish_position,contradiction
economic_or_replay,max_trades,3496b04d1407bfa617b8d7e95b3dfc9a,1774119609000,sports_ranking_finish_position,contradiction
economic_or_replay,max_trades,3496b04d1407bfa617b8d7e95b3dfc9a,1774123209000,sports_ranking_finish_position,contradiction
economic_or_replay,max_trades,3496b04d1407bfa617b8d7e95b3dfc9a,1774126809000,sports_ranking_finish_position,contradiction
economic_or_replay,max_trades,3496b04d1407bfa617b8d7e95b3dfc9a,1774130409000,sports_ranking_finish_position,contradiction
economic_or_replay,max_trades,3496b04d1407bfa617b8d7e95b3dfc9a,1774134009000,sports_ranking_finish_position,contradiction
economic_or_replay,max_trades,3496b04d1407bfa617b8d7e95b3dfc9a,1774137609000,sports_ranking_finish_position,contradiction
economic_or_replay,max_trades,3496b04d1407bfa617b8d7e95b3dfc9a,1774141209000,sports_ranking_finish_position,contradiction
economic_or_replay,max_trades,3496b04d1407bfa617b8d7e95b3dfc9a,1774144809000,sports_ranking_finish_position,contradiction
economic_or_replay,max_trades,3496b04d1407bfa617b8d7e95b3dfc9a,1774148409000,sports_ranking_finish_position,contradiction
economic_or_replay,max_trades,3496b04d1407bfa617b8d7e95b3dfc9a,1774152009000,sports_ranking_finish_position,contradiction
economic_or_replay,max_trades,3496b04d1407bfa617b8d7e95b3dfc9a,1774155609000,sports_ranking_finish_position,contradiction
economic_or_replay,max_trades,3496b04d1407bfa617b8d7e95b3dfc9a,1774159209000,sports_ranking_finish_position,contradiction
economic_or_replay,max_trades,3496b04d1407bfa617b8d7e95b3dfc9a,1774162809000,sports_ranking_finish_position,contradiction
economic_or_replay,max_trades,3496b04d1407bfa617b8d7e95b3dfc9a,1774166409000,sports_ranking_finish_position,contradiction
economic_or_replay,max_trades,3496b04d1407bfa617b8d7e95b3dfc9a,1774170009000,sports_ranking_finish_position,contradiction
economic_or_replay,max_trades,3496b04d1407bfa617b8d7e95b3dfc9a,1774173609000,sports_ranking_finish_position,contradiction
economic_or_replay,max_trades,3496b04d1407bfa617b8d7e95b3dfc9a,1774177209000,sports_ranking_finish_position,contradiction
economic_or_replay,max_trades,3496b04d1407bfa617b8d7e95b3dfc9a,1774180809000,sports_ranking_finish_position,contradiction
economic_or_replay,max_trades,3496b04d1407bfa617b8d7e95b3dfc9a,1774184409000,sports_ranking_finish_position,contradiction
economic_or_replay,max_trades,3496b04d1407bfa617b8d7e95b3dfc9a,1774188009000,sports_ranking_finish_position,contradiction
economic_or_replay,max_trades,3496b04d1407bfa617b8d7e95b3dfc9a,1774191609000,sports_ranking_finish_position,contradiction
economic_or_replay,max_trades,3496b04d1407bfa617b8d7e95b3dfc9a,1774195209000,sports_ranking_finish_position,contradiction
economic_or_replay,max_trades,3496b04d1407bfa617b8d7e95b3dfc9a,1774198809000,sports_ranking_finish_position,contradiction
economic_or_replay,max_trades,3496b04d1407bfa617b8d7e95b3dfc9a,1774202409000,sports_ranking_finish_position,contradiction
economic_or_replay,max_trades,3496b04d1407bfa617b8d7e95b3dfc9a,1774206009000,sports_ranking_finish_position,contradiction
economic_or_replay,max_trades,3496b04d1407bfa617b8d7e95b3dfc9a,1774209609000,sports_ranking_finish_position,contradiction
economic_or_replay,max_trades,3496b04d1407bfa617b8d7e95b3dfc9a,1774213209000,sports_ranking_finish_position,contradiction
economic_or_replay,max_trades,3496b04d1407bfa617b8d7e95b3dfc9a,1774216809000,sports_ranking_finish_position,contradiction
economic_or_replay,max_trades,3496b04d1407bfa617b8d7e95b3dfc9a,1774220409000,sports_ranking_finish_position,contradiction
economic_or_replay,max_trades,3496b04d1407bfa617b8d7e95b3dfc9a,1774224009000,sports_ranking_finish_position,contradiction
economic_or_replay,max_trades,3496b04d1407bfa617b8d7e95b3dfc9a,1774227609000,sports_ranking_finish_position,contradiction
economic_or_replay,max_trades,3496b04d1407bfa617b8d7e95b3dfc9a,1774231209000,sports_ranking_finish_position,contradiction
economic_or_replay,max_trades,3496b04d1407bfa617b8d7e95b3dfc9a,1774234809000,sports_ranking_finish_position,contradiction
economic_or_replay,max_trades,3496b04d1407bfa617b8d7e95b3dfc9a,1774238409000,sports_ranking_finish_position,contradiction
economic_or_replay,max_trades,3496b04d1407bfa617b8d7e95b3dfc9a,1774242009000,sports_ranking_finish_position,contradiction
economic_or_replay,max_trades,3496b04d1407bfa617b8d7e95b3dfc9a,1774245609000,sports_ranking_finish_position,contradiction
economic_or_replay,max_trades,3496b04d1407bfa617b8d7e95b3dfc9a,1774249209000,sports_ranking_finish_position,contradiction
economic_or_replay,max_trades,3496b04d1407bfa617b8d7e95b3dfc9a,1774252809000,sports_ranking_finish_position,contradiction
economic_or_replay,max_trades,3496b04d1407bfa617b8d7e95b3dfc9a,1774256409000,sports_ranking_finish_position,contradiction
economic_or_replay,max_trades,3496b04d1407bfa617b8d7e95b3dfc9a,1774260009000,sports_ranking_finish_position,contradiction
economic_or_replay,max_trades,3496b04d1407bfa617b8d7e95b3dfc9a,1774263609000,sports_ranking_finish_position,contradiction
economic_or_replay,max_trades,3496b04d1407bfa617b8d7e95b3dfc9a,1774267209000,sports_ranking_finish_position,contradiction
economic_or_replay,max_trades,3496b04d1407bfa617b8d7e95b3dfc9a,1774270809000,sports_ranking_finish_position,contradiction
economic_or_replay,max_trades,3496b04d1407bfa617b8d7e95b3dfc9a,1774274409000,sports_ranking_finish_position,contradiction
economic_or_replay,max_trades,3496b04d1407bfa617b8d7e95b3dfc9a,1774278009000,sports_ranking_finish_position,contradiction
economic_or_replay,max_trades,3496b04d1407bfa617b8d7e95b3dfc9a,1774281609000,sports_ranking_finish_position,contradiction
economic_or_replay,max_trades,3496b04d1407bfa617b8d7e95b3dfc9a,1774285209000,sports_ranking_finish_position,contradiction
economic_or_replay,max_trades,3496b04d1407bfa617b8d7e95b3dfc9a,1774288809000,sports_ranking_finish_position,contradiction
economic_or_replay,max_trades,3496b04d1407bfa617b8d7e95b3dfc9a,1774292409000,sports_ranking_finish_position,contradiction
economic_or_replay,max_trades,3496b04d1407bfa617b8d7e95b3dfc9a,1774296009000,sports_ranking_finish_position,contradiction
economic_or_replay,max_trades,3496b04d1407bfa617b8d7e95b3dfc9a,1774299609000,sports_ranking_finish_position,contradiction
economic_or_replay,max_trades,3496b04d1407bfa617b8d7e95b3dfc9a,1774303209000,sports_ranking_finish_position,contradiction
economic_or_replay,max_trades,3496b04d1407bfa617b8d7e95b3dfc9a,1774306809000,sports_ranking_finish_position,contradiction
economic_or_replay,max_trades,3496b04d1407bfa617b8d7e95b3dfc9a,1774310409000,sports_ranking_finish_position,contradiction
economic_or_replay,max_trades,3496b04d1407bfa617b8d7e95b3dfc9a,1774314009000,sports_ranking_finish_position,contradiction
economic_or_replay,max_trades,3496b04d1407bfa617b8d7e95b3dfc9a,1774317609000,sports_ranking_finish_position,contradiction
economic_or_replay,max_trades,3496b04d1407bfa617b8d7e95b3dfc9a,1774321209000,sports_ranking_finish_position,contradiction
economic_or_replay,max_trades,3496b04d1407bfa617b8d7e95b3dfc9a,1774324809000,sports_ranking_finish_position,contradiction
economic_or_replay,max_trades,3496b04d1407bfa617b8d7e95b3dfc9a,1774328409000,sports_ranking_finish_position,contradiction
economic_or_replay,max_trades,3496b04d1407bfa617b8d7e95b3dfc9a,1774332009000,sports_ranking_finish_position,contradiction
economic_or_replay,max_trades,3496b04d1407bfa617b8d7e95b3dfc9a,1774335609000,sports_ranking_finish_position,contradiction
economic_or_replay,max_trades,3496b04d1407bfa617b8d7e95b3dfc9a,1774339209000,sports_ranking_finish_position,contradiction
economic_or_replay,max_trades,3496b04d1407bfa617b8d7e95b3dfc9a,1774342809000,sports_ranking_finish_position,contradiction
economic_or_replay,max_trades,3496b04d1407bfa617b8d7e95b3dfc9a,1774346409000,sports_ranking_finish_position,contradiction
economic_or_replay,max_trades,3496b04d1407bfa617b8d7e95b3dfc9a,1774350009000,sports_ranking_finish_position,contradiction
economic_or_replay,max_trades,3496b04d1407bfa617b8d7e95b3dfc9a,1774353609000,sports_ranking_finish_position,contradiction
economic_or_replay,max_trades,3496b04d1407bfa617b8d7e95b3dfc9a,1774357209000,sports_ranking_finish_position,contradiction
economic_or_replay,max_trades,3496b04d1407bfa617b8d7e95b3dfc9a,1774360809000,sports_ranking_finish_position,contradiction
economic_or_replay,max_trades,3496b04d1407bfa617b8d7e95b3dfc9a,1774364409000,sports_ranking_finish_position,contradiction
economic_or_replay,max_trades,3496b04d1407bfa617b8d7e95b3dfc9a,1774368009000,sports_ranking_finish_position,contradiction
economic_or_replay,max_trades,3496b04d1407bfa617b8d7e95b3dfc9a,1774371609000,sports_ranking_finish_position,contradiction
economic_or_replay,max_trades,3496b04d1407bfa617b8d7e95b3dfc9a,1774375209000,sports_ranking_finish_position,contradiction
economic_or_replay,max_trades,3496b04d1407bfa617b8d7e95b3dfc9a,1774378809000,sports_ranking_finish_position,contradiction
economic_or_replay,max_trades,3496b04d1407bfa617b8d7e95b3dfc9a,1774382409000,sports_ranking_finish_position,contradiction
economic_or_replay,max_trades,3496b04d1407bfa617b8d7e95b3dfc9a,1774386009000,sports_ranking_finish_position,contradiction
economic_or_replay,max_trades,3496b04d1407bfa617b8d7e95b3dfc9a,1774389609000,sports_ranking_finish_position,contradiction
economic_or_replay,max_trades,3496b04d1407bfa617b8d7e95b3dfc9a,1774393209000,sports_ranking_finish_position,contradiction
economic_or_replay,max_trades,3496b04d1407bfa617b8d7e95b3dfc9a,1774396809000,sports_ranking_finish_position,contradiction
economic_or_replay,max_trades,3496b04d1407bfa617b8d7e95b3dfc9a,1774400409000,sports_ranking_finish_position,contradiction
economic_or_replay,max_trades,3496b04d1407bfa617b8d7e95b3dfc9a,1774404009000,sports_ranking_finish_position,contradiction
economic_or_replay,max_trades,3496b04d1407bfa617b8d7e95b3dfc9a,1774407609000,sports_ranking_finish_position,contradiction
economic_or_replay,max_trades,3496b04d1407bfa617b8d7e95b3dfc9a,1774411209000,sports_ranking_finish_position,contradiction
economic_or_replay,max_trades,3496b04d1407bfa617b8d7e95b3dfc9a,1774414809000,sports_ranking_finish_position,contradiction
economic_or_replay,max_trades,3496b04d1407bfa617b8d7e95b3dfc9a,1774418409000,sports_ranking_finish_position,contradiction
economic_or_replay,max_trades,3496b04d1407bfa617b8d7e95b3dfc9a,1774422009000,sports_ranking_finish_position,contradiction
economic_or_replay,max_trades,3496b04d1407bfa617b8d7e95b3dfc9a,1774425609000,sports_ranking_finish_position,contradiction
economic_or_replay,max_trades,3496b04d1407bfa617b8d7e95b3dfc9a,1774429209000,sports_ranking_finish_position,contradiction
economic_or_replay,max_trades,3496b04d1407bfa617b8d7e95b3dfc9a,1774432809000,sports_ranking_finish_position,contradiction
economic_or_replay,max_trades,3496b04d1407bfa617b8d7e95b3dfc9a,1774436409000,sports_ranking_finish_position,contradiction
economic_or_replay,max_trades,3496b04d1407bfa617b8d7e95b3dfc9a,1774440009000,sports_ranking_finish_position,contradiction
economic_or_replay,max_trades,3496b04d1407bfa617b8d7e95b3dfc9a,1774443609000,sports_ranking_finish_position,contradiction
economic_or_replay,max_trades,3496b04d1407bfa617b8d7e95b3dfc9a,1774447209000,sports_ranking_finish_position,contradiction
economic_or_replay,max_trades,3496b04d1407bfa617b8d7e95b3dfc9a,1774450809000,sports_ranking_finish_position,contradiction
economic_or_replay,max_trades,3496b04d1407bfa617b8d7e95b3dfc9a,1774454409000,sports_ranking_finish_position,contradiction
economic_or_replay,max_trades,3496b04d1407bfa617b8d7e95b3dfc9a,1774458009000,sports_ranking_finish_position,contradiction
economic_or_replay,max_trades,3496b04d1407bfa617b8d7e95b3dfc9a,1774461609000,sports_ranking_finish_position,contradiction
economic_or_replay,max_trades,3496b04d1407bfa617b8d7e95b3dfc9a,1774465209000,sports_ranking_finish_position,contradiction
economic_or_replay,max_trades,3496b04d1407bfa617b8d7e95b3dfc9a,1774468809000,sports_ranking_finish_position,contradiction
economic_or_replay,max_trades,3496b04d1407bfa617b8d7e95b3dfc9a,1774472409000,sports_ranking_finish_position,contradiction
economic_or_replay,max_trades,3496b04d1407bfa617b8d7e95b3dfc9a,1774476009000,sports_ranking_finish_position,contradiction
economic_or_replay,max_trades,3496b04d1407bfa617b8d7e95b3dfc9a,1774479609000,sports_ranking_finish_position,contradiction
economic_or_replay,max_trades,3496b04d1407bfa617b8d7e95b3dfc9a,1774483209000,sports_ranking_finish_position,contradiction
economic_or_replay,max_trades,3496b04d1407bfa617b8d7e95b3dfc9a,1774486809000,sports_ranking_finish_position,contradiction
economic_or_replay,max_trades,3496b04d1407bfa617b8d7e95b3dfc9a,1774490409000,sports_ranking_finish_position,contradiction
economic_or_replay,max_trades,3496b04d1407bfa617b8d7e95b3dfc9a,1774494009000,sports_ranking_finish_position,contradiction
economic_or_replay,max_trades,3496b04d1407bfa617b8d7e95b3dfc9a,1774497609000,sports_ranking_finish_position,contradiction
economic_or_replay,max_trades,3496b04d1407bfa617b8d7e95b3dfc9a,1774501209000,sports_ranking_finish_position,contradiction
economic_or_replay,max_trades,3496b04d1407bfa617b8d7e95b3dfc9a,1774504809000,sports_ranking_finish_position,contradiction
economic_or_replay,max_trades,3496b04d1407bfa617b8d7e95b3dfc9a,1774508409000,sports_ranking_finish_position,contradiction
economic_or_replay,max_trades,3496b04d1407bfa617b8d7e95b3dfc9a,1774512009000,sports_ranking_finish_position,contradiction
economic_or_replay,max_trades,3496b04d1407bfa617b8d7e95b3dfc9a,1774515609000,sports_ranking_finish_position,contradiction
economic_or_replay,max_trades,3496b04d1407bfa617b8d7e95b3dfc9a,1774519209000,sports_ranking_finish_position,contradiction
economic_or_replay,max_trades,3496b04d1407bfa617b8d7e95b3dfc9a,1774522809000,sports_ranking_finish_position,contradiction
economic_or_replay,max_trades,3496b04d1407bfa617b8d7e95b3dfc9a,1774526409000,sports_ranking_finish_position,contradiction
economic_or_replay,max_trades,3496b04d1407bfa617b8d7e95b3dfc9a,1774530009000,sports_ranking_finish_position,contradiction
economic_or_replay,max_trades,3496b04d1407bfa617b8d7e95b3dfc9a,1774533609000,sports_ranking_finish_position,contradiction
economic_or_replay,max_trades,3496b04d1407bfa617b8d7e95b3dfc9a,1774537209000,sports_ranking_finish_position,contradiction
economic_or_replay,max_trades,3496b04d1407bfa617b8d7e95b3dfc9a,1774540809000,sports_ranking_finish_position,contradiction
economic_or_replay,max_trades,3496b04d1407bfa617b8d7e95b3dfc9a,1774544409000,sports_ranking_finish_position,contradiction
economic_or_replay,max_trades,3496b04d1407bfa617b8d7e95b3dfc9a,1774548009000,sports_ranking_finish_position,contradiction
economic_or_replay,max_trades,3496b04d1407bfa617b8d7e95b3dfc9a,1774551609000,sports_ranking_finish_position,contradiction
economic_or_replay,max_trades,3496b04d1407bfa617b8d7e95b3dfc9a,1774555209000,sports_ranking_finish_position,contradiction
economic_or_replay,max_trades,3496b04d1407bfa617b8d7e95b3dfc9a,1774558809000,sports_ranking_finish_position,contradiction
economic_or_replay,max_trades,3496b04d1407bfa617b8d7e95b3dfc9a,1774562409000,sports_ranking_finish_position,contradiction
economic_or_replay,max_trades,3496b04d1407bfa617b8d7e95b3dfc9a,1774566009000,sports_ranking_finish_position,contradiction
economic_or_replay,max_trades,3496b04d1407bfa617b8d7e95b3dfc9a,1774569609000,sports_ranking_finish_position,contradiction
economic_or_replay,max_trades,3496b04d1407bfa617b8d7e95b3dfc9a,1774573209000,sports_ranking_finish_position,contradiction
economic_or_replay,max_trades,3496b04d1407bfa617b8d7e95b3dfc9a,1774576809000,sports_ranking_finish_position,contradiction
economic_or_replay,max_trades,3496b04d1407bfa617b8d7e95b3dfc9a,1774580409000,sports_ranking_finish_position,contradiction
economic_or_replay,max_trades,3496b04d1407bfa617b8d7e95b3dfc9a,1774584009000,sports_ranking_finish_position,contradiction
economic_or_replay,max_trades,3496b04d1407bfa617b8d7e95b3dfc9a,1774587609000,sports_ranking_finish_position,contradiction
economic_or_replay,max_trades,3496b04d1407bfa617b8d7e95b3dfc9a,1774591209000,sports_ranking_finish_position,contradiction
economic_or_replay,max_trades,3496b04d1407bfa617b8d7e95b3dfc9a,1774594809000,sports_ranking_finish_position,contradiction
economic_or_replay,max_trades,3496b04d1407bfa617b8d7e95b3dfc9a,1774598409000,sports_ranking_finish_position,contradiction
economic_or_replay,max_trades,3496b04d1407bfa617b8d7e95b3dfc9a,1774602009000,sports_ranking_finish_position,contradiction
economic_or_replay,max_trades,3496b04d1407bfa617b8d7e95b3dfc9a,1774605609000,sports_ranking_finish_position,contradiction
economic_or_replay,max_trades,3496b04d1407bfa617b8d7e95b3dfc9a,1774609209000,sports_ranking_finish_position,contradiction
economic_or_replay,max_trades,3496b04d1407bfa617b8d7e95b3dfc9a,1774612809000,sports_ranking_finish_position,contradiction
economic_or_replay,max_trades,3496b04d1407bfa617b8d7e95b3dfc9a,1774616409000,sports_ranking_finish_position,contradiction
economic_or_replay,max_trades,3496b04d1407bfa617b8d7e95b3dfc9a,1774620009000,sports_ranking_finish_position,contradiction
economic_or_replay,max_trades,3496b04d1407bfa617b8d7e95b3dfc9a,1774623609000,sports_ranking_finish_position,contradiction
economic_or_replay,max_trades,3496b04d1407bfa617b8d7e95b3dfc9a,1774627209000,sports_ranking_finish_position,contradiction
economic_or_replay,max_trades,3496b04d1407bfa617b8d7e95b3dfc9a,1774630809000,sports_ranking_finish_position,contradiction
economic_or_replay,max_trades,3496b04d1407bfa617b8d7e95b3dfc9a,1774634409000,sports_ranking_finish_position,contradiction
economic_or_replay,max_trades,3496b04d1407bfa617b8d7e95b3dfc9a,1774638009000,sports_ranking_finish_position,contradiction
economic_or_replay,max_trades,3496b04d1407bfa617b8d7e95b3dfc9a,1774641609000,sports_ranking_finish_position,contradiction
economic_or_replay,max_trades,3496b04d1407bfa617b8d7e95b3dfc9a,1774645209000,sports_ranking_finish_position,contradiction
economic_or_replay,max_trades,3496b04d1407bfa617b8d7e95b3dfc9a,1774648809000,sports_ranking_finish_position,contradiction
economic_or_replay,max_trades,3496b04d1407bfa617b8d7e95b3dfc9a,1774652409000,sports_ranking_finish_position,contradiction
economic_or_replay,max_trades,3496b04d1407bfa617b8d7e95b3dfc9a,1774656009000,sports_ranking_finish_position,contradiction
economic_or_replay,max_trades,3496b04d1407bfa617b8d7e95b3dfc9a,1774659609000,sports_ranking_finish_position,contradiction
economic_or_replay,max_trades,3496b04d1407bfa617b8d7e95b3dfc9a,1774663209000,sports_ranking_finish_position,contradiction
economic_or_replay,max_trades,3496b04d1407bfa617b8d7e95b3dfc9a,1774666809000,sports_ranking_finish_position,contradiction
economic_or_replay,max_trades,3496b04d1407bfa617b8d7e95b3dfc9a,1774670409000,sports_ranking_finish_position,contradiction
economic_or_replay,max_trades,3496b04d1407bfa617b8d7e95b3dfc9a,1774674009000,sports_ranking_finish_position,contradiction
economic_or_replay,max_trades,3496b04d1407bfa617b8d7e95b3dfc9a,1774677609000,sports_ranking_finish_position,contradiction
economic_or_replay,max_trades,3496b04d1407bfa617b8d7e95b3dfc9a,1774681209000,sports_ranking_finish_position,contradiction
economic_or_replay,max_trades,3496b04d1407bfa617b8d7e95b3dfc9a,1774684809000,sports_ranking_finish_position,contradiction
economic_or_replay,max_trades,3496b04d1407bfa617b8d7e95b3dfc9a,1774688409000,sports_ranking_finish_position,contradiction
economic_or_replay,max_trades,3496b04d1407bfa617b8d7e95b3dfc9a,1774692009000,sports_ranking_finish_position,contradiction
economic_or_replay,max_trades,3496b04d1407bfa617b8d7e95b3dfc9a,1774695609000,sports_ranking_finish_position,contradiction
economic_or_replay,max_trades,3496b04d1407bfa617b8d7e95b3dfc9a,1774699209000,sports_ranking_finish_position,contradiction
economic_or_replay,max_trades,3496b04d1407bfa617b8d7e95b3dfc9a,1774702809000,sports_ranking_finish_position,contradiction
economic_or_replay,max_trades,3496b04d1407bfa617b8d7e95b3dfc9a,1774706409000,sports_ranking_finish_position,contradiction
economic_or_replay,max_trades,3496b04d1407bfa617b8d7e95b3dfc9a,1774710009000,sports_ranking_finish_position,contradiction
economic_or_replay,max_trades,3496b04d1407bfa617b8d7e95b3dfc9a,1774713609000,sports_ranking_finish_position,contradiction
economic_or_replay,max_trades,3496b04d1407bfa617b8d7e95b3dfc9a,1774717209000,sports_ranking_finish_position,contradiction
economic_or_replay,max_trades,3496b04d1407bfa617b8d7e95b3dfc9a,1774720809000,sports_ranking_finish_position,contradiction
economic_or_replay,max_trades,3496b04d1407bfa617b8d7e95b3dfc9a,1774724409000,sports_ranking_finish_position,contradiction
economic_or_replay,max_trades,3496b04d1407bfa617b8d7e95b3dfc9a,1774728009000,sports_ranking_finish_position,contradiction
economic_or_replay,max_trades,3496b04d1407bfa617b8d7e95b3dfc9a,1774731609000,sports_ranking_finish_position,contradiction
economic_or_replay,max_trades,3496b04d1407bfa617b8d7e95b3dfc9a,1774735209000,sports_ranking_finish_position,contradiction
economic_or_replay,max_trades,3496b04d1407bfa617b8d7e95b3dfc9a,1774738809000,sports_ranking_finish_position,contradiction
economic_or_replay,max_trades,3496b04d1407bfa617b8d7e95b3dfc9a,1774742409000,sports_ranking_finish_position,contradiction
economic_or_replay,max_trades,3496b04d1407bfa617b8d7e95b3dfc9a,1774746009000,sports_ranking_finish_position,contradiction
economic_or_replay,max_trades,3496b04d1407bfa617b8d7e95b3dfc9a,1774749609000,sports_ranking_finish_position,contradiction
economic_or_replay,max_trades,3496b04d1407bfa617b8d7e95b3dfc9a,1774753209000,sports_ranking_finish_position,contradiction
economic_or_replay,max_trades,3496b04d1407bfa617b8d7e95b3dfc9a,1774756809000,sports_ranking_finish_position,contradiction
economic_or_replay,max_trades,3496b04d1407bfa617b8d7e95b3dfc9a,1774760409000,sports_ranking_finish_position,contradiction
economic_or_replay,max_trades,3496b04d1407bfa617b8d7e95b3dfc9a,1774764009000,sports_ranking_finish_position,contradiction
economic_or_replay,max_trades,3496b04d1407bfa617b8d7e95b3dfc9a,1774767609000,sports_ranking_finish_position,contradiction
economic_or_replay,max_trades,3496b04d1407bfa617b8d7e95b3dfc9a,1774771209000,sports_ranking_finish_position,contradiction
economic_or_replay,max_trades,3496b04d1407bfa617b8d7e95b3dfc9a,1774774809000,sports_ranking_finish_position,contradiction
economic_or_replay,max_trades,3496b04d1407bfa617b8d7e95b3dfc9a,1774778409000,sports_ranking_finish_position,contradiction
economic_or_replay,max_trades,3496b04d1407bfa617b8d7e95b3dfc9a,1774782009000,sports_ranking_finish_position,contradiction
economic_or_replay,max_trades,3496b04d1407bfa617b8d7e95b3dfc9a,1774785609000,sports_ranking_finish_position,contradiction
economic_or_replay,max_trades,3496b04d1407bfa617b8d7e95b3dfc9a,1775653209000,sports_ranking_finish_position,contradiction
economic_or_replay,max_trades,3496b04d1407bfa617b8d7e95b3dfc9a,1775656809000,sports_ranking_finish_position,contradiction
economic_or_replay,max_trades,3496b04d1407bfa617b8d7e95b3dfc9a,1775660409000,sports_ranking_finish_position,contradiction
economic_or_replay,max_trades,3496b04d1407bfa617b8d7e95b3dfc9a,1775664009000,sports_ranking_finish_position,contradiction
economic_or_replay,max_trades,3496b04d1407bfa617b8d7e95b3dfc9a,1775667609000,sports_ranking_finish_position,contradiction
economic_or_replay,max_trades,3496b04d1407bfa617b8d7e95b3dfc9a,1775671209000,sports_ranking_finish_position,contradiction
economic_or_replay,max_trades,3496b04d1407bfa617b8d7e95b3dfc9a,1775674809000,sports_ranking_finish_position,contradiction
economic_or_replay,max_trades,3496b04d1407bfa617b8d7e95b3dfc9a,1775678409000,sports_ranking_finish_position,contradiction
economic_or_replay,max_trades,3496b04d1407bfa617b8d7e95b3dfc9a,1775682009000,sports_ranking_finish_position,contradiction
economic_or_replay,max_trades,3496b04d1407bfa617b8d7e95b3dfc9a,1775685609000,sports_ranking_finish_position,contradiction
economic_or_replay,max_trades,3496b04d1407bfa617b8d7e95b3dfc9a,1775689209000,sports_ranking_finish_position,contradiction
economic_or_replay,max_trades,3496b04d1407bfa617b8d7e95b3dfc9a,1775692809000,sports_ranking_finish_position,contradiction
economic_or_replay,max_trades,3496b04d1407bfa617b8d7e95b3dfc9a,1775696409000,sports_ranking_finish_position,contradiction
economic_or_replay,max_trades,3496b04d1407bfa617b8d7e95b3dfc9a,1775700009000,sports_ranking_finish_position,contradiction
economic_or_replay,max_trades,3496b04d1407bfa617b8d7e95b3dfc9a,1775703609000,sports_ranking_finish_position,contradiction
economic_or_replay,max_trades,3496b04d1407bfa617b8d7e95b3dfc9a,1775707209000,sports_ranking_finish_position,contradiction
economic_or_replay,max_trades,3496b04d1407bfa617b8d7e95b3dfc9a,1775710809000,sports_ranking_finish_position,contradiction
economic_or_replay,max_trades,3496b04d1407bfa617b8d7e95b3dfc9a,1775714409000,sports_ranking_finish_position,contradiction
economic_or_replay,max_trades,3496b04d1407bfa617b8d7e95b3dfc9a,1775718009000,sports_ranking_finish_position,contradiction
economic_or_replay,max_trades,3496b04d1407bfa617b8d7e95b3dfc9a,1775721609000,sports_ranking_finish_position,contradiction
economic_or_replay,max_trades,3496b04d1407bfa617b8d7e95b3dfc9a,1775725209000,sports_ranking_finish_position,contradiction
economic_or_replay,max_trades,3496b04d1407bfa617b8d7e95b3dfc9a,1775728809000,sports_ranking_finish_position,contradiction
economic_or_replay,max_trades,3496b04d1407bfa617b8d7e95b3dfc9a,1775732409000,sports_ranking_finish_position,contradiction
economic_or_replay,max_trades,3496b04d1407bfa617b8d7e95b3dfc9a,1775736009000,sports_ranking_finish_position,contradiction
economic_or_replay,max_trades,3496b04d1407bfa617b8d7e95b3dfc9a,1775739609000,sports_ranking_finish_position,contradiction
economic_or_replay,max_trades,3496b04d1407bfa617b8d7e95b3dfc9a,1775743209000,sports_ranking_finish_position,contradiction
economic_or_replay,max_trades,3496b04d1407bfa617b8d7e95b3dfc9a,1775746809000,sports_ranking_finish_position,contradiction
economic_or_replay,max_trades,3496b04d1407bfa617b8d7e95b3dfc9a,1775750409000,sports_ranking_finish_position,contradiction
economic_or_replay,max_trades,3496b04d1407bfa617b8d7e95b3dfc9a,1775754009000,sports_ranking_finish_position,contradiction
economic_or_replay,max_trades,3496b04d1407bfa617b8d7e95b3dfc9a,1775757609000,sports_ranking_finish_position,contradiction
economic_or_replay,max_trades,3496b04d1407bfa617b8d7e95b3dfc9a,1775761209000,sports_ranking_finish_position,contradiction
economic_or_replay,max_trades,3496b04d1407bfa617b8d7e95b3dfc9a,1775764809000,sports_ranking_finish_position,contradiction
economic_or_replay,max_trades,3496b04d1407bfa617b8d7e95b3dfc9a,1775768409000,sports_ranking_finish_position,contradiction
economic_or_replay,max_trades,3496b04d1407bfa617b8d7e95b3dfc9a,1775772009000,sports_ranking_finish_position,contradiction
economic_or_replay,max_trades,3496b04d1407bfa617b8d7e95b3dfc9a,1775775609000,sports_ranking_finish_position,contradiction
economic_or_replay,max_trades,3496b04d1407bfa617b8d7e95b3dfc9a,1775779209000,sports_ranking_finish_position,contradiction
economic_or_replay,max_trades,3496b04d1407bfa617b8d7e95b3dfc9a,1776906009000,sports_ranking_finish_position,contradiction
economic_or_replay,max_trades,3496b04d1407bfa617b8d7e95b3dfc9a,1776909609000,sports_ranking_finish_position,contradiction
economic_or_replay,max_trades,3496b04d1407bfa617b8d7e95b3dfc9a,1776913209000,sports_ranking_finish_position,contradiction
economic_or_replay,max_trades,3496b04d1407bfa617b8d7e95b3dfc9a,1776916809000,sports_ranking_finish_position,contradiction
economic_or_replay,max_trades,3496b04d1407bfa617b8d7e95b3dfc9a,1776920409000,sports_ranking_finish_position,contradiction
economic_or_replay,max_trades,3496b04d1407bfa617b8d7e95b3dfc9a,1776924009000,sports_ranking_finish_position,contradiction
economic_or_replay,max_trades,3496b04d1407bfa617b8d7e95b3dfc9a,1776927609000,sports_ranking_finish_position,contradiction
economic_or_replay,max_trades,3496b04d1407bfa617b8d7e95b3dfc9a,1776931209000,sports_ranking_finish_position,contradiction
economic_or_replay,max_trades,3496b04d1407bfa617b8d7e95b3dfc9a,1776934809000,sports_ranking_finish_position,contradiction
economic_or_replay,max_trades,3496b04d1407bfa617b8d7e95b3dfc9a,1776938409000,sports_ranking_finish_position,contradiction
economic_or_replay,max_trades,3496b04d1407bfa617b8d7e95b3dfc9a,1776942009000,sports_ranking_finish_position,contradiction
economic_or_replay,max_trades,3496b04d1407bfa617b8d7e95b3dfc9a,1776945609000,sports_ranking_finish_position,contradiction
economic_or_replay,max_trades,3496b04d1407bfa617b8d7e95b3dfc9a,1777161609000,sports_ranking_finish_position,contradiction
economic_or_replay,max_trades,3496b04d1407bfa617b8d7e95b3dfc9a,1777165209000,sports_ranking_finish_position,contradiction
economic_or_replay,max_trades,3496b04d1407bfa617b8d7e95b3dfc9a,1777168809000,sports_ranking_finish_position,contradiction
economic_or_replay,max_trades,3496b04d1407bfa617b8d7e95b3dfc9a,1777172409000,sports_ranking_finish_position,contradiction
economic_or_replay,max_trades,3496b04d1407bfa617b8d7e95b3dfc9a,1777176009000,sports_ranking_finish_position,contradiction
economic_or_replay,max_trades,3496b04d1407bfa617b8d7e95b3dfc9a,1777179609000,sports_ranking_finish_position,contradiction
economic_or_replay,max_trades,3496b04d1407bfa617b8d7e95b3dfc9a,1777183209000,sports_ranking_finish_position,contradiction
economic_or_replay,max_trades,3496b04d1407bfa617b8d7e95b3dfc9a,1777186809000,sports_ranking_finish_position,contradiction
economic_or_replay,max_trades,3496b04d1407bfa617b8d7e95b3dfc9a,1777190409000,sports_ranking_finish_position,contradiction
economic_or_replay,max_trades,3496b04d1407bfa617b8d7e95b3dfc9a,1777194009000,sports_ranking_finish_position,contradiction
economic_or_replay,max_trades,3496b04d1407bfa617b8d7e95b3dfc9a,1777197609000,sports_ranking_finish_position,contradiction
economic_or_replay,max_trades,3496b04d1407bfa617b8d7e95b3dfc9a,1777201209000,sports_ranking_finish_position,contradiction
economic_or_replay,max_trades,3496b04d1407bfa617b8d7e95b3dfc9a,1777204809000,sports_ranking_finish_position,contradiction
economic_or_replay,max_trades,3496b04d1407bfa617b8d7e95b3dfc9a,1777338009000,sports_ranking_finish_position,contradiction
economic_or_replay,max_trades,3496b04d1407bfa617b8d7e95b3dfc9a,1777341609000,sports_ranking_finish_position,contradiction
economic_or_replay,max_trades,3496b04d1407bfa617b8d7e95b3dfc9a,1777345209000,sports_ranking_finish_position,contradiction
economic_or_replay,max_trades,3496b04d1407bfa617b8d7e95b3dfc9a,1777348809000,sports_ranking_finish_position,contradiction
economic_or_replay,max_trades,3496b04d1407bfa617b8d7e95b3dfc9a,1777352409000,sports_ranking_finish_position,contradiction
economic_or_replay,max_trades,3496b04d1407bfa617b8d7e95b3dfc9a,1777356009000,sports_ranking_finish_position,contradiction
economic_or_replay,max_trades,3496b04d1407bfa617b8d7e95b3dfc9a,1777359609000,sports_ranking_finish_position,contradiction
economic_or_replay,max_trades,3496b04d1407bfa617b8d7e95b3dfc9a,1777363209000,sports_ranking_finish_position,contradiction
economic_or_replay,max_trades,3496b04d1407bfa617b8d7e95b3dfc9a,1777366809000,sports_ranking_finish_position,contradiction
economic_or_replay,max_trades,3496b04d1407bfa617b8d7e95b3dfc9a,1777370409000,sports_ranking_finish_position,contradiction
economic_or_replay,max_trades,3496b04d1407bfa617b8d7e95b3dfc9a,1777374009000,sports_ranking_finish_position,contradiction
economic_or_replay,max_trades,3496b04d1407bfa617b8d7e95b3dfc9a,1777377609000,sports_ranking_finish_position,contradiction
economic_or_replay,max_trades,3496b04d1407bfa617b8d7e95b3dfc9a,1777381209000,sports_ranking_finish_position,contradiction
economic_or_replay,max_trades,3496b04d1407bfa617b8d7e95b3dfc9a,1777384809000,sports_ranking_finish_position,contradiction
economic_or_replay,max_trades,3496b04d1407bfa617b8d7e95b3dfc9a,1777388409000,sports_ranking_finish_position,contradiction
economic_or_replay,max_trades,3496b04d1407bfa617b8d7e95b3dfc9a,1777392009000,sports_ranking_finish_position,contradiction
economic_or_replay,max_trades,3496b04d1407bfa617b8d7e95b3dfc9a,1777395609000,sports_ranking_finish_position,contradiction
economic_or_replay,max_trades,3496b04d1407bfa617b8d7e95b3dfc9a,1777399209000,sports_ranking_finish_position,contradiction
economic_or_replay,max_trades,3496b04d1407bfa617b8d7e95b3dfc9a,1777402809000,sports_ranking_finish_position,contradiction
economic_or_replay,max_trades,3496b04d1407bfa617b8d7e95b3dfc9a,1777406409000,sports_ranking_finish_position,contradiction
economic_or_replay,max_trades,3496b04d1407bfa617b8d7e95b3dfc9a,1777410009000,sports_ranking_finish_position,contradiction
economic_or_replay,max_trades,3496b04d1407bfa617b8d7e95b3dfc9a,1777413609000,sports_ranking_finish_position,contradiction
economic_or_replay,max_trades,3496b04d1407bfa617b8d7e95b3dfc9a,1777417209000,sports_ranking_finish_position,contradiction
economic_or_replay,max_trades,3496b04d1407bfa617b8d7e95b3dfc9a,1777420809000,sports_ranking_finish_position,contradiction
economic_or_replay,max_trades,3496b04d1407bfa617b8d7e95b3dfc9a,1777597209000,sports_ranking_finish_position,contradiction
economic_or_replay,max_trades,3496b04d1407bfa617b8d7e95b3dfc9a,1777600809000,sports_ranking_finish_position,contradiction
economic_or_replay,max_trades,3496b04d1407bfa617b8d7e95b3dfc9a,1777604409000,sports_ranking_finish_position,contradiction
economic_or_replay,max_trades,3496b04d1407bfa617b8d7e95b3dfc9a,1777608009000,sports_ranking_finish_position,contradiction
economic_or_replay,max_trades,3496b04d1407bfa617b8d7e95b3dfc9a,1777611609000,sports_ranking_finish_position,contradiction
economic_or_replay,max_trades,3496b04d1407bfa617b8d7e95b3dfc9a,1777615209000,sports_ranking_finish_position,contradiction
economic_or_replay,max_trades,3496b04d1407bfa617b8d7e95b3dfc9a,1777618809000,sports_ranking_finish_position,contradiction
economic_or_replay,max_trades,3496b04d1407bfa617b8d7e95b3dfc9a,1777622409000,sports_ranking_finish_position,contradiction
economic_or_replay,max_trades,3496b04d1407bfa617b8d7e95b3dfc9a,1777626009000,sports_ranking_finish_position,contradiction
economic_or_replay,max_trades,3496b04d1407bfa617b8d7e95b3dfc9a,1777629609000,sports_ranking_finish_position,contradiction
economic_or_replay,max_trades,3496b04d1407bfa617b8d7e95b3dfc9a,1777633209000,sports_ranking_finish_position,contradiction
economic_or_replay,max_trades,3496b04d1407bfa617b8d7e95b3dfc9a,1777636809000,sports_ranking_finish_position,contradiction
economic_or_replay,max_trades,3496b04d1407bfa617b8d7e95b3dfc9a,1777640409000,sports_ranking_finish_position,contradiction
economic_or_replay,max_trades,3496b04d1407bfa617b8d7e95b3dfc9a,1777644009000,sports_ranking_finish_position,contradiction
economic_or_replay,max_trades,3496b04d1407bfa617b8d7e95b3dfc9a,1777647609000,sports_ranking_finish_position,contradiction
economic_or_replay,max_trades,3496b04d1407bfa617b8d7e95b3dfc9a,1777651209000,sports_ranking_finish_position,contradiction
economic_or_replay,max_trades,3496b04d1407bfa617b8d7e95b3dfc9a,1777654809000,sports_ranking_finish_position,contradiction
economic_or_replay,max_trades,3496b04d1407bfa617b8d7e95b3dfc9a,1777658409000,sports_ranking_finish_position,contradiction
economic_or_replay,max_trades,3496b04d1407bfa617b8d7e95b3dfc9a,1777662009000,sports_ranking_finish_position,contradiction
economic_or_replay,max_trades,3496b04d1407bfa617b8d7e95b3dfc9a,1777665609000,sports_ranking_finish_position,contradiction
economic_or_replay,max_trades,3496b04d1407bfa617b8d7e95b3dfc9a,1777669209000,sports_ranking_finish_position,contradiction
economic_or_replay,max_trades,3496b04d1407bfa617b8d7e95b3dfc9a,1777672809000,sports_ranking_finish_position,contradiction
economic_or_replay,max_trades,3496b04d1407bfa617b8d7e95b3dfc9a,1777676409000,sports_ranking_finish_position,contradiction
economic_or_replay,max_trades,3496b04d1407bfa617b8d7e95b3dfc9a,1777680009000,sports_ranking_finish_position,contradiction
economic_or_replay,max_trades,3496b04d1407bfa617b8d7e95b3dfc9a,1777683609000,sports_ranking_finish_position,contradiction
economic_or_replay,max_trades,3496b04d1407bfa617b8d7e95b3dfc9a,1777687209000,sports_ranking_finish_position,contradiction
economic_or_replay,max_trades,3496b04d1407bfa617b8d7e95b3dfc9a,1777690809000,sports_ranking_finish_position,contradiction
economic_or_replay,max_trades,3496b04d1407bfa617b8d7e95b3dfc9a,1777694409000,sports_ranking_finish_position,contradiction
economic_or_replay,max_trades,3496b04d1407bfa617b8d7e95b3dfc9a,1777698009000,sports_ranking_finish_position,contradiction
economic_or_replay,max_trades,3496b04d1407bfa617b8d7e95b3dfc9a,1777701609000,sports_ranking_finish_position,contradiction
economic_or_replay,max_trades,3496b04d1407bfa617b8d7e95b3dfc9a,1777705209000,sports_ranking_finish_position,contradiction
economic_or_replay,max_trades,3496b04d1407bfa617b8d7e95b3dfc9a,1777708809000,sports_ranking_finish_position,contradiction
economic_or_replay,max_trades,3496b04d1407bfa617b8d7e95b3dfc9a,1777712409000,sports_ranking_finish_position,contradiction
economic_or_replay,max_trades,3496b04d1407bfa617b8d7e95b3dfc9a,1777716009000,sports_ranking_finish_position,contradiction
economic_or_replay,max_trades,3496b04d1407bfa617b8d7e95b3dfc9a,1777719609000,sports_ranking_finish_position,contradiction
economic_or_replay,max_trades,3496b04d1407bfa617b8d7e95b3dfc9a,1777723209000,sports_ranking_finish_position,contradiction
economic_or_replay,max_trades,3496b04d1407bfa617b8d7e95b3dfc9a,1777726809000,sports_ranking_finish_position,contradiction
economic_or_replay,max_trades,3496b04d1407bfa617b8d7e95b3dfc9a,1777730409000,sports_ranking_finish_position,contradiction
economic_or_replay,max_trades,3496b04d1407bfa617b8d7e95b3dfc9a,1777734009000,sports_ranking_finish_position,contradiction
economic_or_replay,max_trades,3496b04d1407bfa617b8d7e95b3dfc9a,1777737609000,sports_ranking_finish_position,contradiction
economic_or_replay,max_trades,3496b04d1407bfa617b8d7e95b3dfc9a,1777741209000,sports_ranking_finish_position,contradiction
economic_or_replay,max_trades,3496b04d1407bfa617b8d7e95b3dfc9a,1777744809000,sports_ranking_finish_position,contradiction
economic_or_replay,max_trades,3496b04d1407bfa617b8d7e95b3dfc9a,1777748409000,sports_ranking_finish_position,contradiction
economic_or_replay,max_trades,3496b04d1407bfa617b8d7e95b3dfc9a,1777752009000,sports_ranking_finish_position,contradiction
economic_or_replay,max_trades,3496b04d1407bfa617b8d7e95b3dfc9a,1777755609000,sports_ranking_finish_position,contradiction
economic_or_replay,max_trades,3496b04d1407bfa617b8d7e95b3dfc9a,1777759209000,sports_ranking_finish_position,contradiction
economic_or_replay,max_trades,3496b04d1407bfa617b8d7e95b3dfc9a,1777762809000,sports_ranking_finish_position,contradiction
economic_or_replay,max_trades,3496b04d1407bfa617b8d7e95b3dfc9a,1777942809000,sports_ranking_finish_position,contradiction
economic_or_replay,max_trades,3496b04d1407bfa617b8d7e95b3dfc9a,1777946409000,sports_ranking_finish_position,contradiction
economic_or_replay,max_trades,3496b04d1407bfa617b8d7e95b3dfc9a,1777950009000,sports_ranking_finish_position,contradiction
economic_or_replay,max_trades,3496b04d1407bfa617b8d7e95b3dfc9a,1777953609000,sports_ranking_finish_position,contradiction
economic_or_replay,max_trades,3496b04d1407bfa617b8d7e95b3dfc9a,1777957209000,sports_ranking_finish_position,contradiction
economic_or_replay,max_trades,3496b04d1407bfa617b8d7e95b3dfc9a,1777960809000,sports_ranking_finish_position,contradiction
economic_or_replay,max_trades,3496b04d1407bfa617b8d7e95b3dfc9a,1777964409000,sports_ranking_finish_position,contradiction
economic_or_replay,max_trades,3496b04d1407bfa617b8d7e95b3dfc9a,1777968009000,sports_ranking_finish_position,contradiction
economic_or_replay,max_trades,3496b04d1407bfa617b8d7e95b3dfc9a,1777971609000,sports_ranking_finish_position,contradiction
economic_or_replay,max_trades,3496b04d1407bfa617b8d7e95b3dfc9a,1777975209000,sports_ranking_finish_position,contradiction
economic_or_replay,max_trades,3496b04d1407bfa617b8d7e95b3dfc9a,1777978809000,sports_ranking_finish_position,contradiction
economic_or_replay,max_trades,3496b04d1407bfa617b8d7e95b3dfc9a,1778328009000,sports_ranking_finish_position,contradiction
economic_or_replay,max_trades,3496b04d1407bfa617b8d7e95b3dfc9a,1778331609000,sports_ranking_finish_position,contradiction
economic_or_replay,max_trades,3496b04d1407bfa617b8d7e95b3dfc9a,1778335209000,sports_ranking_finish_position,contradiction
economic_or_replay,max_trades,3496b04d1407bfa617b8d7e95b3dfc9a,1778338809000,sports_ranking_finish_position,contradiction
economic_or_replay,max_trades,3496b04d1407bfa617b8d7e95b3dfc9a,1778342409000,sports_ranking_finish_position,contradiction
economic_or_replay,max_trades,3496b04d1407bfa617b8d7e95b3dfc9a,1778346009000,sports_ranking_finish_position,contradiction
economic_or_replay,max_trades,3496b04d1407bfa617b8d7e95b3dfc9a,1778349609000,sports_ranking_finish_position,contradiction
economic_or_replay,max_trades,3496b04d1407bfa617b8d7e95b3dfc9a,1778353209000,sports_ranking_finish_position,contradiction
economic_or_replay,max_trades,3496b04d1407bfa617b8d7e95b3dfc9a,1778356809000,sports_ranking_finish_position,contradiction
economic_or_replay,max_trades,3496b04d1407bfa617b8d7e95b3dfc9a,1778360409000,sports_ranking_finish_position,contradiction
economic_or_replay,max_trades,3496b04d1407bfa617b8d7e95b3dfc9a,1778364009000,sports_ranking_finish_position,contradiction
economic_or_replay,max_trades,3496b04d1407bfa617b8d7e95b3dfc9a,1778367609000,sports_ranking_finish_position,contradiction
economic_or_replay,max_trades,3496b04d1407bfa617b8d7e95b3dfc9a,1778371209000,sports_ranking_finish_position,contradiction
economic_or_replay,max_trades,3496b04d1407bfa617b8d7e95b3dfc9a,1778634009000,sports_ranking_finish_position,contradiction
economic_or_replay,max_trades,3496b04d1407bfa617b8d7e95b3dfc9a,1778637609000,sports_ranking_finish_position,contradiction
economic_or_replay,max_trades,3496b04d1407bfa617b8d7e95b3dfc9a,1778641209000,sports_ranking_finish_position,contradiction
economic_or_replay,max_trades,3496b04d1407bfa617b8d7e95b3dfc9a,1778644809000,sports_ranking_finish_position,contradiction
economic_or_replay,max_trades,3496b04d1407bfa617b8d7e95b3dfc9a,1778648409000,sports_ranking_finish_position,contradiction
economic_or_replay,max_trades,3496b04d1407bfa617b8d7e95b3dfc9a,1778652009000,sports_ranking_finish_position,contradiction
economic_or_replay,max_trades,3496b04d1407bfa617b8d7e95b3dfc9a,1778655609000,sports_ranking_finish_position,contradiction
economic_or_replay,max_trades,3496b04d1407bfa617b8d7e95b3dfc9a,1778659209000,sports_ranking_finish_position,contradiction
economic_or_replay,max_trades,3496b04d1407bfa617b8d7e95b3dfc9a,1778662809000,sports_ranking_finish_position,contradiction
economic_or_replay,max_trades,3496b04d1407bfa617b8d7e95b3dfc9a,1778666409000,sports_ranking_finish_position,contradiction
economic_or_replay,max_trades,3496b04d1407bfa617b8d7e95b3dfc9a,1778670009000,sports_ranking_finish_position,contradiction
economic_or_replay,max_trades,3496b04d1407bfa617b8d7e95b3dfc9a,1778673609000,sports_ranking_finish_position,contradiction
economic_or_replay,max_trades,3496b04d1407bfa617b8d7e95b3dfc9a,1778806809000,sports_ranking_finish_position,contradiction
economic_or_replay,max_trades,3496b04d1407bfa617b8d7e95b3dfc9a,1778810409000,sports_ranking_finish_position,contradiction
economic_or_replay,max_trades,3496b04d1407bfa617b8d7e95b3dfc9a,1778814009000,sports_ranking_finish_position,contradiction
economic_or_replay,max_trades,3496b04d1407bfa617b8d7e95b3dfc9a,1778817609000,sports_ranking_finish_position,contradiction
economic_or_replay,max_trades,3496b04d1407bfa617b8d7e95b3dfc9a,1778821209000,sports_ranking_finish_position,contradiction
economic_or_replay,max_trades,3496b04d1407bfa617b8d7e95b3dfc9a,1778824809000,sports_ranking_finish_position,contradiction
economic_or_replay,max_trades,3496b04d1407bfa617b8d7e95b3dfc9a,1778828409000,sports_ranking_finish_position,contradiction
economic_or_replay,max_trades,3496b04d1407bfa617b8d7e95b3dfc9a,1778832009000,sports_ranking_finish_position,contradiction
economic_or_replay,max_trades,3496b04d1407bfa617b8d7e95b3dfc9a,1778835609000,sports_ranking_finish_position,contradiction
economic_or_replay,max_trades,3496b04d1407bfa617b8d7e95b3dfc9a,1778839209000,sports_ranking_finish_position,contradiction
