blocker_category,blocker_reason,relationship_id,signal_ts_ms,space_id,strategy_family
infrastructure,coverage_below_threshold,05a8a6de1ed347bc95761f0755c4c213,,2025_us_presidential_election_candidate_winner,mutual_exclusion
infrastructure,coverage_below_threshold,07b51aedd6c947c1966f1050f4492020,,2025_us_presidential_election_candidate_winner,mutual_exclusion
infrastructure,coverage_below_threshold,158b394048214cf98f5dd01de910b7e5,,2025_us_presidential_election_candidate_winner,mutual_exclusion
infrastructure,coverage_below_threshold,1e5fe89f5fae4529925250ea268a0203,,2025_us_presidential_election_candidate_winner,mutual_exclusion
infrastructure,coverage_below_threshold,1e70113e334b4e268bc14d2e9fdb0c1a,,2025_us_presidential_election_candidate_winner,mutual_exclusion
infrastructure,coverage_below_threshold,22954b27387148319442b5bea14af002,,2025_us_presidential_election_candidate_winner,mutual_exclusion
infrastructure,coverage_below_threshold,249798026d864e199e0029bb5fa95ca0,,2025_us_presidential_election_candidate_winner,mutual_exclusion
infrastructure,coverage_below_threshold,24f0c37d8cb648c4b22465fb2604b5a3,,2025_us_presidential_election_candidate_winner,mutual_exclusion
infrastructure,coverage_below_threshold,32a183a5f9db47168ced10b1bc92096f,,2025_us_presidential_election_candidate_winner,mutual_exclusion
infrastructure,coverage_below_threshold,35f75b5ab5c04e4aafac9328bd0f391e,,2025_us_presidential_election_candidate_winner,mutual_exclusion
infrastructure,coverage_below_threshold,3818865339bf4184abef57af8cae1ed7,,2025_us_presidential_election_candidate_winner,mutual_exclusion
infrastructure,coverage_below_threshold,3c219542d6b043c3afa89cd3f1750665,,2025_us_presidential_election_candidate_winner,mutual_exclusion
infrastructure,coverage_below_threshold,3e2f117a690e42948ea1d977784e35cc,,2025_us_presidential_election_candidate_winner,mutual_exclusion
infrastructure,coverage_below_threshold,3e648d33fde64645915d1a8aa394eeeb,,2025_us_presidential_election_candidate_winner,mutual_exclusion
infrastructure,coverage_below_threshold,4a96f8f98e42455e8a64bb795010b0cc,,2025_us_presidential_election_candidate_winner,mutual_exclusion
infrastructure,coverage_below_threshold,51f467d7e6e244038776140bae55be94,,2025_us_presidential_election_candidate_winner,mutual_exclusion
infrastructure,coverage_below_threshold,5583e6f37d944bfdac28da9fe3134742,,2025_us_presidential_election_candidate_winner,mutual_exclusion
infrastructure,coverage_below_threshold,5ca584bdd38f41f1ba7cba5c880af3f8,,2025_us_presidential_election_candidate_winner,mutual_exclusion
infrastructure,coverage_below_threshold,5dc6e7df8a594d879edb1463cdbb6391,,2025_us_presidential_election_candidate_winner,mutual_exclusion
infrastructure,coverage_below_threshold,5f1f990965c44459b9dc34bada655a81,,2025_us_presidential_election_candidate_winner,mutual_exclusion
infrastructure,coverage_below_threshold,623dc813c1e742f6a9647d0edc82d0e0,,2025_us_presidential_election_candidate_winner,mutual_exclusion
infrastructure,coverage_below_threshold,68bc7b610115497889c1a9e80aee4da4,,2025_us_presidential_election_candidate_winner,mutual_exclusion
infrastructure,coverage_below_threshold,6bd3d5082488441990e1e60699d366d2,,2025_us_presidential_election_candidate_winner,mutual_exclusion
infrastructure,coverage_below_threshold,6c4298c465ab48a091e507fddd4572ba,,2025_us_presidential_election_candidate_winner,mutual_exclusion
infrastructure,coverage_below_threshold,7812997a3af14e64a209616a93c068a5,,2025_us_presidential_election_candidate_winner,mutual_exclusion
infrastructure,coverage_below_threshold,7fdd5809875d433eb641e5c23e355b82,,2025_us_presidential_election_candidate_winner,mutual_exclusion
infrastructure,coverage_below_threshold,7ffcac9e87be4ba0a859a3ed305ac8fa,,2025_us_presidential_election_candidate_winner,mutual_exclusion
infrastructure,coverage_below_threshold,80c9327fa0ac44e0b78dc86be0c33a73,,2025_us_presidential_election_candidate_winner,mutual_exclusion
infrastructure,coverage_below_threshold,8a140738b16e431dbea0e0bf3b183f8f,,2025_us_presidential_election_candidate_winner,mutual_exclusion
infrastructure,coverage_below_threshold,97e5bfb732f8489dbb70f4ee75dc3f81,,2025_us_presidential_election_candidate_winner,mutual_exclusion
infrastructure,coverage_below_threshold,9ae134d527f24466b1224799f47aeb7d,,2025_us_presidential_election_candidate_winner,mutual_exclusion
infrastructure,coverage_below_threshold,9dd4671a828c40e28978627b978ce10c,,2025_us_presidential_election_candidate_winner,mutual_exclusion
infrastructure,coverage_below_threshold,9ff74238a9eb4a8a9d4d3cdd65292d0f,,2025_us_presidential_election_candidate_winner,mutual_exclusion
infrastructure,coverage_below_threshold,a1bf98f08e244d6981be0f7f92bd3748,,2025_us_presidential_election_candidate_winner,mutual_exclusion
infrastructure,coverage_below_threshold,a28288b43ab446d09464e77f6b307b5a,,2025_us_presidential_election_candidate_winner,mutual_exclusion
infrastructure,coverage_below_threshold,a28e608125594f1bb63f29cbac6c3067,,2025_us_presidential_election_candidate_winner,mutual_exclusion
infrastructure,coverage_below_threshold,a2baa123f36148068287d44f359eab9a,,2025_us_presidential_election_candidate_winner,mutual_exclusion
infrastructure,coverage_below_threshold,a45583b026444458930020c92ee63186,,2025_us_presidential_election_candidate_winner,mutual_exclusion
infrastructure,coverage_below_threshold,a993fd848b3e425bae7d2ee893660b3b,,2025_us_presidential_election_candidate_winner,mutual_exclusion
infrastructure,coverage_below_threshold,ac42192110e640f4b277f74db4706b0d,,2025_us_presidential_election_candidate_winner,mutual_exclusion
infrastructure,coverage_below_threshold,b07a7433f16a4e7cae934b6b3b2be1bf,,2025_us_presidential_election_candidate_winner,mutual_exclusion
infrastructure,coverage_below_threshold,b571d044750e4c9b96520a7e28600db2,,2025_us_presidential_election_candidate_winner,mutual_exclusion
infrastructure,coverage_below_threshold,b803d402b1a44dbc9dcc303c89773125,,2025_us_presidential_election_candidate_winner,mutual_exclusion
infrastructure,coverage_below_threshold,bce29c8991f34ab8a5d25f1e2c4ad94d,,2025_us_presidential_election_candidate_winner,mutual_exclusion
infrastructure,coverage_below_threshold,c37e420eb19549d0bb805d2414beba90,,2025_us_presidential_election_candidate_winner,mutual_exclusion
infrastructure,coverage_below_threshold,c4bafb19dd6d44158d292e77b9c992f7,,2025_us_presidential_election_candidate_winner,mutual_exclusion
infrastructure,coverage_below_threshold,c4ee7d6a5e63490093ecc4eb817a7ced,,2025_us_presidential_election_candidate_winner,mutual_exclusion
infrastructure,coverage_below_threshold,cd4326c8a1bf454c8d4b21a8b7c40ca4,,2025_us_presidential_election_candidate_winner,mutual_exclusion
infrastructure,coverage_below_threshold,cf29e5a32fcf45edb07d4224bf59ae10,,2025_us_presidential_election_candidate_winner,mutual_exclusion
infrastructure,coverage_below_threshold,d2d39509f41f40a2a817d73421334463,,2025_us_presidential_election_candidate_winner,mutual_exclusion
infrastructure,coverage_below_threshold,d45abcb4715f4949a943f3e4d46551a7,,2025_us_presidential_election_candidate_winner,mutual_exclusion
infrastructure,coverage_below_threshold,d66fe01ca1c34f39a41d4927080e7679,,2025_us_presidential_election_candidate_winner,mutual_exclusion
infrastructure,coverage_below_threshold,da148a046e7e4f12b573d7a6e12cdd58,,2025_us_presidential_election_candidate_winner,mutual_exclusion
infrastructure,coverage_below_threshold,db50e765d2744bd58436bed01a232204,,2025_us_presidential_election_candidate_winner,mutual_exclusion
infrastructure,coverage_below_threshold,e07ac921cd82443288b844d79a8fbaa3,,2025_us_presidential_election_candidate_winner,mutual_exclusion
infrastructure,coverage_below_threshold,e088d0dbdf3e400f8c0c62bbd82b1f43,,2025_us_presidential_election_candidate_winner,mutual_exclusion
infrastructure,coverage_below_threshold,ee8576e25e6946b697fdc507b4231930,,2025_us_presidential_election_candidate_winner,mutual_exclusion
infrastructure,coverage_below_threshold,ee876060acff484fb7bd6ac148423a4e,,2025_us_presidential_election_candidate_winner,mutual_exclusion
infrastructure,coverage_below_threshold,f0cad559962b4aa285ff4eceb956507d,,2025_us_presidential_election_candidate_winner,mutual_exclusion
infrastructure,coverage_below_threshold,f193fb246219417db51b9f825c4d9621,,2025_us_presidential_election_candidate_winner,mutual_exclusion
infrastructure,coverage_below_threshold,f5962fb8248f4bd9a6bce5899c477d22,,2025_us_presidential_election_candidate_winner,mutual_exclusion
infrastructure,coverage_below_threshold,f66404461bac43ffb37465c824147bee,,2025_us_presidential_election_candidate_winner,mutual_exclusion
infrastructure,coverage_below_threshold,f8d6e879dd724ebaa78ae261fe99e655,,2025_us_presidential_election_candidate_winner,mutual_exclusion
infrastructure,coverage_below_threshold,f98369303cb84d85bb574cc66490b36a,,2025_us_presidential_election_candidate_winner,mutual_exclusion
infrastructure,coverage_below_threshold,fb2590981da44d80ace806696d3fa5b9,,2025_us_presidential_election_candidate_winner,mutual_exclusion
infrastructure,coverage_below_threshold,fc759aa673b54ba995cf9782f060ee45,,2025_us_presidential_election_candidate_winner,mutual_exclusion
infrastructure,coverage_below_threshold,10b74bc3fdc44618b378d143cec5b1d3,,2026_us_presidential_election_candidate_winner,mutual_exclusion
infrastructure,coverage_below_threshold,11b8ade2f98b4308a72e9c5e9fdb1258,,2026_us_presidential_election_candidate_winner,mutual_exclusion
infrastructure,coverage_below_threshold,234420aac5cf4342a83c709a3a86a323,,2026_us_presidential_election_candidate_winner,mutual_exclusion
infrastructure,coverage_below_threshold,391db7917256403e93c95049b8da14de,,2026_us_presidential_election_candidate_winner,mutual_exclusion
infrastructure,coverage_below_threshold,3ad7f5f06abf45ed8cf162959aa10f64,,2026_us_presidential_election_candidate_winner,mutual_exclusion
infrastructure,coverage_below_threshold,40e3d5aae2c643199b2f9042107a4282,,2026_us_presidential_election_candidate_winner,mutual_exclusion
infrastructure,coverage_below_threshold,45122dbaa21843f2a1f3d15eaf573c41,,2026_us_presidential_election_candidate_winner,mutual_exclusion
infrastructure,coverage_below_threshold,5002bce72e4445a8a1d442599e295d50,,2026_us_presidential_election_candidate_winner,mutual_exclusion
infrastructure,coverage_below_threshold,536458cd83c145b0a9b7187d6e1b5922,,2026_us_presidential_election_candidate_winner,mutual_exclusion
infrastructure,coverage_below_threshold,540dae7bc23e41008d348f2487c793a0,,2026_us_presidential_election_candidate_winner,mutual_exclusion
infrastructure,coverage_below_threshold,63e558a93acd444aa0853cf63a16a258,,2026_us_presidential_election_candidate_winner,mutual_exclusion
infrastructure,coverage_below_threshold,6ce6f5fdc5774f188e0c44b3b28cc4a2,,2026_us_presidential_election_candidate_winner,mutual_exclusion
infrastructure,coverage_below_threshold,6d346d22b8984796ae32767dfd244166,,2026_us_presidential_election_candidate_winner,mutual_exclusion
replay_policy,same_violation_window,76405aef13934b11bd2be96b93e36dc8,1758247210000,2026_us_presidential_election_candidate_winner,mutual_exclusion
replay_policy,same_violation_window,76405aef13934b11bd2be96b93e36dc8,1758250810000,2026_us_presidential_election_candidate_winner,mutual_exclusion
replay_policy,same_violation_window,76405aef13934b11bd2be96b93e36dc8,1758254410000,2026_us_presidential_election_candidate_winner,mutual_exclusion
replay_policy,same_violation_window,76405aef13934b11bd2be96b93e36dc8,1758258010000,2026_us_presidential_election_candidate_winner,mutual_exclusion
replay_policy,same_violation_window,76405aef13934b11bd2be96b93e36dc8,1758261610000,2026_us_presidential_election_candidate_winner,mutual_exclusion
replay_policy,same_violation_window,76405aef13934b11bd2be96b93e36dc8,1758265210000,2026_us_presidential_election_candidate_winner,mutual_exclusion
replay_policy,same_violation_window,76405aef13934b11bd2be96b93e36dc8,1758268810000,2026_us_presidential_election_candidate_winner,mutual_exclusion
replay_policy,same_violation_window,76405aef13934b11bd2be96b93e36dc8,1758272410000,2026_us_presidential_election_candidate_winner,mutual_exclusion
replay_policy,same_violation_window,76405aef13934b11bd2be96b93e36dc8,1758276010000,2026_us_presidential_election_candidate_winner,mutual_exclusion
replay_policy,same_violation_window,76405aef13934b11bd2be96b93e36dc8,1758279610000,2026_us_presidential_election_candidate_winner,mutual_exclusion
infrastructure,coverage_below_threshold,78faebdef3fc41a3a180a67ac7fe4857,,2026_us_presidential_election_candidate_winner,mutual_exclusion
infrastructure,coverage_below_threshold,7bb559d3520e4de4a7de9da69f1d1eb2,,2026_us_presidential_election_candidate_winner,mutual_exclusion
infrastructure,coverage_below_threshold,9581617d1f2f440fa7169f464706b733,,2026_us_presidential_election_candidate_winner,mutual_exclusion
infrastructure,coverage_below_threshold,9a3c08363945470987dcacf117f243f6,,2026_us_presidential_election_candidate_winner,mutual_exclusion
infrastructure,coverage_below_threshold,9cc3a7d72dce4b9b9ddb3e6c2433b1ed,,2026_us_presidential_election_candidate_winner,mutual_exclusion
infrastructure,coverage_below_threshold,a5e45dbe1d224aa1a35125e80d7fcf7b,,2026_us_presidential_election_candidate_winner,mutual_exclusion
infrastructure,coverage_below_threshold,a7ecf3f3aae4449d863eddcc35177f5a,,2026_us_presidential_election_candidate_winner,mutual_exclusion
infrastructure,coverage_below_threshold,adf4eaadde5c4437a5f344bddf8e84eb,,2026_us_presidential_election_candidate_winner,mutual_exclusion
infrastructure,coverage_below_threshold,b02c511cdd124e83859ad1d046b828a1,,2026_us_presidential_election_candidate_winner,mutual_exclusion
infrastructure,coverage_below_threshold,c5e34145ab10443f80cccdcb1a1d669f,,2026_us_presidential_election_candidate_winner,mutual_exclusion
infrastructure,coverage_below_threshold,ca60d8a5622a4dc492684129fc330db6,,2026_us_presidential_election_candidate_winner,mutual_exclusion
infrastructure,coverage_below_threshold,cbdc87a1068b4918962bfed6eefe1931,,2026_us_presidential_election_candidate_winner,mutual_exclusion
infrastructure,coverage_below_threshold,d8d8f51fb1fc4974881ce41c5d9ca46a,,2026_us_presidential_election_candidate_winner,mutual_exclusion
infrastructure,coverage_below_threshold,e542a245f3614c958b8147fe0ef6df2c,,2026_us_presidential_election_candidate_winner,mutual_exclusion
infrastructure,coverage_below_threshold,e92d4dcbab6a43a1b9ef7a9665f1f986,,2026_us_presidential_election_candidate_winner,mutual_exclusion
infrastructure,coverage_below_threshold,e9adb0c7a91445b08814aaa0ab33aa2e,,2026_us_presidential_election_candidate_winner,mutual_exclusion
infrastructure,coverage_below_threshold,ef435f383cc54b42a880e5391507e8ce,,2026_us_presidential_election_candidate_winner,mutual_exclusion
infrastructure,coverage_below_threshold,ff4ab0aa240f466fbf272fe3d2db03b5,,2026_us_presidential_election_candidate_winner,mutual_exclusion
replay_policy,same_violation_window,089caf0e270e445bb06e54a63b74917d,1776045610000,unknown_year_us_presidential_election_candidate_winner,mutual_exclusion
replay_policy,same_violation_window,089caf0e270e445bb06e54a63b74917d,1776049210000,unknown_year_us_presidential_election_candidate_winner,mutual_exclusion
replay_policy,same_violation_window,089caf0e270e445bb06e54a63b74917d,1776052810000,unknown_year_us_presidential_election_candidate_winner,mutual_exclusion
replay_policy,same_violation_window,089caf0e270e445bb06e54a63b74917d,1776056410000,unknown_year_us_presidential_election_candidate_winner,mutual_exclusion
replay_policy,same_violation_window,089caf0e270e445bb06e54a63b74917d,1776060010000,unknown_year_us_presidential_election_candidate_winner,mutual_exclusion
replay_policy,same_violation_window,089caf0e270e445bb06e54a63b74917d,1776063610000,unknown_year_us_presidential_election_candidate_winner,mutual_exclusion
replay_policy,same_violation_window,089caf0e270e445bb06e54a63b74917d,1776067210000,unknown_year_us_presidential_election_candidate_winner,mutual_exclusion
replay_policy,same_violation_window,089caf0e270e445bb06e54a63b74917d,1776070810000,unknown_year_us_presidential_election_candidate_winner,mutual_exclusion
replay_policy,same_violation_window,089caf0e270e445bb06e54a63b74917d,1776074410000,unknown_year_us_presidential_election_candidate_winner,mutual_exclusion
replay_policy,same_violation_window,089caf0e270e445bb06e54a63b74917d,1776078010000,unknown_year_us_presidential_election_candidate_winner,mutual_exclusion
replay_policy,same_violation_window,089caf0e270e445bb06e54a63b74917d,1776081610000,unknown_year_us_presidential_election_candidate_winner,mutual_exclusion
replay_policy,same_violation_window,089caf0e270e445bb06e54a63b74917d,1776085210000,unknown_year_us_presidential_election_candidate_winner,mutual_exclusion
replay_policy,same_violation_window,089caf0e270e445bb06e54a63b74917d,1776088810000,unknown_year_us_presidential_election_candidate_winner,mutual_exclusion
replay_policy,same_violation_window,089caf0e270e445bb06e54a63b74917d,1776092410000,unknown_year_us_presidential_election_candidate_winner,mutual_exclusion
replay_policy,same_violation_window,089caf0e270e445bb06e54a63b74917d,1776096010000,unknown_year_us_presidential_election_candidate_winner,mutual_exclusion
replay_policy,same_violation_window,089caf0e270e445bb06e54a63b74917d,1776099610000,unknown_year_us_presidential_election_candidate_winner,mutual_exclusion
replay_policy,same_violation_window,089caf0e270e445bb06e54a63b74917d,1776103210000,unknown_year_us_presidential_election_candidate_winner,mutual_exclusion
replay_policy,same_violation_window,089caf0e270e445bb06e54a63b74917d,1776106810000,unknown_year_us_presidential_election_candidate_winner,mutual_exclusion
replay_policy,same_violation_window,089caf0e270e445bb06e54a63b74917d,1776110410000,unknown_year_us_presidential_election_candidate_winner,mutual_exclusion
replay_policy,same_violation_window,089caf0e270e445bb06e54a63b74917d,1776114010000,unknown_year_us_presidential_election_candidate_winner,mutual_exclusion
replay_policy,same_violation_window,089caf0e270e445bb06e54a63b74917d,1776117610000,unknown_year_us_presidential_election_candidate_winner,mutual_exclusion
replay_policy,same_violation_window,089caf0e270e445bb06e54a63b74917d,1776121210000,unknown_year_us_presidential_election_candidate_winner,mutual_exclusion
replay_policy,same_violation_window,089caf0e270e445bb06e54a63b74917d,1776124810000,unknown_year_us_presidential_election_candidate_winner,mutual_exclusion
replay_policy,same_violation_window,089caf0e270e445bb06e54a63b74917d,1776128410000,unknown_year_us_presidential_election_candidate_winner,mutual_exclusion
replay_policy,same_violation_window,089caf0e270e445bb06e54a63b74917d,1776132010000,unknown_year_us_presidential_election_candidate_winner,mutual_exclusion
replay_policy,same_violation_window,089caf0e270e445bb06e54a63b74917d,1776135610000,unknown_year_us_presidential_election_candidate_winner,mutual_exclusion
replay_policy,same_violation_window,089caf0e270e445bb06e54a63b74917d,1776139210000,unknown_year_us_presidential_election_candidate_winner,mutual_exclusion
replay_policy,same_violation_window,089caf0e270e445bb06e54a63b74917d,1776142810000,unknown_year_us_presidential_election_candidate_winner,mutual_exclusion
replay_policy,same_violation_window,089caf0e270e445bb06e54a63b74917d,1776146410000,unknown_year_us_presidential_election_candidate_winner,mutual_exclusion
replay_policy,same_violation_window,089caf0e270e445bb06e54a63b74917d,1776150010000,unknown_year_us_presidential_election_candidate_winner,mutual_exclusion
replay_policy,same_violation_window,089caf0e270e445bb06e54a63b74917d,1776153610000,unknown_year_us_presidential_election_candidate_winner,mutual_exclusion
replay_policy,same_violation_window,089caf0e270e445bb06e54a63b74917d,1776157210000,unknown_year_us_presidential_election_candidate_winner,mutual_exclusion
replay_policy,same_violation_window,089caf0e270e445bb06e54a63b74917d,1776160810000,unknown_year_us_presidential_election_candidate_winner,mutual_exclusion
replay_policy,same_violation_window,089caf0e270e445bb06e54a63b74917d,1776164410000,unknown_year_us_presidential_election_candidate_winner,mutual_exclusion
replay_policy,same_violation_window,089caf0e270e445bb06e54a63b74917d,1776168010000,unknown_year_us_presidential_election_candidate_winner,mutual_exclusion
replay_policy,same_violation_window,089caf0e270e445bb06e54a63b74917d,1776171610000,unknown_year_us_presidential_election_candidate_winner,mutual_exclusion
replay_policy,same_violation_window,089caf0e270e445bb06e54a63b74917d,1776175210000,unknown_year_us_presidential_election_candidate_winner,mutual_exclusion
replay_policy,same_violation_window,089caf0e270e445bb06e54a63b74917d,1776178810000,unknown_year_us_presidential_election_candidate_winner,mutual_exclusion
replay_policy,same_violation_window,089caf0e270e445bb06e54a63b74917d,1776182410000,unknown_year_us_presidential_election_candidate_winner,mutual_exclusion
replay_policy,same_violation_window,089caf0e270e445bb06e54a63b74917d,1776186010000,unknown_year_us_presidential_election_candidate_winner,mutual_exclusion
replay_policy,same_violation_window,089caf0e270e445bb06e54a63b74917d,1776189610000,unknown_year_us_presidential_election_candidate_winner,mutual_exclusion
replay_policy,same_violation_window,089caf0e270e445bb06e54a63b74917d,1776193210000,unknown_year_us_presidential_election_candidate_winner,mutual_exclusion
replay_policy,same_violation_window,089caf0e270e445bb06e54a63b74917d,1776196810000,unknown_year_us_presidential_election_candidate_winner,mutual_exclusion
replay_policy,same_violation_window,089caf0e270e445bb06e54a63b74917d,1776200410000,unknown_year_us_presidential_election_candidate_winner,mutual_exclusion
replay_policy,same_violation_window,089caf0e270e445bb06e54a63b74917d,1776204010000,unknown_year_us_presidential_election_candidate_winner,mutual_exclusion
replay_policy,same_violation_window,089caf0e270e445bb06e54a63b74917d,1776207610000,unknown_year_us_presidential_election_candidate_winner,mutual_exclusion
replay_policy,same_violation_window,089caf0e270e445bb06e54a63b74917d,1776211210000,unknown_year_us_presidential_election_candidate_winner,mutual_exclusion
replay_policy,same_violation_window,089caf0e270e445bb06e54a63b74917d,1776214810000,unknown_year_us_presidential_election_candidate_winner,mutual_exclusion
replay_policy,same_violation_window,089caf0e270e445bb06e54a63b74917d,1776218410000,unknown_year_us_presidential_election_candidate_winner,mutual_exclusion
replay_policy,same_violation_window,089caf0e270e445bb06e54a63b74917d,1776222010000,unknown_year_us_presidential_election_candidate_winner,mutual_exclusion
replay_policy,same_violation_window,089caf0e270e445bb06e54a63b74917d,1776225610000,unknown_year_us_presidential_election_candidate_winner,mutual_exclusion
replay_policy,same_violation_window,089caf0e270e445bb06e54a63b74917d,1776229210000,unknown_year_us_presidential_election_candidate_winner,mutual_exclusion
replay_policy,same_violation_window,089caf0e270e445bb06e54a63b74917d,1776232810000,unknown_year_us_presidential_election_candidate_winner,mutual_exclusion
replay_policy,same_violation_window,089caf0e270e445bb06e54a63b74917d,1776236410000,unknown_year_us_presidential_election_candidate_winner,mutual_exclusion
replay_policy,same_violation_window,089caf0e270e445bb06e54a63b74917d,1776240010000,unknown_year_us_presidential_election_candidate_winner,mutual_exclusion
replay_policy,same_violation_window,089caf0e270e445bb06e54a63b74917d,1776243610000,unknown_year_us_presidential_election_candidate_winner,mutual_exclusion
replay_policy,same_violation_window,089caf0e270e445bb06e54a63b74917d,1776247210000,unknown_year_us_presidential_election_candidate_winner,mutual_exclusion
replay_policy,same_violation_window,089caf0e270e445bb06e54a63b74917d,1776250810000,unknown_year_us_presidential_election_candidate_winner,mutual_exclusion
replay_policy,same_violation_window,089caf0e270e445bb06e54a63b74917d,1776254410000,unknown_year_us_presidential_election_candidate_winner,mutual_exclusion
replay_policy,same_violation_window,089caf0e270e445bb06e54a63b74917d,1776258010000,unknown_year_us_presidential_election_candidate_winner,mutual_exclusion
replay_policy,same_violation_window,089caf0e270e445bb06e54a63b74917d,1776261610000,unknown_year_us_presidential_election_candidate_winner,mutual_exclusion
replay_policy,same_violation_window,089caf0e270e445bb06e54a63b74917d,1776265210000,unknown_year_us_presidential_election_candidate_winner,mutual_exclusion
replay_policy,same_violation_window,089caf0e270e445bb06e54a63b74917d,1776268810000,unknown_year_us_presidential_election_candidate_winner,mutual_exclusion
replay_policy,same_violation_window,089caf0e270e445bb06e54a63b74917d,1776272410000,unknown_year_us_presidential_election_candidate_winner,mutual_exclusion
replay_policy,same_violation_window,089caf0e270e445bb06e54a63b74917d,1776276010000,unknown_year_us_presidential_election_candidate_winner,mutual_exclusion
replay_policy,same_violation_window,089caf0e270e445bb06e54a63b74917d,1776279610000,unknown_year_us_presidential_election_candidate_winner,mutual_exclusion
replay_policy,same_violation_window,089caf0e270e445bb06e54a63b74917d,1776283210000,unknown_year_us_presidential_election_candidate_winner,mutual_exclusion
replay_policy,same_violation_window,089caf0e270e445bb06e54a63b74917d,1776286810000,unknown_year_us_presidential_election_candidate_winner,mutual_exclusion
replay_policy,same_violation_window,089caf0e270e445bb06e54a63b74917d,1776290410000,unknown_year_us_presidential_election_candidate_winner,mutual_exclusion
replay_policy,same_violation_window,089caf0e270e445bb06e54a63b74917d,1776294010000,unknown_year_us_presidential_election_candidate_winner,mutual_exclusion
replay_policy,same_violation_window,089caf0e270e445bb06e54a63b74917d,1776297610000,unknown_year_us_presidential_election_candidate_winner,mutual_exclusion
replay_policy,same_violation_window,089caf0e270e445bb06e54a63b74917d,1777726810000,unknown_year_us_presidential_election_candidate_winner,mutual_exclusion
replay_policy,same_violation_window,089caf0e270e445bb06e54a63b74917d,1777730410000,unknown_year_us_presidential_election_candidate_winner,mutual_exclusion
replay_policy,same_violation_window,089caf0e270e445bb06e54a63b74917d,1777734010000,unknown_year_us_presidential_election_candidate_winner,mutual_exclusion
replay_policy,same_violation_window,089caf0e270e445bb06e54a63b74917d,1777737610000,unknown_year_us_presidential_election_candidate_winner,mutual_exclusion
replay_policy,same_violation_window,089caf0e270e445bb06e54a63b74917d,1777741210000,unknown_year_us_presidential_election_candidate_winner,mutual_exclusion
replay_policy,same_violation_window,089caf0e270e445bb06e54a63b74917d,1777744810000,unknown_year_us_presidential_election_candidate_winner,mutual_exclusion
replay_policy,same_violation_window,089caf0e270e445bb06e54a63b74917d,1777748410000,unknown_year_us_presidential_election_candidate_winner,mutual_exclusion
replay_policy,same_violation_window,089caf0e270e445bb06e54a63b74917d,1777752010000,unknown_year_us_presidential_election_candidate_winner,mutual_exclusion
replay_policy,same_violation_window,089caf0e270e445bb06e54a63b74917d,1777755610000,unknown_year_us_presidential_election_candidate_winner,mutual_exclusion
replay_policy,same_violation_window,089caf0e270e445bb06e54a63b74917d,1777759210000,unknown_year_us_presidential_election_candidate_winner,mutual_exclusion
replay_policy,same_violation_window,089caf0e270e445bb06e54a63b74917d,1777762810000,unknown_year_us_presidential_election_candidate_winner,mutual_exclusion
replay_policy,same_violation_window,089caf0e270e445bb06e54a63b74917d,1778029210000,unknown_year_us_presidential_election_candidate_winner,mutual_exclusion
replay_policy,same_violation_window,089caf0e270e445bb06e54a63b74917d,1778032810000,unknown_year_us_presidential_election_candidate_winner,mutual_exclusion
replay_policy,same_violation_window,089caf0e270e445bb06e54a63b74917d,1778036410000,unknown_year_us_presidential_election_candidate_winner,mutual_exclusion
replay_policy,same_violation_window,089caf0e270e445bb06e54a63b74917d,1778040010000,unknown_year_us_presidential_election_candidate_winner,mutual_exclusion
replay_policy,same_violation_window,089caf0e270e445bb06e54a63b74917d,1778043610000,unknown_year_us_presidential_election_candidate_winner,mutual_exclusion
replay_policy,same_violation_window,089caf0e270e445bb06e54a63b74917d,1778047210000,unknown_year_us_presidential_election_candidate_winner,mutual_exclusion
replay_policy,same_violation_window,089caf0e270e445bb06e54a63b74917d,1778050810000,unknown_year_us_presidential_election_candidate_winner,mutual_exclusion
replay_policy,same_violation_window,089caf0e270e445bb06e54a63b74917d,1778054410000,unknown_year_us_presidential_election_candidate_winner,mutual_exclusion
replay_policy,same_violation_window,089caf0e270e445bb06e54a63b74917d,1778058010000,unknown_year_us_presidential_election_candidate_winner,mutual_exclusion
replay_policy,same_violation_window,089caf0e270e445bb06e54a63b74917d,1778061610000,unknown_year_us_presidential_election_candidate_winner,mutual_exclusion
replay_policy,same_violation_window,089caf0e270e445bb06e54a63b74917d,1778065210000,unknown_year_us_presidential_election_candidate_winner,mutual_exclusion
replay_policy,same_violation_window,089caf0e270e445bb06e54a63b74917d,1778374810000,unknown_year_us_presidential_election_candidate_winner,mutual_exclusion
replay_policy,same_violation_window,089caf0e270e445bb06e54a63b74917d,1778378410000,unknown_year_us_presidential_election_candidate_winner,mutual_exclusion
replay_policy,same_violation_window,089caf0e270e445bb06e54a63b74917d,1778382010000,unknown_year_us_presidential_election_candidate_winner,mutual_exclusion
replay_policy,same_violation_window,089caf0e270e445bb06e54a63b74917d,1778385610000,unknown_year_us_presidential_election_candidate_winner,mutual_exclusion
replay_policy,same_violation_window,089caf0e270e445bb06e54a63b74917d,1778389210000,unknown_year_us_presidential_election_candidate_winner,mutual_exclusion
replay_policy,same_violation_window,089caf0e270e445bb06e54a63b74917d,1778392810000,unknown_year_us_presidential_election_candidate_winner,mutual_exclusion
replay_policy,same_violation_window,089caf0e270e445bb06e54a63b74917d,1778396410000,unknown_year_us_presidential_election_candidate_winner,mutual_exclusion
replay_policy,same_violation_window,089caf0e270e445bb06e54a63b74917d,1778400010000,unknown_year_us_presidential_election_candidate_winner,mutual_exclusion
replay_policy,same_violation_window,089caf0e270e445bb06e54a63b74917d,1778403610000,unknown_year_us_presidential_election_candidate_winner,mutual_exclusion
replay_policy,same_violation_window,089caf0e270e445bb06e54a63b74917d,1778407210000,unknown_year_us_presidential_election_candidate_winner,mutual_exclusion
replay_policy,same_violation_window,089caf0e270e445bb06e54a63b74917d,1778410810000,unknown_year_us_presidential_election_candidate_winner,mutual_exclusion
replay_policy,same_violation_window,089caf0e270e445bb06e54a63b74917d,1778680810000,unknown_year_us_presidential_election_candidate_winner,mutual_exclusion
replay_policy,same_violation_window,089caf0e270e445bb06e54a63b74917d,1778684410000,unknown_year_us_presidential_election_candidate_winner,mutual_exclusion
replay_policy,same_violation_window,089caf0e270e445bb06e54a63b74917d,1778688010000,unknown_year_us_presidential_election_candidate_winner,mutual_exclusion
replay_policy,same_violation_window,089caf0e270e445bb06e54a63b74917d,1778691610000,unknown_year_us_presidential_election_candidate_winner,mutual_exclusion
replay_policy,same_violation_window,089caf0e270e445bb06e54a63b74917d,1778695210000,unknown_year_us_presidential_election_candidate_winner,mutual_exclusion
replay_policy,same_violation_window,089caf0e270e445bb06e54a63b74917d,1778698810000,unknown_year_us_presidential_election_candidate_winner,mutual_exclusion
replay_policy,same_violation_window,089caf0e270e445bb06e54a63b74917d,1778702410000,unknown_year_us_presidential_election_candidate_winner,mutual_exclusion
replay_policy,same_violation_window,089caf0e270e445bb06e54a63b74917d,1778706010000,unknown_year_us_presidential_election_candidate_winner,mutual_exclusion
replay_policy,same_violation_window,089caf0e270e445bb06e54a63b74917d,1778709610000,unknown_year_us_presidential_election_candidate_winner,mutual_exclusion
replay_policy,same_violation_window,089caf0e270e445bb06e54a63b74917d,1778713210000,unknown_year_us_presidential_election_candidate_winner,mutual_exclusion
replay_policy,same_violation_window,089caf0e270e445bb06e54a63b74917d,1778716810000,unknown_year_us_presidential_election_candidate_winner,mutual_exclusion
replay_policy,same_violation_window,089caf0e270e445bb06e54a63b74917d,1778940010000,unknown_year_us_presidential_election_candidate_winner,mutual_exclusion
replay_policy,same_violation_window,089caf0e270e445bb06e54a63b74917d,1778943610000,unknown_year_us_presidential_election_candidate_winner,mutual_exclusion
replay_policy,same_violation_window,089caf0e270e445bb06e54a63b74917d,1778947210000,unknown_year_us_presidential_election_candidate_winner,mutual_exclusion
replay_policy,same_violation_window,089caf0e270e445bb06e54a63b74917d,1778950810000,unknown_year_us_presidential_election_candidate_winner,mutual_exclusion
replay_policy,same_violation_window,089caf0e270e445bb06e54a63b74917d,1778954410000,unknown_year_us_presidential_election_candidate_winner,mutual_exclusion
replay_policy,same_violation_window,089caf0e270e445bb06e54a63b74917d,1778958010000,unknown_year_us_presidential_election_candidate_winner,mutual_exclusion
replay_policy,same_violation_window,089caf0e270e445bb06e54a63b74917d,1778961610000,unknown_year_us_presidential_election_candidate_winner,mutual_exclusion
replay_policy,same_violation_window,089caf0e270e445bb06e54a63b74917d,1778965210000,unknown_year_us_presidential_election_candidate_winner,mutual_exclusion
replay_policy,same_violation_window,089caf0e270e445bb06e54a63b74917d,1779015610000,unknown_year_us_presidential_election_candidate_winner,mutual_exclusion
replay_policy,same_violation_window,0aa398a27943bcd2e6e257b4,1778076007000,llm_hyp_553828_553856_likely_duplicate_market,contradiction
replay_policy,same_violation_window,0aa398a27943bcd2e6e257b4,1778079607000,llm_hyp_553828_553856_likely_duplicate_market,contradiction
replay_policy,same_violation_window,0aa398a27943bcd2e6e257b4,1778083207000,llm_hyp_553828_553856_likely_duplicate_market,contradiction
replay_policy,same_violation_window,0aa398a27943bcd2e6e257b4,1778086807000,llm_hyp_553828_553856_likely_duplicate_market,contradiction
replay_policy,same_violation_window,0aa398a27943bcd2e6e257b4,1778090407000,llm_hyp_553828_553856_likely_duplicate_market,contradiction
replay_policy,same_violation_window,0aa398a27943bcd2e6e257b4,1778094007000,llm_hyp_553828_553856_likely_duplicate_market,contradiction
replay_policy,same_violation_window,0aa398a27943bcd2e6e257b4,1778097607000,llm_hyp_553828_553856_likely_duplicate_market,contradiction
replay_policy,same_violation_window,0aa398a27943bcd2e6e257b4,1778101207000,llm_hyp_553828_553856_likely_duplicate_market,contradiction
replay_policy,same_violation_window,0aa398a27943bcd2e6e257b4,1778104807000,llm_hyp_553828_553856_likely_duplicate_market,contradiction
replay_policy,same_violation_window,0aa398a27943bcd2e6e257b4,1778108407000,llm_hyp_553828_553856_likely_duplicate_market,contradiction
replay_policy,same_violation_window,0aa398a27943bcd2e6e257b4,1778112007000,llm_hyp_553828_553856_likely_duplicate_market,contradiction
replay_policy,same_violation_window,0aa398a27943bcd2e6e257b4,1778115607000,llm_hyp_553828_553856_likely_duplicate_market,contradiction
replay_policy,same_violation_window,0aa398a27943bcd2e6e257b4,1778119207000,llm_hyp_553828_553856_likely_duplicate_market,contradiction
replay_policy,same_violation_window,0aa398a27943bcd2e6e257b4,1778122807000,llm_hyp_553828_553856_likely_duplicate_market,contradiction
replay_policy,same_violation_window,0aa398a27943bcd2e6e257b4,1778126407000,llm_hyp_553828_553856_likely_duplicate_market,contradiction
replay_policy,same_violation_window,0aa398a27943bcd2e6e257b4,1778130007000,llm_hyp_553828_553856_likely_duplicate_market,contradiction
replay_policy,same_violation_window,0aa398a27943bcd2e6e257b4,1778133607000,llm_hyp_553828_553856_likely_duplicate_market,contradiction
replay_policy,same_violation_window,0aa398a27943bcd2e6e257b4,1778137207000,llm_hyp_553828_553856_likely_duplicate_market,contradiction
replay_policy,same_violation_window,0aa398a27943bcd2e6e257b4,1778140807000,llm_hyp_553828_553856_likely_duplicate_market,contradiction
replay_policy,same_violation_window,0aa398a27943bcd2e6e257b4,1778144407000,llm_hyp_553828_553856_likely_duplicate_market,contradiction
replay_policy,same_violation_window,0aa398a27943bcd2e6e257b4,1778148007000,llm_hyp_553828_553856_likely_duplicate_market,contradiction
replay_policy,same_violation_window,0aa398a27943bcd2e6e257b4,1778151607000,llm_hyp_553828_553856_likely_duplicate_market,contradiction
replay_policy,same_violation_window,0aa398a27943bcd2e6e257b4,1778155207000,llm_hyp_553828_553856_likely_duplicate_market,contradiction
replay_policy,same_violation_window,0aa398a27943bcd2e6e257b4,1778158807000,llm_hyp_553828_553856_likely_duplicate_market,contradiction
replay_policy,same_violation_window,0aa398a27943bcd2e6e257b4,1778162407000,llm_hyp_553828_553856_likely_duplicate_market,contradiction
replay_policy,same_violation_window,0aa398a27943bcd2e6e257b4,1778166007000,llm_hyp_553828_553856_likely_duplicate_market,contradiction
replay_policy,same_violation_window,0aa398a27943bcd2e6e257b4,1778169607000,llm_hyp_553828_553856_likely_duplicate_market,contradiction
replay_policy,same_violation_window,0aa398a27943bcd2e6e257b4,1778173207000,llm_hyp_553828_553856_likely_duplicate_market,contradiction
replay_policy,same_violation_window,0aa398a27943bcd2e6e257b4,1778176807000,llm_hyp_553828_553856_likely_duplicate_market,contradiction
replay_policy,same_violation_window,0aa398a27943bcd2e6e257b4,1778180407000,llm_hyp_553828_553856_likely_duplicate_market,contradiction
replay_policy,same_violation_window,0aa398a27943bcd2e6e257b4,1778184007000,llm_hyp_553828_553856_likely_duplicate_market,contradiction
replay_policy,same_violation_window,0aa398a27943bcd2e6e257b4,1778187607000,llm_hyp_553828_553856_likely_duplicate_market,contradiction
replay_policy,same_violation_window,0aa398a27943bcd2e6e257b4,1778191207000,llm_hyp_553828_553856_likely_duplicate_market,contradiction
replay_policy,same_violation_window,0aa398a27943bcd2e6e257b4,1778194807000,llm_hyp_553828_553856_likely_duplicate_market,contradiction
replay_policy,same_violation_window,0aa398a27943bcd2e6e257b4,1778198407000,llm_hyp_553828_553856_likely_duplicate_market,contradiction
replay_policy,same_violation_window,0aa398a27943bcd2e6e257b4,1778245207000,llm_hyp_553828_553856_likely_duplicate_market,contradiction
replay_policy,same_violation_window,0aa398a27943bcd2e6e257b4,1778248807000,llm_hyp_553828_553856_likely_duplicate_market,contradiction
replay_policy,same_violation_window,0aa398a27943bcd2e6e257b4,1778252407000,llm_hyp_553828_553856_likely_duplicate_market,contradiction
replay_policy,same_violation_window,0aa398a27943bcd2e6e257b4,1778256007000,llm_hyp_553828_553856_likely_duplicate_market,contradiction
replay_policy,same_violation_window,0aa398a27943bcd2e6e257b4,1778259607000,llm_hyp_553828_553856_likely_duplicate_market,contradiction
replay_policy,same_violation_window,0aa398a27943bcd2e6e257b4,1778263207000,llm_hyp_553828_553856_likely_duplicate_market,contradiction
replay_policy,same_violation_window,0aa398a27943bcd2e6e257b4,1778266807000,llm_hyp_553828_553856_likely_duplicate_market,contradiction
replay_policy,same_violation_window,0aa398a27943bcd2e6e257b4,1778270407000,llm_hyp_553828_553856_likely_duplicate_market,contradiction
replay_policy,same_violation_window,0aa398a27943bcd2e6e257b4,1778274007000,llm_hyp_553828_553856_likely_duplicate_market,contradiction
replay_policy,same_violation_window,0aa398a27943bcd2e6e257b4,1778277607000,llm_hyp_553828_553856_likely_duplicate_market,contradiction
replay_policy,same_violation_window,0aa398a27943bcd2e6e257b4,1778281207000,llm_hyp_553828_553856_likely_duplicate_market,contradiction
replay_policy,same_violation_window,0aa398a27943bcd2e6e257b4,1778284807000,llm_hyp_553828_553856_likely_duplicate_market,contradiction
replay_policy,same_violation_window,0aa398a27943bcd2e6e257b4,1778594407000,llm_hyp_553828_553856_likely_duplicate_market,contradiction
replay_policy,same_violation_window,0aa398a27943bcd2e6e257b4,1778598007000,llm_hyp_553828_553856_likely_duplicate_market,contradiction
replay_policy,same_violation_window,0aa398a27943bcd2e6e257b4,1778601607000,llm_hyp_553828_553856_likely_duplicate_market,contradiction
replay_policy,same_violation_window,0aa398a27943bcd2e6e257b4,1778605207000,llm_hyp_553828_553856_likely_duplicate_market,contradiction
replay_policy,same_violation_window,0aa398a27943bcd2e6e257b4,1778608807000,llm_hyp_553828_553856_likely_duplicate_market,contradiction
replay_policy,same_violation_window,0aa398a27943bcd2e6e257b4,1778612407000,llm_hyp_553828_553856_likely_duplicate_market,contradiction
replay_policy,same_violation_window,0aa398a27943bcd2e6e257b4,1778616007000,llm_hyp_553828_553856_likely_duplicate_market,contradiction
replay_policy,same_violation_window,0aa398a27943bcd2e6e257b4,1778619607000,llm_hyp_553828_553856_likely_duplicate_market,contradiction
replay_policy,same_violation_window,0aa398a27943bcd2e6e257b4,1778623207000,llm_hyp_553828_553856_likely_duplicate_market,contradiction
replay_policy,same_violation_window,0aa398a27943bcd2e6e257b4,1778626807000,llm_hyp_553828_553856_likely_duplicate_market,contradiction
replay_policy,same_violation_window,0aa398a27943bcd2e6e257b4,1778630407000,llm_hyp_553828_553856_likely_duplicate_market,contradiction
replay_policy,same_violation_window,0aa398a27943bcd2e6e257b4,1778634007000,llm_hyp_553828_553856_likely_duplicate_market,contradiction
replay_policy,same_violation_window,0aa398a27943bcd2e6e257b4,1778637607000,llm_hyp_553828_553856_likely_duplicate_market,contradiction
replay_policy,same_violation_window,0aa398a27943bcd2e6e257b4,1778641207000,llm_hyp_553828_553856_likely_duplicate_market,contradiction
replay_policy,same_violation_window,0aa398a27943bcd2e6e257b4,1778644807000,llm_hyp_553828_553856_likely_duplicate_market,contradiction
replay_policy,same_violation_window,0aa398a27943bcd2e6e257b4,1778648407000,llm_hyp_553828_553856_likely_duplicate_market,contradiction
replay_policy,same_violation_window,0aa398a27943bcd2e6e257b4,1778652007000,llm_hyp_553828_553856_likely_duplicate_market,contradiction
replay_policy,same_violation_window,0aa398a27943bcd2e6e257b4,1778655607000,llm_hyp_553828_553856_likely_duplicate_market,contradiction
replay_policy,same_violation_window,0aa398a27943bcd2e6e257b4,1778659207000,llm_hyp_553828_553856_likely_duplicate_market,contradiction
replay_policy,same_violation_window,0aa398a27943bcd2e6e257b4,1778662807000,llm_hyp_553828_553856_likely_duplicate_market,contradiction
replay_policy,same_violation_window,0aa398a27943bcd2e6e257b4,1778666407000,llm_hyp_553828_553856_likely_duplicate_market,contradiction
replay_policy,same_violation_window,0aa398a27943bcd2e6e257b4,1778670007000,llm_hyp_553828_553856_likely_duplicate_market,contradiction
replay_policy,same_violation_window,0aa398a27943bcd2e6e257b4,1778673607000,llm_hyp_553828_553856_likely_duplicate_market,contradiction
replay_policy,same_violation_window,0aa398a27943bcd2e6e257b4,1778810407000,llm_hyp_553828_553856_likely_duplicate_market,contradiction
replay_policy,same_violation_window,0aa398a27943bcd2e6e257b4,1778814007000,llm_hyp_553828_553856_likely_duplicate_market,contradiction
replay_policy,same_violation_window,0aa398a27943bcd2e6e257b4,1778817607000,llm_hyp_553828_553856_likely_duplicate_market,contradiction
replay_policy,same_violation_window,0aa398a27943bcd2e6e257b4,1778821207000,llm_hyp_553828_553856_likely_duplicate_market,contradiction
replay_policy,same_violation_window,0aa398a27943bcd2e6e257b4,1778824807000,llm_hyp_553828_553856_likely_duplicate_market,contradiction
replay_policy,same_violation_window,0aa398a27943bcd2e6e257b4,1778828407000,llm_hyp_553828_553856_likely_duplicate_market,contradiction
replay_policy,same_violation_window,0aa398a27943bcd2e6e257b4,1778832007000,llm_hyp_553828_553856_likely_duplicate_market,contradiction
replay_policy,same_violation_window,0aa398a27943bcd2e6e257b4,1778835607000,llm_hyp_553828_553856_likely_duplicate_market,contradiction
replay_policy,same_violation_window,0aa398a27943bcd2e6e257b4,1778839207000,llm_hyp_553828_553856_likely_duplicate_market,contradiction
replay_policy,same_violation_window,0b14f32acefb31b6de8901ae,1753408806000,llm_hyp_540881_559651_temporal_ordering_pair,contradiction
replay_policy,same_violation_window,0b14f32acefb31b6de8901ae,1753412406000,llm_hyp_540881_559651_temporal_ordering_pair,contradiction
replay_policy,same_violation_window,0b14f32acefb31b6de8901ae,1753416006000,llm_hyp_540881_559651_temporal_ordering_pair,contradiction
replay_policy,same_violation_window,0b14f32acefb31b6de8901ae,1753419606000,llm_hyp_540881_559651_temporal_ordering_pair,contradiction
replay_policy,same_violation_window,0b14f32acefb31b6de8901ae,1753423206000,llm_hyp_540881_559651_temporal_ordering_pair,contradiction
replay_policy,same_violation_window,0b14f32acefb31b6de8901ae,1753426806000,llm_hyp_540881_559651_temporal_ordering_pair,contradiction
replay_policy,same_violation_window,0b14f32acefb31b6de8901ae,1753430406000,llm_hyp_540881_559651_temporal_ordering_pair,contradiction
replay_policy,same_violation_window,0b14f32acefb31b6de8901ae,1753434006000,llm_hyp_540881_559651_temporal_ordering_pair,contradiction
replay_policy,same_violation_window,0b14f32acefb31b6de8901ae,1753437606000,llm_hyp_540881_559651_temporal_ordering_pair,contradiction
replay_policy,same_violation_window,0b14f32acefb31b6de8901ae,1753441206000,llm_hyp_540881_559651_temporal_ordering_pair,contradiction
replay_policy,same_violation_window,0b14f32acefb31b6de8901ae,1753444806000,llm_hyp_540881_559651_temporal_ordering_pair,contradiction
replay_policy,same_violation_window,0b14f32acefb31b6de8901ae,1753448406000,llm_hyp_540881_559651_temporal_ordering_pair,contradiction
replay_policy,same_violation_window,0b14f32acefb31b6de8901ae,1753452006000,llm_hyp_540881_559651_temporal_ordering_pair,contradiction
replay_policy,same_violation_window,0b14f32acefb31b6de8901ae,1753455606000,llm_hyp_540881_559651_temporal_ordering_pair,contradiction
replay_policy,same_violation_window,0b14f32acefb31b6de8901ae,1753459206000,llm_hyp_540881_559651_temporal_ordering_pair,contradiction
replay_policy,same_violation_window,0b14f32acefb31b6de8901ae,1753462806000,llm_hyp_540881_559651_temporal_ordering_pair,contradiction
replay_policy,same_violation_window,0b14f32acefb31b6de8901ae,1753466406000,llm_hyp_540881_559651_temporal_ordering_pair,contradiction
replay_policy,same_violation_window,0b14f32acefb31b6de8901ae,1753470006000,llm_hyp_540881_559651_temporal_ordering_pair,contradiction
replay_policy,same_violation_window,0b14f32acefb31b6de8901ae,1753473606000,llm_hyp_540881_559651_temporal_ordering_pair,contradiction
replay_policy,same_violation_window,0b14f32acefb31b6de8901ae,1753477206000,llm_hyp_540881_559651_temporal_ordering_pair,contradiction
replay_policy,same_violation_window,0b14f32acefb31b6de8901ae,1753480806000,llm_hyp_540881_559651_temporal_ordering_pair,contradiction
replay_policy,same_violation_window,0b14f32acefb31b6de8901ae,1753484406000,llm_hyp_540881_559651_temporal_ordering_pair,contradiction
replay_policy,same_violation_window,0b14f32acefb31b6de8901ae,1753488006000,llm_hyp_540881_559651_temporal_ordering_pair,contradiction
replay_policy,same_violation_window,0b14f32acefb31b6de8901ae,1753491606000,llm_hyp_540881_559651_temporal_ordering_pair,contradiction
replay_policy,same_violation_window,0b14f32acefb31b6de8901ae,1753495206000,llm_hyp_540881_559651_temporal_ordering_pair,contradiction
replay_policy,same_violation_window,0b14f32acefb31b6de8901ae,1753498806000,llm_hyp_540881_559651_temporal_ordering_pair,contradiction
replay_policy,same_violation_window,0b14f32acefb31b6de8901ae,1753502406000,llm_hyp_540881_559651_temporal_ordering_pair,contradiction
replay_policy,same_violation_window,0b14f32acefb31b6de8901ae,1753506006000,llm_hyp_540881_559651_temporal_ordering_pair,contradiction
replay_policy,same_violation_window,0b14f32acefb31b6de8901ae,1753509606000,llm_hyp_540881_559651_temporal_ordering_pair,contradiction
replay_policy,same_violation_window,0b14f32acefb31b6de8901ae,1753513206000,llm_hyp_540881_559651_temporal_ordering_pair,contradiction
replay_policy,same_violation_window,0b14f32acefb31b6de8901ae,1753516806000,llm_hyp_540881_559651_temporal_ordering_pair,contradiction
replay_policy,same_violation_window,0b14f32acefb31b6de8901ae,1753520406000,llm_hyp_540881_559651_temporal_ordering_pair,contradiction
replay_policy,same_violation_window,0b14f32acefb31b6de8901ae,1753524006000,llm_hyp_540881_559651_temporal_ordering_pair,contradiction
replay_policy,same_violation_window,0b14f32acefb31b6de8901ae,1753527606000,llm_hyp_540881_559651_temporal_ordering_pair,contradiction
replay_policy,same_violation_window,0b14f32acefb31b6de8901ae,1753531206000,llm_hyp_540881_559651_temporal_ordering_pair,contradiction
replay_policy,same_violation_window,0b14f32acefb31b6de8901ae,1753534806000,llm_hyp_540881_559651_temporal_ordering_pair,contradiction
replay_policy,same_violation_window,0b14f32acefb31b6de8901ae,1753538406000,llm_hyp_540881_559651_temporal_ordering_pair,contradiction
replay_policy,same_violation_window,0b14f32acefb31b6de8901ae,1753542006000,llm_hyp_540881_559651_temporal_ordering_pair,contradiction
replay_policy,same_violation_window,0b14f32acefb31b6de8901ae,1753545606000,llm_hyp_540881_559651_temporal_ordering_pair,contradiction
replay_policy,same_violation_window,0b14f32acefb31b6de8901ae,1753549206000,llm_hyp_540881_559651_temporal_ordering_pair,contradiction
replay_policy,same_violation_window,0b14f32acefb31b6de8901ae,1753552806000,llm_hyp_540881_559651_temporal_ordering_pair,contradiction
replay_policy,same_violation_window,0b14f32acefb31b6de8901ae,1753556406000,llm_hyp_540881_559651_temporal_ordering_pair,contradiction
replay_policy,same_violation_window,0b14f32acefb31b6de8901ae,1753560006000,llm_hyp_540881_559651_temporal_ordering_pair,contradiction
replay_policy,same_violation_window,0b14f32acefb31b6de8901ae,1753563606000,llm_hyp_540881_559651_temporal_ordering_pair,contradiction
replay_policy,same_violation_window,0b14f32acefb31b6de8901ae,1753567206000,llm_hyp_540881_559651_temporal_ordering_pair,contradiction
replay_policy,same_violation_window,0b14f32acefb31b6de8901ae,1753570806000,llm_hyp_540881_559651_temporal_ordering_pair,contradiction
replay_policy,same_violation_window,0b14f32acefb31b6de8901ae,1753574406000,llm_hyp_540881_559651_temporal_ordering_pair,contradiction
replay_policy,same_violation_window,0b14f32acefb31b6de8901ae,1753578006000,llm_hyp_540881_559651_temporal_ordering_pair,contradiction
replay_policy,same_violation_window,0b14f32acefb31b6de8901ae,1753581606000,llm_hyp_540881_559651_temporal_ordering_pair,contradiction
replay_policy,same_violation_window,0b14f32acefb31b6de8901ae,1753585206000,llm_hyp_540881_559651_temporal_ordering_pair,contradiction
replay_policy,same_violation_window,0b14f32acefb31b6de8901ae,1753588806000,llm_hyp_540881_559651_temporal_ordering_pair,contradiction
replay_policy,same_violation_window,0b14f32acefb31b6de8901ae,1753592406000,llm_hyp_540881_559651_temporal_ordering_pair,contradiction
replay_policy,same_violation_window,0b14f32acefb31b6de8901ae,1753596006000,llm_hyp_540881_559651_temporal_ordering_pair,contradiction
replay_policy,same_violation_window,0b14f32acefb31b6de8901ae,1753599606000,llm_hyp_540881_559651_temporal_ordering_pair,contradiction
replay_policy,same_violation_window,0b14f32acefb31b6de8901ae,1753603206000,llm_hyp_540881_559651_temporal_ordering_pair,contradiction
replay_policy,same_violation_window,0b14f32acefb31b6de8901ae,1753606806000,llm_hyp_540881_559651_temporal_ordering_pair,contradiction
replay_policy,same_violation_window,0b14f32acefb31b6de8901ae,1753610406000,llm_hyp_540881_559651_temporal_ordering_pair,contradiction
replay_policy,same_violation_window,0b14f32acefb31b6de8901ae,1753614006000,llm_hyp_540881_559651_temporal_ordering_pair,contradiction
replay_policy,same_violation_window,0b14f32acefb31b6de8901ae,1753617606000,llm_hyp_540881_559651_temporal_ordering_pair,contradiction
replay_policy,same_violation_window,0b14f32acefb31b6de8901ae,1754614806000,llm_hyp_540881_559651_temporal_ordering_pair,contradiction
replay_policy,same_violation_window,0b14f32acefb31b6de8901ae,1754618406000,llm_hyp_540881_559651_temporal_ordering_pair,contradiction
replay_policy,same_violation_window,0b14f32acefb31b6de8901ae,1754622006000,llm_hyp_540881_559651_temporal_ordering_pair,contradiction
replay_policy,same_violation_window,0b14f32acefb31b6de8901ae,1754625606000,llm_hyp_540881_559651_temporal_ordering_pair,contradiction
replay_policy,same_violation_window,0b14f32acefb31b6de8901ae,1754629206000,llm_hyp_540881_559651_temporal_ordering_pair,contradiction
replay_policy,same_violation_window,0b14f32acefb31b6de8901ae,1754632806000,llm_hyp_540881_559651_temporal_ordering_pair,contradiction
replay_policy,same_violation_window,0b14f32acefb31b6de8901ae,1754636406000,llm_hyp_540881_559651_temporal_ordering_pair,contradiction
replay_policy,same_violation_window,0b14f32acefb31b6de8901ae,1754640006000,llm_hyp_540881_559651_temporal_ordering_pair,contradiction
replay_policy,same_violation_window,0b14f32acefb31b6de8901ae,1754643606000,llm_hyp_540881_559651_temporal_ordering_pair,contradiction
replay_policy,same_violation_window,0b14f32acefb31b6de8901ae,1754647206000,llm_hyp_540881_559651_temporal_ordering_pair,contradiction
replay_policy,same_violation_window,0b14f32acefb31b6de8901ae,1754650806000,llm_hyp_540881_559651_temporal_ordering_pair,contradiction
replay_policy,same_violation_window,0b14f32acefb31b6de8901ae,1755957606000,llm_hyp_540881_559651_temporal_ordering_pair,contradiction
replay_policy,same_violation_window,0b14f32acefb31b6de8901ae,1755961206000,llm_hyp_540881_559651_temporal_ordering_pair,contradiction
replay_policy,same_violation_window,0b14f32acefb31b6de8901ae,1755964806000,llm_hyp_540881_559651_temporal_ordering_pair,contradiction
replay_policy,same_violation_window,0b14f32acefb31b6de8901ae,1755968406000,llm_hyp_540881_559651_temporal_ordering_pair,contradiction
replay_policy,same_violation_window,0b14f32acefb31b6de8901ae,1755972006000,llm_hyp_540881_559651_temporal_ordering_pair,contradiction
replay_policy,same_violation_window,0b14f32acefb31b6de8901ae,1755975606000,llm_hyp_540881_559651_temporal_ordering_pair,contradiction
replay_policy,same_violation_window,0b14f32acefb31b6de8901ae,1755979206000,llm_hyp_540881_559651_temporal_ordering_pair,contradiction
replay_policy,same_violation_window,0b14f32acefb31b6de8901ae,1755982806000,llm_hyp_540881_559651_temporal_ordering_pair,contradiction
replay_policy,same_violation_window,0b14f32acefb31b6de8901ae,1755986406000,llm_hyp_540881_559651_temporal_ordering_pair,contradiction
replay_policy,same_violation_window,0b14f32acefb31b6de8901ae,1755990006000,llm_hyp_540881_559651_temporal_ordering_pair,contradiction
replay_policy,same_violation_window,0b14f32acefb31b6de8901ae,1755993606000,llm_hyp_540881_559651_temporal_ordering_pair,contradiction
infrastructure,coverage_below_threshold,db92b89b163b75593f00735d,,llm_hyp_540843_665374_temporal_ordering_pair,contradiction
replay_policy,same_violation_window,39f3e9a3a2595527a6e83fb7959cf843,1771466409000,premier_league_champion,mutual_exclusion
replay_policy,same_violation_window,39f3e9a3a2595527a6e83fb7959cf843,1771470009000,premier_league_champion,mutual_exclusion
replay_policy,same_violation_window,39f3e9a3a2595527a6e83fb7959cf843,1771473609000,premier_league_champion,mutual_exclusion
replay_policy,same_violation_window,39f3e9a3a2595527a6e83fb7959cf843,1771477209000,premier_league_champion,mutual_exclusion
replay_policy,same_violation_window,39f3e9a3a2595527a6e83fb7959cf843,1771480809000,premier_league_champion,mutual_exclusion
replay_policy,same_violation_window,39f3e9a3a2595527a6e83fb7959cf843,1771484409000,premier_league_champion,mutual_exclusion
replay_policy,same_violation_window,39f3e9a3a2595527a6e83fb7959cf843,1771488009000,premier_league_champion,mutual_exclusion
replay_policy,same_violation_window,39f3e9a3a2595527a6e83fb7959cf843,1771491609000,premier_league_champion,mutual_exclusion
replay_policy,same_violation_window,39f3e9a3a2595527a6e83fb7959cf843,1771495209000,premier_league_champion,mutual_exclusion
replay_policy,same_violation_window,39f3e9a3a2595527a6e83fb7959cf843,1771498809000,premier_league_champion,mutual_exclusion
replay_policy,same_violation_window,39f3e9a3a2595527a6e83fb7959cf843,1771502409000,premier_league_champion,mutual_exclusion
replay_policy,same_violation_window,39f3e9a3a2595527a6e83fb7959cf843,1771506009000,premier_league_champion,mutual_exclusion
replay_policy,same_violation_window,39f3e9a3a2595527a6e83fb7959cf843,1771509609000,premier_league_champion,mutual_exclusion
replay_policy,same_violation_window,39f3e9a3a2595527a6e83fb7959cf843,1771513209000,premier_league_champion,mutual_exclusion
replay_policy,same_violation_window,39f3e9a3a2595527a6e83fb7959cf843,1771516809000,premier_league_champion,mutual_exclusion
replay_policy,same_violation_window,39f3e9a3a2595527a6e83fb7959cf843,1771520409000,premier_league_champion,mutual_exclusion
replay_policy,same_violation_window,39f3e9a3a2595527a6e83fb7959cf843,1771524009000,premier_league_champion,mutual_exclusion
replay_policy,same_violation_window,39f3e9a3a2595527a6e83fb7959cf843,1771527609000,premier_league_champion,mutual_exclusion
replay_policy,same_violation_window,39f3e9a3a2595527a6e83fb7959cf843,1771531209000,premier_league_champion,mutual_exclusion
replay_policy,same_violation_window,39f3e9a3a2595527a6e83fb7959cf843,1771534809000,premier_league_champion,mutual_exclusion
replay_policy,same_violation_window,39f3e9a3a2595527a6e83fb7959cf843,1771538409000,premier_league_champion,mutual_exclusion
replay_policy,same_violation_window,39f3e9a3a2595527a6e83fb7959cf843,1771542009000,premier_league_champion,mutual_exclusion
replay_policy,same_violation_window,39f3e9a3a2595527a6e83fb7959cf843,1771545609000,premier_league_champion,mutual_exclusion
replay_policy,same_violation_window,39f3e9a3a2595527a6e83fb7959cf843,1772330409000,premier_league_champion,mutual_exclusion
replay_policy,same_violation_window,39f3e9a3a2595527a6e83fb7959cf843,1772334009000,premier_league_champion,mutual_exclusion
replay_policy,same_violation_window,39f3e9a3a2595527a6e83fb7959cf843,1772337609000,premier_league_champion,mutual_exclusion
replay_policy,same_violation_window,39f3e9a3a2595527a6e83fb7959cf843,1772341209000,premier_league_champion,mutual_exclusion
replay_policy,same_violation_window,39f3e9a3a2595527a6e83fb7959cf843,1772344809000,premier_league_champion,mutual_exclusion
replay_policy,same_violation_window,39f3e9a3a2595527a6e83fb7959cf843,1772348409000,premier_league_champion,mutual_exclusion
replay_policy,same_violation_window,39f3e9a3a2595527a6e83fb7959cf843,1772352009000,premier_league_champion,mutual_exclusion
replay_policy,same_violation_window,39f3e9a3a2595527a6e83fb7959cf843,1772355609000,premier_league_champion,mutual_exclusion
replay_policy,same_violation_window,39f3e9a3a2595527a6e83fb7959cf843,1772359209000,premier_league_champion,mutual_exclusion
replay_policy,same_violation_window,39f3e9a3a2595527a6e83fb7959cf843,1772362809000,premier_league_champion,mutual_exclusion
replay_policy,same_violation_window,39f3e9a3a2595527a6e83fb7959cf843,1772366409000,premier_league_champion,mutual_exclusion
replay_policy,same_violation_window,39f3e9a3a2595527a6e83fb7959cf843,1775656809000,premier_league_champion,mutual_exclusion
replay_policy,same_violation_window,39f3e9a3a2595527a6e83fb7959cf843,1775660409000,premier_league_champion,mutual_exclusion
replay_policy,same_violation_window,39f3e9a3a2595527a6e83fb7959cf843,1775664009000,premier_league_champion,mutual_exclusion
replay_policy,same_violation_window,39f3e9a3a2595527a6e83fb7959cf843,1775667609000,premier_league_champion,mutual_exclusion
replay_policy,same_violation_window,39f3e9a3a2595527a6e83fb7959cf843,1775671209000,premier_league_champion,mutual_exclusion
replay_policy,same_violation_window,39f3e9a3a2595527a6e83fb7959cf843,1775674809000,premier_league_champion,mutual_exclusion
replay_policy,same_violation_window,39f3e9a3a2595527a6e83fb7959cf843,1775678409000,premier_league_champion,mutual_exclusion
replay_policy,same_violation_window,39f3e9a3a2595527a6e83fb7959cf843,1775682009000,premier_league_champion,mutual_exclusion
replay_policy,same_violation_window,39f3e9a3a2595527a6e83fb7959cf843,1775685609000,premier_league_champion,mutual_exclusion
replay_policy,same_violation_window,39f3e9a3a2595527a6e83fb7959cf843,1775689209000,premier_league_champion,mutual_exclusion
replay_policy,same_violation_window,39f3e9a3a2595527a6e83fb7959cf843,1775692809000,premier_league_champion,mutual_exclusion
replay_policy,same_violation_window,39f3e9a3a2595527a6e83fb7959cf843,1777035609000,premier_league_champion,mutual_exclusion
replay_policy,same_violation_window,39f3e9a3a2595527a6e83fb7959cf843,1777039209000,premier_league_champion,mutual_exclusion
replay_policy,same_violation_window,39f3e9a3a2595527a6e83fb7959cf843,1777042809000,premier_league_champion,mutual_exclusion
replay_policy,same_violation_window,39f3e9a3a2595527a6e83fb7959cf843,1777046409000,premier_league_champion,mutual_exclusion
replay_policy,same_violation_window,39f3e9a3a2595527a6e83fb7959cf843,1777050009000,premier_league_champion,mutual_exclusion
replay_policy,same_violation_window,39f3e9a3a2595527a6e83fb7959cf843,1777053609000,premier_league_champion,mutual_exclusion
replay_policy,same_violation_window,39f3e9a3a2595527a6e83fb7959cf843,1777057209000,premier_league_champion,mutual_exclusion
replay_policy,same_violation_window,39f3e9a3a2595527a6e83fb7959cf843,1777060809000,premier_league_champion,mutual_exclusion
replay_policy,same_violation_window,39f3e9a3a2595527a6e83fb7959cf843,1777064409000,premier_league_champion,mutual_exclusion
replay_policy,same_violation_window,39f3e9a3a2595527a6e83fb7959cf843,1777068009000,premier_league_champion,mutual_exclusion
replay_policy,same_violation_window,39f3e9a3a2595527a6e83fb7959cf843,1777071609000,premier_league_champion,mutual_exclusion
replay_policy,same_violation_window,39f3e9a3a2595527a6e83fb7959cf843,1777075209000,premier_league_champion,mutual_exclusion
replay_policy,same_violation_window,39f3e9a3a2595527a6e83fb7959cf843,1777212009000,premier_league_champion,mutual_exclusion
replay_policy,same_violation_window,39f3e9a3a2595527a6e83fb7959cf843,1777215609000,premier_league_champion,mutual_exclusion
replay_policy,same_violation_window,39f3e9a3a2595527a6e83fb7959cf843,1777219209000,premier_league_champion,mutual_exclusion
replay_policy,same_violation_window,39f3e9a3a2595527a6e83fb7959cf843,1777222809000,premier_league_champion,mutual_exclusion
replay_policy,same_violation_window,39f3e9a3a2595527a6e83fb7959cf843,1777226409000,premier_league_champion,mutual_exclusion
replay_policy,same_violation_window,39f3e9a3a2595527a6e83fb7959cf843,1777230009000,premier_league_champion,mutual_exclusion
replay_policy,same_violation_window,39f3e9a3a2595527a6e83fb7959cf843,1777233609000,premier_league_champion,mutual_exclusion
replay_policy,same_violation_window,39f3e9a3a2595527a6e83fb7959cf843,1777237209000,premier_league_champion,mutual_exclusion
replay_policy,same_violation_window,39f3e9a3a2595527a6e83fb7959cf843,1777240809000,premier_league_champion,mutual_exclusion
replay_policy,same_violation_window,39f3e9a3a2595527a6e83fb7959cf843,1777244409000,premier_league_champion,mutual_exclusion
replay_policy,same_violation_window,39f3e9a3a2595527a6e83fb7959cf843,1777248009000,premier_league_champion,mutual_exclusion
replay_policy,same_violation_window,39f3e9a3a2595527a6e83fb7959cf843,1777298409000,premier_league_champion,mutual_exclusion
replay_policy,same_violation_window,39f3e9a3a2595527a6e83fb7959cf843,1777302009000,premier_league_champion,mutual_exclusion
replay_policy,same_violation_window,39f3e9a3a2595527a6e83fb7959cf843,1777305609000,premier_league_champion,mutual_exclusion
replay_policy,same_violation_window,39f3e9a3a2595527a6e83fb7959cf843,1777309209000,premier_league_champion,mutual_exclusion
replay_policy,same_violation_window,39f3e9a3a2595527a6e83fb7959cf843,1777312809000,premier_league_champion,mutual_exclusion
replay_policy,same_violation_window,39f3e9a3a2595527a6e83fb7959cf843,1777316409000,premier_league_champion,mutual_exclusion
replay_policy,same_violation_window,39f3e9a3a2595527a6e83fb7959cf843,1777320009000,premier_league_champion,mutual_exclusion
replay_policy,same_violation_window,39f3e9a3a2595527a6e83fb7959cf843,1777323609000,premier_league_champion,mutual_exclusion
replay_policy,same_violation_window,39f3e9a3a2595527a6e83fb7959cf843,1777327209000,premier_league_champion,mutual_exclusion
replay_policy,same_violation_window,39f3e9a3a2595527a6e83fb7959cf843,1777330809000,premier_league_champion,mutual_exclusion
replay_policy,same_violation_window,39f3e9a3a2595527a6e83fb7959cf843,1777471209000,premier_league_champion,mutual_exclusion
replay_policy,same_violation_window,39f3e9a3a2595527a6e83fb7959cf843,1777474809000,premier_league_champion,mutual_exclusion
replay_policy,same_violation_window,39f3e9a3a2595527a6e83fb7959cf843,1777478409000,premier_league_champion,mutual_exclusion
replay_policy,same_violation_window,39f3e9a3a2595527a6e83fb7959cf843,1777482009000,premier_league_champion,mutual_exclusion
replay_policy,same_violation_window,39f3e9a3a2595527a6e83fb7959cf843,1777485609000,premier_league_champion,mutual_exclusion
replay_policy,same_violation_window,39f3e9a3a2595527a6e83fb7959cf843,1777489209000,premier_league_champion,mutual_exclusion
replay_policy,same_violation_window,39f3e9a3a2595527a6e83fb7959cf843,1777492809000,premier_league_champion,mutual_exclusion
replay_policy,same_violation_window,39f3e9a3a2595527a6e83fb7959cf843,1777496409000,premier_league_champion,mutual_exclusion
replay_policy,same_violation_window,39f3e9a3a2595527a6e83fb7959cf843,1777500009000,premier_league_champion,mutual_exclusion
replay_policy,same_violation_window,39f3e9a3a2595527a6e83fb7959cf843,1777503609000,premier_league_champion,mutual_exclusion
replay_policy,same_violation_window,39f3e9a3a2595527a6e83fb7959cf843,1777507209000,premier_league_champion,mutual_exclusion
replay_policy,same_violation_window,39f3e9a3a2595527a6e83fb7959cf843,1777770009000,premier_league_champion,mutual_exclusion
replay_policy,same_violation_window,39f3e9a3a2595527a6e83fb7959cf843,1777773609000,premier_league_champion,mutual_exclusion
replay_policy,same_violation_window,39f3e9a3a2595527a6e83fb7959cf843,1777777209000,premier_league_champion,mutual_exclusion
replay_policy,same_violation_window,39f3e9a3a2595527a6e83fb7959cf843,1777780809000,premier_league_champion,mutual_exclusion
replay_policy,same_violation_window,39f3e9a3a2595527a6e83fb7959cf843,1777784409000,premier_league_champion,mutual_exclusion
replay_policy,same_violation_window,39f3e9a3a2595527a6e83fb7959cf843,1777788009000,premier_league_champion,mutual_exclusion
replay_policy,same_violation_window,39f3e9a3a2595527a6e83fb7959cf843,1777791609000,premier_league_champion,mutual_exclusion
replay_policy,same_violation_window,39f3e9a3a2595527a6e83fb7959cf843,1777795209000,premier_league_champion,mutual_exclusion
replay_policy,same_violation_window,39f3e9a3a2595527a6e83fb7959cf843,1777798809000,premier_league_champion,mutual_exclusion
replay_policy,same_violation_window,39f3e9a3a2595527a6e83fb7959cf843,1777802409000,premier_league_champion,mutual_exclusion
replay_policy,same_violation_window,39f3e9a3a2595527a6e83fb7959cf843,1777806009000,premier_league_champion,mutual_exclusion
replay_policy,same_violation_window,39f3e9a3a2595527a6e83fb7959cf843,1777809609000,premier_league_champion,mutual_exclusion
replay_policy,same_violation_window,39f3e9a3a2595527a6e83fb7959cf843,1777813209000,premier_league_champion,mutual_exclusion
replay_policy,same_violation_window,39f3e9a3a2595527a6e83fb7959cf843,1777816809000,premier_league_champion,mutual_exclusion
replay_policy,same_violation_window,39f3e9a3a2595527a6e83fb7959cf843,1777820409000,premier_league_champion,mutual_exclusion
replay_policy,same_violation_window,39f3e9a3a2595527a6e83fb7959cf843,1777824009000,premier_league_champion,mutual_exclusion
replay_policy,same_violation_window,39f3e9a3a2595527a6e83fb7959cf843,1777827609000,premier_league_champion,mutual_exclusion
replay_policy,same_violation_window,39f3e9a3a2595527a6e83fb7959cf843,1777831209000,premier_league_champion,mutual_exclusion
replay_policy,same_violation_window,39f3e9a3a2595527a6e83fb7959cf843,1777834809000,premier_league_champion,mutual_exclusion
replay_policy,same_violation_window,39f3e9a3a2595527a6e83fb7959cf843,1777838409000,premier_league_champion,mutual_exclusion
replay_policy,same_violation_window,39f3e9a3a2595527a6e83fb7959cf843,1777842009000,premier_league_champion,mutual_exclusion
replay_policy,same_violation_window,39f3e9a3a2595527a6e83fb7959cf843,1777845609000,premier_league_champion,mutual_exclusion
replay_policy,same_violation_window,39f3e9a3a2595527a6e83fb7959cf843,1777849209000,premier_league_champion,mutual_exclusion
replay_policy,same_violation_window,39f3e9a3a2595527a6e83fb7959cf843,1777852809000,premier_league_champion,mutual_exclusion
replay_policy,same_violation_window,39f3e9a3a2595527a6e83fb7959cf843,1777856409000,premier_league_champion,mutual_exclusion
replay_policy,same_violation_window,39f3e9a3a2595527a6e83fb7959cf843,1777860009000,premier_league_champion,mutual_exclusion
replay_policy,same_violation_window,39f3e9a3a2595527a6e83fb7959cf843,1777863609000,premier_league_champion,mutual_exclusion
replay_policy,same_violation_window,39f3e9a3a2595527a6e83fb7959cf843,1777867209000,premier_league_champion,mutual_exclusion
replay_policy,same_violation_window,39f3e9a3a2595527a6e83fb7959cf843,1777870809000,premier_league_champion,mutual_exclusion
replay_policy,same_violation_window,39f3e9a3a2595527a6e83fb7959cf843,1777874409000,premier_league_champion,mutual_exclusion
replay_policy,same_violation_window,39f3e9a3a2595527a6e83fb7959cf843,1777878009000,premier_league_champion,mutual_exclusion
replay_policy,same_violation_window,39f3e9a3a2595527a6e83fb7959cf843,1777881609000,premier_league_champion,mutual_exclusion
replay_policy,same_violation_window,39f3e9a3a2595527a6e83fb7959cf843,1777885209000,premier_league_champion,mutual_exclusion
replay_policy,same_violation_window,39f3e9a3a2595527a6e83fb7959cf843,1777888809000,premier_league_champion,mutual_exclusion
replay_policy,same_violation_window,39f3e9a3a2595527a6e83fb7959cf843,1777892409000,premier_league_champion,mutual_exclusion
replay_policy,same_violation_window,39f3e9a3a2595527a6e83fb7959cf843,1777896009000,premier_league_champion,mutual_exclusion
replay_policy,same_violation_window,39f3e9a3a2595527a6e83fb7959cf843,1777899609000,premier_league_champion,mutual_exclusion
replay_policy,same_violation_window,39f3e9a3a2595527a6e83fb7959cf843,1777903209000,premier_league_champion,mutual_exclusion
replay_policy,same_violation_window,39f3e9a3a2595527a6e83fb7959cf843,1777906809000,premier_league_champion,mutual_exclusion
replay_policy,same_violation_window,39f3e9a3a2595527a6e83fb7959cf843,1777910409000,premier_league_champion,mutual_exclusion
replay_policy,same_violation_window,39f3e9a3a2595527a6e83fb7959cf843,1777914009000,premier_league_champion,mutual_exclusion
replay_policy,same_violation_window,39f3e9a3a2595527a6e83fb7959cf843,1777917609000,premier_league_champion,mutual_exclusion
replay_policy,same_violation_window,39f3e9a3a2595527a6e83fb7959cf843,1777921209000,premier_league_champion,mutual_exclusion
replay_policy,same_violation_window,39f3e9a3a2595527a6e83fb7959cf843,1777924809000,premier_league_champion,mutual_exclusion
replay_policy,same_violation_window,39f3e9a3a2595527a6e83fb7959cf843,1777928409000,premier_league_champion,mutual_exclusion
replay_policy,same_violation_window,39f3e9a3a2595527a6e83fb7959cf843,1777932009000,premier_league_champion,mutual_exclusion
replay_policy,same_violation_window,39f3e9a3a2595527a6e83fb7959cf843,1777935609000,premier_league_champion,mutual_exclusion
replay_policy,same_violation_window,39f3e9a3a2595527a6e83fb7959cf843,1777939209000,premier_league_champion,mutual_exclusion
replay_policy,same_violation_window,39f3e9a3a2595527a6e83fb7959cf843,1778551209000,premier_league_champion,mutual_exclusion
replay_policy,same_violation_window,39f3e9a3a2595527a6e83fb7959cf843,1778554809000,premier_league_champion,mutual_exclusion
replay_policy,same_violation_window,39f3e9a3a2595527a6e83fb7959cf843,1778558409000,premier_league_champion,mutual_exclusion
replay_policy,same_violation_window,39f3e9a3a2595527a6e83fb7959cf843,1778562009000,premier_league_champion,mutual_exclusion
replay_policy,same_violation_window,39f3e9a3a2595527a6e83fb7959cf843,1778565609000,premier_league_champion,mutual_exclusion
replay_policy,same_violation_window,39f3e9a3a2595527a6e83fb7959cf843,1778569209000,premier_league_champion,mutual_exclusion
replay_policy,same_violation_window,39f3e9a3a2595527a6e83fb7959cf843,1778572809000,premier_league_champion,mutual_exclusion
replay_policy,same_violation_window,39f3e9a3a2595527a6e83fb7959cf843,1778576409000,premier_league_champion,mutual_exclusion
replay_policy,same_violation_window,39f3e9a3a2595527a6e83fb7959cf843,1778580009000,premier_league_champion,mutual_exclusion
replay_policy,same_violation_window,39f3e9a3a2595527a6e83fb7959cf843,1778583609000,premier_league_champion,mutual_exclusion
replay_policy,same_violation_window,39f3e9a3a2595527a6e83fb7959cf843,1778587209000,premier_league_champion,mutual_exclusion
replay_policy,same_violation_window,39f3e9a3a2595527a6e83fb7959cf843,1778590809000,premier_league_champion,mutual_exclusion
replay_policy,same_violation_window,39f3e9a3a2595527a6e83fb7959cf843,1778594409000,premier_league_champion,mutual_exclusion
replay_policy,same_violation_window,39f3e9a3a2595527a6e83fb7959cf843,1778598009000,premier_league_champion,mutual_exclusion
replay_policy,same_violation_window,39f3e9a3a2595527a6e83fb7959cf843,1778601609000,premier_league_champion,mutual_exclusion
replay_policy,same_violation_window,39f3e9a3a2595527a6e83fb7959cf843,1778605209000,premier_league_champion,mutual_exclusion
replay_policy,same_violation_window,39f3e9a3a2595527a6e83fb7959cf843,1778608809000,premier_league_champion,mutual_exclusion
replay_policy,same_violation_window,39f3e9a3a2595527a6e83fb7959cf843,1778612409000,premier_league_champion,mutual_exclusion
replay_policy,same_violation_window,39f3e9a3a2595527a6e83fb7959cf843,1778616009000,premier_league_champion,mutual_exclusion
replay_policy,same_violation_window,39f3e9a3a2595527a6e83fb7959cf843,1778619609000,premier_league_champion,mutual_exclusion
replay_policy,same_violation_window,39f3e9a3a2595527a6e83fb7959cf843,1778623209000,premier_league_champion,mutual_exclusion
replay_policy,same_violation_window,39f3e9a3a2595527a6e83fb7959cf843,1778626809000,premier_league_champion,mutual_exclusion
replay_policy,same_violation_window,39f3e9a3a2595527a6e83fb7959cf843,1778630409000,premier_league_champion,mutual_exclusion
replay_policy,same_violation_window,39f3e9a3a2595527a6e83fb7959cf843,1778940009000,premier_league_champion,mutual_exclusion
replay_policy,same_violation_window,39f3e9a3a2595527a6e83fb7959cf843,1778943609000,premier_league_champion,mutual_exclusion
replay_policy,same_violation_window,39f3e9a3a2595527a6e83fb7959cf843,1778947209000,premier_league_champion,mutual_exclusion
replay_policy,same_violation_window,39f3e9a3a2595527a6e83fb7959cf843,1778950809000,premier_league_champion,mutual_exclusion
replay_policy,same_violation_window,39f3e9a3a2595527a6e83fb7959cf843,1778954409000,premier_league_champion,mutual_exclusion
replay_policy,same_violation_window,39f3e9a3a2595527a6e83fb7959cf843,1778958009000,premier_league_champion,mutual_exclusion
replay_policy,same_violation_window,39f3e9a3a2595527a6e83fb7959cf843,1778961609000,premier_league_champion,mutual_exclusion
replay_policy,same_violation_window,39f3e9a3a2595527a6e83fb7959cf843,1778965209000,premier_league_champion,mutual_exclusion
replay_policy,same_violation_window,a6edab19118abe85173fa9a8b0f4cbe4,1755219607000,sports_championship_conference_progression,nesting
replay_policy,same_violation_window,a6edab19118abe85173fa9a8b0f4cbe4,1755223207000,sports_championship_conference_progression,nesting
replay_policy,same_violation_window,a6edab19118abe85173fa9a8b0f4cbe4,1755226807000,sports_championship_conference_progression,nesting
replay_policy,same_violation_window,a6edab19118abe85173fa9a8b0f4cbe4,1755230407000,sports_championship_conference_progression,nesting
replay_policy,same_violation_window,a6edab19118abe85173fa9a8b0f4cbe4,1755234007000,sports_championship_conference_progression,nesting
replay_policy,same_violation_window,a6edab19118abe85173fa9a8b0f4cbe4,1755237607000,sports_championship_conference_progression,nesting
replay_policy,same_violation_window,a6edab19118abe85173fa9a8b0f4cbe4,1755241207000,sports_championship_conference_progression,nesting
replay_policy,same_violation_window,a6edab19118abe85173fa9a8b0f4cbe4,1755244807000,sports_championship_conference_progression,nesting
replay_policy,same_violation_window,a6edab19118abe85173fa9a8b0f4cbe4,1755248407000,sports_championship_conference_progression,nesting
replay_policy,same_violation_window,a6edab19118abe85173fa9a8b0f4cbe4,1755252007000,sports_championship_conference_progression,nesting
replay_policy,same_violation_window,a6edab19118abe85173fa9a8b0f4cbe4,1755255607000,sports_championship_conference_progression,nesting
replay_policy,same_violation_window,a6edab19118abe85173fa9a8b0f4cbe4,1755259207000,sports_championship_conference_progression,nesting
replay_policy,same_violation_window,a6edab19118abe85173fa9a8b0f4cbe4,1755435607000,sports_championship_conference_progression,nesting
replay_policy,same_violation_window,a6edab19118abe85173fa9a8b0f4cbe4,1755439207000,sports_championship_conference_progression,nesting
replay_policy,same_violation_window,a6edab19118abe85173fa9a8b0f4cbe4,1755442807000,sports_championship_conference_progression,nesting
replay_policy,same_violation_window,a6edab19118abe85173fa9a8b0f4cbe4,1755446407000,sports_championship_conference_progression,nesting
replay_policy,same_violation_window,a6edab19118abe85173fa9a8b0f4cbe4,1755450007000,sports_championship_conference_progression,nesting
replay_policy,same_violation_window,a6edab19118abe85173fa9a8b0f4cbe4,1755453607000,sports_championship_conference_progression,nesting
replay_policy,same_violation_window,a6edab19118abe85173fa9a8b0f4cbe4,1755457207000,sports_championship_conference_progression,nesting
replay_policy,same_violation_window,a6edab19118abe85173fa9a8b0f4cbe4,1755460807000,sports_championship_conference_progression,nesting
replay_policy,same_violation_window,a6edab19118abe85173fa9a8b0f4cbe4,1755464407000,sports_championship_conference_progression,nesting
replay_policy,same_violation_window,a6edab19118abe85173fa9a8b0f4cbe4,1755468007000,sports_championship_conference_progression,nesting
replay_policy,same_violation_window,a6edab19118abe85173fa9a8b0f4cbe4,1755471607000,sports_championship_conference_progression,nesting
replay_policy,same_violation_window,a6edab19118abe85173fa9a8b0f4cbe4,1755954007000,sports_championship_conference_progression,nesting
replay_policy,same_violation_window,a6edab19118abe85173fa9a8b0f4cbe4,1755957607000,sports_championship_conference_progression,nesting
replay_policy,same_violation_window,a6edab19118abe85173fa9a8b0f4cbe4,1755961207000,sports_championship_conference_progression,nesting
replay_policy,same_violation_window,a6edab19118abe85173fa9a8b0f4cbe4,1755964807000,sports_championship_conference_progression,nesting
replay_policy,same_violation_window,a6edab19118abe85173fa9a8b0f4cbe4,1755968407000,sports_championship_conference_progression,nesting
replay_policy,same_violation_window,a6edab19118abe85173fa9a8b0f4cbe4,1755972007000,sports_championship_conference_progression,nesting
replay_policy,same_violation_window,a6edab19118abe85173fa9a8b0f4cbe4,1755975607000,sports_championship_conference_progression,nesting
replay_policy,same_violation_window,a6edab19118abe85173fa9a8b0f4cbe4,1755979207000,sports_championship_conference_progression,nesting
replay_policy,same_violation_window,a6edab19118abe85173fa9a8b0f4cbe4,1755982807000,sports_championship_conference_progression,nesting
replay_policy,same_violation_window,a6edab19118abe85173fa9a8b0f4cbe4,1755986407000,sports_championship_conference_progression,nesting
replay_policy,same_violation_window,a6edab19118abe85173fa9a8b0f4cbe4,1755990007000,sports_championship_conference_progression,nesting
infrastructure,coverage_below_threshold,000fdac6a216f0f1ece85708ba3ace39,,2026_us_presidential_election_candidate_winner,temporal
infrastructure,coverage_below_threshold,249bab866c88ec2b428c607f2fd5e42c,,2026_us_presidential_election_candidate_winner,temporal
infrastructure,coverage_below_threshold,25f5a919e678b560f69702eb19749b25,,2026_us_presidential_election_candidate_winner,temporal
infrastructure,coverage_below_threshold,2a6c2cfd291a52a774865f709f5257f6,,2026_us_presidential_election_candidate_winner,temporal
infrastructure,coverage_below_threshold,303c8a5fa6186d65d2e129e720059b94,,2026_us_presidential_election_candidate_winner,temporal
infrastructure,coverage_below_threshold,366bda76ebae0810382e5b1d36b3013a,,2026_us_presidential_election_candidate_winner,temporal
infrastructure,coverage_below_threshold,378eb0abfe42db86f4c9ba466b04ecdd,,2026_us_presidential_election_candidate_winner,temporal
infrastructure,coverage_below_threshold,3f0dfc49c4ac7e18612dc2feedebf0ee,,2026_us_presidential_election_candidate_winner,temporal
infrastructure,coverage_below_threshold,4bcd9827678a5daa02d94120a72b6874,,2026_us_presidential_election_candidate_winner,temporal
infrastructure,coverage_below_threshold,5242e05680b4d532789a0256b969aa00,,2026_us_presidential_election_candidate_winner,temporal
infrastructure,coverage_below_threshold,5bfde12c12bc7ae3a85f69109438cc03,,2026_us_presidential_election_candidate_winner,temporal
infrastructure,coverage_below_threshold,5c2162670bca8c6a2fe75835d8e67bdb,,2026_us_presidential_election_candidate_winner,temporal
infrastructure,coverage_below_threshold,6dcae160def8f95e907df51358113ab5,,2026_us_presidential_election_candidate_winner,temporal
infrastructure,coverage_below_threshold,74fc00c5274deb0b161dfb623da6f08d,,2026_us_presidential_election_candidate_winner,temporal
infrastructure,coverage_below_threshold,7d15aea811721c0b23f6d694bb4e68c1,,2026_us_presidential_election_candidate_winner,temporal
infrastructure,coverage_below_threshold,9e41e7237b49ced4378c257f11679254,,2026_us_presidential_election_candidate_winner,temporal
infrastructure,coverage_below_threshold,c37bb2a917c2ee3c403344fc47d7e8a9,,2026_us_presidential_election_candidate_winner,temporal
infrastructure,coverage_below_threshold,c48d855a4438bda2cc20291663f0b4f7,,2026_us_presidential_election_candidate_winner,temporal
infrastructure,coverage_below_threshold,d28a62987024ee132a317a29c52a838a,,2026_us_presidential_election_candidate_winner,temporal
infrastructure,coverage_below_threshold,d300359c49d1952672a42d45e338d2df,,2026_us_presidential_election_candidate_winner,temporal
infrastructure,coverage_below_threshold,d8f0b12d0f073ab07a2e0d47433e999b,,2026_us_presidential_election_candidate_winner,temporal
infrastructure,coverage_below_threshold,e3a723f46fb62dc31939fd0f836db93d,,2026_us_presidential_election_candidate_winner,temporal
infrastructure,coverage_below_threshold,e7d6174a5479ac442feba59403deb9f8,,2026_us_presidential_election_candidate_winner,temporal
infrastructure,coverage_below_threshold,e97702ea24281e38c2c4226de083ea9a,,2026_us_presidential_election_candidate_winner,temporal
infrastructure,coverage_below_threshold,efa10547a38df20d3e772e7fbee51b6c,,2026_us_presidential_election_candidate_winner,temporal
infrastructure,coverage_below_threshold,f333f5a30ed8a3e1da24f494102a3d31,,2026_us_presidential_election_candidate_winner,temporal
infrastructure,coverage_below_threshold,f9d1f1ad223d96b9254a55150bb73035,,2026_us_presidential_election_candidate_winner,temporal
infrastructure,coverage_below_threshold,1749720910d3399597ffdd788705ecfd,,1749720910d3399597ffdd788705ecfd,temporal
infrastructure,coverage_below_threshold,93777f419855eb153deebd3eac885039,,93777f419855eb153deebd3eac885039,temporal
infrastructure,coverage_below_threshold,d8a22ae57c018c6bdd2edd345b2c9750,,d8a22ae57c018c6bdd2edd345b2c9750,temporal
infrastructure,coverage_below_threshold,e4726cc858462a5f29c00086ed4083b5,,e4726cc858462a5f29c00086ed4083b5,temporal
replay_policy,same_violation_window,5910a43939d7ba6fe59cf6b80718e5c3,1764813607000,sports_championship_conference_progression,nesting
replay_policy,same_violation_window,5910a43939d7ba6fe59cf6b80718e5c3,1764817207000,sports_championship_conference_progression,nesting
replay_policy,same_violation_window,5910a43939d7ba6fe59cf6b80718e5c3,1764820807000,sports_championship_conference_progression,nesting
replay_policy,same_violation_window,5910a43939d7ba6fe59cf6b80718e5c3,1764824407000,sports_championship_conference_progression,nesting
replay_policy,same_violation_window,5910a43939d7ba6fe59cf6b80718e5c3,1764828007000,sports_championship_conference_progression,nesting
replay_policy,same_violation_window,5910a43939d7ba6fe59cf6b80718e5c3,1764831607000,sports_championship_conference_progression,nesting
replay_policy,same_violation_window,5910a43939d7ba6fe59cf6b80718e5c3,1764835207000,sports_championship_conference_progression,nesting
replay_policy,same_violation_window,5910a43939d7ba6fe59cf6b80718e5c3,1764838807000,sports_championship_conference_progression,nesting
replay_policy,same_violation_window,5910a43939d7ba6fe59cf6b80718e5c3,1764842407000,sports_championship_conference_progression,nesting
replay_policy,same_violation_window,5910a43939d7ba6fe59cf6b80718e5c3,1764846007000,sports_championship_conference_progression,nesting
replay_policy,same_violation_window,5910a43939d7ba6fe59cf6b80718e5c3,1764849607000,sports_championship_conference_progression,nesting
replay_policy,same_violation_window,5910a43939d7ba6fe59cf6b80718e5c3,1764900007000,sports_championship_conference_progression,nesting
replay_policy,same_violation_window,5910a43939d7ba6fe59cf6b80718e5c3,1764903607000,sports_championship_conference_progression,nesting
replay_policy,same_violation_window,5910a43939d7ba6fe59cf6b80718e5c3,1764907207000,sports_championship_conference_progression,nesting
replay_policy,same_violation_window,5910a43939d7ba6fe59cf6b80718e5c3,1764910807000,sports_championship_conference_progression,nesting
replay_policy,same_violation_window,5910a43939d7ba6fe59cf6b80718e5c3,1764914407000,sports_championship_conference_progression,nesting
replay_policy,same_violation_window,5910a43939d7ba6fe59cf6b80718e5c3,1764918007000,sports_championship_conference_progression,nesting
replay_policy,same_violation_window,5910a43939d7ba6fe59cf6b80718e5c3,1764921607000,sports_championship_conference_progression,nesting
replay_policy,same_violation_window,5910a43939d7ba6fe59cf6b80718e5c3,1764925207000,sports_championship_conference_progression,nesting
replay_policy,same_violation_window,5910a43939d7ba6fe59cf6b80718e5c3,1764928807000,sports_championship_conference_progression,nesting
replay_policy,same_violation_window,5910a43939d7ba6fe59cf6b80718e5c3,1764932407000,sports_championship_conference_progression,nesting
replay_policy,same_violation_window,5910a43939d7ba6fe59cf6b80718e5c3,1764936007000,sports_championship_conference_progression,nesting
replay_policy,same_violation_window,5910a43939d7ba6fe59cf6b80718e5c3,1764939607000,sports_championship_conference_progression,nesting
replay_policy,same_violation_window,5910a43939d7ba6fe59cf6b80718e5c3,1764943207000,sports_championship_conference_progression,nesting
replay_policy,same_violation_window,5910a43939d7ba6fe59cf6b80718e5c3,1764946807000,sports_championship_conference_progression,nesting
replay_policy,same_violation_window,5910a43939d7ba6fe59cf6b80718e5c3,1764950407000,sports_championship_conference_progression,nesting
replay_policy,same_violation_window,5910a43939d7ba6fe59cf6b80718e5c3,1764954007000,sports_championship_conference_progression,nesting
replay_policy,same_violation_window,5910a43939d7ba6fe59cf6b80718e5c3,1764957607000,sports_championship_conference_progression,nesting
replay_policy,same_violation_window,5910a43939d7ba6fe59cf6b80718e5c3,1764961207000,sports_championship_conference_progression,nesting
replay_policy,same_violation_window,5910a43939d7ba6fe59cf6b80718e5c3,1764964807000,sports_championship_conference_progression,nesting
replay_policy,same_violation_window,5910a43939d7ba6fe59cf6b80718e5c3,1764968407000,sports_championship_conference_progression,nesting
replay_policy,same_violation_window,5910a43939d7ba6fe59cf6b80718e5c3,1764972007000,sports_championship_conference_progression,nesting
replay_policy,same_violation_window,5910a43939d7ba6fe59cf6b80718e5c3,1764975607000,sports_championship_conference_progression,nesting
replay_policy,same_violation_window,5910a43939d7ba6fe59cf6b80718e5c3,1764979207000,sports_championship_conference_progression,nesting
replay_policy,same_violation_window,5910a43939d7ba6fe59cf6b80718e5c3,1764982807000,sports_championship_conference_progression,nesting
replay_policy,same_violation_window,5910a43939d7ba6fe59cf6b80718e5c3,1764986407000,sports_championship_conference_progression,nesting
replay_policy,same_violation_window,5910a43939d7ba6fe59cf6b80718e5c3,1764990007000,sports_championship_conference_progression,nesting
replay_policy,same_violation_window,5910a43939d7ba6fe59cf6b80718e5c3,1764993607000,sports_championship_conference_progression,nesting
replay_policy,same_violation_window,5910a43939d7ba6fe59cf6b80718e5c3,1764997207000,sports_championship_conference_progression,nesting
replay_policy,same_violation_window,5910a43939d7ba6fe59cf6b80718e5c3,1765000807000,sports_championship_conference_progression,nesting
replay_policy,same_violation_window,5910a43939d7ba6fe59cf6b80718e5c3,1765004407000,sports_championship_conference_progression,nesting
replay_policy,same_violation_window,5910a43939d7ba6fe59cf6b80718e5c3,1765008007000,sports_championship_conference_progression,nesting
replay_policy,same_violation_window,5910a43939d7ba6fe59cf6b80718e5c3,1765011607000,sports_championship_conference_progression,nesting
replay_policy,same_violation_window,5910a43939d7ba6fe59cf6b80718e5c3,1765015207000,sports_championship_conference_progression,nesting
replay_policy,same_violation_window,5910a43939d7ba6fe59cf6b80718e5c3,1765018807000,sports_championship_conference_progression,nesting
replay_policy,same_violation_window,5910a43939d7ba6fe59cf6b80718e5c3,1765022407000,sports_championship_conference_progression,nesting
replay_policy,same_violation_window,5910a43939d7ba6fe59cf6b80718e5c3,1765026007000,sports_championship_conference_progression,nesting
replay_policy,same_violation_window,5910a43939d7ba6fe59cf6b80718e5c3,1765029607000,sports_championship_conference_progression,nesting
replay_policy,same_violation_window,5910a43939d7ba6fe59cf6b80718e5c3,1765033207000,sports_championship_conference_progression,nesting
replay_policy,same_violation_window,5910a43939d7ba6fe59cf6b80718e5c3,1765036807000,sports_championship_conference_progression,nesting
replay_policy,same_violation_window,5910a43939d7ba6fe59cf6b80718e5c3,1765040407000,sports_championship_conference_progression,nesting
replay_policy,same_violation_window,5910a43939d7ba6fe59cf6b80718e5c3,1765044007000,sports_championship_conference_progression,nesting
replay_policy,same_violation_window,5910a43939d7ba6fe59cf6b80718e5c3,1765047607000,sports_championship_conference_progression,nesting
replay_policy,same_violation_window,5910a43939d7ba6fe59cf6b80718e5c3,1765051207000,sports_championship_conference_progression,nesting
replay_policy,same_violation_window,5910a43939d7ba6fe59cf6b80718e5c3,1765054807000,sports_championship_conference_progression,nesting
replay_policy,same_violation_window,5910a43939d7ba6fe59cf6b80718e5c3,1765058407000,sports_championship_conference_progression,nesting
replay_policy,same_violation_window,5910a43939d7ba6fe59cf6b80718e5c3,1765062007000,sports_championship_conference_progression,nesting
replay_policy,same_violation_window,5910a43939d7ba6fe59cf6b80718e5c3,1765065607000,sports_championship_conference_progression,nesting
replay_policy,same_violation_window,5910a43939d7ba6fe59cf6b80718e5c3,1765069207000,sports_championship_conference_progression,nesting
replay_policy,same_violation_window,5910a43939d7ba6fe59cf6b80718e5c3,1765072807000,sports_championship_conference_progression,nesting
replay_policy,same_violation_window,5910a43939d7ba6fe59cf6b80718e5c3,1765076407000,sports_championship_conference_progression,nesting
replay_policy,same_violation_window,5910a43939d7ba6fe59cf6b80718e5c3,1765080007000,sports_championship_conference_progression,nesting
replay_policy,same_violation_window,5910a43939d7ba6fe59cf6b80718e5c3,1765083607000,sports_championship_conference_progression,nesting
replay_policy,same_violation_window,5910a43939d7ba6fe59cf6b80718e5c3,1765087207000,sports_championship_conference_progression,nesting
replay_policy,same_violation_window,5910a43939d7ba6fe59cf6b80718e5c3,1765090807000,sports_championship_conference_progression,nesting
replay_policy,same_violation_window,5910a43939d7ba6fe59cf6b80718e5c3,1765094407000,sports_championship_conference_progression,nesting
replay_policy,same_violation_window,5910a43939d7ba6fe59cf6b80718e5c3,1765098007000,sports_championship_conference_progression,nesting
replay_policy,same_violation_window,5910a43939d7ba6fe59cf6b80718e5c3,1765101607000,sports_championship_conference_progression,nesting
replay_policy,same_violation_window,5910a43939d7ba6fe59cf6b80718e5c3,1765105207000,sports_championship_conference_progression,nesting
replay_policy,same_violation_window,5910a43939d7ba6fe59cf6b80718e5c3,1765108807000,sports_championship_conference_progression,nesting
replay_policy,same_violation_window,5910a43939d7ba6fe59cf6b80718e5c3,1765112407000,sports_championship_conference_progression,nesting
replay_policy,same_violation_window,5910a43939d7ba6fe59cf6b80718e5c3,1765116007000,sports_championship_conference_progression,nesting
replay_policy,same_violation_window,5910a43939d7ba6fe59cf6b80718e5c3,1765119607000,sports_championship_conference_progression,nesting
replay_policy,same_violation_window,5910a43939d7ba6fe59cf6b80718e5c3,1765123207000,sports_championship_conference_progression,nesting
replay_policy,same_violation_window,5910a43939d7ba6fe59cf6b80718e5c3,1765126807000,sports_championship_conference_progression,nesting
replay_policy,same_violation_window,5910a43939d7ba6fe59cf6b80718e5c3,1765130407000,sports_championship_conference_progression,nesting
replay_policy,same_violation_window,5910a43939d7ba6fe59cf6b80718e5c3,1765134007000,sports_championship_conference_progression,nesting
replay_policy,same_violation_window,5910a43939d7ba6fe59cf6b80718e5c3,1765137607000,sports_championship_conference_progression,nesting
replay_policy,same_violation_window,5910a43939d7ba6fe59cf6b80718e5c3,1765141207000,sports_championship_conference_progression,nesting
replay_policy,same_violation_window,5910a43939d7ba6fe59cf6b80718e5c3,1765144807000,sports_championship_conference_progression,nesting
replay_policy,same_violation_window,5910a43939d7ba6fe59cf6b80718e5c3,1765148407000,sports_championship_conference_progression,nesting
replay_policy,same_violation_window,5910a43939d7ba6fe59cf6b80718e5c3,1765152007000,sports_championship_conference_progression,nesting
replay_policy,same_violation_window,5910a43939d7ba6fe59cf6b80718e5c3,1765155607000,sports_championship_conference_progression,nesting
replay_policy,same_violation_window,5910a43939d7ba6fe59cf6b80718e5c3,1765159207000,sports_championship_conference_progression,nesting
replay_policy,same_violation_window,5910a43939d7ba6fe59cf6b80718e5c3,1765162807000,sports_championship_conference_progression,nesting
replay_policy,same_violation_window,5910a43939d7ba6fe59cf6b80718e5c3,1765166407000,sports_championship_conference_progression,nesting
replay_policy,same_violation_window,5910a43939d7ba6fe59cf6b80718e5c3,1765170007000,sports_championship_conference_progression,nesting
replay_policy,same_violation_window,5910a43939d7ba6fe59cf6b80718e5c3,1765173607000,sports_championship_conference_progression,nesting
replay_policy,same_violation_window,5910a43939d7ba6fe59cf6b80718e5c3,1765177207000,sports_championship_conference_progression,nesting
replay_policy,same_violation_window,5910a43939d7ba6fe59cf6b80718e5c3,1765180807000,sports_championship_conference_progression,nesting
replay_policy,same_violation_window,5910a43939d7ba6fe59cf6b80718e5c3,1765184407000,sports_championship_conference_progression,nesting
replay_policy,same_violation_window,5910a43939d7ba6fe59cf6b80718e5c3,1765188007000,sports_championship_conference_progression,nesting
replay_policy,same_violation_window,5910a43939d7ba6fe59cf6b80718e5c3,1765191607000,sports_championship_conference_progression,nesting
replay_policy,same_violation_window,5910a43939d7ba6fe59cf6b80718e5c3,1765195207000,sports_championship_conference_progression,nesting
replay_policy,same_violation_window,5910a43939d7ba6fe59cf6b80718e5c3,1765198807000,sports_championship_conference_progression,nesting
replay_policy,same_violation_window,5910a43939d7ba6fe59cf6b80718e5c3,1765202407000,sports_championship_conference_progression,nesting
replay_policy,same_violation_window,5910a43939d7ba6fe59cf6b80718e5c3,1765206007000,sports_championship_conference_progression,nesting
replay_policy,same_violation_window,5910a43939d7ba6fe59cf6b80718e5c3,1765209607000,sports_championship_conference_progression,nesting
replay_policy,same_violation_window,5910a43939d7ba6fe59cf6b80718e5c3,1765213207000,sports_championship_conference_progression,nesting
replay_policy,same_violation_window,5910a43939d7ba6fe59cf6b80718e5c3,1765216807000,sports_championship_conference_progression,nesting
replay_policy,same_violation_window,5910a43939d7ba6fe59cf6b80718e5c3,1765220407000,sports_championship_conference_progression,nesting
replay_policy,same_violation_window,5910a43939d7ba6fe59cf6b80718e5c3,1765224007000,sports_championship_conference_progression,nesting
replay_policy,same_violation_window,5910a43939d7ba6fe59cf6b80718e5c3,1765227607000,sports_championship_conference_progression,nesting
replay_policy,same_violation_window,5910a43939d7ba6fe59cf6b80718e5c3,1765231207000,sports_championship_conference_progression,nesting
replay_policy,same_violation_window,5910a43939d7ba6fe59cf6b80718e5c3,1765234807000,sports_championship_conference_progression,nesting
replay_policy,same_violation_window,5910a43939d7ba6fe59cf6b80718e5c3,1765238407000,sports_championship_conference_progression,nesting
replay_policy,same_violation_window,5910a43939d7ba6fe59cf6b80718e5c3,1765242007000,sports_championship_conference_progression,nesting
replay_policy,same_violation_window,5910a43939d7ba6fe59cf6b80718e5c3,1765245607000,sports_championship_conference_progression,nesting
replay_policy,same_violation_window,5910a43939d7ba6fe59cf6b80718e5c3,1765249207000,sports_championship_conference_progression,nesting
replay_policy,same_violation_window,5910a43939d7ba6fe59cf6b80718e5c3,1765252807000,sports_championship_conference_progression,nesting
replay_policy,same_violation_window,5910a43939d7ba6fe59cf6b80718e5c3,1765256407000,sports_championship_conference_progression,nesting
replay_policy,same_violation_window,5910a43939d7ba6fe59cf6b80718e5c3,1765260007000,sports_championship_conference_progression,nesting
replay_policy,same_violation_window,5910a43939d7ba6fe59cf6b80718e5c3,1765263607000,sports_championship_conference_progression,nesting
replay_policy,same_violation_window,5910a43939d7ba6fe59cf6b80718e5c3,1765267207000,sports_championship_conference_progression,nesting
replay_policy,same_violation_window,5910a43939d7ba6fe59cf6b80718e5c3,1765270807000,sports_championship_conference_progression,nesting
replay_policy,same_violation_window,5910a43939d7ba6fe59cf6b80718e5c3,1765274407000,sports_championship_conference_progression,nesting
replay_policy,same_violation_window,5910a43939d7ba6fe59cf6b80718e5c3,1765278007000,sports_championship_conference_progression,nesting
replay_policy,same_violation_window,5910a43939d7ba6fe59cf6b80718e5c3,1765281607000,sports_championship_conference_progression,nesting
replay_policy,same_violation_window,5910a43939d7ba6fe59cf6b80718e5c3,1765285207000,sports_championship_conference_progression,nesting
replay_policy,same_violation_window,5910a43939d7ba6fe59cf6b80718e5c3,1765288807000,sports_championship_conference_progression,nesting
replay_policy,same_violation_window,5910a43939d7ba6fe59cf6b80718e5c3,1765292407000,sports_championship_conference_progression,nesting
replay_policy,same_violation_window,5910a43939d7ba6fe59cf6b80718e5c3,1765296007000,sports_championship_conference_progression,nesting
replay_policy,same_violation_window,5910a43939d7ba6fe59cf6b80718e5c3,1765299607000,sports_championship_conference_progression,nesting
replay_policy,same_violation_window,5910a43939d7ba6fe59cf6b80718e5c3,1765303207000,sports_championship_conference_progression,nesting
replay_policy,same_violation_window,5910a43939d7ba6fe59cf6b80718e5c3,1765306807000,sports_championship_conference_progression,nesting
replay_policy,same_violation_window,5910a43939d7ba6fe59cf6b80718e5c3,1765310407000,sports_championship_conference_progression,nesting
replay_policy,same_violation_window,5910a43939d7ba6fe59cf6b80718e5c3,1765314007000,sports_championship_conference_progression,nesting
replay_policy,same_violation_window,5910a43939d7ba6fe59cf6b80718e5c3,1765317607000,sports_championship_conference_progression,nesting
replay_policy,same_violation_window,5910a43939d7ba6fe59cf6b80718e5c3,1765321207000,sports_championship_conference_progression,nesting
replay_policy,same_violation_window,5910a43939d7ba6fe59cf6b80718e5c3,1765324807000,sports_championship_conference_progression,nesting
replay_policy,same_violation_window,5910a43939d7ba6fe59cf6b80718e5c3,1765328407000,sports_championship_conference_progression,nesting
replay_policy,same_violation_window,5910a43939d7ba6fe59cf6b80718e5c3,1765332007000,sports_championship_conference_progression,nesting
replay_policy,same_violation_window,5910a43939d7ba6fe59cf6b80718e5c3,1765335607000,sports_championship_conference_progression,nesting
replay_policy,same_violation_window,5910a43939d7ba6fe59cf6b80718e5c3,1765339207000,sports_championship_conference_progression,nesting
replay_policy,same_violation_window,5910a43939d7ba6fe59cf6b80718e5c3,1765342807000,sports_championship_conference_progression,nesting
replay_policy,same_violation_window,5910a43939d7ba6fe59cf6b80718e5c3,1765346407000,sports_championship_conference_progression,nesting
replay_policy,same_violation_window,5910a43939d7ba6fe59cf6b80718e5c3,1765350007000,sports_championship_conference_progression,nesting
replay_policy,same_violation_window,5910a43939d7ba6fe59cf6b80718e5c3,1765353607000,sports_championship_conference_progression,nesting
replay_policy,same_violation_window,5910a43939d7ba6fe59cf6b80718e5c3,1765357207000,sports_championship_conference_progression,nesting
replay_policy,same_violation_window,5910a43939d7ba6fe59cf6b80718e5c3,1765360807000,sports_championship_conference_progression,nesting
replay_policy,same_violation_window,5910a43939d7ba6fe59cf6b80718e5c3,1765364407000,sports_championship_conference_progression,nesting
replay_policy,same_violation_window,5910a43939d7ba6fe59cf6b80718e5c3,1765368007000,sports_championship_conference_progression,nesting
replay_policy,same_violation_window,5910a43939d7ba6fe59cf6b80718e5c3,1765371607000,sports_championship_conference_progression,nesting
replay_policy,same_violation_window,5910a43939d7ba6fe59cf6b80718e5c3,1765375207000,sports_championship_conference_progression,nesting
replay_policy,same_violation_window,5910a43939d7ba6fe59cf6b80718e5c3,1765378807000,sports_championship_conference_progression,nesting
replay_policy,same_violation_window,5910a43939d7ba6fe59cf6b80718e5c3,1765382407000,sports_championship_conference_progression,nesting
replay_policy,same_violation_window,5910a43939d7ba6fe59cf6b80718e5c3,1765386007000,sports_championship_conference_progression,nesting
replay_policy,same_violation_window,5910a43939d7ba6fe59cf6b80718e5c3,1765389607000,sports_championship_conference_progression,nesting
replay_policy,same_violation_window,5910a43939d7ba6fe59cf6b80718e5c3,1765393207000,sports_championship_conference_progression,nesting
replay_policy,same_violation_window,5910a43939d7ba6fe59cf6b80718e5c3,1765396807000,sports_championship_conference_progression,nesting
replay_policy,same_violation_window,5910a43939d7ba6fe59cf6b80718e5c3,1765400407000,sports_championship_conference_progression,nesting
replay_policy,same_violation_window,5910a43939d7ba6fe59cf6b80718e5c3,1765404007000,sports_championship_conference_progression,nesting
replay_policy,same_violation_window,5910a43939d7ba6fe59cf6b80718e5c3,1765407607000,sports_championship_conference_progression,nesting
replay_policy,same_violation_window,5910a43939d7ba6fe59cf6b80718e5c3,1765411207000,sports_championship_conference_progression,nesting
replay_policy,same_violation_window,5910a43939d7ba6fe59cf6b80718e5c3,1765414807000,sports_championship_conference_progression,nesting
replay_policy,same_violation_window,5910a43939d7ba6fe59cf6b80718e5c3,1765418407000,sports_championship_conference_progression,nesting
replay_policy,same_violation_window,5910a43939d7ba6fe59cf6b80718e5c3,1765422007000,sports_championship_conference_progression,nesting
replay_policy,same_violation_window,5910a43939d7ba6fe59cf6b80718e5c3,1765425607000,sports_championship_conference_progression,nesting
replay_policy,same_violation_window,5910a43939d7ba6fe59cf6b80718e5c3,1765429207000,sports_championship_conference_progression,nesting
replay_policy,same_violation_window,5910a43939d7ba6fe59cf6b80718e5c3,1765432807000,sports_championship_conference_progression,nesting
replay_policy,same_violation_window,5910a43939d7ba6fe59cf6b80718e5c3,1765436407000,sports_championship_conference_progression,nesting
replay_policy,same_violation_window,5910a43939d7ba6fe59cf6b80718e5c3,1765440007000,sports_championship_conference_progression,nesting
replay_policy,same_violation_window,5910a43939d7ba6fe59cf6b80718e5c3,1765443607000,sports_championship_conference_progression,nesting
replay_policy,same_violation_window,5910a43939d7ba6fe59cf6b80718e5c3,1765447207000,sports_championship_conference_progression,nesting
replay_policy,same_violation_window,5910a43939d7ba6fe59cf6b80718e5c3,1765450807000,sports_championship_conference_progression,nesting
replay_policy,same_violation_window,5910a43939d7ba6fe59cf6b80718e5c3,1765454407000,sports_championship_conference_progression,nesting
replay_policy,same_violation_window,5910a43939d7ba6fe59cf6b80718e5c3,1765458007000,sports_championship_conference_progression,nesting
replay_policy,same_violation_window,5910a43939d7ba6fe59cf6b80718e5c3,1765461607000,sports_championship_conference_progression,nesting
replay_policy,same_violation_window,5910a43939d7ba6fe59cf6b80718e5c3,1765465207000,sports_championship_conference_progression,nesting
replay_policy,same_violation_window,5910a43939d7ba6fe59cf6b80718e5c3,1765468807000,sports_championship_conference_progression,nesting
replay_policy,same_violation_window,5910a43939d7ba6fe59cf6b80718e5c3,1765472407000,sports_championship_conference_progression,nesting
replay_policy,same_violation_window,5910a43939d7ba6fe59cf6b80718e5c3,1765476007000,sports_championship_conference_progression,nesting
replay_policy,same_violation_window,5910a43939d7ba6fe59cf6b80718e5c3,1765479607000,sports_championship_conference_progression,nesting
replay_policy,same_violation_window,5910a43939d7ba6fe59cf6b80718e5c3,1765483207000,sports_championship_conference_progression,nesting
replay_policy,same_violation_window,5910a43939d7ba6fe59cf6b80718e5c3,1765486807000,sports_championship_conference_progression,nesting
replay_policy,same_violation_window,5910a43939d7ba6fe59cf6b80718e5c3,1765490407000,sports_championship_conference_progression,nesting
replay_policy,same_violation_window,5910a43939d7ba6fe59cf6b80718e5c3,1765494007000,sports_championship_conference_progression,nesting
replay_policy,same_violation_window,5910a43939d7ba6fe59cf6b80718e5c3,1765497607000,sports_championship_conference_progression,nesting
replay_policy,same_violation_window,5910a43939d7ba6fe59cf6b80718e5c3,1765501207000,sports_championship_conference_progression,nesting
replay_policy,same_violation_window,5910a43939d7ba6fe59cf6b80718e5c3,1765504807000,sports_championship_conference_progression,nesting
replay_policy,same_violation_window,5910a43939d7ba6fe59cf6b80718e5c3,1765508407000,sports_championship_conference_progression,nesting
replay_policy,same_violation_window,5910a43939d7ba6fe59cf6b80718e5c3,1765512007000,sports_championship_conference_progression,nesting
replay_policy,same_violation_window,5910a43939d7ba6fe59cf6b80718e5c3,1765515607000,sports_championship_conference_progression,nesting
replay_policy,same_violation_window,5910a43939d7ba6fe59cf6b80718e5c3,1765519207000,sports_championship_conference_progression,nesting
replay_policy,same_violation_window,5910a43939d7ba6fe59cf6b80718e5c3,1765522807000,sports_championship_conference_progression,nesting
replay_policy,same_violation_window,5910a43939d7ba6fe59cf6b80718e5c3,1765526407000,sports_championship_conference_progression,nesting
replay_policy,same_violation_window,5910a43939d7ba6fe59cf6b80718e5c3,1765530007000,sports_championship_conference_progression,nesting
replay_policy,same_violation_window,5910a43939d7ba6fe59cf6b80718e5c3,1765533607000,sports_championship_conference_progression,nesting
replay_policy,same_violation_window,5910a43939d7ba6fe59cf6b80718e5c3,1765537207000,sports_championship_conference_progression,nesting
replay_policy,same_violation_window,5910a43939d7ba6fe59cf6b80718e5c3,1765540807000,sports_championship_conference_progression,nesting
replay_policy,same_violation_window,5910a43939d7ba6fe59cf6b80718e5c3,1765544407000,sports_championship_conference_progression,nesting
replay_policy,same_violation_window,5910a43939d7ba6fe59cf6b80718e5c3,1765548007000,sports_championship_conference_progression,nesting
replay_policy,same_violation_window,5910a43939d7ba6fe59cf6b80718e5c3,1765551607000,sports_championship_conference_progression,nesting
replay_policy,same_violation_window,5910a43939d7ba6fe59cf6b80718e5c3,1765555207000,sports_championship_conference_progression,nesting
replay_policy,same_violation_window,5910a43939d7ba6fe59cf6b80718e5c3,1765558807000,sports_championship_conference_progression,nesting
replay_policy,same_violation_window,5910a43939d7ba6fe59cf6b80718e5c3,1765562407000,sports_championship_conference_progression,nesting
replay_policy,same_violation_window,5910a43939d7ba6fe59cf6b80718e5c3,1765566007000,sports_championship_conference_progression,nesting
replay_policy,same_violation_window,5910a43939d7ba6fe59cf6b80718e5c3,1765569607000,sports_championship_conference_progression,nesting
replay_policy,same_violation_window,5910a43939d7ba6fe59cf6b80718e5c3,1765573207000,sports_championship_conference_progression,nesting
replay_policy,same_violation_window,5910a43939d7ba6fe59cf6b80718e5c3,1765576807000,sports_championship_conference_progression,nesting
replay_policy,same_violation_window,5910a43939d7ba6fe59cf6b80718e5c3,1765580407000,sports_championship_conference_progression,nesting
replay_policy,same_violation_window,5910a43939d7ba6fe59cf6b80718e5c3,1765584007000,sports_championship_conference_progression,nesting
replay_policy,same_violation_window,5910a43939d7ba6fe59cf6b80718e5c3,1765587607000,sports_championship_conference_progression,nesting
replay_policy,same_violation_window,5910a43939d7ba6fe59cf6b80718e5c3,1765591207000,sports_championship_conference_progression,nesting
replay_policy,same_violation_window,5910a43939d7ba6fe59cf6b80718e5c3,1765594807000,sports_championship_conference_progression,nesting
replay_policy,same_violation_window,5910a43939d7ba6fe59cf6b80718e5c3,1765598407000,sports_championship_conference_progression,nesting
replay_policy,same_violation_window,5910a43939d7ba6fe59cf6b80718e5c3,1765602007000,sports_championship_conference_progression,nesting
replay_policy,same_violation_window,5910a43939d7ba6fe59cf6b80718e5c3,1765605607000,sports_championship_conference_progression,nesting
replay_policy,same_violation_window,5910a43939d7ba6fe59cf6b80718e5c3,1765609207000,sports_championship_conference_progression,nesting
replay_policy,same_violation_window,5910a43939d7ba6fe59cf6b80718e5c3,1765612807000,sports_championship_conference_progression,nesting
replay_policy,same_violation_window,5910a43939d7ba6fe59cf6b80718e5c3,1765616407000,sports_championship_conference_progression,nesting
replay_policy,same_violation_window,5910a43939d7ba6fe59cf6b80718e5c3,1765620007000,sports_championship_conference_progression,nesting
replay_policy,same_violation_window,5910a43939d7ba6fe59cf6b80718e5c3,1765623607000,sports_championship_conference_progression,nesting
replay_policy,same_violation_window,5910a43939d7ba6fe59cf6b80718e5c3,1765627207000,sports_championship_conference_progression,nesting
replay_policy,same_violation_window,5910a43939d7ba6fe59cf6b80718e5c3,1765630807000,sports_championship_conference_progression,nesting
replay_policy,same_violation_window,5910a43939d7ba6fe59cf6b80718e5c3,1765634407000,sports_championship_conference_progression,nesting
replay_policy,same_violation_window,5910a43939d7ba6fe59cf6b80718e5c3,1765638007000,sports_championship_conference_progression,nesting
replay_policy,same_violation_window,5910a43939d7ba6fe59cf6b80718e5c3,1765641607000,sports_championship_conference_progression,nesting
replay_policy,same_violation_window,5910a43939d7ba6fe59cf6b80718e5c3,1765645207000,sports_championship_conference_progression,nesting
replay_policy,same_violation_window,5910a43939d7ba6fe59cf6b80718e5c3,1765648807000,sports_championship_conference_progression,nesting
replay_policy,same_violation_window,5910a43939d7ba6fe59cf6b80718e5c3,1765652407000,sports_championship_conference_progression,nesting
replay_policy,same_violation_window,5910a43939d7ba6fe59cf6b80718e5c3,1765656007000,sports_championship_conference_progression,nesting
replay_policy,same_violation_window,5910a43939d7ba6fe59cf6b80718e5c3,1765659607000,sports_championship_conference_progression,nesting
replay_policy,same_violation_window,5910a43939d7ba6fe59cf6b80718e5c3,1765663207000,sports_championship_conference_progression,nesting
replay_policy,same_violation_window,5910a43939d7ba6fe59cf6b80718e5c3,1765666807000,sports_championship_conference_progression,nesting
replay_policy,same_violation_window,5910a43939d7ba6fe59cf6b80718e5c3,1765670407000,sports_championship_conference_progression,nesting
replay_policy,same_violation_window,5910a43939d7ba6fe59cf6b80718e5c3,1765674007000,sports_championship_conference_progression,nesting
replay_policy,same_violation_window,5910a43939d7ba6fe59cf6b80718e5c3,1765677607000,sports_championship_conference_progression,nesting
replay_policy,same_violation_window,5910a43939d7ba6fe59cf6b80718e5c3,1765681207000,sports_championship_conference_progression,nesting
replay_policy,same_violation_window,5910a43939d7ba6fe59cf6b80718e5c3,1765684807000,sports_championship_conference_progression,nesting
replay_policy,same_violation_window,5910a43939d7ba6fe59cf6b80718e5c3,1765688407000,sports_championship_conference_progression,nesting
replay_policy,same_violation_window,5910a43939d7ba6fe59cf6b80718e5c3,1765692007000,sports_championship_conference_progression,nesting
replay_policy,same_violation_window,5910a43939d7ba6fe59cf6b80718e5c3,1765695607000,sports_championship_conference_progression,nesting
replay_policy,same_violation_window,5910a43939d7ba6fe59cf6b80718e5c3,1765699207000,sports_championship_conference_progression,nesting
replay_policy,same_violation_window,5910a43939d7ba6fe59cf6b80718e5c3,1765702807000,sports_championship_conference_progression,nesting
replay_policy,same_violation_window,5910a43939d7ba6fe59cf6b80718e5c3,1765706407000,sports_championship_conference_progression,nesting
replay_policy,same_violation_window,5910a43939d7ba6fe59cf6b80718e5c3,1765710007000,sports_championship_conference_progression,nesting
replay_policy,same_violation_window,5910a43939d7ba6fe59cf6b80718e5c3,1765713607000,sports_championship_conference_progression,nesting
replay_policy,same_violation_window,5910a43939d7ba6fe59cf6b80718e5c3,1767016807000,sports_championship_conference_progression,nesting
replay_policy,same_violation_window,5910a43939d7ba6fe59cf6b80718e5c3,1767020407000,sports_championship_conference_progression,nesting
replay_policy,same_violation_window,5910a43939d7ba6fe59cf6b80718e5c3,1767024007000,sports_championship_conference_progression,nesting
replay_policy,same_violation_window,5910a43939d7ba6fe59cf6b80718e5c3,1767027607000,sports_championship_conference_progression,nesting
replay_policy,same_violation_window,5910a43939d7ba6fe59cf6b80718e5c3,1767031207000,sports_championship_conference_progression,nesting
replay_policy,same_violation_window,5910a43939d7ba6fe59cf6b80718e5c3,1767034807000,sports_championship_conference_progression,nesting
replay_policy,same_violation_window,5910a43939d7ba6fe59cf6b80718e5c3,1767038407000,sports_championship_conference_progression,nesting
replay_policy,same_violation_window,5910a43939d7ba6fe59cf6b80718e5c3,1767042007000,sports_championship_conference_progression,nesting
replay_policy,same_violation_window,5910a43939d7ba6fe59cf6b80718e5c3,1767045607000,sports_championship_conference_progression,nesting
replay_policy,same_violation_window,5910a43939d7ba6fe59cf6b80718e5c3,1767049207000,sports_championship_conference_progression,nesting
replay_policy,same_violation_window,5910a43939d7ba6fe59cf6b80718e5c3,1767052807000,sports_championship_conference_progression,nesting
replay_policy,same_violation_window,5cbaac0833c565c415abb666711492a7,1769522407000,sports_championship_conference_progression,nesting
replay_policy,same_violation_window,5cbaac0833c565c415abb666711492a7,1769526007000,sports_championship_conference_progression,nesting
replay_policy,same_violation_window,5cbaac0833c565c415abb666711492a7,1769529607000,sports_championship_conference_progression,nesting
replay_policy,same_violation_window,5cbaac0833c565c415abb666711492a7,1769533207000,sports_championship_conference_progression,nesting
replay_policy,same_violation_window,5cbaac0833c565c415abb666711492a7,1769536807000,sports_championship_conference_progression,nesting
replay_policy,same_violation_window,5cbaac0833c565c415abb666711492a7,1769540407000,sports_championship_conference_progression,nesting
replay_policy,same_violation_window,5cbaac0833c565c415abb666711492a7,1769544007000,sports_championship_conference_progression,nesting
replay_policy,same_violation_window,5cbaac0833c565c415abb666711492a7,1769547607000,sports_championship_conference_progression,nesting
replay_policy,same_violation_window,5cbaac0833c565c415abb666711492a7,1769551207000,sports_championship_conference_progression,nesting
replay_policy,same_violation_window,5cbaac0833c565c415abb666711492a7,1769554807000,sports_championship_conference_progression,nesting
replay_policy,same_violation_window,5cbaac0833c565c415abb666711492a7,1769558407000,sports_championship_conference_progression,nesting
replay_policy,same_violation_window,5cbaac0833c565c415abb666711492a7,1769695207000,sports_championship_conference_progression,nesting
replay_policy,same_violation_window,5cbaac0833c565c415abb666711492a7,1769698807000,sports_championship_conference_progression,nesting
replay_policy,same_violation_window,5cbaac0833c565c415abb666711492a7,1769702407000,sports_championship_conference_progression,nesting
replay_policy,same_violation_window,5cbaac0833c565c415abb666711492a7,1769706007000,sports_championship_conference_progression,nesting
replay_policy,same_violation_window,5cbaac0833c565c415abb666711492a7,1769709607000,sports_championship_conference_progression,nesting
replay_policy,same_violation_window,5cbaac0833c565c415abb666711492a7,1769713207000,sports_championship_conference_progression,nesting
replay_policy,same_violation_window,5cbaac0833c565c415abb666711492a7,1769716807000,sports_championship_conference_progression,nesting
replay_policy,same_violation_window,5cbaac0833c565c415abb666711492a7,1769720407000,sports_championship_conference_progression,nesting
replay_policy,same_violation_window,5cbaac0833c565c415abb666711492a7,1769724007000,sports_championship_conference_progression,nesting
replay_policy,same_violation_window,5cbaac0833c565c415abb666711492a7,1769727607000,sports_championship_conference_progression,nesting
replay_policy,same_violation_window,5cbaac0833c565c415abb666711492a7,1769731207000,sports_championship_conference_progression,nesting
replay_policy,same_violation_window,5cbaac0833c565c415abb666711492a7,1770040807000,sports_championship_conference_progression,nesting
replay_policy,same_violation_window,5cbaac0833c565c415abb666711492a7,1770044407000,sports_championship_conference_progression,nesting
replay_policy,same_violation_window,5cbaac0833c565c415abb666711492a7,1770048007000,sports_championship_conference_progression,nesting
replay_policy,same_violation_window,5cbaac0833c565c415abb666711492a7,1770051607000,sports_championship_conference_progression,nesting
replay_policy,same_violation_window,5cbaac0833c565c415abb666711492a7,1770055207000,sports_championship_conference_progression,nesting
replay_policy,same_violation_window,5cbaac0833c565c415abb666711492a7,1770058807000,sports_championship_conference_progression,nesting
replay_policy,same_violation_window,5cbaac0833c565c415abb666711492a7,1770062407000,sports_championship_conference_progression,nesting
replay_policy,same_violation_window,5cbaac0833c565c415abb666711492a7,1770066007000,sports_championship_conference_progression,nesting
replay_policy,same_violation_window,5cbaac0833c565c415abb666711492a7,1770069607000,sports_championship_conference_progression,nesting
replay_policy,same_violation_window,5cbaac0833c565c415abb666711492a7,1770073207000,sports_championship_conference_progression,nesting
replay_policy,same_violation_window,5cbaac0833c565c415abb666711492a7,1770076807000,sports_championship_conference_progression,nesting
replay_policy,same_violation_window,5cbaac0833c565c415abb666711492a7,1777510807000,sports_championship_conference_progression,nesting
replay_policy,same_violation_window,5cbaac0833c565c415abb666711492a7,1777514407000,sports_championship_conference_progression,nesting
replay_policy,same_violation_window,5cbaac0833c565c415abb666711492a7,1777518007000,sports_championship_conference_progression,nesting
replay_policy,same_violation_window,5cbaac0833c565c415abb666711492a7,1777521607000,sports_championship_conference_progression,nesting
replay_policy,same_violation_window,5cbaac0833c565c415abb666711492a7,1777525207000,sports_championship_conference_progression,nesting
replay_policy,same_violation_window,5cbaac0833c565c415abb666711492a7,1777528807000,sports_championship_conference_progression,nesting
replay_policy,same_violation_window,5cbaac0833c565c415abb666711492a7,1777532407000,sports_championship_conference_progression,nesting
replay_policy,same_violation_window,5cbaac0833c565c415abb666711492a7,1777536007000,sports_championship_conference_progression,nesting
replay_policy,same_violation_window,5cbaac0833c565c415abb666711492a7,1777539607000,sports_championship_conference_progression,nesting
replay_policy,same_violation_window,5cbaac0833c565c415abb666711492a7,1777543207000,sports_championship_conference_progression,nesting
replay_policy,same_violation_window,5cbaac0833c565c415abb666711492a7,1777546807000,sports_championship_conference_progression,nesting
replay_policy,same_violation_window,5cbaac0833c565c415abb666711492a7,1777550407000,sports_championship_conference_progression,nesting
replay_policy,same_violation_window,5cbaac0833c565c415abb666711492a7,1777554007000,sports_championship_conference_progression,nesting
replay_policy,same_violation_window,5cbaac0833c565c415abb666711492a7,1777557607000,sports_championship_conference_progression,nesting
replay_policy,same_violation_window,5cbaac0833c565c415abb666711492a7,1777561207000,sports_championship_conference_progression,nesting
replay_policy,same_violation_window,5cbaac0833c565c415abb666711492a7,1777564807000,sports_championship_conference_progression,nesting
replay_policy,same_violation_window,5cbaac0833c565c415abb666711492a7,1777568407000,sports_championship_conference_progression,nesting
replay_policy,same_violation_window,5cbaac0833c565c415abb666711492a7,1777572007000,sports_championship_conference_progression,nesting
replay_policy,same_violation_window,5cbaac0833c565c415abb666711492a7,1777575607000,sports_championship_conference_progression,nesting
replay_policy,same_violation_window,5cbaac0833c565c415abb666711492a7,1777579207000,sports_championship_conference_progression,nesting
replay_policy,same_violation_window,5cbaac0833c565c415abb666711492a7,1777582807000,sports_championship_conference_progression,nesting
replay_policy,same_violation_window,5cbaac0833c565c415abb666711492a7,1777586407000,sports_championship_conference_progression,nesting
replay_policy,same_violation_window,5cbaac0833c565c415abb666711492a7,1777590007000,sports_championship_conference_progression,nesting
replay_policy,same_violation_window,5cbaac0833c565c415abb666711492a7,1778072407000,sports_championship_conference_progression,nesting
replay_policy,same_violation_window,5cbaac0833c565c415abb666711492a7,1778076007000,sports_championship_conference_progression,nesting
replay_policy,same_violation_window,5cbaac0833c565c415abb666711492a7,1778079607000,sports_championship_conference_progression,nesting
replay_policy,same_violation_window,5cbaac0833c565c415abb666711492a7,1778083207000,sports_championship_conference_progression,nesting
replay_policy,same_violation_window,5cbaac0833c565c415abb666711492a7,1778086807000,sports_championship_conference_progression,nesting
replay_policy,same_violation_window,5cbaac0833c565c415abb666711492a7,1778090407000,sports_championship_conference_progression,nesting
replay_policy,same_violation_window,5cbaac0833c565c415abb666711492a7,1778094007000,sports_championship_conference_progression,nesting
replay_policy,same_violation_window,5cbaac0833c565c415abb666711492a7,1778097607000,sports_championship_conference_progression,nesting
replay_policy,same_violation_window,5cbaac0833c565c415abb666711492a7,1778101207000,sports_championship_conference_progression,nesting
replay_policy,same_violation_window,5cbaac0833c565c415abb666711492a7,1778104807000,sports_championship_conference_progression,nesting
replay_policy,same_violation_window,5cbaac0833c565c415abb666711492a7,1778108407000,sports_championship_conference_progression,nesting
replay_policy,same_violation_window,5cbaac0833c565c415abb666711492a7,1778245207000,sports_championship_conference_progression,nesting
replay_policy,same_violation_window,5cbaac0833c565c415abb666711492a7,1778248807000,sports_championship_conference_progression,nesting
replay_policy,same_violation_window,5cbaac0833c565c415abb666711492a7,1778252407000,sports_championship_conference_progression,nesting
replay_policy,same_violation_window,5cbaac0833c565c415abb666711492a7,1778256007000,sports_championship_conference_progression,nesting
replay_policy,same_violation_window,5cbaac0833c565c415abb666711492a7,1778259607000,sports_championship_conference_progression,nesting
replay_policy,same_violation_window,5cbaac0833c565c415abb666711492a7,1778263207000,sports_championship_conference_progression,nesting
replay_policy,same_violation_window,5cbaac0833c565c415abb666711492a7,1778266807000,sports_championship_conference_progression,nesting
replay_policy,same_violation_window,5cbaac0833c565c415abb666711492a7,1778270407000,sports_championship_conference_progression,nesting
replay_policy,same_violation_window,5cbaac0833c565c415abb666711492a7,1778274007000,sports_championship_conference_progression,nesting
replay_policy,same_violation_window,5cbaac0833c565c415abb666711492a7,1778277607000,sports_championship_conference_progression,nesting
replay_policy,same_violation_window,5cbaac0833c565c415abb666711492a7,1778281207000,sports_championship_conference_progression,nesting
replay_policy,same_violation_window,5cbaac0833c565c415abb666711492a7,1778284807000,sports_championship_conference_progression,nesting
replay_policy,same_violation_window,c59ce4101206b392aeae82caa975a822,1766109607000,sports_championship_conference_progression,nesting
replay_policy,same_violation_window,c59ce4101206b392aeae82caa975a822,1766113207000,sports_championship_conference_progression,nesting
replay_policy,same_violation_window,c59ce4101206b392aeae82caa975a822,1766116807000,sports_championship_conference_progression,nesting
replay_policy,same_violation_window,c59ce4101206b392aeae82caa975a822,1766120407000,sports_championship_conference_progression,nesting
replay_policy,same_violation_window,c59ce4101206b392aeae82caa975a822,1766124007000,sports_championship_conference_progression,nesting
replay_policy,same_violation_window,c59ce4101206b392aeae82caa975a822,1766127607000,sports_championship_conference_progression,nesting
replay_policy,same_violation_window,c59ce4101206b392aeae82caa975a822,1766131207000,sports_championship_conference_progression,nesting
replay_policy,same_violation_window,c59ce4101206b392aeae82caa975a822,1766134807000,sports_championship_conference_progression,nesting
replay_policy,same_violation_window,c59ce4101206b392aeae82caa975a822,1766138407000,sports_championship_conference_progression,nesting
replay_policy,same_violation_window,c59ce4101206b392aeae82caa975a822,1766142007000,sports_championship_conference_progression,nesting
replay_policy,same_violation_window,c59ce4101206b392aeae82caa975a822,1766145607000,sports_championship_conference_progression,nesting
replay_policy,same_violation_window,c59ce4101206b392aeae82caa975a822,1766149207000,sports_championship_conference_progression,nesting
replay_policy,same_violation_window,c59ce4101206b392aeae82caa975a822,1766152807000,sports_championship_conference_progression,nesting
replay_policy,same_violation_window,c59ce4101206b392aeae82caa975a822,1766156407000,sports_championship_conference_progression,nesting
replay_policy,same_violation_window,c59ce4101206b392aeae82caa975a822,1766160007000,sports_championship_conference_progression,nesting
replay_policy,same_violation_window,c59ce4101206b392aeae82caa975a822,1766163607000,sports_championship_conference_progression,nesting
replay_policy,same_violation_window,c59ce4101206b392aeae82caa975a822,1766167207000,sports_championship_conference_progression,nesting
replay_policy,same_violation_window,c59ce4101206b392aeae82caa975a822,1766170807000,sports_championship_conference_progression,nesting
replay_policy,same_violation_window,c59ce4101206b392aeae82caa975a822,1766174407000,sports_championship_conference_progression,nesting
replay_policy,same_violation_window,c59ce4101206b392aeae82caa975a822,1766178007000,sports_championship_conference_progression,nesting
replay_policy,same_violation_window,c59ce4101206b392aeae82caa975a822,1766181607000,sports_championship_conference_progression,nesting
replay_policy,same_violation_window,c59ce4101206b392aeae82caa975a822,1766185207000,sports_championship_conference_progression,nesting
replay_policy,same_violation_window,c59ce4101206b392aeae82caa975a822,1766188807000,sports_championship_conference_progression,nesting
replay_policy,same_violation_window,c59ce4101206b392aeae82caa975a822,1766192407000,sports_championship_conference_progression,nesting
replay_policy,same_violation_window,c59ce4101206b392aeae82caa975a822,1766196007000,sports_championship_conference_progression,nesting
replay_policy,same_violation_window,c59ce4101206b392aeae82caa975a822,1766199607000,sports_championship_conference_progression,nesting
replay_policy,same_violation_window,c59ce4101206b392aeae82caa975a822,1766203207000,sports_championship_conference_progression,nesting
replay_policy,same_violation_window,c59ce4101206b392aeae82caa975a822,1766206807000,sports_championship_conference_progression,nesting
replay_policy,same_violation_window,c59ce4101206b392aeae82caa975a822,1766210407000,sports_championship_conference_progression,nesting
replay_policy,same_violation_window,c59ce4101206b392aeae82caa975a822,1766214007000,sports_championship_conference_progression,nesting
replay_policy,same_violation_window,c59ce4101206b392aeae82caa975a822,1766217607000,sports_championship_conference_progression,nesting
replay_policy,same_violation_window,c59ce4101206b392aeae82caa975a822,1766221207000,sports_championship_conference_progression,nesting
replay_policy,same_violation_window,c59ce4101206b392aeae82caa975a822,1766224807000,sports_championship_conference_progression,nesting
replay_policy,same_violation_window,c59ce4101206b392aeae82caa975a822,1766228407000,sports_championship_conference_progression,nesting
replay_policy,same_violation_window,c59ce4101206b392aeae82caa975a822,1766232007000,sports_championship_conference_progression,nesting
replay_policy,same_violation_window,c59ce4101206b392aeae82caa975a822,1768356007000,sports_championship_conference_progression,nesting
replay_policy,same_violation_window,c59ce4101206b392aeae82caa975a822,1768359607000,sports_championship_conference_progression,nesting
replay_policy,same_violation_window,c59ce4101206b392aeae82caa975a822,1768363207000,sports_championship_conference_progression,nesting
replay_policy,same_violation_window,c59ce4101206b392aeae82caa975a822,1768366807000,sports_championship_conference_progression,nesting
replay_policy,same_violation_window,c59ce4101206b392aeae82caa975a822,1768370407000,sports_championship_conference_progression,nesting
replay_policy,same_violation_window,c59ce4101206b392aeae82caa975a822,1768374007000,sports_championship_conference_progression,nesting
replay_policy,same_violation_window,c59ce4101206b392aeae82caa975a822,1768377607000,sports_championship_conference_progression,nesting
replay_policy,same_violation_window,c59ce4101206b392aeae82caa975a822,1768381207000,sports_championship_conference_progression,nesting
replay_policy,same_violation_window,c59ce4101206b392aeae82caa975a822,1768384807000,sports_championship_conference_progression,nesting
replay_policy,same_violation_window,c59ce4101206b392aeae82caa975a822,1768388407000,sports_championship_conference_progression,nesting
replay_policy,same_violation_window,c59ce4101206b392aeae82caa975a822,1768392007000,sports_championship_conference_progression,nesting
replay_policy,same_violation_window,c59ce4101206b392aeae82caa975a822,1769608807000,sports_championship_conference_progression,nesting
replay_policy,same_violation_window,c59ce4101206b392aeae82caa975a822,1769612407000,sports_championship_conference_progression,nesting
replay_policy,same_violation_window,c59ce4101206b392aeae82caa975a822,1769616007000,sports_championship_conference_progression,nesting
replay_policy,same_violation_window,c59ce4101206b392aeae82caa975a822,1769619607000,sports_championship_conference_progression,nesting
replay_policy,same_violation_window,c59ce4101206b392aeae82caa975a822,1769623207000,sports_championship_conference_progression,nesting
replay_policy,same_violation_window,c59ce4101206b392aeae82caa975a822,1769626807000,sports_championship_conference_progression,nesting
replay_policy,same_violation_window,c59ce4101206b392aeae82caa975a822,1769630407000,sports_championship_conference_progression,nesting
replay_policy,same_violation_window,c59ce4101206b392aeae82caa975a822,1769634007000,sports_championship_conference_progression,nesting
replay_policy,same_violation_window,c59ce4101206b392aeae82caa975a822,1769637607000,sports_championship_conference_progression,nesting
replay_policy,same_violation_window,c59ce4101206b392aeae82caa975a822,1769641207000,sports_championship_conference_progression,nesting
replay_policy,same_violation_window,c59ce4101206b392aeae82caa975a822,1769644807000,sports_championship_conference_progression,nesting
replay_policy,same_violation_window,c59ce4101206b392aeae82caa975a822,1769695207000,sports_championship_conference_progression,nesting
replay_policy,same_violation_window,c59ce4101206b392aeae82caa975a822,1769698807000,sports_championship_conference_progression,nesting
replay_policy,same_violation_window,c59ce4101206b392aeae82caa975a822,1769702407000,sports_championship_conference_progression,nesting
replay_policy,same_violation_window,c59ce4101206b392aeae82caa975a822,1769706007000,sports_championship_conference_progression,nesting
replay_policy,same_violation_window,c59ce4101206b392aeae82caa975a822,1769709607000,sports_championship_conference_progression,nesting
replay_policy,same_violation_window,c59ce4101206b392aeae82caa975a822,1769713207000,sports_championship_conference_progression,nesting
replay_policy,same_violation_window,c59ce4101206b392aeae82caa975a822,1769716807000,sports_championship_conference_progression,nesting
replay_policy,same_violation_window,c59ce4101206b392aeae82caa975a822,1769720407000,sports_championship_conference_progression,nesting
replay_policy,same_violation_window,c59ce4101206b392aeae82caa975a822,1769724007000,sports_championship_conference_progression,nesting
replay_policy,same_violation_window,c59ce4101206b392aeae82caa975a822,1769727607000,sports_championship_conference_progression,nesting
replay_policy,same_violation_window,c59ce4101206b392aeae82caa975a822,1769731207000,sports_championship_conference_progression,nesting
replay_policy,same_violation_window,c59ce4101206b392aeae82caa975a822,1769734807000,sports_championship_conference_progression,nesting
replay_policy,same_violation_window,c59ce4101206b392aeae82caa975a822,1769738407000,sports_championship_conference_progression,nesting
replay_policy,same_violation_window,c59ce4101206b392aeae82caa975a822,1769742007000,sports_championship_conference_progression,nesting
replay_policy,same_violation_window,c59ce4101206b392aeae82caa975a822,1769745607000,sports_championship_conference_progression,nesting
replay_policy,same_violation_window,c59ce4101206b392aeae82caa975a822,1769749207000,sports_championship_conference_progression,nesting
replay_policy,same_violation_window,c59ce4101206b392aeae82caa975a822,1769752807000,sports_championship_conference_progression,nesting
replay_policy,same_violation_window,c59ce4101206b392aeae82caa975a822,1769756407000,sports_championship_conference_progression,nesting
replay_policy,same_violation_window,c59ce4101206b392aeae82caa975a822,1769760007000,sports_championship_conference_progression,nesting
replay_policy,same_violation_window,c59ce4101206b392aeae82caa975a822,1769763607000,sports_championship_conference_progression,nesting
replay_policy,same_violation_window,c59ce4101206b392aeae82caa975a822,1769767207000,sports_championship_conference_progression,nesting
replay_policy,same_violation_window,c59ce4101206b392aeae82caa975a822,1769770807000,sports_championship_conference_progression,nesting
replay_policy,same_violation_window,c59ce4101206b392aeae82caa975a822,1769774407000,sports_championship_conference_progression,nesting
replay_policy,same_violation_window,c59ce4101206b392aeae82caa975a822,1777168807000,sports_championship_conference_progression,nesting
replay_policy,same_violation_window,c59ce4101206b392aeae82caa975a822,1777172407000,sports_championship_conference_progression,nesting
replay_policy,same_violation_window,c59ce4101206b392aeae82caa975a822,1777176007000,sports_championship_conference_progression,nesting
replay_policy,same_violation_window,c59ce4101206b392aeae82caa975a822,1777179607000,sports_championship_conference_progression,nesting
replay_policy,same_violation_window,c59ce4101206b392aeae82caa975a822,1777183207000,sports_championship_conference_progression,nesting
replay_policy,same_violation_window,c59ce4101206b392aeae82caa975a822,1777186807000,sports_championship_conference_progression,nesting
replay_policy,same_violation_window,c59ce4101206b392aeae82caa975a822,1777190407000,sports_championship_conference_progression,nesting
replay_policy,same_violation_window,c59ce4101206b392aeae82caa975a822,1777194007000,sports_championship_conference_progression,nesting
replay_policy,same_violation_window,c59ce4101206b392aeae82caa975a822,1777197607000,sports_championship_conference_progression,nesting
replay_policy,same_violation_window,c59ce4101206b392aeae82caa975a822,1777201207000,sports_championship_conference_progression,nesting
replay_policy,same_violation_window,c59ce4101206b392aeae82caa975a822,1777204807000,sports_championship_conference_progression,nesting
replay_policy,same_violation_window,c59ce4101206b392aeae82caa975a822,1777298407000,sports_championship_conference_progression,nesting
replay_policy,same_violation_window,c59ce4101206b392aeae82caa975a822,1777302007000,sports_championship_conference_progression,nesting
replay_policy,same_violation_window,c59ce4101206b392aeae82caa975a822,1777305607000,sports_championship_conference_progression,nesting
replay_policy,same_violation_window,c59ce4101206b392aeae82caa975a822,1777309207000,sports_championship_conference_progression,nesting
replay_policy,same_violation_window,c59ce4101206b392aeae82caa975a822,1777312807000,sports_championship_conference_progression,nesting
replay_policy,same_violation_window,c59ce4101206b392aeae82caa975a822,1777316407000,sports_championship_conference_progression,nesting
replay_policy,same_violation_window,c59ce4101206b392aeae82caa975a822,1777320007000,sports_championship_conference_progression,nesting
replay_policy,same_violation_window,c59ce4101206b392aeae82caa975a822,1777323607000,sports_championship_conference_progression,nesting
replay_policy,same_violation_window,c59ce4101206b392aeae82caa975a822,1777327207000,sports_championship_conference_progression,nesting
replay_policy,same_violation_window,c59ce4101206b392aeae82caa975a822,1777330807000,sports_championship_conference_progression,nesting
replay_policy,same_violation_window,c59ce4101206b392aeae82caa975a822,1777334407000,sports_championship_conference_progression,nesting
replay_policy,same_violation_window,4d8e3f1dfa6859ea0a922dd6e3d3c163,1760148010000,sports_ranking_finish_position,nesting
replay_policy,same_violation_window,4d8e3f1dfa6859ea0a922dd6e3d3c163,1760151610000,sports_ranking_finish_position,nesting
replay_policy,same_violation_window,4d8e3f1dfa6859ea0a922dd6e3d3c163,1760155210000,sports_ranking_finish_position,nesting
replay_policy,same_violation_window,4d8e3f1dfa6859ea0a922dd6e3d3c163,1760158810000,sports_ranking_finish_position,nesting
replay_policy,same_violation_window,4d8e3f1dfa6859ea0a922dd6e3d3c163,1760162410000,sports_ranking_finish_position,nesting
replay_policy,same_violation_window,4d8e3f1dfa6859ea0a922dd6e3d3c163,1760166010000,sports_ranking_finish_position,nesting
replay_policy,same_violation_window,4d8e3f1dfa6859ea0a922dd6e3d3c163,1760169610000,sports_ranking_finish_position,nesting
replay_policy,same_violation_window,4d8e3f1dfa6859ea0a922dd6e3d3c163,1760173210000,sports_ranking_finish_position,nesting
replay_policy,same_violation_window,4d8e3f1dfa6859ea0a922dd6e3d3c163,1760176810000,sports_ranking_finish_position,nesting
replay_policy,same_violation_window,4d8e3f1dfa6859ea0a922dd6e3d3c163,1760180410000,sports_ranking_finish_position,nesting
replay_policy,same_violation_window,4d8e3f1dfa6859ea0a922dd6e3d3c163,1760184010000,sports_ranking_finish_position,nesting
replay_policy,same_violation_window,4d8e3f1dfa6859ea0a922dd6e3d3c163,1760187610000,sports_ranking_finish_position,nesting
replay_policy,same_violation_window,4d8e3f1dfa6859ea0a922dd6e3d3c163,1760191210000,sports_ranking_finish_position,nesting
replay_policy,same_violation_window,4d8e3f1dfa6859ea0a922dd6e3d3c163,1760194810000,sports_ranking_finish_position,nesting
replay_policy,same_violation_window,4d8e3f1dfa6859ea0a922dd6e3d3c163,1760198410000,sports_ranking_finish_position,nesting
replay_policy,same_violation_window,4d8e3f1dfa6859ea0a922dd6e3d3c163,1760202010000,sports_ranking_finish_position,nesting
replay_policy,same_violation_window,4d8e3f1dfa6859ea0a922dd6e3d3c163,1760205610000,sports_ranking_finish_position,nesting
replay_policy,same_violation_window,4d8e3f1dfa6859ea0a922dd6e3d3c163,1760209210000,sports_ranking_finish_position,nesting
replay_policy,same_violation_window,4d8e3f1dfa6859ea0a922dd6e3d3c163,1760212810000,sports_ranking_finish_position,nesting
replay_policy,same_violation_window,4d8e3f1dfa6859ea0a922dd6e3d3c163,1760216410000,sports_ranking_finish_position,nesting
replay_policy,same_violation_window,4d8e3f1dfa6859ea0a922dd6e3d3c163,1760220010000,sports_ranking_finish_position,nesting
replay_policy,same_violation_window,4d8e3f1dfa6859ea0a922dd6e3d3c163,1760223610000,sports_ranking_finish_position,nesting
replay_policy,same_violation_window,4d8e3f1dfa6859ea0a922dd6e3d3c163,1760227210000,sports_ranking_finish_position,nesting
replay_policy,same_violation_window,4d8e3f1dfa6859ea0a922dd6e3d3c163,1760317210000,sports_ranking_finish_position,nesting
replay_policy,same_violation_window,4d8e3f1dfa6859ea0a922dd6e3d3c163,1760320810000,sports_ranking_finish_position,nesting
replay_policy,same_violation_window,4d8e3f1dfa6859ea0a922dd6e3d3c163,1760324410000,sports_ranking_finish_position,nesting
replay_policy,same_violation_window,4d8e3f1dfa6859ea0a922dd6e3d3c163,1760328010000,sports_ranking_finish_position,nesting
replay_policy,same_violation_window,4d8e3f1dfa6859ea0a922dd6e3d3c163,1760331610000,sports_ranking_finish_position,nesting
replay_policy,same_violation_window,4d8e3f1dfa6859ea0a922dd6e3d3c163,1760335210000,sports_ranking_finish_position,nesting
replay_policy,same_violation_window,4d8e3f1dfa6859ea0a922dd6e3d3c163,1760338810000,sports_ranking_finish_position,nesting
replay_policy,same_violation_window,4d8e3f1dfa6859ea0a922dd6e3d3c163,1760342410000,sports_ranking_finish_position,nesting
replay_policy,same_violation_window,4d8e3f1dfa6859ea0a922dd6e3d3c163,1760346010000,sports_ranking_finish_position,nesting
replay_policy,same_violation_window,4d8e3f1dfa6859ea0a922dd6e3d3c163,1760349610000,sports_ranking_finish_position,nesting
replay_policy,same_violation_window,4d8e3f1dfa6859ea0a922dd6e3d3c163,1760353210000,sports_ranking_finish_position,nesting
replay_policy,same_violation_window,4d8e3f1dfa6859ea0a922dd6e3d3c163,1760356810000,sports_ranking_finish_position,nesting
replay_policy,same_violation_window,4d8e3f1dfa6859ea0a922dd6e3d3c163,1760360410000,sports_ranking_finish_position,nesting
replay_policy,same_violation_window,4d8e3f1dfa6859ea0a922dd6e3d3c163,1760364010000,sports_ranking_finish_position,nesting
replay_policy,same_violation_window,4d8e3f1dfa6859ea0a922dd6e3d3c163,1760367610000,sports_ranking_finish_position,nesting
replay_policy,same_violation_window,4d8e3f1dfa6859ea0a922dd6e3d3c163,1760371210000,sports_ranking_finish_position,nesting
replay_policy,same_violation_window,4d8e3f1dfa6859ea0a922dd6e3d3c163,1760374810000,sports_ranking_finish_position,nesting
replay_policy,same_violation_window,4d8e3f1dfa6859ea0a922dd6e3d3c163,1760378410000,sports_ranking_finish_position,nesting
replay_policy,same_violation_window,4d8e3f1dfa6859ea0a922dd6e3d3c163,1760382010000,sports_ranking_finish_position,nesting
replay_policy,same_violation_window,4d8e3f1dfa6859ea0a922dd6e3d3c163,1760385610000,sports_ranking_finish_position,nesting
replay_policy,same_violation_window,4d8e3f1dfa6859ea0a922dd6e3d3c163,1760389210000,sports_ranking_finish_position,nesting
replay_policy,same_violation_window,4d8e3f1dfa6859ea0a922dd6e3d3c163,1760392810000,sports_ranking_finish_position,nesting
replay_policy,same_violation_window,4d8e3f1dfa6859ea0a922dd6e3d3c163,1760396410000,sports_ranking_finish_position,nesting
replay_policy,same_violation_window,4d8e3f1dfa6859ea0a922dd6e3d3c163,1760400010000,sports_ranking_finish_position,nesting
replay_policy,same_violation_window,4d8e3f1dfa6859ea0a922dd6e3d3c163,1760403610000,sports_ranking_finish_position,nesting
replay_policy,same_violation_window,4d8e3f1dfa6859ea0a922dd6e3d3c163,1760407210000,sports_ranking_finish_position,nesting
replay_policy,same_violation_window,4d8e3f1dfa6859ea0a922dd6e3d3c163,1760410810000,sports_ranking_finish_position,nesting
replay_policy,same_violation_window,4d8e3f1dfa6859ea0a922dd6e3d3c163,1760414410000,sports_ranking_finish_position,nesting
replay_policy,same_violation_window,4d8e3f1dfa6859ea0a922dd6e3d3c163,1760418010000,sports_ranking_finish_position,nesting
replay_policy,same_violation_window,4d8e3f1dfa6859ea0a922dd6e3d3c163,1760421610000,sports_ranking_finish_position,nesting
replay_policy,same_violation_window,4d8e3f1dfa6859ea0a922dd6e3d3c163,1760425210000,sports_ranking_finish_position,nesting
replay_policy,same_violation_window,4d8e3f1dfa6859ea0a922dd6e3d3c163,1760428810000,sports_ranking_finish_position,nesting
replay_policy,same_violation_window,4d8e3f1dfa6859ea0a922dd6e3d3c163,1760432410000,sports_ranking_finish_position,nesting
replay_policy,same_violation_window,4d8e3f1dfa6859ea0a922dd6e3d3c163,1760436010000,sports_ranking_finish_position,nesting
replay_policy,same_violation_window,4d8e3f1dfa6859ea0a922dd6e3d3c163,1760439610000,sports_ranking_finish_position,nesting
replay_policy,same_violation_window,4d8e3f1dfa6859ea0a922dd6e3d3c163,1760443210000,sports_ranking_finish_position,nesting
replay_policy,same_violation_window,4d8e3f1dfa6859ea0a922dd6e3d3c163,1760446810000,sports_ranking_finish_position,nesting
replay_policy,same_violation_window,4d8e3f1dfa6859ea0a922dd6e3d3c163,1760450410000,sports_ranking_finish_position,nesting
replay_policy,same_violation_window,4d8e3f1dfa6859ea0a922dd6e3d3c163,1760454010000,sports_ranking_finish_position,nesting
replay_policy,same_violation_window,4d8e3f1dfa6859ea0a922dd6e3d3c163,1760457610000,sports_ranking_finish_position,nesting
replay_policy,same_violation_window,4d8e3f1dfa6859ea0a922dd6e3d3c163,1760461210000,sports_ranking_finish_position,nesting
replay_policy,same_violation_window,4d8e3f1dfa6859ea0a922dd6e3d3c163,1760464810000,sports_ranking_finish_position,nesting
replay_policy,same_violation_window,4d8e3f1dfa6859ea0a922dd6e3d3c163,1760468410000,sports_ranking_finish_position,nesting
replay_policy,same_violation_window,4d8e3f1dfa6859ea0a922dd6e3d3c163,1760472010000,sports_ranking_finish_position,nesting
replay_policy,same_violation_window,4d8e3f1dfa6859ea0a922dd6e3d3c163,1760475610000,sports_ranking_finish_position,nesting
replay_policy,same_violation_window,4d8e3f1dfa6859ea0a922dd6e3d3c163,1760479210000,sports_ranking_finish_position,nesting
replay_policy,same_violation_window,4d8e3f1dfa6859ea0a922dd6e3d3c163,1760482810000,sports_ranking_finish_position,nesting
replay_policy,same_violation_window,4d8e3f1dfa6859ea0a922dd6e3d3c163,1760486410000,sports_ranking_finish_position,nesting
replay_policy,same_violation_window,4d8e3f1dfa6859ea0a922dd6e3d3c163,1760490010000,sports_ranking_finish_position,nesting
replay_policy,same_violation_window,4d8e3f1dfa6859ea0a922dd6e3d3c163,1760493610000,sports_ranking_finish_position,nesting
replay_policy,same_violation_window,4d8e3f1dfa6859ea0a922dd6e3d3c163,1760497210000,sports_ranking_finish_position,nesting
replay_policy,same_violation_window,4d8e3f1dfa6859ea0a922dd6e3d3c163,1760500810000,sports_ranking_finish_position,nesting
replay_policy,same_violation_window,4d8e3f1dfa6859ea0a922dd6e3d3c163,1760504410000,sports_ranking_finish_position,nesting
replay_policy,same_violation_window,4d8e3f1dfa6859ea0a922dd6e3d3c163,1760508010000,sports_ranking_finish_position,nesting
replay_policy,same_violation_window,4d8e3f1dfa6859ea0a922dd6e3d3c163,1760511610000,sports_ranking_finish_position,nesting
replay_policy,same_violation_window,4d8e3f1dfa6859ea0a922dd6e3d3c163,1760515210000,sports_ranking_finish_position,nesting
replay_policy,same_violation_window,4d8e3f1dfa6859ea0a922dd6e3d3c163,1760518810000,sports_ranking_finish_position,nesting
replay_policy,same_violation_window,4d8e3f1dfa6859ea0a922dd6e3d3c163,1760522410000,sports_ranking_finish_position,nesting
replay_policy,same_violation_window,4d8e3f1dfa6859ea0a922dd6e3d3c163,1760526010000,sports_ranking_finish_position,nesting
replay_policy,same_violation_window,4d8e3f1dfa6859ea0a922dd6e3d3c163,1760529610000,sports_ranking_finish_position,nesting
replay_policy,same_violation_window,4d8e3f1dfa6859ea0a922dd6e3d3c163,1760533210000,sports_ranking_finish_position,nesting
replay_policy,same_violation_window,4d8e3f1dfa6859ea0a922dd6e3d3c163,1760536810000,sports_ranking_finish_position,nesting
replay_policy,same_violation_window,4d8e3f1dfa6859ea0a922dd6e3d3c163,1760540410000,sports_ranking_finish_position,nesting
replay_policy,same_violation_window,4d8e3f1dfa6859ea0a922dd6e3d3c163,1760544010000,sports_ranking_finish_position,nesting
replay_policy,same_violation_window,4d8e3f1dfa6859ea0a922dd6e3d3c163,1760547610000,sports_ranking_finish_position,nesting
replay_policy,same_violation_window,4d8e3f1dfa6859ea0a922dd6e3d3c163,1760551210000,sports_ranking_finish_position,nesting
replay_policy,same_violation_window,4d8e3f1dfa6859ea0a922dd6e3d3c163,1760554810000,sports_ranking_finish_position,nesting
replay_policy,same_violation_window,4d8e3f1dfa6859ea0a922dd6e3d3c163,1760558410000,sports_ranking_finish_position,nesting
replay_policy,same_violation_window,4d8e3f1dfa6859ea0a922dd6e3d3c163,1760562010000,sports_ranking_finish_position,nesting
replay_policy,same_violation_window,4d8e3f1dfa6859ea0a922dd6e3d3c163,1760565610000,sports_ranking_finish_position,nesting
replay_policy,same_violation_window,4d8e3f1dfa6859ea0a922dd6e3d3c163,1760569210000,sports_ranking_finish_position,nesting
replay_policy,same_violation_window,4d8e3f1dfa6859ea0a922dd6e3d3c163,1760572810000,sports_ranking_finish_position,nesting
replay_policy,same_violation_window,4d8e3f1dfa6859ea0a922dd6e3d3c163,1760576410000,sports_ranking_finish_position,nesting
replay_policy,same_violation_window,4d8e3f1dfa6859ea0a922dd6e3d3c163,1760580010000,sports_ranking_finish_position,nesting
replay_policy,same_violation_window,4d8e3f1dfa6859ea0a922dd6e3d3c163,1760583610000,sports_ranking_finish_position,nesting
replay_policy,same_violation_window,4d8e3f1dfa6859ea0a922dd6e3d3c163,1760587210000,sports_ranking_finish_position,nesting
replay_policy,same_violation_window,4d8e3f1dfa6859ea0a922dd6e3d3c163,1760590810000,sports_ranking_finish_position,nesting
replay_policy,same_violation_window,4d8e3f1dfa6859ea0a922dd6e3d3c163,1760594410000,sports_ranking_finish_position,nesting
replay_policy,same_violation_window,4d8e3f1dfa6859ea0a922dd6e3d3c163,1760598010000,sports_ranking_finish_position,nesting
replay_policy,same_violation_window,4d8e3f1dfa6859ea0a922dd6e3d3c163,1760601610000,sports_ranking_finish_position,nesting
replay_policy,same_violation_window,4d8e3f1dfa6859ea0a922dd6e3d3c163,1760605210000,sports_ranking_finish_position,nesting
replay_policy,same_violation_window,4d8e3f1dfa6859ea0a922dd6e3d3c163,1760608810000,sports_ranking_finish_position,nesting
replay_policy,same_violation_window,4d8e3f1dfa6859ea0a922dd6e3d3c163,1760612410000,sports_ranking_finish_position,nesting
replay_policy,same_violation_window,4d8e3f1dfa6859ea0a922dd6e3d3c163,1760616010000,sports_ranking_finish_position,nesting
replay_policy,same_violation_window,4d8e3f1dfa6859ea0a922dd6e3d3c163,1760619610000,sports_ranking_finish_position,nesting
replay_policy,same_violation_window,4d8e3f1dfa6859ea0a922dd6e3d3c163,1760623210000,sports_ranking_finish_position,nesting
replay_policy,same_violation_window,4d8e3f1dfa6859ea0a922dd6e3d3c163,1760626810000,sports_ranking_finish_position,nesting
replay_policy,same_violation_window,4d8e3f1dfa6859ea0a922dd6e3d3c163,1760630410000,sports_ranking_finish_position,nesting
replay_policy,same_violation_window,4d8e3f1dfa6859ea0a922dd6e3d3c163,1760634010000,sports_ranking_finish_position,nesting
replay_policy,same_violation_window,4d8e3f1dfa6859ea0a922dd6e3d3c163,1760637610000,sports_ranking_finish_position,nesting
replay_policy,same_violation_window,4d8e3f1dfa6859ea0a922dd6e3d3c163,1760641210000,sports_ranking_finish_position,nesting
replay_policy,same_violation_window,4d8e3f1dfa6859ea0a922dd6e3d3c163,1760644810000,sports_ranking_finish_position,nesting
replay_policy,same_violation_window,4d8e3f1dfa6859ea0a922dd6e3d3c163,1760648410000,sports_ranking_finish_position,nesting
replay_policy,same_violation_window,4d8e3f1dfa6859ea0a922dd6e3d3c163,1760652010000,sports_ranking_finish_position,nesting
replay_policy,same_violation_window,4d8e3f1dfa6859ea0a922dd6e3d3c163,1760655610000,sports_ranking_finish_position,nesting
replay_policy,same_violation_window,4d8e3f1dfa6859ea0a922dd6e3d3c163,1760659210000,sports_ranking_finish_position,nesting
replay_policy,same_violation_window,4d8e3f1dfa6859ea0a922dd6e3d3c163,1760662810000,sports_ranking_finish_position,nesting
replay_policy,same_violation_window,4d8e3f1dfa6859ea0a922dd6e3d3c163,1760666410000,sports_ranking_finish_position,nesting
replay_policy,same_violation_window,4d8e3f1dfa6859ea0a922dd6e3d3c163,1760670010000,sports_ranking_finish_position,nesting
replay_policy,same_violation_window,4d8e3f1dfa6859ea0a922dd6e3d3c163,1760673610000,sports_ranking_finish_position,nesting
replay_policy,same_violation_window,4d8e3f1dfa6859ea0a922dd6e3d3c163,1760677210000,sports_ranking_finish_position,nesting
replay_policy,same_violation_window,4d8e3f1dfa6859ea0a922dd6e3d3c163,1760680810000,sports_ranking_finish_position,nesting
replay_policy,same_violation_window,4d8e3f1dfa6859ea0a922dd6e3d3c163,1760684410000,sports_ranking_finish_position,nesting
replay_policy,same_violation_window,4d8e3f1dfa6859ea0a922dd6e3d3c163,1760688010000,sports_ranking_finish_position,nesting
replay_policy,same_violation_window,4d8e3f1dfa6859ea0a922dd6e3d3c163,1760691610000,sports_ranking_finish_position,nesting
replay_policy,same_violation_window,4d8e3f1dfa6859ea0a922dd6e3d3c163,1760695210000,sports_ranking_finish_position,nesting
replay_policy,same_violation_window,4d8e3f1dfa6859ea0a922dd6e3d3c163,1760698810000,sports_ranking_finish_position,nesting
replay_policy,same_violation_window,4d8e3f1dfa6859ea0a922dd6e3d3c163,1760702410000,sports_ranking_finish_position,nesting
replay_policy,same_violation_window,4d8e3f1dfa6859ea0a922dd6e3d3c163,1760706010000,sports_ranking_finish_position,nesting
replay_policy,same_violation_window,4d8e3f1dfa6859ea0a922dd6e3d3c163,1760709610000,sports_ranking_finish_position,nesting
replay_policy,same_violation_window,4d8e3f1dfa6859ea0a922dd6e3d3c163,1760713210000,sports_ranking_finish_position,nesting
replay_policy,same_violation_window,4d8e3f1dfa6859ea0a922dd6e3d3c163,1760716810000,sports_ranking_finish_position,nesting
replay_policy,same_violation_window,4d8e3f1dfa6859ea0a922dd6e3d3c163,1760720410000,sports_ranking_finish_position,nesting
replay_policy,same_violation_window,4d8e3f1dfa6859ea0a922dd6e3d3c163,1760724010000,sports_ranking_finish_position,nesting
replay_policy,same_violation_window,4d8e3f1dfa6859ea0a922dd6e3d3c163,1760727610000,sports_ranking_finish_position,nesting
replay_policy,same_violation_window,4d8e3f1dfa6859ea0a922dd6e3d3c163,1760731210000,sports_ranking_finish_position,nesting
replay_policy,same_violation_window,4d8e3f1dfa6859ea0a922dd6e3d3c163,1760734810000,sports_ranking_finish_position,nesting
replay_policy,same_violation_window,4d8e3f1dfa6859ea0a922dd6e3d3c163,1760738410000,sports_ranking_finish_position,nesting
replay_policy,same_violation_window,4d8e3f1dfa6859ea0a922dd6e3d3c163,1760742010000,sports_ranking_finish_position,nesting
replay_policy,same_violation_window,4d8e3f1dfa6859ea0a922dd6e3d3c163,1760745610000,sports_ranking_finish_position,nesting
replay_policy,same_violation_window,4d8e3f1dfa6859ea0a922dd6e3d3c163,1760749210000,sports_ranking_finish_position,nesting
replay_policy,same_violation_window,4d8e3f1dfa6859ea0a922dd6e3d3c163,1760752810000,sports_ranking_finish_position,nesting
replay_policy,same_violation_window,4d8e3f1dfa6859ea0a922dd6e3d3c163,1760756410000,sports_ranking_finish_position,nesting
replay_policy,same_violation_window,4d8e3f1dfa6859ea0a922dd6e3d3c163,1760760010000,sports_ranking_finish_position,nesting
replay_policy,same_violation_window,4d8e3f1dfa6859ea0a922dd6e3d3c163,1760763610000,sports_ranking_finish_position,nesting
replay_policy,same_violation_window,4d8e3f1dfa6859ea0a922dd6e3d3c163,1760767210000,sports_ranking_finish_position,nesting
replay_policy,same_violation_window,4d8e3f1dfa6859ea0a922dd6e3d3c163,1760770810000,sports_ranking_finish_position,nesting
replay_policy,same_violation_window,4d8e3f1dfa6859ea0a922dd6e3d3c163,1760774410000,sports_ranking_finish_position,nesting
replay_policy,same_violation_window,4d8e3f1dfa6859ea0a922dd6e3d3c163,1760778010000,sports_ranking_finish_position,nesting
replay_policy,same_violation_window,4d8e3f1dfa6859ea0a922dd6e3d3c163,1760781610000,sports_ranking_finish_position,nesting
replay_policy,same_violation_window,4d8e3f1dfa6859ea0a922dd6e3d3c163,1760785210000,sports_ranking_finish_position,nesting
replay_policy,same_violation_window,4d8e3f1dfa6859ea0a922dd6e3d3c163,1760788810000,sports_ranking_finish_position,nesting
replay_policy,same_violation_window,4d8e3f1dfa6859ea0a922dd6e3d3c163,1760792410000,sports_ranking_finish_position,nesting
replay_policy,same_violation_window,4d8e3f1dfa6859ea0a922dd6e3d3c163,1760796010000,sports_ranking_finish_position,nesting
replay_policy,same_violation_window,4d8e3f1dfa6859ea0a922dd6e3d3c163,1760799610000,sports_ranking_finish_position,nesting
replay_policy,same_violation_window,4d8e3f1dfa6859ea0a922dd6e3d3c163,1760803210000,sports_ranking_finish_position,nesting
replay_policy,same_violation_window,4d8e3f1dfa6859ea0a922dd6e3d3c163,1760806810000,sports_ranking_finish_position,nesting
replay_policy,same_violation_window,4d8e3f1dfa6859ea0a922dd6e3d3c163,1760810410000,sports_ranking_finish_position,nesting
replay_policy,same_violation_window,4d8e3f1dfa6859ea0a922dd6e3d3c163,1760814010000,sports_ranking_finish_position,nesting
replay_policy,same_violation_window,4d8e3f1dfa6859ea0a922dd6e3d3c163,1760817610000,sports_ranking_finish_position,nesting
replay_policy,same_violation_window,4d8e3f1dfa6859ea0a922dd6e3d3c163,1760821210000,sports_ranking_finish_position,nesting
replay_policy,same_violation_window,4d8e3f1dfa6859ea0a922dd6e3d3c163,1760824810000,sports_ranking_finish_position,nesting
replay_policy,same_violation_window,4d8e3f1dfa6859ea0a922dd6e3d3c163,1760828410000,sports_ranking_finish_position,nesting
replay_policy,same_violation_window,4d8e3f1dfa6859ea0a922dd6e3d3c163,1760832010000,sports_ranking_finish_position,nesting
replay_policy,same_violation_window,4d8e3f1dfa6859ea0a922dd6e3d3c163,1760835610000,sports_ranking_finish_position,nesting
replay_policy,same_violation_window,4d8e3f1dfa6859ea0a922dd6e3d3c163,1760839210000,sports_ranking_finish_position,nesting
replay_policy,same_violation_window,4d8e3f1dfa6859ea0a922dd6e3d3c163,1760842810000,sports_ranking_finish_position,nesting
replay_policy,same_violation_window,4d8e3f1dfa6859ea0a922dd6e3d3c163,1760846410000,sports_ranking_finish_position,nesting
replay_policy,same_violation_window,4d8e3f1dfa6859ea0a922dd6e3d3c163,1760850010000,sports_ranking_finish_position,nesting
replay_policy,same_violation_window,4d8e3f1dfa6859ea0a922dd6e3d3c163,1760853610000,sports_ranking_finish_position,nesting
replay_policy,same_violation_window,4d8e3f1dfa6859ea0a922dd6e3d3c163,1760857210000,sports_ranking_finish_position,nesting
replay_policy,same_violation_window,4d8e3f1dfa6859ea0a922dd6e3d3c163,1760860810000,sports_ranking_finish_position,nesting
replay_policy,same_violation_window,4d8e3f1dfa6859ea0a922dd6e3d3c163,1760864410000,sports_ranking_finish_position,nesting
replay_policy,same_violation_window,4d8e3f1dfa6859ea0a922dd6e3d3c163,1760868010000,sports_ranking_finish_position,nesting
replay_policy,same_violation_window,4d8e3f1dfa6859ea0a922dd6e3d3c163,1760871610000,sports_ranking_finish_position,nesting
replay_policy,same_violation_window,4d8e3f1dfa6859ea0a922dd6e3d3c163,1760875210000,sports_ranking_finish_position,nesting
replay_policy,same_violation_window,4d8e3f1dfa6859ea0a922dd6e3d3c163,1760878810000,sports_ranking_finish_position,nesting
replay_policy,same_violation_window,4d8e3f1dfa6859ea0a922dd6e3d3c163,1760882410000,sports_ranking_finish_position,nesting
replay_policy,same_violation_window,4d8e3f1dfa6859ea0a922dd6e3d3c163,1760886010000,sports_ranking_finish_position,nesting
replay_policy,same_violation_window,4d8e3f1dfa6859ea0a922dd6e3d3c163,1760889610000,sports_ranking_finish_position,nesting
replay_policy,same_violation_window,4d8e3f1dfa6859ea0a922dd6e3d3c163,1760893210000,sports_ranking_finish_position,nesting
replay_policy,same_violation_window,4d8e3f1dfa6859ea0a922dd6e3d3c163,1760896810000,sports_ranking_finish_position,nesting
replay_policy,same_violation_window,4d8e3f1dfa6859ea0a922dd6e3d3c163,1760900410000,sports_ranking_finish_position,nesting
replay_policy,same_violation_window,4d8e3f1dfa6859ea0a922dd6e3d3c163,1760904010000,sports_ranking_finish_position,nesting
replay_policy,same_violation_window,4d8e3f1dfa6859ea0a922dd6e3d3c163,1760907610000,sports_ranking_finish_position,nesting
replay_policy,same_violation_window,4d8e3f1dfa6859ea0a922dd6e3d3c163,1760911210000,sports_ranking_finish_position,nesting
replay_policy,same_violation_window,4d8e3f1dfa6859ea0a922dd6e3d3c163,1760914810000,sports_ranking_finish_position,nesting
replay_policy,same_violation_window,4d8e3f1dfa6859ea0a922dd6e3d3c163,1760918410000,sports_ranking_finish_position,nesting
replay_policy,same_violation_window,4d8e3f1dfa6859ea0a922dd6e3d3c163,1778806810000,sports_ranking_finish_position,nesting
replay_policy,same_violation_window,4d8e3f1dfa6859ea0a922dd6e3d3c163,1778810410000,sports_ranking_finish_position,nesting
replay_policy,same_violation_window,4d8e3f1dfa6859ea0a922dd6e3d3c163,1778814010000,sports_ranking_finish_position,nesting
replay_policy,same_violation_window,4d8e3f1dfa6859ea0a922dd6e3d3c163,1778817610000,sports_ranking_finish_position,nesting
replay_policy,same_violation_window,4d8e3f1dfa6859ea0a922dd6e3d3c163,1778821210000,sports_ranking_finish_position,nesting
replay_policy,same_violation_window,4d8e3f1dfa6859ea0a922dd6e3d3c163,1778824810000,sports_ranking_finish_position,nesting
replay_policy,same_violation_window,4d8e3f1dfa6859ea0a922dd6e3d3c163,1778828410000,sports_ranking_finish_position,nesting
replay_policy,same_violation_window,4d8e3f1dfa6859ea0a922dd6e3d3c163,1778832010000,sports_ranking_finish_position,nesting
replay_policy,same_violation_window,4d8e3f1dfa6859ea0a922dd6e3d3c163,1778835610000,sports_ranking_finish_position,nesting
replay_policy,same_violation_window,4d8e3f1dfa6859ea0a922dd6e3d3c163,1778839210000,sports_ranking_finish_position,nesting
replay_policy,same_violation_window,4d8e3f1dfa6859ea0a922dd6e3d3c163,1778896810000,sports_ranking_finish_position,nesting
replay_policy,same_violation_window,4d8e3f1dfa6859ea0a922dd6e3d3c163,1778900410000,sports_ranking_finish_position,nesting
replay_policy,same_violation_window,4d8e3f1dfa6859ea0a922dd6e3d3c163,1778904010000,sports_ranking_finish_position,nesting
replay_policy,same_violation_window,4d8e3f1dfa6859ea0a922dd6e3d3c163,1778907610000,sports_ranking_finish_position,nesting
replay_policy,same_violation_window,4d8e3f1dfa6859ea0a922dd6e3d3c163,1778911210000,sports_ranking_finish_position,nesting
replay_policy,same_violation_window,4d8e3f1dfa6859ea0a922dd6e3d3c163,1778914810000,sports_ranking_finish_position,nesting
replay_policy,same_violation_window,4d8e3f1dfa6859ea0a922dd6e3d3c163,1778918410000,sports_ranking_finish_position,nesting
replay_policy,same_violation_window,4d8e3f1dfa6859ea0a922dd6e3d3c163,1778922010000,sports_ranking_finish_position,nesting
replay_policy,same_violation_window,4d8e3f1dfa6859ea0a922dd6e3d3c163,1778925610000,sports_ranking_finish_position,nesting
replay_policy,same_violation_window,4d8e3f1dfa6859ea0a922dd6e3d3c163,1778929210000,sports_ranking_finish_position,nesting
replay_policy,same_violation_window,4d8e3f1dfa6859ea0a922dd6e3d3c163,1778932810000,sports_ranking_finish_position,nesting
replay_policy,same_violation_window,4d8e3f1dfa6859ea0a922dd6e3d3c163,1778936410000,sports_ranking_finish_position,nesting
replay_policy,same_violation_window,4d8e3f1dfa6859ea0a922dd6e3d3c163,1778940010000,sports_ranking_finish_position,nesting
replay_policy,same_violation_window,4d8e3f1dfa6859ea0a922dd6e3d3c163,1778943610000,sports_ranking_finish_position,nesting
replay_policy,same_violation_window,4d8e3f1dfa6859ea0a922dd6e3d3c163,1778947210000,sports_ranking_finish_position,nesting
replay_policy,same_violation_window,4d8e3f1dfa6859ea0a922dd6e3d3c163,1778950810000,sports_ranking_finish_position,nesting
replay_policy,same_violation_window,4d8e3f1dfa6859ea0a922dd6e3d3c163,1778954410000,sports_ranking_finish_position,nesting
replay_policy,same_violation_window,4d8e3f1dfa6859ea0a922dd6e3d3c163,1778958010000,sports_ranking_finish_position,nesting
replay_policy,same_violation_window,4d8e3f1dfa6859ea0a922dd6e3d3c163,1778961610000,sports_ranking_finish_position,nesting
replay_policy,same_violation_window,4d8e3f1dfa6859ea0a922dd6e3d3c163,1778965210000,sports_ranking_finish_position,nesting
replay_policy,same_violation_window,4d8e3f1dfa6859ea0a922dd6e3d3c163,1778968810000,sports_ranking_finish_position,nesting
replay_policy,same_violation_window,4d8e3f1dfa6859ea0a922dd6e3d3c163,1778972410000,sports_ranking_finish_position,nesting
replay_policy,same_violation_window,4d8e3f1dfa6859ea0a922dd6e3d3c163,1778976010000,sports_ranking_finish_position,nesting
replay_policy,same_violation_window,4d8e3f1dfa6859ea0a922dd6e3d3c163,1778979610000,sports_ranking_finish_position,nesting
replay_policy,same_violation_window,4d8e3f1dfa6859ea0a922dd6e3d3c163,1778983210000,sports_ranking_finish_position,nesting
replay_policy,same_violation_window,4d8e3f1dfa6859ea0a922dd6e3d3c163,1778986810000,sports_ranking_finish_position,nesting
replay_policy,same_violation_window,4d8e3f1dfa6859ea0a922dd6e3d3c163,1778990410000,sports_ranking_finish_position,nesting
replay_policy,same_violation_window,4d8e3f1dfa6859ea0a922dd6e3d3c163,1778994010000,sports_ranking_finish_position,nesting
replay_policy,same_violation_window,4d8e3f1dfa6859ea0a922dd6e3d3c163,1778997610000,sports_ranking_finish_position,nesting
replay_policy,same_violation_window,4d8e3f1dfa6859ea0a922dd6e3d3c163,1779001210000,sports_ranking_finish_position,nesting
replay_policy,same_violation_window,4d8e3f1dfa6859ea0a922dd6e3d3c163,1779004810000,sports_ranking_finish_position,nesting
replay_policy,same_violation_window,4d8e3f1dfa6859ea0a922dd6e3d3c163,1779008410000,sports_ranking_finish_position,nesting
replay_policy,same_violation_window,4d8e3f1dfa6859ea0a922dd6e3d3c163,1779012010000,sports_ranking_finish_position,nesting
replay_policy,same_violation_window,4d8e3f1dfa6859ea0a922dd6e3d3c163,1779015610000,sports_ranking_finish_position,nesting
