blocker_category,blocker_reason,relationship_id,signal_ts_ms,space_id,strategy_family
other,real_relationship_but_pairwise_not_tradeable,004edb906cd82dc162edf89cee126f73,,electoral_mutual_exclusion,mutual_exclusion
confidence_gate,relationship_confidence_below_threshold,00715cae118903345bac1e08837813a9,,electoral_mutual_exclusion,temporal
confidence_gate,relationship_confidence_below_threshold,00814070d2aded17e1582a0af42418c9,,electoral_mutual_exclusion,temporal
confidence_gate,relationship_confidence_below_threshold,0081dbf8f24a24a8e21e767e6539aa3d,,electoral_mutual_exclusion,temporal
confidence_gate,relationship_confidence_below_threshold,008d79e7bc8c8a3ef9a6cd660166f5b6,,electoral_mutual_exclusion,temporal
confidence_gate,relationship_confidence_below_threshold,009b43e916f74d710a1f42e8c497d27a,,electoral_mutual_exclusion,temporal
confidence_gate,relationship_confidence_below_threshold,00c8f5dd305c98db3b17f0886bc48f8d,,electoral_mutual_exclusion,temporal
confidence_gate,relationship_confidence_below_threshold,00d49c52890f3dddcdeb4ae7cf936b4c,,electoral_mutual_exclusion,temporal
confidence_gate,relationship_confidence_below_threshold,01a9ffc6be854c646b55b42480d01652,,electoral_mutual_exclusion,temporal
other,real_relationship_but_pairwise_not_tradeable,01bba96278be4521bf3a92ef7df5cf91,,electoral_mutual_exclusion,mutual_exclusion
confidence_gate,relationship_confidence_below_threshold,020e9fab6528564bfc06708371e863da,,electoral_mutual_exclusion,temporal
confidence_gate,relationship_confidence_below_threshold,029ac0b26fa560f6a5ab22168aa097b1,,electoral_mutual_exclusion,temporal
confidence_gate,relationship_confidence_below_threshold,02a9d1e01426fe250359a80acdaaf934,,electoral_mutual_exclusion,temporal
confidence_gate,relationship_confidence_below_threshold,02c972f5b8b902f3b9c3a61120b5295f,,electoral_mutual_exclusion,temporal
other,real_relationship_but_pairwise_not_tradeable,0349ab76c81fa42dc45988590daaec5b,,electoral_mutual_exclusion,mutual_exclusion
other,real_relationship_but_pairwise_not_tradeable,04a26c6936cf30dee6ee9ff645c8f67d,,electoral_mutual_exclusion,mutual_exclusion
confidence_gate,relationship_confidence_below_threshold,04b38a58585bdb207bbdf12453c94744,,electoral_mutual_exclusion,temporal
confidence_gate,relationship_confidence_below_threshold,04ccaf99d8ba4caa308e29958f4d2aeb,,electoral_mutual_exclusion,temporal
other,real_relationship_but_pairwise_not_tradeable,04d57c6b7c505b644708ea72e0c3213d,,electoral_mutual_exclusion,mutual_exclusion
other,real_relationship_but_pairwise_not_tradeable,04eec962c2f74060926a21671e86f532,,electoral_mutual_exclusion,mutual_exclusion
other,real_relationship_but_pairwise_not_tradeable,05048c6a01073b8d2448433c13af79da,,electoral_mutual_exclusion,mutual_exclusion
confidence_gate,relationship_confidence_below_threshold,052292ad6f81d1a7c296d2df4fb09343,,electoral_mutual_exclusion,temporal
confidence_gate,relationship_confidence_below_threshold,0539b0abe5a581a5effdbbb25933c86f,,electoral_mutual_exclusion,temporal
other,real_relationship_but_pairwise_not_tradeable,0593f3d0911eedf16ca560f5da3bd8eb,,electoral_mutual_exclusion,mutual_exclusion
confidence_gate,relationship_confidence_below_threshold,05efbd11469e1fe6458d4edc81535c6b,,electoral_mutual_exclusion,temporal
other,real_relationship_but_pairwise_not_tradeable,06e7e96a19d119fb38e438d34f7df1f4,,electoral_mutual_exclusion,mutual_exclusion
other,real_relationship_but_pairwise_not_tradeable,070d6fadd0e06101f472f037efbd5913,,electoral_mutual_exclusion,mutual_exclusion
confidence_gate,relationship_confidence_below_threshold,0737c12d4f63399f69814c06f93d0060,,electoral_mutual_exclusion,temporal
confidence_gate,relationship_confidence_below_threshold,08133cb7ec4e19e767c027a4a4baaaf2,,electoral_mutual_exclusion,temporal
other,real_relationship_but_pairwise_not_tradeable,0815cf0e3e8d422cb7740ac78ebdee5b,,electoral_mutual_exclusion,mutual_exclusion
confidence_gate,relationship_confidence_below_threshold,0856151bc937e96283c3835b99a4bf61,,electoral_mutual_exclusion,temporal
confidence_gate,relationship_confidence_below_threshold,08701cf4192cb79e4b76acf8898462c4,,electoral_mutual_exclusion,temporal
other,real_relationship_but_pairwise_not_tradeable,08e7d16be4224619a207315f8ec7c8f0,,electoral_mutual_exclusion,mutual_exclusion
confidence_gate,relationship_confidence_below_threshold,0953bdf249e8859f02d8d44315a1b158,,electoral_mutual_exclusion,temporal
other,real_relationship_but_pairwise_not_tradeable,0a23611ef56141a7834e66fe9e0f1b9a,,electoral_mutual_exclusion,mutual_exclusion
other,real_relationship_but_pairwise_not_tradeable,0a502142f76749c2b584d5339a2ec537,,electoral_mutual_exclusion,mutual_exclusion
other,real_relationship_but_pairwise_not_tradeable,0a9aaf502f979be57e6cde57b21cb310,,electoral_mutual_exclusion,mutual_exclusion
confidence_gate,relationship_confidence_below_threshold,0b357b4d37be836300bf7ef1166140da,,electoral_mutual_exclusion,temporal
other,real_relationship_but_pairwise_not_tradeable,0bfed1102544c0b5c1004e56ae114d57,,electoral_mutual_exclusion,mutual_exclusion
other,real_relationship_but_pairwise_not_tradeable,0c57bc998353412595caba90b5e5833f,,electoral_mutual_exclusion,mutual_exclusion
other,real_relationship_but_pairwise_not_tradeable,0c6e11cd2eea4d8eaa15f60cff3b6bd5,,electoral_mutual_exclusion,mutual_exclusion
other,real_relationship_but_pairwise_not_tradeable,0ccf1b01796cc73bb7619cfe1ab84f76,,electoral_mutual_exclusion,mutual_exclusion
confidence_gate,relationship_confidence_below_threshold,0de2445f661ec7f8b0205677887b7c22,,electoral_mutual_exclusion,temporal
other,real_relationship_but_pairwise_not_tradeable,0e040c388a5a482fb1f8048793515d44,,electoral_mutual_exclusion,mutual_exclusion
confidence_gate,relationship_confidence_below_threshold,0e49e07556f1d99e132fdfb9e94993f7,,electoral_mutual_exclusion,temporal
other,real_relationship_but_pairwise_not_tradeable,0e64c3527a4f280ae2b990b068f78b9b,,electoral_mutual_exclusion,mutual_exclusion
other,real_relationship_but_pairwise_not_tradeable,0f3d64dd611bfb54cf1bcde2cc9a14e6,,electoral_mutual_exclusion,mutual_exclusion
confidence_gate,relationship_confidence_below_threshold,0f9e86a147decdc32b2ab4863a9316af,,electoral_mutual_exclusion,temporal
other,real_relationship_but_pairwise_not_tradeable,0fcbe59d2ac276232bbc27a7f804b8de,,electoral_mutual_exclusion,mutual_exclusion
other,real_relationship_but_pairwise_not_tradeable,101932e46d22fc918fb5a4a9ea7642df,,electoral_mutual_exclusion,mutual_exclusion
confidence_gate,relationship_confidence_below_threshold,1021df3d20343ee1989d61d79ff67a66,,electoral_mutual_exclusion,temporal
confidence_gate,relationship_confidence_below_threshold,10b7143c899828d82afa96d15543c4b1,,electoral_mutual_exclusion,temporal
confidence_gate,relationship_confidence_below_threshold,10fc3126c4b1b0cf56cc79a34600e393,,electoral_mutual_exclusion,temporal
confidence_gate,relationship_confidence_below_threshold,1134bb1b137586b2439f7f89fc3414fc,,electoral_mutual_exclusion,temporal
confidence_gate,relationship_confidence_below_threshold,11c59831f3777e39cf16dcee7c919894,,electoral_mutual_exclusion,temporal
confidence_gate,relationship_confidence_below_threshold,11c8e0d599d31a3b7ea6b22da2bd13d1,,electoral_mutual_exclusion,temporal
other,real_relationship_but_pairwise_not_tradeable,11df365e63982c66d0aac4d23d3f0d47,,electoral_mutual_exclusion,mutual_exclusion
other,real_relationship_but_pairwise_not_tradeable,1241e4ae6b894bae8c868fe3ae5345c5,,electoral_mutual_exclusion,mutual_exclusion
other,real_relationship_but_pairwise_not_tradeable,124b3be267a34bfdace3dcbc1fb81cc5,,electoral_mutual_exclusion,mutual_exclusion
confidence_gate,relationship_confidence_below_threshold,127ff52d780e7a5ce9d26b2ae4d1a02f,,electoral_mutual_exclusion,temporal
other,real_relationship_but_pairwise_not_tradeable,12a3f906d79fe960fb75ea05a6de5996,,electoral_mutual_exclusion,mutual_exclusion
confidence_gate,relationship_confidence_below_threshold,12fdd9d5db9f62dab501e7d527f6b8fc,,electoral_mutual_exclusion,temporal
confidence_gate,relationship_confidence_below_threshold,13256a36a3f9b9dd3278706997e8868c,,electoral_mutual_exclusion,temporal
confidence_gate,relationship_confidence_below_threshold,13310e94f1b10b21949a7f938a20ebea,,electoral_mutual_exclusion,temporal
confidence_gate,relationship_confidence_below_threshold,1365c4aab07523e9955618c94858aed5,,electoral_mutual_exclusion,temporal
other,real_relationship_but_pairwise_not_tradeable,13844873b6f99e2f50164b66af55fb06,,electoral_mutual_exclusion,mutual_exclusion
other,real_relationship_but_pairwise_not_tradeable,13de22b3f1a54341925f667c83c5249d,,electoral_mutual_exclusion,mutual_exclusion
confidence_gate,relationship_confidence_below_threshold,13e644b5a1860674d2aa6b15d3a760f9,,electoral_mutual_exclusion,temporal
confidence_gate,relationship_confidence_below_threshold,13efb977645d52bae095b349dd61cdfa,,electoral_mutual_exclusion,temporal
other,real_relationship_but_pairwise_not_tradeable,143b8796d61a4d58834c681e4b596140,,electoral_mutual_exclusion,mutual_exclusion
confidence_gate,relationship_confidence_below_threshold,14df7727959d8e6b86015a8150f7145f,,electoral_mutual_exclusion,temporal
confidence_gate,relationship_confidence_below_threshold,15f7aed9d57adc93d40b5fbd2cc1a1ee,,electoral_mutual_exclusion,temporal
confidence_gate,relationship_confidence_below_threshold,16130ff1e2e1a3a4dfd74c175b7f79c2,,electoral_mutual_exclusion,temporal
other,real_relationship_but_pairwise_not_tradeable,161952348953444f821966d66b5d472e,,electoral_mutual_exclusion,mutual_exclusion
confidence_gate,relationship_confidence_below_threshold,1681d9ce92677b079c502ce2aaa0bc1b,,electoral_mutual_exclusion,temporal
other,real_relationship_but_pairwise_not_tradeable,16d5b9ad2dc54867b9f586da51bb8455,,electoral_mutual_exclusion,mutual_exclusion
confidence_gate,relationship_confidence_below_threshold,16d9e4f968d0136ce70cce094bae0e9d,,electoral_mutual_exclusion,temporal
other,real_relationship_but_pairwise_not_tradeable,172364591feea3014ee5f62afb998de1,,electoral_mutual_exclusion,mutual_exclusion
other,real_relationship_but_pairwise_not_tradeable,17a18e324ab3112c838d32d0708ea82a,,electoral_mutual_exclusion,mutual_exclusion
other,real_relationship_but_pairwise_not_tradeable,17e5f51effd14df3a3fc5b3f60e050ba,,electoral_mutual_exclusion,mutual_exclusion
confidence_gate,relationship_confidence_below_threshold,1892610cbb3ab4af5e6b4584dcf1b856,,electoral_mutual_exclusion,temporal
confidence_gate,relationship_confidence_below_threshold,18beff3c6ef9a1df347d87e8707f18d8,,electoral_mutual_exclusion,temporal
confidence_gate,relationship_confidence_below_threshold,19b2c2da0fab2c7870fe2cdeb79a5438,,electoral_mutual_exclusion,temporal
confidence_gate,relationship_confidence_below_threshold,19fce5ff11276183f9ec35e8d8754f1b,,electoral_mutual_exclusion,temporal
confidence_gate,relationship_confidence_below_threshold,1a256781130b2f3b09c522c2d9c8b0c8,,electoral_mutual_exclusion,temporal
confidence_gate,relationship_confidence_below_threshold,1aeb3f4e458ad4b1282054f4904d8c07,,electoral_mutual_exclusion,temporal
confidence_gate,relationship_confidence_below_threshold,1aefabf4228fe797ec77e4ac83a57065,,electoral_mutual_exclusion,temporal
confidence_gate,relationship_confidence_below_threshold,1afc37026fe681f2a01c5527f3dce856,,electoral_mutual_exclusion,temporal
confidence_gate,relationship_confidence_below_threshold,1afcf2be30fed5c3f121f8ad4513c7ab,,electoral_mutual_exclusion,temporal
other,real_relationship_but_pairwise_not_tradeable,1b616b7d501044aab5e5ddec491d0233,,electoral_mutual_exclusion,mutual_exclusion
confidence_gate,relationship_confidence_below_threshold,1bcb7d7e0b6f792cba103eb3e625d2f4,,electoral_mutual_exclusion,temporal
other,real_relationship_but_pairwise_not_tradeable,1bd73a160f334019a61d9c1f1c67310d,,electoral_mutual_exclusion,mutual_exclusion
confidence_gate,relationship_confidence_below_threshold,1bfa2627fb8f27b283a073877502dc45,,electoral_mutual_exclusion,temporal
confidence_gate,relationship_confidence_below_threshold,1c2f024897a61c33e3530a9e66ab6c0f,,electoral_mutual_exclusion,temporal
confidence_gate,relationship_confidence_below_threshold,1c59fbe7e6ae0dd40ddbd572db25a79b,,electoral_mutual_exclusion,temporal
confidence_gate,relationship_confidence_below_threshold,1c61468e4c682291279826b7ee7d4bce,,electoral_mutual_exclusion,temporal
confidence_gate,relationship_confidence_below_threshold,1d071e2ac5caa6592dcb3dbe2eec5e67,,electoral_mutual_exclusion,temporal
other,real_relationship_but_pairwise_not_tradeable,1d3c3333551342f08d4d579c59ef0e17,,electoral_mutual_exclusion,mutual_exclusion
confidence_gate,relationship_confidence_below_threshold,1d4c8c1b32ee2da3e1fe89c0eced6b28,,electoral_mutual_exclusion,temporal
other,real_relationship_but_pairwise_not_tradeable,1d777d793bc246a2999e23b44baae4b2,,electoral_mutual_exclusion,mutual_exclusion
confidence_gate,relationship_confidence_below_threshold,1db9a40e9763f537b77a3cc0429db54d,,electoral_mutual_exclusion,temporal
confidence_gate,relationship_confidence_below_threshold,1dbe95df419482f9de7b3a5df3653001,,electoral_mutual_exclusion,temporal
confidence_gate,relationship_confidence_below_threshold,1e115b511e71a674888789d9cba7ec59,,electoral_mutual_exclusion,temporal
other,real_relationship_but_pairwise_not_tradeable,1e41dc176e66abaf6ca5ef0174d021bc,,electoral_mutual_exclusion,mutual_exclusion
other,real_relationship_but_pairwise_not_tradeable,1e82942ebcd64f1b954a3493e0c9be0c,,electoral_mutual_exclusion,mutual_exclusion
other,real_relationship_but_pairwise_not_tradeable,1ec734d433b3d23b92a93a78687d05ce,,electoral_mutual_exclusion,mutual_exclusion
confidence_gate,relationship_confidence_below_threshold,1ecfc50fa1a5113f6f38e0115e32c31b,,electoral_mutual_exclusion,temporal
other,real_relationship_but_pairwise_not_tradeable,1f059b8bd8c809f4b501460a9061f3d5,,electoral_mutual_exclusion,mutual_exclusion
other,real_relationship_but_pairwise_not_tradeable,1f3f8c0eb0b34c1aaf4939049818cb6e,,electoral_mutual_exclusion,mutual_exclusion
other,real_relationship_but_pairwise_not_tradeable,1f57c90f3d265252d152a98d79a6c982,,electoral_mutual_exclusion,mutual_exclusion
confidence_gate,relationship_confidence_below_threshold,1f5e206eaf7852601c2ad932b6a4f0b4,,electoral_mutual_exclusion,temporal
confidence_gate,relationship_confidence_below_threshold,1f6ff0fd3b9e55580a64912d607a2784,,electoral_mutual_exclusion,temporal
other,real_relationship_but_pairwise_not_tradeable,1f741ec83fcd42858aeb147eae3f3b20,,electoral_mutual_exclusion,mutual_exclusion
confidence_gate,relationship_confidence_below_threshold,1f808e5b0bfe823b9058a84c1ad705ac,,electoral_mutual_exclusion,temporal
other,real_relationship_but_pairwise_not_tradeable,1fa042e247c14edfa1daf5f6a2702dc8,,electoral_mutual_exclusion,mutual_exclusion
other,real_relationship_but_pairwise_not_tradeable,2001a82f88ffc8b2313b1fcdde2dec9c,,electoral_mutual_exclusion,mutual_exclusion
confidence_gate,relationship_confidence_below_threshold,2095c642ac76444e0e9550d1bd78d90a,,electoral_mutual_exclusion,temporal
confidence_gate,relationship_confidence_below_threshold,20a769826bb5310e62b256ce3a3596d0,,electoral_mutual_exclusion,temporal
confidence_gate,relationship_confidence_below_threshold,20aa321659a47013509b3bdd02b36b3d,,electoral_mutual_exclusion,temporal
other,real_relationship_but_pairwise_not_tradeable,2108458a103b27e4bdd8a2775cb51720,,electoral_mutual_exclusion,mutual_exclusion
confidence_gate,relationship_confidence_below_threshold,219d3b8f05b4b5555956bfc67b1cb24b,,electoral_mutual_exclusion,temporal
other,real_relationship_but_pairwise_not_tradeable,21a8ee3fd82b4ce0a76bc98eefce29bb,,electoral_mutual_exclusion,mutual_exclusion
confidence_gate,relationship_confidence_below_threshold,21e761a0af2e652c25950a7232e5fc8f,,electoral_mutual_exclusion,temporal
other,real_relationship_but_pairwise_not_tradeable,21ecc92386f748849914299742ccd545,,electoral_mutual_exclusion,mutual_exclusion
confidence_gate,relationship_confidence_below_threshold,21f904e22538ad63d35abeedd45ddf23,,electoral_mutual_exclusion,temporal
other,real_relationship_but_pairwise_not_tradeable,22d45db55b514172be80abd98a58c0e8,,electoral_mutual_exclusion,mutual_exclusion
confidence_gate,relationship_confidence_below_threshold,22d72b00c6c5af9e24d649b0278c9ce1,,electoral_mutual_exclusion,temporal
confidence_gate,relationship_confidence_below_threshold,22e30a22e5bb71d5b6c4d93d3679f2c2,,electoral_mutual_exclusion,temporal
other,real_relationship_but_pairwise_not_tradeable,2369dd0308c744af89574e7b2672c9a7,,electoral_mutual_exclusion,mutual_exclusion
confidence_gate,relationship_confidence_below_threshold,23794de017dd42c8b198e3d12b296b21,,electoral_mutual_exclusion,temporal
confidence_gate,relationship_confidence_below_threshold,238397f89dd387885be39e8fc0d55fba,,electoral_mutual_exclusion,temporal
confidence_gate,relationship_confidence_below_threshold,248bde03e9627ee506a2a53f3fdf4fed,,electoral_mutual_exclusion,temporal
confidence_gate,relationship_confidence_below_threshold,24e25955d5cfbc953380faab8b71d561,,electoral_mutual_exclusion,temporal
other,real_relationship_but_pairwise_not_tradeable,24f5c991d688f19a591c87b1a28a9a2a,,electoral_mutual_exclusion,mutual_exclusion
confidence_gate,relationship_confidence_below_threshold,25459ebd3c6f12216c1a5e24f2d7af6f,,electoral_mutual_exclusion,temporal
confidence_gate,relationship_confidence_below_threshold,2591a6ed79d7de63e83b9c45d7cca901,,electoral_mutual_exclusion,temporal
confidence_gate,relationship_confidence_below_threshold,25b9b9eb310650c982f4074d58efa836,,electoral_mutual_exclusion,temporal
confidence_gate,relationship_confidence_below_threshold,266f2bf9e11f19e1332e86e47fa32025,,electoral_mutual_exclusion,temporal
other,real_relationship_but_pairwise_not_tradeable,26716f9df134d0fb4b9681685a247d1f,,electoral_mutual_exclusion,mutual_exclusion
confidence_gate,relationship_confidence_below_threshold,2686473d1150e84ec58b907e4dda1016,,electoral_mutual_exclusion,temporal
other,real_relationship_but_pairwise_not_tradeable,26a7681f7fa636f7defae8b5dc6185a2,,electoral_mutual_exclusion,mutual_exclusion
confidence_gate,relationship_confidence_below_threshold,26adf0d39d61e8fd878ea5fa1377734f,,electoral_mutual_exclusion,temporal
confidence_gate,relationship_confidence_below_threshold,27327213ec607c5c0f3caa7f1008b0e7,,electoral_mutual_exclusion,temporal
confidence_gate,relationship_confidence_below_threshold,2771c2e427637f60bc7f0a3a67c9fd42,,electoral_mutual_exclusion,temporal
confidence_gate,relationship_confidence_below_threshold,27f281dd3e5bc99f406fd149603c061e,,electoral_mutual_exclusion,temporal
confidence_gate,relationship_confidence_below_threshold,28039e4f5282e555c25ff58e9eebdcc1,,electoral_mutual_exclusion,temporal
other,real_relationship_but_pairwise_not_tradeable,28151abeecb04b8cb68b4d5eab75cc1c,,electoral_mutual_exclusion,mutual_exclusion
confidence_gate,relationship_confidence_below_threshold,2867c91727f6f6360e082efe8c09483f,,electoral_mutual_exclusion,temporal
other,real_relationship_but_pairwise_not_tradeable,288069da0e7d24e28d6aea2fbb140c26,,electoral_mutual_exclusion,mutual_exclusion
confidence_gate,relationship_confidence_below_threshold,288c0a47f8849386f136b6ce60033a85,,electoral_mutual_exclusion,temporal
other,real_relationship_but_pairwise_not_tradeable,28ee657318d843f28df52d30aa692044,,electoral_mutual_exclusion,mutual_exclusion
confidence_gate,relationship_confidence_below_threshold,28f1a97a8b220117268e4c86b5e18efb,,electoral_mutual_exclusion,temporal
confidence_gate,relationship_confidence_below_threshold,28f1ae35a1ffe4ea1995fd3a78614051,,electoral_mutual_exclusion,temporal
confidence_gate,relationship_confidence_below_threshold,2907f209dac17206145eeec68202e471,,electoral_mutual_exclusion,temporal
confidence_gate,relationship_confidence_below_threshold,29396da1c4cd4261712b9308868c2d59,,electoral_mutual_exclusion,temporal
confidence_gate,relationship_confidence_below_threshold,298246066370d39553c1f46d5e7a0aae,,electoral_mutual_exclusion,temporal
confidence_gate,relationship_confidence_below_threshold,2a09c0a5a366820613054208360e740c,,electoral_mutual_exclusion,temporal
confidence_gate,relationship_confidence_below_threshold,2a26c569b509690f0cc2ed56f1d64eb4,,electoral_mutual_exclusion,temporal
other,real_relationship_but_pairwise_not_tradeable,2a597a1a472c490d98a7d67f6eb596ec,,electoral_mutual_exclusion,mutual_exclusion
confidence_gate,relationship_confidence_below_threshold,2a6e681e89fe5f192aadb373c3bf15d4,,electoral_mutual_exclusion,temporal
confidence_gate,relationship_confidence_below_threshold,2a874e71801b3844ce312e15bddb24d8,,electoral_mutual_exclusion,temporal
confidence_gate,relationship_confidence_below_threshold,2af0b0d607be31cdc5509add59e0a41e,,electoral_mutual_exclusion,temporal
confidence_gate,relationship_confidence_below_threshold,2b7f0406694697fcfdb9bc78bf58ffe2,,electoral_mutual_exclusion,temporal
confidence_gate,relationship_confidence_below_threshold,2b97dd4940f592c7cdcfefeba1a5167e,,electoral_mutual_exclusion,temporal
confidence_gate,relationship_confidence_below_threshold,2c0296b0dc00ad55611e521dfcd4efb0,,electoral_mutual_exclusion,temporal
confidence_gate,relationship_confidence_below_threshold,2c112cfee55d32918e459fd52a6dccab,,electoral_mutual_exclusion,temporal
confidence_gate,relationship_confidence_below_threshold,2c9c33a235538043597de56dfde8d284,,electoral_mutual_exclusion,temporal
confidence_gate,relationship_confidence_below_threshold,2ce8de750bab728b47e2c02766dc43e7,,electoral_mutual_exclusion,temporal
confidence_gate,relationship_confidence_below_threshold,2d3b3dcd23223496bf99c79f7a263576,,electoral_mutual_exclusion,temporal
confidence_gate,relationship_confidence_below_threshold,2d8f7f232406feb2d24b393fd258fd7e,,electoral_mutual_exclusion,temporal
other,real_relationship_but_pairwise_not_tradeable,2dd6eeaa77a245918abb2fdc2657c6ac,,electoral_mutual_exclusion,mutual_exclusion
other,real_relationship_but_pairwise_not_tradeable,2deca3a83e1e45c6b2d17d3b8fe11cc4,,electoral_mutual_exclusion,mutual_exclusion
confidence_gate,relationship_confidence_below_threshold,2df9215c9270816c093e9bfae0c14b94,,electoral_mutual_exclusion,temporal
other,real_relationship_but_pairwise_not_tradeable,2e134c7d2d48447c928f3eb9a795e02f,,electoral_mutual_exclusion,mutual_exclusion
other,real_relationship_but_pairwise_not_tradeable,2e24ead69d8d4ddbab26bdfb7e5bc4f3,,electoral_mutual_exclusion,mutual_exclusion
other,real_relationship_but_pairwise_not_tradeable,2e41abbc864145fc8336fa6937ff760a,,electoral_mutual_exclusion,mutual_exclusion
confidence_gate,relationship_confidence_below_threshold,2e770a5a6138d8722656e5e145a92834,,electoral_mutual_exclusion,temporal
confidence_gate,relationship_confidence_below_threshold,2e9d22a5289b854e4a0d88826c772672,,electoral_mutual_exclusion,temporal
confidence_gate,relationship_confidence_below_threshold,2eab13321b9b0bc29cec4cf52fa697c6,,electoral_mutual_exclusion,temporal
other,real_relationship_but_pairwise_not_tradeable,2ef1eac418a326df839f52db535ab312,,electoral_mutual_exclusion,mutual_exclusion
confidence_gate,relationship_confidence_below_threshold,2fdccf8fca4a025bee087b428b78122f,,electoral_mutual_exclusion,temporal
other,real_relationship_but_pairwise_not_tradeable,2ffec21ae6c14457b146ee23b1fd5783,,electoral_mutual_exclusion,mutual_exclusion
confidence_gate,relationship_confidence_below_threshold,307d20b7ae17b0b997e0ec5266fb72ef,,electoral_mutual_exclusion,temporal
confidence_gate,relationship_confidence_below_threshold,30bdbf11907f27f9fa5d8144464969d8,,electoral_mutual_exclusion,temporal
confidence_gate,relationship_confidence_below_threshold,30cde01d2a6a3de540262e2c74b43301,,electoral_mutual_exclusion,temporal
other,real_relationship_but_pairwise_not_tradeable,30d3f14febcb46e3a8d955f48d22a44d,,electoral_mutual_exclusion,mutual_exclusion
confidence_gate,relationship_confidence_below_threshold,30f843ce3339f03217485def8f527765,,electoral_mutual_exclusion,temporal
confidence_gate,relationship_confidence_below_threshold,310d726acd701e3add024748318cb2ab,,electoral_mutual_exclusion,temporal
confidence_gate,relationship_confidence_below_threshold,311eb37b660044e40f2fe95f62b97aa9,,electoral_mutual_exclusion,temporal
confidence_gate,relationship_confidence_below_threshold,316c0695445f864cd8788318b966d150,,electoral_mutual_exclusion,temporal
other,real_relationship_but_pairwise_not_tradeable,31cd08e3290a4c61b95cf2c8275e6870,,electoral_mutual_exclusion,mutual_exclusion
confidence_gate,relationship_confidence_below_threshold,322bc0761b9f26389f4db015f4a94421,,electoral_mutual_exclusion,temporal
other,real_relationship_but_pairwise_not_tradeable,323965116e8c42033dcd0716942f049d,,electoral_mutual_exclusion,mutual_exclusion
other,real_relationship_but_pairwise_not_tradeable,32f3078e2a714df0e1d1cacf9bf3e3c3,,electoral_mutual_exclusion,mutual_exclusion
other,real_relationship_but_pairwise_not_tradeable,334c3b8dbd71432fad26b9c5893f0870,,electoral_mutual_exclusion,mutual_exclusion
confidence_gate,relationship_confidence_below_threshold,3367fca6b546e31f8b81a8de1ff59319,,electoral_mutual_exclusion,temporal
confidence_gate,relationship_confidence_below_threshold,3373a99000f4dd4708758146b3bbff30,,electoral_mutual_exclusion,temporal
other,real_relationship_but_pairwise_not_tradeable,3390e576f42d6e973d3aab00b4ef4870,,electoral_mutual_exclusion,mutual_exclusion
confidence_gate,relationship_confidence_below_threshold,33e9433c4d177a5d52d8bbd845a51991,,electoral_mutual_exclusion,temporal
other,real_relationship_but_pairwise_not_tradeable,33f311bfb7068d70a77062046e67ced2,,electoral_mutual_exclusion,mutual_exclusion
confidence_gate,relationship_confidence_below_threshold,34d2e25a102cd95c3b1cd6d10af9221c,,electoral_mutual_exclusion,temporal
confidence_gate,relationship_confidence_below_threshold,34e455c8497c30b40d96e5e49ac58b39,,electoral_mutual_exclusion,temporal
confidence_gate,relationship_confidence_below_threshold,356fc8fd7cd0c3b8213ef5a8c391304d,,electoral_mutual_exclusion,temporal
other,real_relationship_but_pairwise_not_tradeable,3597794def6d44ef9540f30c77e453d9,,electoral_mutual_exclusion,mutual_exclusion
confidence_gate,relationship_confidence_below_threshold,361d5648031839be78a6e8ba9c1cadd4,,electoral_mutual_exclusion,temporal
confidence_gate,relationship_confidence_below_threshold,36d29d8929aef27e0a8a8b5c9df70fd3,,electoral_mutual_exclusion,temporal
confidence_gate,relationship_confidence_below_threshold,36dcd568a5c8cc214244c55050475fc6,,electoral_mutual_exclusion,temporal
confidence_gate,relationship_confidence_below_threshold,370744d305b8c071068a795a45c9145d,,electoral_mutual_exclusion,temporal
confidence_gate,relationship_confidence_below_threshold,3773ee7fa476eb976df4e3693da8b14a,,electoral_mutual_exclusion,temporal
other,real_relationship_but_pairwise_not_tradeable,37e7264e2f4b403d82232b0acc05556b,,electoral_mutual_exclusion,mutual_exclusion
confidence_gate,relationship_confidence_below_threshold,381079819636ece747f71371f214f454,,electoral_mutual_exclusion,temporal
confidence_gate,relationship_confidence_below_threshold,381b95b9bdc0ab60b058a8f7fe8133bc,,electoral_mutual_exclusion,temporal
confidence_gate,relationship_confidence_below_threshold,3869b854f1dd32e932e7372eccd1b54e,,electoral_mutual_exclusion,temporal
confidence_gate,relationship_confidence_below_threshold,38bac223dad876ebecfc3810753181ed,,electoral_mutual_exclusion,temporal
other,real_relationship_but_pairwise_not_tradeable,38d2fb1332064deab1a773e31b61ea22,,electoral_mutual_exclusion,mutual_exclusion
confidence_gate,relationship_confidence_below_threshold,38e312a36376661d80d5ae33bb270292,,electoral_mutual_exclusion,temporal
other,real_relationship_but_pairwise_not_tradeable,3992686484594699a386bcd5fb9037e4,,electoral_mutual_exclusion,mutual_exclusion
confidence_gate,relationship_confidence_below_threshold,39aa3519b8b06c85bedf030ee7026eaf,,electoral_mutual_exclusion,temporal
confidence_gate,relationship_confidence_below_threshold,3a1a9cf2f4faab060557385934ac49ef,,electoral_mutual_exclusion,temporal
confidence_gate,relationship_confidence_below_threshold,3a216427f7066bc170a11ce19cd5a7ce,,electoral_mutual_exclusion,temporal
confidence_gate,relationship_confidence_below_threshold,3a2204a2ea96487c33d29e41b01cf627,,electoral_mutual_exclusion,temporal
other,real_relationship_but_pairwise_not_tradeable,3a3209c345a94bb9818bf26596aa12bc,,electoral_mutual_exclusion,mutual_exclusion
other,real_relationship_but_pairwise_not_tradeable,3a350bb15d7c4f479042cdaab31dfcb3,,electoral_mutual_exclusion,mutual_exclusion
other,real_relationship_but_pairwise_not_tradeable,3a7fe662a12f2e9c78bfe6af61b27ea3,,electoral_mutual_exclusion,mutual_exclusion
confidence_gate,relationship_confidence_below_threshold,3b36224dc8ba8574436997bdb971e87f,,electoral_mutual_exclusion,temporal
confidence_gate,relationship_confidence_below_threshold,3c137ba513d0259cc5ef07213aeca7c9,,electoral_mutual_exclusion,temporal
confidence_gate,relationship_confidence_below_threshold,3c63fe5549eb8a45c6d9e97bf965153d,,electoral_mutual_exclusion,temporal
confidence_gate,relationship_confidence_below_threshold,3c8db2836e63bc248c7f4d77953547cd,,electoral_mutual_exclusion,temporal
confidence_gate,relationship_confidence_below_threshold,3c990ded617d38e892c75751cdb0bfc0,,electoral_mutual_exclusion,temporal
confidence_gate,relationship_confidence_below_threshold,3cb4bfb0ce59fc372f408b321e78e73d,,electoral_mutual_exclusion,temporal
confidence_gate,relationship_confidence_below_threshold,3cca8fd2b49c4333abd715037055493f,,electoral_mutual_exclusion,temporal
confidence_gate,relationship_confidence_below_threshold,3d93d8110e1c8737f65c92683f2b7576,,electoral_mutual_exclusion,temporal
other,real_relationship_but_pairwise_not_tradeable,3dc1bd09b4ff4f608d6cd0164a0cdfc5,,electoral_mutual_exclusion,mutual_exclusion
other,real_relationship_but_pairwise_not_tradeable,3dc36eabc48081b433cdcd8a961cf57e,,electoral_mutual_exclusion,mutual_exclusion
confidence_gate,relationship_confidence_below_threshold,3e12e2c3863207bb40b8cefbe5936152,,electoral_mutual_exclusion,temporal
other,real_relationship_but_pairwise_not_tradeable,3e13314a2ef62bed3a348d3310b508d0,,electoral_mutual_exclusion,mutual_exclusion
confidence_gate,relationship_confidence_below_threshold,3f97881c3e5e5be30996a0398ef804dc,,electoral_mutual_exclusion,temporal
confidence_gate,relationship_confidence_below_threshold,3fc3a9dd9d4c46ffdc9ab2bcab9453cb,,electoral_mutual_exclusion,temporal
other,real_relationship_but_pairwise_not_tradeable,3fdebd11dffd4fc98ac8e2d44cc80fa0,,electoral_mutual_exclusion,mutual_exclusion
confidence_gate,relationship_confidence_below_threshold,402822c2b23c0ace0fc88f169dfa1d32,,electoral_mutual_exclusion,temporal
confidence_gate,relationship_confidence_below_threshold,4041d71853e5ec50ad556e6a2c088135,,electoral_mutual_exclusion,temporal
confidence_gate,relationship_confidence_below_threshold,406b56cb9d3ef5737ed0fab12b1ee968,,electoral_mutual_exclusion,temporal
confidence_gate,relationship_confidence_below_threshold,40a9e9c9cfaf05ef1d8a695ea1ef2cb8,,electoral_mutual_exclusion,temporal
confidence_gate,relationship_confidence_below_threshold,40c4edf59d303767dba201d8eb3e3ce4,,electoral_mutual_exclusion,temporal
confidence_gate,relationship_confidence_below_threshold,40c9b208bff30fb9c1c8ef5a954e4be1,,electoral_mutual_exclusion,temporal
confidence_gate,relationship_confidence_below_threshold,40f3ac5dd4496726764b09e14375b6bb,,electoral_mutual_exclusion,temporal
confidence_gate,relationship_confidence_below_threshold,40f88267ccc20acf25ac37bfa5c240ec,,electoral_mutual_exclusion,temporal
confidence_gate,relationship_confidence_below_threshold,417dbe33588e50f4ec2698b0a80d631d,,electoral_mutual_exclusion,temporal
confidence_gate,relationship_confidence_below_threshold,4188c28439292ff2731499f1ade30d44,,electoral_mutual_exclusion,temporal
other,real_relationship_but_pairwise_not_tradeable,41b4eb3a8c61274c1a2c85bbe60b7c73,,electoral_mutual_exclusion,mutual_exclusion
confidence_gate,relationship_confidence_below_threshold,41be2ce29941d83d7cabf3600bd42dba,,electoral_mutual_exclusion,temporal
confidence_gate,relationship_confidence_below_threshold,4207b58c5da48f4e1b26eb5f16d44b81,,electoral_mutual_exclusion,temporal
confidence_gate,relationship_confidence_below_threshold,42b6b3fda280ee1b7ab401c72dc6d15f,,electoral_mutual_exclusion,temporal
confidence_gate,relationship_confidence_below_threshold,4327f26b81e5fdee6ac63be32de065c8,,electoral_mutual_exclusion,temporal
other,real_relationship_but_pairwise_not_tradeable,4349eda6823548d693a27d53ca4d7e10,,electoral_mutual_exclusion,mutual_exclusion
other,real_relationship_but_pairwise_not_tradeable,4396f252cbe8c351374201b4155af67b,,electoral_mutual_exclusion,mutual_exclusion
confidence_gate,relationship_confidence_below_threshold,43be8018d17e08e28eafb3310aa92a05,,electoral_mutual_exclusion,temporal
confidence_gate,relationship_confidence_below_threshold,448ad4ea0bc1bb94cf97b1778d79a52b,,electoral_mutual_exclusion,temporal
confidence_gate,relationship_confidence_below_threshold,448b27531b872276a5e78f87837d8ee3,,electoral_mutual_exclusion,temporal
confidence_gate,relationship_confidence_below_threshold,44d37a4575e22b68c6e2270b96298d31,,electoral_mutual_exclusion,temporal
other,real_relationship_but_pairwise_not_tradeable,4574c3004ecc3005cf3ac4dc3b670e62,,electoral_mutual_exclusion,mutual_exclusion
other,real_relationship_but_pairwise_not_tradeable,45e8960fab294a26910789148e782abb,,electoral_mutual_exclusion,mutual_exclusion
confidence_gate,relationship_confidence_below_threshold,4610d1d7bf3a250c8850837914701b50,,electoral_mutual_exclusion,temporal
confidence_gate,relationship_confidence_below_threshold,463326202f6a442a8cc5d5dd7611dfc1,,electoral_mutual_exclusion,temporal
confidence_gate,relationship_confidence_below_threshold,464e6a918f57b9aa1a975e05783bec41,,electoral_mutual_exclusion,temporal
confidence_gate,relationship_confidence_below_threshold,466231799c552ac8cc3d58f9a9115194,,electoral_mutual_exclusion,temporal
confidence_gate,relationship_confidence_below_threshold,4696c7607d72b8cee0e536ee493bbb7f,,electoral_mutual_exclusion,temporal
other,real_relationship_but_pairwise_not_tradeable,46bd090fbb166328d12a0de66e9d6b77,,electoral_mutual_exclusion,mutual_exclusion
confidence_gate,relationship_confidence_below_threshold,47319ab4f6077f58d21fffd891a84a30,,electoral_mutual_exclusion,temporal
confidence_gate,relationship_confidence_below_threshold,475348c48603a43679e40db74e79ad74,,electoral_mutual_exclusion,temporal
other,real_relationship_but_pairwise_not_tradeable,47536e6035a045d1b9f885b11b775093,,electoral_mutual_exclusion,mutual_exclusion
confidence_gate,relationship_confidence_below_threshold,476b59a7b380d09201fc041122967284,,electoral_mutual_exclusion,temporal
confidence_gate,relationship_confidence_below_threshold,47d4532b91d95923c2daecb1990a71a0,,electoral_mutual_exclusion,temporal
confidence_gate,relationship_confidence_below_threshold,47fe7d359771d13692c408bea728bc9d,,electoral_mutual_exclusion,temporal
other,real_relationship_but_pairwise_not_tradeable,4871e4cd6ee664e30e46190db9475530,,electoral_mutual_exclusion,mutual_exclusion
confidence_gate,relationship_confidence_below_threshold,48b49a7fcd6c904d29bcaad00792504c,,electoral_mutual_exclusion,temporal
confidence_gate,relationship_confidence_below_threshold,48c709f3840ea63c7a68e5a3f8d3366e,,electoral_mutual_exclusion,temporal
other,real_relationship_but_pairwise_not_tradeable,490e7b616b7f4f89a87f2eee71c95007,,electoral_mutual_exclusion,mutual_exclusion
confidence_gate,relationship_confidence_below_threshold,491f67023cba582d356c3c9ddd31e966,,electoral_mutual_exclusion,temporal
confidence_gate,relationship_confidence_below_threshold,49500870730242fe15d53b80106e477a,,electoral_mutual_exclusion,temporal
other,real_relationship_but_pairwise_not_tradeable,4951eafb4da2058cba7b0cb1e99dfdc9,,electoral_mutual_exclusion,mutual_exclusion
other,real_relationship_but_pairwise_not_tradeable,495c364396a04567b03e4f81ebdb9ef6,,electoral_mutual_exclusion,mutual_exclusion
confidence_gate,relationship_confidence_below_threshold,49c3b916090e0e68cef27247d237b945,,electoral_mutual_exclusion,temporal
other,real_relationship_but_pairwise_not_tradeable,4a2b7cc534e144bb892dc76bfd20bba2,,electoral_mutual_exclusion,mutual_exclusion
confidence_gate,relationship_confidence_below_threshold,4af4a2b761ebf1f6cf66593e97e8037e,,electoral_mutual_exclusion,temporal
confidence_gate,relationship_confidence_below_threshold,4b3efafdb7af8d59e320087fb661d0f4,,electoral_mutual_exclusion,temporal
confidence_gate,relationship_confidence_below_threshold,4baba5685953ef99fe10f31df4b62c18,,electoral_mutual_exclusion,temporal
other,real_relationship_but_pairwise_not_tradeable,4be916639c7bf6fd73e901ce54353f2c,,electoral_mutual_exclusion,mutual_exclusion
confidence_gate,relationship_confidence_below_threshold,4bf8cec74e9e517efcb3daaedb873943,,electoral_mutual_exclusion,temporal
other,real_relationship_but_pairwise_not_tradeable,4c0f66f92bd74ae1ab66cee0f5366db4,,electoral_mutual_exclusion,mutual_exclusion
confidence_gate,relationship_confidence_below_threshold,4c41181d49d26b0e71360adf40045d66,,electoral_mutual_exclusion,temporal
other,real_relationship_but_pairwise_not_tradeable,4c58e14486aa2619af95debfd5dd58f7,,electoral_mutual_exclusion,mutual_exclusion
other,real_relationship_but_pairwise_not_tradeable,4ce637f008aa497e8ba414a6ead10c60,,electoral_mutual_exclusion,mutual_exclusion
confidence_gate,relationship_confidence_below_threshold,4d0273a8cd644b935d3140ce1b2e9d6a,,electoral_mutual_exclusion,temporal
confidence_gate,relationship_confidence_below_threshold,4d1210667865307e361b2bf3c692a24d,,electoral_mutual_exclusion,temporal
confidence_gate,relationship_confidence_below_threshold,4d455533b5f38328758a7542e6818bd1,,electoral_mutual_exclusion,temporal
other,real_relationship_but_pairwise_not_tradeable,4d71f72c327c6b2a12709df63d436db9,,electoral_mutual_exclusion,mutual_exclusion
confidence_gate,relationship_confidence_below_threshold,4da9707f723df636894b3090aac3841f,,electoral_mutual_exclusion,temporal
confidence_gate,relationship_confidence_below_threshold,4e35eb120592c9c01a6c827499bbd2a7,,electoral_mutual_exclusion,temporal
other,real_relationship_but_pairwise_not_tradeable,4e768528c1ce178f5e4576bd9f36a626,,electoral_mutual_exclusion,mutual_exclusion
other,real_relationship_but_pairwise_not_tradeable,4e832b53dfa44ae89ba29ae5175806ad,,electoral_mutual_exclusion,mutual_exclusion
confidence_gate,relationship_confidence_below_threshold,4f4906102a704953216d054b21be38d7,,electoral_mutual_exclusion,temporal
confidence_gate,relationship_confidence_below_threshold,4f6265c1ddd7146eaba0dc20a2693f8f,,electoral_mutual_exclusion,temporal
confidence_gate,relationship_confidence_below_threshold,4fc229eb33f41eab3a5fdff00d802782,,electoral_mutual_exclusion,temporal
confidence_gate,relationship_confidence_below_threshold,4fc3feb7aa6479b1af11d92bec5033fa,,electoral_mutual_exclusion,temporal
other,real_relationship_but_pairwise_not_tradeable,4fe1b74b021b97cc5b80113461ef9870,,electoral_mutual_exclusion,mutual_exclusion
confidence_gate,relationship_confidence_below_threshold,5010aadefa4a25ec1dafa2dd478edc3f,,electoral_mutual_exclusion,temporal
confidence_gate,relationship_confidence_below_threshold,501ab155bd9cde134e29cd2cf7053b24,,electoral_mutual_exclusion,temporal
confidence_gate,relationship_confidence_below_threshold,5064b45b0ad98d070e1a019ec14ef1a9,,electoral_mutual_exclusion,temporal
confidence_gate,relationship_confidence_below_threshold,50afbfe6d479aa1aab222488e504b5ef,,electoral_mutual_exclusion,temporal
confidence_gate,relationship_confidence_below_threshold,50e3228d7497eaf7820da8191f293a68,,electoral_mutual_exclusion,temporal
confidence_gate,relationship_confidence_below_threshold,50f458ffd06ca3625e89fc3a3c90514b,,electoral_mutual_exclusion,temporal
other,real_relationship_but_pairwise_not_tradeable,5110539c2caf4581b152bcbc1aa84189,,electoral_mutual_exclusion,mutual_exclusion
confidence_gate,relationship_confidence_below_threshold,512566e9a629c8a4cbc4af9286efa1c5,,electoral_mutual_exclusion,temporal
other,real_relationship_but_pairwise_not_tradeable,5134e660bb5820009f39cbcc77b7a862,,electoral_mutual_exclusion,mutual_exclusion
confidence_gate,relationship_confidence_below_threshold,516db9ba64ff4c436b900d596e87fe16,,electoral_mutual_exclusion,temporal
other,real_relationship_but_pairwise_not_tradeable,519309931d784388ab6617bdbd645709,,electoral_mutual_exclusion,mutual_exclusion
confidence_gate,relationship_confidence_below_threshold,51adfb4b21fc1c4d582117659adb488f,,electoral_mutual_exclusion,temporal
other,real_relationship_but_pairwise_not_tradeable,51b3cddb1a796e05bc0cba6bde43fb8d,,electoral_mutual_exclusion,mutual_exclusion
confidence_gate,relationship_confidence_below_threshold,5206932d84e00b5a6f9fd87712429efa,,electoral_mutual_exclusion,temporal
confidence_gate,relationship_confidence_below_threshold,52ed5a4af828ef86aecec2b3b649bdf1,,electoral_mutual_exclusion,temporal
confidence_gate,relationship_confidence_below_threshold,531d2c5d1a570b03d8830f08d5e107fe,,electoral_mutual_exclusion,temporal
confidence_gate,relationship_confidence_below_threshold,5393679e4ccb177f47612003ddcfdcce,,electoral_mutual_exclusion,temporal
confidence_gate,relationship_confidence_below_threshold,54774c982bd4684a0d02c315d988b6a8,,electoral_mutual_exclusion,temporal
confidence_gate,relationship_confidence_below_threshold,5505a42b4aae6e4822e6d99c264911c5,,electoral_mutual_exclusion,temporal
other,real_relationship_but_pairwise_not_tradeable,55203e2ab4dd0e5446ebba492478fa51,,electoral_mutual_exclusion,mutual_exclusion
other,real_relationship_but_pairwise_not_tradeable,5533a25c7318afe36099443776d4ed15,,electoral_mutual_exclusion,mutual_exclusion
confidence_gate,relationship_confidence_below_threshold,56188d19dd93e25f6d5ebe40528e67df,,electoral_mutual_exclusion,temporal
confidence_gate,relationship_confidence_below_threshold,5631f1c43891469d00cfbc48daa4ac2e,,electoral_mutual_exclusion,temporal
other,real_relationship_but_pairwise_not_tradeable,564f960768d45b186a84130de4871749,,electoral_mutual_exclusion,mutual_exclusion
other,real_relationship_but_pairwise_not_tradeable,568c32ec3532d97505c2db0ef9b5eb22,,electoral_mutual_exclusion,mutual_exclusion
confidence_gate,relationship_confidence_below_threshold,56c828be5dfea462d0b3ffc87eee05f9,,electoral_mutual_exclusion,temporal
other,real_relationship_but_pairwise_not_tradeable,57b50f46deb9edb59833d951fabbb3e4,,electoral_mutual_exclusion,mutual_exclusion
other,real_relationship_but_pairwise_not_tradeable,589e1d270916612e22d38dc28b3fe34d,,electoral_mutual_exclusion,mutual_exclusion
other,real_relationship_but_pairwise_not_tradeable,59d6a014df5d4d8f98469ac6cc4d2b3a,,electoral_mutual_exclusion,mutual_exclusion
confidence_gate,relationship_confidence_below_threshold,5a312f214217b2dfed7e2089137113a9,,electoral_mutual_exclusion,temporal
other,real_relationship_but_pairwise_not_tradeable,5a6ab96d4a2946f190320af354743abc,,electoral_mutual_exclusion,mutual_exclusion
confidence_gate,relationship_confidence_below_threshold,5aab719df21901e1f3e51f5d6a962f21,,electoral_mutual_exclusion,temporal
confidence_gate,relationship_confidence_below_threshold,5b9b9f9ed45a3f9748f57009fae3257f,,electoral_mutual_exclusion,temporal
confidence_gate,relationship_confidence_below_threshold,5c4b9e6eb7b92cad146cff50ef6f1bf0,,electoral_mutual_exclusion,temporal
other,real_relationship_but_pairwise_not_tradeable,5c6337c335ce4dffb57dff94eecf1591,,electoral_mutual_exclusion,mutual_exclusion
confidence_gate,relationship_confidence_below_threshold,5cddd9684d4012082e707a37a97c1d9c,,electoral_mutual_exclusion,temporal
other,real_relationship_but_pairwise_not_tradeable,5d4c6b730250a0b05c394ab1aac000cd,,electoral_mutual_exclusion,mutual_exclusion
confidence_gate,relationship_confidence_below_threshold,5dacef314ca1a59a7c76808cdfe90651,,electoral_mutual_exclusion,temporal
confidence_gate,relationship_confidence_below_threshold,5e673716e58e0deb2a5def569260cdf8,,electoral_mutual_exclusion,temporal
confidence_gate,relationship_confidence_below_threshold,5f7d25a7c96d39cbb69a550b98c09cc7,,electoral_mutual_exclusion,temporal
confidence_gate,relationship_confidence_below_threshold,5f875de7ab25c9cc4bfdffb567dd3f93,,electoral_mutual_exclusion,temporal
confidence_gate,relationship_confidence_below_threshold,5feacd0b031777d63a39167c76090623,,electoral_mutual_exclusion,temporal
confidence_gate,relationship_confidence_below_threshold,600618900fcfc4302dc7783dfdf660db,,electoral_mutual_exclusion,temporal
confidence_gate,relationship_confidence_below_threshold,602842c30f5ca4eec02936c0753d71da,,electoral_mutual_exclusion,temporal
confidence_gate,relationship_confidence_below_threshold,60a89b56c6bc8e65bbf6b2e661df315f,,electoral_mutual_exclusion,temporal
confidence_gate,relationship_confidence_below_threshold,6138bddfb76a2defcadb9707410c37d6,,electoral_mutual_exclusion,temporal
other,real_relationship_but_pairwise_not_tradeable,616d82b1fcfad3a3efb8b320eb80ac7e,,electoral_mutual_exclusion,mutual_exclusion
confidence_gate,relationship_confidence_below_threshold,61e6771107e0b33d9bb261878669bc6f,,electoral_mutual_exclusion,temporal
other,real_relationship_but_pairwise_not_tradeable,621a85dfc6c94039b729296e4717c241,,electoral_mutual_exclusion,mutual_exclusion
confidence_gate,relationship_confidence_below_threshold,621b1d2d122845048492931ccbff49e5,,electoral_mutual_exclusion,temporal
confidence_gate,relationship_confidence_below_threshold,624de9575d8920d228dd7eb8e75e6594,,electoral_mutual_exclusion,temporal
other,real_relationship_but_pairwise_not_tradeable,626abcf503659d6e7f07580d32037459,,electoral_mutual_exclusion,mutual_exclusion
confidence_gate,relationship_confidence_below_threshold,629cc9fb3c86d17183abe77865746bdb,,electoral_mutual_exclusion,temporal
confidence_gate,relationship_confidence_below_threshold,62d64c7d2d07db6f491ce2aed1969f09,,electoral_mutual_exclusion,temporal
other,real_relationship_but_pairwise_not_tradeable,630b3fdcb12e40c4b08d8d033c135bc4,,electoral_mutual_exclusion,mutual_exclusion
confidence_gate,relationship_confidence_below_threshold,632f12c078a2d599c54758419548534e,,electoral_mutual_exclusion,temporal
confidence_gate,relationship_confidence_below_threshold,63810ca33752304836b9723838d2684c,,electoral_mutual_exclusion,temporal
confidence_gate,relationship_confidence_below_threshold,63a1acf52ab6008aac2cd70b2c13578c,,electoral_mutual_exclusion,temporal
confidence_gate,relationship_confidence_below_threshold,6406980dece9e18d213f8504b213c915,,electoral_mutual_exclusion,temporal
other,real_relationship_but_pairwise_not_tradeable,6406c632783465b657bc61571ed25489,,electoral_mutual_exclusion,mutual_exclusion
other,real_relationship_but_pairwise_not_tradeable,64168767785a402397d9ea71b96c7de7,,electoral_mutual_exclusion,mutual_exclusion
confidence_gate,relationship_confidence_below_threshold,6456e692825884bd81d7e541ff253680,,electoral_mutual_exclusion,temporal
confidence_gate,relationship_confidence_below_threshold,650e8994dc7fe89d6e5b2002a4067ecf,,electoral_mutual_exclusion,temporal
confidence_gate,relationship_confidence_below_threshold,654524c531e794c4135bdd8ab81b0335,,electoral_mutual_exclusion,temporal
confidence_gate,relationship_confidence_below_threshold,6560e506f48b8aa58ece58635e363a2d,,electoral_mutual_exclusion,temporal
confidence_gate,relationship_confidence_below_threshold,659c308dc69a92e535a9cc86ceb533ba,,electoral_mutual_exclusion,temporal
other,real_relationship_but_pairwise_not_tradeable,65d12a359af743bfa3caa7e24119c63e,,electoral_mutual_exclusion,mutual_exclusion
confidence_gate,relationship_confidence_below_threshold,66304ef1042f72589489b98da8dc5784,,electoral_mutual_exclusion,temporal
confidence_gate,relationship_confidence_below_threshold,664d986c09e69f5cf6ed53ff632a7875,,electoral_mutual_exclusion,temporal
other,real_relationship_but_pairwise_not_tradeable,6653158bb7744a56a17a287449166ba3,,electoral_mutual_exclusion,mutual_exclusion
confidence_gate,relationship_confidence_below_threshold,66b56fdd1d838a7170b4f13c73d8ab76,,electoral_mutual_exclusion,temporal
confidence_gate,relationship_confidence_below_threshold,66f0f15f9e063cecf07101eb3179ac71,,electoral_mutual_exclusion,temporal
confidence_gate,relationship_confidence_below_threshold,67e5c57dbb2cc8b5ccd56afe2a2b2ca4,,electoral_mutual_exclusion,temporal
confidence_gate,relationship_confidence_below_threshold,67e976da37eb68b3af1ddbb2bfdac075,,electoral_mutual_exclusion,temporal
confidence_gate,relationship_confidence_below_threshold,6832210f2f422ec2503b4772835a8a2e,,electoral_mutual_exclusion,temporal
other,real_relationship_but_pairwise_not_tradeable,683af219dfdbefb531b420d249ad567d,,electoral_mutual_exclusion,mutual_exclusion
confidence_gate,relationship_confidence_below_threshold,688372b884a879ac27124e32e8d46d76,,electoral_mutual_exclusion,temporal
confidence_gate,relationship_confidence_below_threshold,689b57b187e65aa06671f1db5c7bdfe1,,electoral_mutual_exclusion,temporal
confidence_gate,relationship_confidence_below_threshold,68a62d442fdcc0657d1d609fede68116,,electoral_mutual_exclusion,temporal
confidence_gate,relationship_confidence_below_threshold,68b7dc39b3e99fc144471c4c05805e37,,electoral_mutual_exclusion,temporal
confidence_gate,relationship_confidence_below_threshold,68b99ead63f02051d9c6d3cbc55fd05e,,electoral_mutual_exclusion,temporal
confidence_gate,relationship_confidence_below_threshold,68da9e6713cdfbe9830a90b7b58c03b2,,electoral_mutual_exclusion,temporal
other,real_relationship_but_pairwise_not_tradeable,699603f55f8a6ae572ab5762f3650435,,electoral_mutual_exclusion,mutual_exclusion
other,real_relationship_but_pairwise_not_tradeable,6b1694d331cd40e89e5ead5733bb3014,,electoral_mutual_exclusion,mutual_exclusion
confidence_gate,relationship_confidence_below_threshold,6b4ee2941d4dbcc2648fff2212bd91e4,,electoral_mutual_exclusion,temporal
other,real_relationship_but_pairwise_not_tradeable,6be6a79d32a399c42d171b11026193d3,,electoral_mutual_exclusion,mutual_exclusion
other,real_relationship_but_pairwise_not_tradeable,6c3b15e2b31a4945b9a22341443da05b,,electoral_mutual_exclusion,mutual_exclusion
confidence_gate,relationship_confidence_below_threshold,6c79a935e17ddc3664ef2d45c4abcbd9,,electoral_mutual_exclusion,temporal
other,real_relationship_but_pairwise_not_tradeable,6ca2237e87f1486c88f4f3a57da1e763,,electoral_mutual_exclusion,mutual_exclusion
confidence_gate,relationship_confidence_below_threshold,6cd42dbea99effc25a1217495c4a143c,,electoral_mutual_exclusion,temporal
confidence_gate,relationship_confidence_below_threshold,6d888ab8d73d5220d04f2c3d368c6ae3,,electoral_mutual_exclusion,temporal
confidence_gate,relationship_confidence_below_threshold,6d9f852a30c967523aab864e105d08f6,,electoral_mutual_exclusion,temporal
confidence_gate,relationship_confidence_below_threshold,6da0f2c9e413ae00e7983637c4abd804,,electoral_mutual_exclusion,temporal
confidence_gate,relationship_confidence_below_threshold,6da251a00635cf7c1e2c5d29a8f1248a,,electoral_mutual_exclusion,temporal
confidence_gate,relationship_confidence_below_threshold,6dd48360f138bede1233ab39f5d66545,,electoral_mutual_exclusion,temporal
confidence_gate,relationship_confidence_below_threshold,6e2cac6c66e570977c8b1d180baaf107,,electoral_mutual_exclusion,temporal
other,real_relationship_but_pairwise_not_tradeable,6e83f7ac9af249e8a2f9442a5d914b5a,,electoral_mutual_exclusion,mutual_exclusion
confidence_gate,relationship_confidence_below_threshold,6eb2c7b2cde4e0d885d3559ec8eade3c,,electoral_mutual_exclusion,temporal
other,real_relationship_but_pairwise_not_tradeable,6f71f76ebb7f4e97b53bfda87bd68dc9,,electoral_mutual_exclusion,mutual_exclusion
confidence_gate,relationship_confidence_below_threshold,6fa49ec840a106114e5db4a0f2524963,,electoral_mutual_exclusion,temporal
confidence_gate,relationship_confidence_below_threshold,6fcbf719c1dd11f0112d3f0210a4365b,,electoral_mutual_exclusion,temporal
confidence_gate,relationship_confidence_below_threshold,7068552724ecd3b89aeb191b954696b0,,electoral_mutual_exclusion,temporal
confidence_gate,relationship_confidence_below_threshold,70a986c826fbd65f68afeced88cc9bdf,,electoral_mutual_exclusion,temporal
other,real_relationship_but_pairwise_not_tradeable,70b23267751d4730a27d513411b4daa7,,electoral_mutual_exclusion,mutual_exclusion
confidence_gate,relationship_confidence_below_threshold,716f29653c0e5f64a09df6a5f060aea4,,electoral_mutual_exclusion,temporal
confidence_gate,relationship_confidence_below_threshold,718fe48601f74cd8e7deb3087a7ae977,,electoral_mutual_exclusion,temporal
other,real_relationship_but_pairwise_not_tradeable,723095699cba45b1bd8f7691745219a8,,electoral_mutual_exclusion,mutual_exclusion
confidence_gate,relationship_confidence_below_threshold,72bfa02e2aa9ac2fd2b337bc74cd6fbf,,electoral_mutual_exclusion,temporal
confidence_gate,relationship_confidence_below_threshold,7306019dd5080f54c249a6e088b1ef47,,electoral_mutual_exclusion,temporal
confidence_gate,relationship_confidence_below_threshold,7339a3a37e85e450864c6a972b560dff,,electoral_mutual_exclusion,temporal
confidence_gate,relationship_confidence_below_threshold,73a2f83b454f8c161c83aa621faa7b31,,electoral_mutual_exclusion,temporal
confidence_gate,relationship_confidence_below_threshold,73b568d11158e53faec8caf0e2cdf55a,,electoral_mutual_exclusion,temporal
other,real_relationship_but_pairwise_not_tradeable,74359a94f5c0491d8577caaaa9f9602c,,electoral_mutual_exclusion,mutual_exclusion
other,real_relationship_but_pairwise_not_tradeable,7438ea39d26c0db70da672b8ac9a40ee,,electoral_mutual_exclusion,mutual_exclusion
confidence_gate,relationship_confidence_below_threshold,74b02523a24bfa16645a4036a5bf25ea,,electoral_mutual_exclusion,temporal
confidence_gate,relationship_confidence_below_threshold,74bded9e8f05c6902c4df899015a9200,,electoral_mutual_exclusion,temporal
confidence_gate,relationship_confidence_below_threshold,753d84df113df8cfd164cdb87f61f9b8,,electoral_mutual_exclusion,temporal
other,real_relationship_but_pairwise_not_tradeable,75530125299bb2bfa562ae0fa5a6c500,,electoral_mutual_exclusion,mutual_exclusion
confidence_gate,relationship_confidence_below_threshold,755b934d5615a158da5ed220a9298ba8,,electoral_mutual_exclusion,temporal
other,real_relationship_but_pairwise_not_tradeable,76450c1c04796276f07c8098e87009da,,electoral_mutual_exclusion,mutual_exclusion
confidence_gate,relationship_confidence_below_threshold,76963afcc47dae244e4ab783e526ed23,,electoral_mutual_exclusion,temporal
confidence_gate,relationship_confidence_below_threshold,76cbf185e8cbd3c22aab182dccc1b1ae,,electoral_mutual_exclusion,mutual_exclusion
confidence_gate,relationship_confidence_below_threshold,770d24f83a3e99073eb8fa8c468a685b,,electoral_mutual_exclusion,temporal
other,real_relationship_but_pairwise_not_tradeable,77475ad7fb7f72148d5b143f4c8e9c10,,electoral_mutual_exclusion,mutual_exclusion
other,real_relationship_but_pairwise_not_tradeable,789ed94d1f86448c9179d1dc83767599,,electoral_mutual_exclusion,mutual_exclusion
other,real_relationship_but_pairwise_not_tradeable,78ef943bf3c049e0958cfc48f87c6e89,,electoral_mutual_exclusion,mutual_exclusion
confidence_gate,relationship_confidence_below_threshold,79e3930a331466248a0caf86d82d8099,,electoral_mutual_exclusion,temporal
other,real_relationship_but_pairwise_not_tradeable,7a6044e03c6a6c0624c2ceea56f7b9d9,,electoral_mutual_exclusion,mutual_exclusion
confidence_gate,relationship_confidence_below_threshold,7ab6dd7c0a0b94078150af5ba96508f8,,electoral_mutual_exclusion,temporal
confidence_gate,relationship_confidence_below_threshold,7ae100c317037c2b764c6b1626fef67d,,electoral_mutual_exclusion,temporal
confidence_gate,relationship_confidence_below_threshold,7bcf8f38bcf88188d70123cac468df5b,,electoral_mutual_exclusion,temporal
confidence_gate,relationship_confidence_below_threshold,7bd5024c3af4439cb2fa240eddbcf095,,electoral_mutual_exclusion,temporal
confidence_gate,relationship_confidence_below_threshold,7c55f76c8c681bb77999ef498ca463a5,,electoral_mutual_exclusion,temporal
confidence_gate,relationship_confidence_below_threshold,7c76de80b3cf40c50e9aad16a99671f5,,electoral_mutual_exclusion,temporal
confidence_gate,relationship_confidence_below_threshold,7c8c0e3ec80fb1bac3c5e0a69c7e0be5,,electoral_mutual_exclusion,temporal
other,real_relationship_but_pairwise_not_tradeable,7cbb0c4c1527ba30e40c541a09acf7db,,electoral_mutual_exclusion,mutual_exclusion
other,real_relationship_but_pairwise_not_tradeable,7cc72317fe9f0961e23842b957569a1e,,electoral_mutual_exclusion,mutual_exclusion
confidence_gate,relationship_confidence_below_threshold,7cceb0896ce75329b2b8a2a7326b95cd,,electoral_mutual_exclusion,temporal
other,real_relationship_but_pairwise_not_tradeable,7cd7b84ac54bc139a47d3981c05352ba,,electoral_mutual_exclusion,mutual_exclusion
confidence_gate,relationship_confidence_below_threshold,7d3de13bfdacb398e22604a7bd2db2f1,,electoral_mutual_exclusion,temporal
confidence_gate,relationship_confidence_below_threshold,7d689e3e13e9cdc965e5d6ca1bf37e87,,electoral_mutual_exclusion,temporal
confidence_gate,relationship_confidence_below_threshold,7d89a3b446176db2f0e7489280d5e355,,electoral_mutual_exclusion,temporal
confidence_gate,relationship_confidence_below_threshold,7d9c878a14cbb611905b3bd44aacedea,,electoral_mutual_exclusion,temporal
confidence_gate,relationship_confidence_below_threshold,7dc103231260c4832a404496f9885b22,,electoral_mutual_exclusion,temporal
confidence_gate,relationship_confidence_below_threshold,7dc44d581a88ff0a91c39e4a2cd6d15f,,electoral_mutual_exclusion,temporal
other,real_relationship_but_pairwise_not_tradeable,7e38b322efd84a89925ee139e650dc35,,electoral_mutual_exclusion,mutual_exclusion
confidence_gate,relationship_confidence_below_threshold,7e72a5dc009aed8be94f216ddfc3c314,,electoral_mutual_exclusion,temporal
other,real_relationship_but_pairwise_not_tradeable,7ed3f289d33f5a7108e068f122255519,,electoral_mutual_exclusion,mutual_exclusion
confidence_gate,relationship_confidence_below_threshold,7f48bc47ee8ce22e42732b6db604ad43,,electoral_mutual_exclusion,temporal
confidence_gate,relationship_confidence_below_threshold,7f70bd8450eb9db265cae6e924d4779b,,electoral_mutual_exclusion,temporal
confidence_gate,relationship_confidence_below_threshold,7f832e4fc75141cbe6bc2a95392c3a69,,electoral_mutual_exclusion,temporal
confidence_gate,relationship_confidence_below_threshold,7fe3c1519758ced9cd8ee0ae0f35ce74,,electoral_mutual_exclusion,temporal
other,real_relationship_but_pairwise_not_tradeable,80722b9832f54bf8b4bd8c1a426d9c28,,electoral_mutual_exclusion,mutual_exclusion
confidence_gate,relationship_confidence_below_threshold,80be376b3c4566e08edd76850fb3adbc,,electoral_mutual_exclusion,temporal
other,real_relationship_but_pairwise_not_tradeable,80d2307207f6c2aab67fd37689ad9d81,,electoral_mutual_exclusion,mutual_exclusion
other,real_relationship_but_pairwise_not_tradeable,810971a7cfb7494aab20e0f35a28fa5a,,electoral_mutual_exclusion,mutual_exclusion
other,real_relationship_but_pairwise_not_tradeable,818c9e6366874519507a6d66b3043e07,,electoral_mutual_exclusion,mutual_exclusion
confidence_gate,relationship_confidence_below_threshold,82134b8212d1925cc365c8837b6811a1,,electoral_mutual_exclusion,temporal
confidence_gate,relationship_confidence_below_threshold,822baeeb7b11c3b50b79117540778472,,electoral_mutual_exclusion,temporal
confidence_gate,relationship_confidence_below_threshold,82a50d4f1a8001380b5ce1e1b83d1065,,electoral_mutual_exclusion,temporal
other,real_relationship_but_pairwise_not_tradeable,82b3ffdcaffacb0fa89ae50662e34535,,electoral_mutual_exclusion,mutual_exclusion
confidence_gate,relationship_confidence_below_threshold,82c12b8351adeb7ef26b4c573389c39b,,electoral_mutual_exclusion,temporal
confidence_gate,relationship_confidence_below_threshold,832ee76130ae4d9392324b95e933d6da,,electoral_mutual_exclusion,temporal
confidence_gate,relationship_confidence_below_threshold,833ad2701d4bbf89162a78349e883b7d,,electoral_mutual_exclusion,temporal
confidence_gate,relationship_confidence_below_threshold,83a2b0ab58fe629bc8e0b5faa785e158,,electoral_mutual_exclusion,temporal
confidence_gate,relationship_confidence_below_threshold,83b12c223af4ded166d25d6f7c437103,,electoral_mutual_exclusion,temporal
confidence_gate,relationship_confidence_below_threshold,83d2b51a9573588e6b6c4558d71d6372,,electoral_mutual_exclusion,temporal
confidence_gate,relationship_confidence_below_threshold,83d58a9dfd62dbe26dbac80b424bc25b,,electoral_mutual_exclusion,temporal
confidence_gate,relationship_confidence_below_threshold,848c5162c2f60ecd248493d1343c545b,,electoral_mutual_exclusion,temporal
other,real_relationship_but_pairwise_not_tradeable,84cae38ce85e4476af05604558c38e63,,electoral_mutual_exclusion,mutual_exclusion
other,real_relationship_but_pairwise_not_tradeable,859bc13ab36f7fca964f0ea61522074c,,electoral_mutual_exclusion,mutual_exclusion
other,real_relationship_but_pairwise_not_tradeable,85bbd961cf42bec7aa908891c604d6bb,,electoral_mutual_exclusion,mutual_exclusion
confidence_gate,relationship_confidence_below_threshold,85bed9bd247ceaf30a62a59bddce89ab,,electoral_mutual_exclusion,temporal
confidence_gate,relationship_confidence_below_threshold,86353a621a3fed7bc4eaeba4189fbfcc,,electoral_mutual_exclusion,temporal
confidence_gate,relationship_confidence_below_threshold,8636ccbdc1e5a12cd3092136ddd6105e,,electoral_mutual_exclusion,temporal
confidence_gate,relationship_confidence_below_threshold,8681045a5ea5512c83c695ca130b5161,,electoral_mutual_exclusion,temporal
confidence_gate,relationship_confidence_below_threshold,86a7c084480001b1813eff8adaca39a1,,electoral_mutual_exclusion,temporal
confidence_gate,relationship_confidence_below_threshold,86ba8626163e77c461f00c01412f7908,,electoral_mutual_exclusion,temporal
confidence_gate,relationship_confidence_below_threshold,86c25d6fe35c73c86b318232922dfbcb,,electoral_mutual_exclusion,temporal
other,real_relationship_but_pairwise_not_tradeable,87925745039248c39779c0d02b8fc577,,electoral_mutual_exclusion,mutual_exclusion
other,real_relationship_but_pairwise_not_tradeable,87c39bc7afde47899bdc6322f1530a0f,,electoral_mutual_exclusion,mutual_exclusion
confidence_gate,relationship_confidence_below_threshold,87e2e7f05598f68092bfea1faa4587ad,,electoral_mutual_exclusion,temporal
confidence_gate,relationship_confidence_below_threshold,880af9b25ecec8460701aac1b218d9fa,,electoral_mutual_exclusion,temporal
confidence_gate,relationship_confidence_below_threshold,882851c4939b1612a4e114d7e13ec216,,electoral_mutual_exclusion,temporal
confidence_gate,relationship_confidence_below_threshold,88420e06d8e608c932abe46f40c8fd47,,electoral_mutual_exclusion,temporal
other,real_relationship_but_pairwise_not_tradeable,8925ca6876d04fc4b7a42bb843c95c7a,,electoral_mutual_exclusion,mutual_exclusion
confidence_gate,relationship_confidence_below_threshold,89db571fe9d1af429c95dd784b2f46d8,,electoral_mutual_exclusion,temporal
confidence_gate,relationship_confidence_below_threshold,89ff3eb8c98b6a91ec72261875809c7a,,electoral_mutual_exclusion,temporal
confidence_gate,relationship_confidence_below_threshold,8a09ae5643c83c29d697e58b62af3a23,,electoral_mutual_exclusion,temporal
confidence_gate,relationship_confidence_below_threshold,8a35a64576fef27c32a3ab86337ff8ba,,electoral_mutual_exclusion,temporal
other,real_relationship_but_pairwise_not_tradeable,8a81dce86bc3beecd5dcd71edb1e7843,,electoral_mutual_exclusion,mutual_exclusion
confidence_gate,relationship_confidence_below_threshold,8aefa88f0a980611bd86e5b35d15c3f6,,electoral_mutual_exclusion,temporal
other,real_relationship_but_pairwise_not_tradeable,8be240036dcd3c173f26e396f5846cdd,,electoral_mutual_exclusion,mutual_exclusion
confidence_gate,relationship_confidence_below_threshold,8c2920b1cdd7f1e535690c1c2ccf368a,,electoral_mutual_exclusion,temporal
other,real_relationship_but_pairwise_not_tradeable,8c7b3aa4e6f54468a7b88e0d2965390a,,electoral_mutual_exclusion,mutual_exclusion
confidence_gate,relationship_confidence_below_threshold,8caab16516bfaaec05ed2d4701ebfd20,,electoral_mutual_exclusion,temporal
confidence_gate,relationship_confidence_below_threshold,8cc4793680250807fe9f37887c13912e,,electoral_mutual_exclusion,temporal
other,real_relationship_but_pairwise_not_tradeable,8cd6e97a0589e91f56f6ed3550c7bf56,,electoral_mutual_exclusion,mutual_exclusion
confidence_gate,relationship_confidence_below_threshold,8d2b3fffe3ac9a300c400c2157de05aa,,electoral_mutual_exclusion,temporal
confidence_gate,relationship_confidence_below_threshold,8d5b098c3a2000a86f8035943ce5f592,,electoral_mutual_exclusion,temporal
confidence_gate,relationship_confidence_below_threshold,8d8a991f42fcfdb25e7776dcc07b83c5,,electoral_mutual_exclusion,temporal
other,real_relationship_but_pairwise_not_tradeable,8dbf3037f63e680f64d63fe59ad7f2e7,,electoral_mutual_exclusion,mutual_exclusion
other,real_relationship_but_pairwise_not_tradeable,8dd08e8fbe9047bd84c46de9dcdd2144,,electoral_mutual_exclusion,mutual_exclusion
other,real_relationship_but_pairwise_not_tradeable,8deec3ccc9bd4c709509442e8f5981fa,,electoral_mutual_exclusion,mutual_exclusion
confidence_gate,relationship_confidence_below_threshold,8df2becf36058540cd760c51e14ee53b,,electoral_mutual_exclusion,temporal
confidence_gate,relationship_confidence_below_threshold,8e446025ae0817639b2670116cd82f76,,electoral_mutual_exclusion,temporal
other,real_relationship_but_pairwise_not_tradeable,8e4d7ddd0af60f845a0ee3b0f9f93afa,,electoral_mutual_exclusion,mutual_exclusion
confidence_gate,relationship_confidence_below_threshold,8e522024d555029612ce69fc4da3e9e4,,electoral_mutual_exclusion,temporal
confidence_gate,relationship_confidence_below_threshold,8e91f65aa70937817713da52563b70fd,,electoral_mutual_exclusion,temporal
other,real_relationship_but_pairwise_not_tradeable,8ef11254882a48abaa728adad0390519,,electoral_mutual_exclusion,mutual_exclusion
confidence_gate,relationship_confidence_below_threshold,8f19b607d18491742f9689f1fc85f23c,,electoral_mutual_exclusion,temporal
other,real_relationship_but_pairwise_not_tradeable,8f2cbe0d8405405da5f059dfab46b6ac,,electoral_mutual_exclusion,mutual_exclusion
confidence_gate,relationship_confidence_below_threshold,8f4410acddf8b900faf5da4b0e7c301c,,electoral_mutual_exclusion,temporal
confidence_gate,relationship_confidence_below_threshold,8f5ce1f80026402f70b2080770e91cc7,,electoral_mutual_exclusion,temporal
confidence_gate,relationship_confidence_below_threshold,8fc5d49f02c0f88aa4bea4ef8af310ec,,electoral_mutual_exclusion,temporal
confidence_gate,relationship_confidence_below_threshold,8ffaf582e619e069af3bb6a4267217ae,,electoral_mutual_exclusion,temporal
confidence_gate,relationship_confidence_below_threshold,8ffb6a432d2b243ea92aaf56130b5c8a,,electoral_mutual_exclusion,temporal
confidence_gate,relationship_confidence_below_threshold,90066e6989862480b7e321a839d17b21,,electoral_mutual_exclusion,temporal
confidence_gate,relationship_confidence_below_threshold,901d15b8f97c4d47f8228740168fb57f,,electoral_mutual_exclusion,temporal
confidence_gate,relationship_confidence_below_threshold,903452fff6a4348285ca4fd68ad761c7,,electoral_mutual_exclusion,temporal
other,real_relationship_but_pairwise_not_tradeable,910b210ab3d22741843ecc8458737ba8,,electoral_mutual_exclusion,mutual_exclusion
other,real_relationship_but_pairwise_not_tradeable,912bed955c0e2c572adf315d2cbb398a,,electoral_mutual_exclusion,mutual_exclusion
other,real_relationship_but_pairwise_not_tradeable,9159ba60c34ac0756cfe0e236cc81374,,electoral_mutual_exclusion,mutual_exclusion
confidence_gate,relationship_confidence_below_threshold,918d201384c7de9b828fa9980debee3a,,electoral_mutual_exclusion,temporal
confidence_gate,relationship_confidence_below_threshold,9200ad0cf1ab90ea4a0057db1c04c06d,,electoral_mutual_exclusion,temporal
confidence_gate,relationship_confidence_below_threshold,9205d101d893a563f7f26f19f8370211,,electoral_mutual_exclusion,temporal
confidence_gate,relationship_confidence_below_threshold,931bd4b0c4d17d91d153cd74f3eeba6e,,electoral_mutual_exclusion,temporal
confidence_gate,relationship_confidence_below_threshold,934e6cefd9f8205d1429406d8db3a054,,electoral_mutual_exclusion,temporal
confidence_gate,relationship_confidence_below_threshold,935f96c36aa8391cfa2df50fad22eab6,,electoral_mutual_exclusion,temporal
other,real_relationship_but_pairwise_not_tradeable,93c68955838841c9ae6be3b3cd7177a5,,electoral_mutual_exclusion,mutual_exclusion
confidence_gate,relationship_confidence_below_threshold,93d4ae1af130aa51a17d7c6baf846660,,electoral_mutual_exclusion,temporal
confidence_gate,relationship_confidence_below_threshold,9480eade30bc748de69d78c0a3dab462,,electoral_mutual_exclusion,temporal
confidence_gate,relationship_confidence_below_threshold,955fb59c307c2a81f505635fba37e2a7,,electoral_mutual_exclusion,temporal
confidence_gate,relationship_confidence_below_threshold,957d6a7c99c06047ac80fd443b47843b,,electoral_mutual_exclusion,temporal
confidence_gate,relationship_confidence_below_threshold,95869ca8869ba37540c861df1f903e96,,electoral_mutual_exclusion,temporal
other,real_relationship_but_pairwise_not_tradeable,95b237dfac544a01a37cfb5c65704ee8,,electoral_mutual_exclusion,mutual_exclusion
confidence_gate,relationship_confidence_below_threshold,95b6c8c450c22d65875adae0e01a360c,,electoral_mutual_exclusion,temporal
other,real_relationship_but_pairwise_not_tradeable,9630448152164833a790edb5570d6a9c,,electoral_mutual_exclusion,mutual_exclusion
other,real_relationship_but_pairwise_not_tradeable,978c476af4b0e7ed89b29bbc70f7cabf,,electoral_mutual_exclusion,mutual_exclusion
confidence_gate,relationship_confidence_below_threshold,97c64ccac5a03625dd08c187b5808821,,electoral_mutual_exclusion,temporal
other,real_relationship_but_pairwise_not_tradeable,97ded0fc4d414718a6399df4cc2ea664,,electoral_mutual_exclusion,mutual_exclusion
confidence_gate,relationship_confidence_below_threshold,984a48b01dd24106a890a718b2cbadfe,,electoral_mutual_exclusion,temporal
confidence_gate,relationship_confidence_below_threshold,989a73387b5b3f9a3777740ad6a78fec,,electoral_mutual_exclusion,temporal
other,real_relationship_but_pairwise_not_tradeable,99875bdc2a698620240b09eab8f9ed90,,electoral_mutual_exclusion,mutual_exclusion
confidence_gate,relationship_confidence_below_threshold,99b1af9fe15b1e241b7b45502b66f87d,,electoral_mutual_exclusion,temporal
confidence_gate,relationship_confidence_below_threshold,9a5017f4bc0d66a7e9d3fae69ecb9820,,electoral_mutual_exclusion,temporal
confidence_gate,relationship_confidence_below_threshold,9a9034ca5886ffc47291fdd98a7746f6,,electoral_mutual_exclusion,temporal
confidence_gate,relationship_confidence_below_threshold,9a9b1b74f6646c66999974c9eabc5994,,electoral_mutual_exclusion,temporal
confidence_gate,relationship_confidence_below_threshold,9ac3155eb0f6f3b387c06a7c6da6e12f,,electoral_mutual_exclusion,temporal
confidence_gate,relationship_confidence_below_threshold,9b21a2f1b543b5bfd7ecff9b64dc6526,,electoral_mutual_exclusion,temporal
other,real_relationship_but_pairwise_not_tradeable,9b3da1c88ffe97d4ae23fac6847ef2a2,,electoral_mutual_exclusion,mutual_exclusion
other,real_relationship_but_pairwise_not_tradeable,9b9368696cfbf2918d55fe0e5c854298,,electoral_mutual_exclusion,mutual_exclusion
confidence_gate,relationship_confidence_below_threshold,9bb00ef2f8f64e4302be347d105816fe,,electoral_mutual_exclusion,temporal
confidence_gate,relationship_confidence_below_threshold,9bcf0da1aaefff1a8e99d1c3bd7bfa14,,electoral_mutual_exclusion,temporal
confidence_gate,relationship_confidence_below_threshold,9c1a65a9736903fd3ae3afe6fe337dac,,electoral_mutual_exclusion,temporal
other,real_relationship_but_pairwise_not_tradeable,9c1f617016db4b8680529777b0961b0e,,electoral_mutual_exclusion,mutual_exclusion
confidence_gate,relationship_confidence_below_threshold,9c29f22aff3d30d65dc84d38ea6a3cd1,,electoral_mutual_exclusion,temporal
other,real_relationship_but_pairwise_not_tradeable,9cbd03a0734a8d75a0b1b450e85203a4,,electoral_mutual_exclusion,mutual_exclusion
confidence_gate,relationship_confidence_below_threshold,9cf414aa6aa29d5bfaffa3b0fa5d4378,,electoral_mutual_exclusion,temporal
confidence_gate,relationship_confidence_below_threshold,9d12f42ecf5a50e0cd8e8efa3c99459f,,electoral_mutual_exclusion,temporal
confidence_gate,relationship_confidence_below_threshold,9d31cc398de3f2e43a0c3bc8f07805a7,,electoral_mutual_exclusion,temporal
confidence_gate,relationship_confidence_below_threshold,9dffc66635d6093a176445beaec650c3,,electoral_mutual_exclusion,temporal
other,real_relationship_but_pairwise_not_tradeable,9e1eab838aaa45e09c191f4776d6c2c9,,electoral_mutual_exclusion,mutual_exclusion
confidence_gate,relationship_confidence_below_threshold,9e5363bbe74785b092d93c0b1e9d2e6a,,electoral_mutual_exclusion,temporal
other,real_relationship_but_pairwise_not_tradeable,9f08dc9ab80f4f5da2ed513c4d2548ce,,electoral_mutual_exclusion,mutual_exclusion
other,real_relationship_but_pairwise_not_tradeable,9faaaf2f86fa9f07f52ab0d8104958bc,,electoral_mutual_exclusion,mutual_exclusion
confidence_gate,relationship_confidence_below_threshold,9fce4283d5ef2147b86d8e7b94d97df0,,electoral_mutual_exclusion,temporal
confidence_gate,relationship_confidence_below_threshold,9fd4f914809585de3830a93d6968c20b,,electoral_mutual_exclusion,temporal
confidence_gate,relationship_confidence_below_threshold,a02c8db6c5fa6503dc77e567fb59ee6d,,electoral_mutual_exclusion,temporal
confidence_gate,relationship_confidence_below_threshold,a07363051644e5bb21bd141e87c4ee35,,electoral_mutual_exclusion,temporal
confidence_gate,relationship_confidence_below_threshold,a07fb493374fdb818a7f0b8f23af3bc8,,electoral_mutual_exclusion,temporal
confidence_gate,relationship_confidence_below_threshold,a1285b20fd460b312a5b228e6e314e12,,electoral_mutual_exclusion,temporal
confidence_gate,relationship_confidence_below_threshold,a13eeb52b19f89177fa64e7419405a32,,electoral_mutual_exclusion,temporal
other,real_relationship_but_pairwise_not_tradeable,a143b2bb9616431db52b9f9f2cf4a088,,electoral_mutual_exclusion,mutual_exclusion
confidence_gate,relationship_confidence_below_threshold,a21046b7452845f2377b6164bbd8ee16,,electoral_mutual_exclusion,temporal
confidence_gate,relationship_confidence_below_threshold,a213a18196a684cc771a554bc827b1eb,,electoral_mutual_exclusion,temporal
confidence_gate,relationship_confidence_below_threshold,a22ee679f43e070e055c2d9f045488ec,,electoral_mutual_exclusion,temporal
confidence_gate,relationship_confidence_below_threshold,a27ee1d14dba92a209c39e8c8eec704a,,electoral_mutual_exclusion,temporal
confidence_gate,relationship_confidence_below_threshold,a29963c01a2d8bd747b63f22635df33b,,electoral_mutual_exclusion,temporal
confidence_gate,relationship_confidence_below_threshold,a3ade08ecf8bcdfd7d35ce03145f63dd,,electoral_mutual_exclusion,temporal
other,real_relationship_but_pairwise_not_tradeable,a3f335ad9b5636e176a07583517f278f,,electoral_mutual_exclusion,mutual_exclusion
confidence_gate,relationship_confidence_below_threshold,a4e61133c70718ad62d0bb33785e47ea,,electoral_mutual_exclusion,temporal
confidence_gate,relationship_confidence_below_threshold,a53d065bc5412fcee3bd8c731f3de911,,electoral_mutual_exclusion,temporal
other,real_relationship_but_pairwise_not_tradeable,a57c02092f6b4466af867acec1fc167f,,electoral_mutual_exclusion,mutual_exclusion
confidence_gate,relationship_confidence_below_threshold,a5c73e03e2d0afb76b4583465b34393f,,electoral_mutual_exclusion,temporal
confidence_gate,relationship_confidence_below_threshold,a5cc289616e3efe079f9a9e12612724a,,electoral_mutual_exclusion,temporal
confidence_gate,relationship_confidence_below_threshold,a5e8a7cbce7fe8eb55c31f89bc5695d3,,electoral_mutual_exclusion,temporal
other,real_relationship_but_pairwise_not_tradeable,a627c2b5e75c472696cdfbd0af25706c,,electoral_mutual_exclusion,mutual_exclusion
confidence_gate,relationship_confidence_below_threshold,a632c34df4380fa55f0800c89b6461ac,,electoral_mutual_exclusion,temporal
confidence_gate,relationship_confidence_below_threshold,a6f4ad50f34abbf092fdc9ef37c5923e,,electoral_mutual_exclusion,temporal
confidence_gate,relationship_confidence_below_threshold,a6fa6d0f05cf51f680b12923bb29583c,,electoral_mutual_exclusion,temporal
confidence_gate,relationship_confidence_below_threshold,a7a589b95bd7281ea21402e4441353d2,,electoral_mutual_exclusion,temporal
confidence_gate,relationship_confidence_below_threshold,a7b239d5d5ab5407e8d32e3f503107b1,,electoral_mutual_exclusion,temporal
confidence_gate,relationship_confidence_below_threshold,a85c14e199dbbdd06f108b8daeb78f97,,electoral_mutual_exclusion,temporal
confidence_gate,relationship_confidence_below_threshold,a8b614b5c917f838010d248e60af9e7f,,electoral_mutual_exclusion,temporal
confidence_gate,relationship_confidence_below_threshold,a91289608196f485f44cb039d6ff2cf5,,electoral_mutual_exclusion,temporal
other,real_relationship_but_pairwise_not_tradeable,a956bff507eaa7e9f0e4592e71b7a0ea,,electoral_mutual_exclusion,mutual_exclusion
confidence_gate,relationship_confidence_below_threshold,a98e056e586b23b1d047468ee679e778,,electoral_mutual_exclusion,temporal
other,real_relationship_but_pairwise_not_tradeable,a9af2e691e1a431185e739b2ed5f1fc2,,electoral_mutual_exclusion,mutual_exclusion
confidence_gate,relationship_confidence_below_threshold,a9d3cc3411bc9f0b2eb083dbac35215f,,electoral_mutual_exclusion,temporal
confidence_gate,relationship_confidence_below_threshold,aa25db41df77dcc669831e5f5a9597f3,,electoral_mutual_exclusion,temporal
confidence_gate,relationship_confidence_below_threshold,ab8f477baa822ca8dbe4dcab2466a5aa,,electoral_mutual_exclusion,temporal
confidence_gate,relationship_confidence_below_threshold,ac116bbb30fa6e3b9d61ac10ce97753a,,electoral_mutual_exclusion,temporal
confidence_gate,relationship_confidence_below_threshold,acbfc139d398f3d4b1eee8f28c58e257,,electoral_mutual_exclusion,temporal
other,real_relationship_but_pairwise_not_tradeable,ace30584469cff3f09dd38f9eecd90a6,,electoral_mutual_exclusion,mutual_exclusion
confidence_gate,relationship_confidence_below_threshold,adea490149c42f20b6c13f37c607081b,,electoral_mutual_exclusion,temporal
confidence_gate,relationship_confidence_below_threshold,aed2655432f3aeb4850d49aef4ede0c5,,electoral_mutual_exclusion,temporal
other,real_relationship_but_pairwise_not_tradeable,aede1ba51c9e482996cae73c73b09ca0,,electoral_mutual_exclusion,mutual_exclusion
other,real_relationship_but_pairwise_not_tradeable,af203199ef0f4f068fff6a8541a04e73,,electoral_mutual_exclusion,mutual_exclusion
confidence_gate,relationship_confidence_below_threshold,af236683d34149689320f12ea0f4fef3,,electoral_mutual_exclusion,temporal
other,real_relationship_but_pairwise_not_tradeable,af24e0b2551c4420800c968bbe878130,,electoral_mutual_exclusion,mutual_exclusion
confidence_gate,relationship_confidence_below_threshold,af5684cbfe1422948f9958c56055eb7e,,electoral_mutual_exclusion,temporal
other,real_relationship_but_pairwise_not_tradeable,af68d0af70b54b60f50e5393ce03a3a5,,electoral_mutual_exclusion,mutual_exclusion
confidence_gate,relationship_confidence_below_threshold,af75071d3691d07f3a40912b37d87202,,electoral_mutual_exclusion,temporal
confidence_gate,relationship_confidence_below_threshold,b073c3b8c5c70554302672bca3c4f48f,,electoral_mutual_exclusion,temporal
other,real_relationship_but_pairwise_not_tradeable,b09a627b3b7963d0764295d235d33bcc,,electoral_mutual_exclusion,mutual_exclusion
confidence_gate,relationship_confidence_below_threshold,b0b20d331506751ebf8a95c7eff4701e,,electoral_mutual_exclusion,temporal
confidence_gate,relationship_confidence_below_threshold,b0eac710284d6d9ffc7f46e43fc10350,,electoral_mutual_exclusion,temporal
confidence_gate,relationship_confidence_below_threshold,b126b61a4430fcbbe13775c4336cbcf0,,electoral_mutual_exclusion,temporal
confidence_gate,relationship_confidence_below_threshold,b17aa2a2a47d2b461dfd00ecef417d77,,electoral_mutual_exclusion,temporal
confidence_gate,relationship_confidence_below_threshold,b17b493a4ed64f3c455e7897f2d2f8d4,,electoral_mutual_exclusion,mutual_exclusion
other,real_relationship_but_pairwise_not_tradeable,b1811bd5d64c3094919057317780309b,,electoral_mutual_exclusion,mutual_exclusion
confidence_gate,relationship_confidence_below_threshold,b1a9a737bf51c0bae51636d62bdbcafc,,electoral_mutual_exclusion,temporal
confidence_gate,relationship_confidence_below_threshold,b20c5f509ae03d5bcb1b0050586a5bf5,,electoral_mutual_exclusion,temporal
confidence_gate,relationship_confidence_below_threshold,b20d8264df15c7a5b5d913ad90f4514d,,electoral_mutual_exclusion,temporal
other,real_relationship_but_pairwise_not_tradeable,b22d17780f4040b7473057ebbb7b7957,,electoral_mutual_exclusion,mutual_exclusion
confidence_gate,relationship_confidence_below_threshold,b2470ac8b575f487b2eb50409027f380,,electoral_mutual_exclusion,temporal
other,real_relationship_but_pairwise_not_tradeable,b25b9ebc55a26b1d08e2b800b611f79f,,electoral_mutual_exclusion,mutual_exclusion
confidence_gate,relationship_confidence_below_threshold,b271d79cac19189ee965fd00dc3910ad,,electoral_mutual_exclusion,temporal
confidence_gate,relationship_confidence_below_threshold,b2ce48f1d69ae3a1ca88ad9937163df2,,electoral_mutual_exclusion,temporal
other,real_relationship_but_pairwise_not_tradeable,b2dcfc995e1f5f9c7e568bd29dc75e29,,electoral_mutual_exclusion,mutual_exclusion
confidence_gate,relationship_confidence_below_threshold,b34fb5cb454ee11263ec47735f52fec6,,electoral_mutual_exclusion,temporal
confidence_gate,relationship_confidence_below_threshold,b369618902dc5e0c497bbf3f25879216,,electoral_mutual_exclusion,temporal
confidence_gate,relationship_confidence_below_threshold,b37fdb58271448432b09fd7d7344cfcf,,electoral_mutual_exclusion,temporal
other,real_relationship_but_pairwise_not_tradeable,b38b0133f300432fb94efd889536199a,,electoral_mutual_exclusion,mutual_exclusion
other,real_relationship_but_pairwise_not_tradeable,b3ff90742c5541aca2fb372103c5e06d,,electoral_mutual_exclusion,mutual_exclusion
other,real_relationship_but_pairwise_not_tradeable,b40d5936c21ccf201bcc292dccdec956,,electoral_mutual_exclusion,mutual_exclusion
other,real_relationship_but_pairwise_not_tradeable,b437201ec2b4477bb0d717c2552e7f20,,electoral_mutual_exclusion,mutual_exclusion
confidence_gate,relationship_confidence_below_threshold,b47ea81f18f0941173737aaf8494f6d0,,electoral_mutual_exclusion,temporal
confidence_gate,relationship_confidence_below_threshold,b4a2f16ac3fe46425c2597c5d5792afb,,electoral_mutual_exclusion,temporal
confidence_gate,relationship_confidence_below_threshold,b4bd2b23d04c73bca56ea524b1c72180,,electoral_mutual_exclusion,temporal
confidence_gate,relationship_confidence_below_threshold,b5392201be16845e106dfc1cefc73c52,,electoral_mutual_exclusion,temporal
confidence_gate,relationship_confidence_below_threshold,b553ab62653e892373e6260b870a1ca8,,electoral_mutual_exclusion,temporal
confidence_gate,relationship_confidence_below_threshold,b5608a7075c8f7d6525bcfe841d59916,,electoral_mutual_exclusion,temporal
confidence_gate,relationship_confidence_below_threshold,b5658772959dfad822af5ad7391e3c44,,electoral_mutual_exclusion,temporal
confidence_gate,relationship_confidence_below_threshold,b599efec7c37ae29a966ca896b4a6032,,electoral_mutual_exclusion,temporal
other,real_relationship_but_pairwise_not_tradeable,b5a02745253b4cceabc72e93fdcfa70e,,electoral_mutual_exclusion,mutual_exclusion
confidence_gate,relationship_confidence_below_threshold,b5db41ff92bf355957d24b93007e0026,,electoral_mutual_exclusion,temporal
confidence_gate,relationship_confidence_below_threshold,b5f8ae9cd89e70ee9668e408c046af81,,electoral_mutual_exclusion,temporal
confidence_gate,relationship_confidence_below_threshold,b65a245a905494a7777590bedeba8ae1,,electoral_mutual_exclusion,temporal
other,real_relationship_but_pairwise_not_tradeable,b6a1029b036308218a6c66885debcd8e,,electoral_mutual_exclusion,mutual_exclusion
confidence_gate,relationship_confidence_below_threshold,b6c624228da67626676f20733fda3268,,electoral_mutual_exclusion,temporal
confidence_gate,relationship_confidence_below_threshold,b70a96ccf501ead6eb44e4a0ba6cbec2,,electoral_mutual_exclusion,temporal
confidence_gate,relationship_confidence_below_threshold,b7135d3a904b7df47b82c216a7d12ab4,,electoral_mutual_exclusion,temporal
other,real_relationship_but_pairwise_not_tradeable,b72ea5504ebb4c6a8f6fafcc2f44182c,,electoral_mutual_exclusion,mutual_exclusion
other,real_relationship_but_pairwise_not_tradeable,b758abf398df08350fe85b26c67b75f7,,electoral_mutual_exclusion,mutual_exclusion
other,real_relationship_but_pairwise_not_tradeable,b773b91cec499c82a96460e40a386fb2,,electoral_mutual_exclusion,mutual_exclusion
confidence_gate,relationship_confidence_below_threshold,b7765057b172c4ae6d36fa7d143afa56,,electoral_mutual_exclusion,temporal
other,real_relationship_but_pairwise_not_tradeable,b784416ed3192365346a0902d9d73c9d,,electoral_mutual_exclusion,mutual_exclusion
confidence_gate,relationship_confidence_below_threshold,b80c1c6747f94c0280c6121bbbe39564,,electoral_mutual_exclusion,temporal
confidence_gate,relationship_confidence_below_threshold,b95002228163c8bd4e38e835bd2dfe3f,,electoral_mutual_exclusion,temporal
confidence_gate,relationship_confidence_below_threshold,b984169944d275cc1049eaedc5ccf569,,electoral_mutual_exclusion,temporal
other,real_relationship_but_pairwise_not_tradeable,b9c42b793dadd90c4c9d0cda74d676fc,,electoral_mutual_exclusion,mutual_exclusion
confidence_gate,relationship_confidence_below_threshold,ba55b7d0495c58b9c60bc90219536528,,electoral_mutual_exclusion,temporal
confidence_gate,relationship_confidence_below_threshold,ba8e31c6064e8ff9ca1e954a34ba6540,,electoral_mutual_exclusion,temporal
confidence_gate,relationship_confidence_below_threshold,ba974c59e244b83d3f59defda162b352,,electoral_mutual_exclusion,temporal
confidence_gate,relationship_confidence_below_threshold,bad225470069f5ef8d2be1f22bbfe374,,electoral_mutual_exclusion,temporal
confidence_gate,relationship_confidence_below_threshold,bade294f6ed986b85c92c3c8e07a6333,,electoral_mutual_exclusion,temporal
confidence_gate,relationship_confidence_below_threshold,bafa9186cf31c7b689dd1a21d6ad0ca7,,electoral_mutual_exclusion,temporal
confidence_gate,relationship_confidence_below_threshold,bafb0c2f41a9c4f395a617ad0f06d1ac,,electoral_mutual_exclusion,temporal
other,real_relationship_but_pairwise_not_tradeable,bafcf6ee3280435ab88ef5d50773ce1f,,electoral_mutual_exclusion,mutual_exclusion
other,real_relationship_but_pairwise_not_tradeable,bc0df109a56f2652543141cd171b1401,,electoral_mutual_exclusion,mutual_exclusion
other,real_relationship_but_pairwise_not_tradeable,bc11ba86fc8c4186a30dc0947e121b6a,,electoral_mutual_exclusion,mutual_exclusion
confidence_gate,relationship_confidence_below_threshold,bc3f074e91b0366c91b539e5ab2fbb2f,,electoral_mutual_exclusion,temporal
confidence_gate,relationship_confidence_below_threshold,bccee72b8f98fd7550e40df808cb20fd,,electoral_mutual_exclusion,temporal
confidence_gate,relationship_confidence_below_threshold,bd519891efe64c8be77705d511a932cd,,electoral_mutual_exclusion,temporal
other,real_relationship_but_pairwise_not_tradeable,bd723673af58bb8e84392930f2db93bd,,electoral_mutual_exclusion,mutual_exclusion
confidence_gate,relationship_confidence_below_threshold,bdcbba68466837640d9ff1ef56cceb1b,,electoral_mutual_exclusion,temporal
confidence_gate,relationship_confidence_below_threshold,be353b75bf4b832bc344d49519974ce5,,electoral_mutual_exclusion,temporal
other,real_relationship_but_pairwise_not_tradeable,be368c9e86454eae984ba174a0f3085d,,electoral_mutual_exclusion,mutual_exclusion
confidence_gate,relationship_confidence_below_threshold,be3a6411e46a413157e725339c1bbe97,,electoral_mutual_exclusion,temporal
confidence_gate,relationship_confidence_below_threshold,bf3717245ca760cf7addd38f02b6a8c6,,electoral_mutual_exclusion,temporal
confidence_gate,relationship_confidence_below_threshold,bf89fa0ffdd7da96f78bae26e8f8d455,,electoral_mutual_exclusion,temporal
confidence_gate,relationship_confidence_below_threshold,bf9b0c165feee6b8f7ca53f3381d692b,,electoral_mutual_exclusion,temporal
other,real_relationship_but_pairwise_not_tradeable,bfa0543174a649e7833fc7054adebc94,,electoral_mutual_exclusion,mutual_exclusion
confidence_gate,relationship_confidence_below_threshold,bfe7e237833b6432533415e90714317e,,electoral_mutual_exclusion,temporal
other,real_relationship_but_pairwise_not_tradeable,c0d80c86b83e440bbc87679ab8c39479,,electoral_mutual_exclusion,mutual_exclusion
confidence_gate,relationship_confidence_below_threshold,c0f6039bf140abdf6f673defb17743ef,,electoral_mutual_exclusion,temporal
other,real_relationship_but_pairwise_not_tradeable,c170060ed4420a417ca7935987b0da7d,,electoral_mutual_exclusion,mutual_exclusion
other,real_relationship_but_pairwise_not_tradeable,c1b64f72069985c617429040ee1425cf,,electoral_mutual_exclusion,mutual_exclusion
other,real_relationship_but_pairwise_not_tradeable,c1bd0217d89478694c69b52182ebb485,,electoral_mutual_exclusion,mutual_exclusion
confidence_gate,relationship_confidence_below_threshold,c233025d647b9f69bd3418def3208f6c,,electoral_mutual_exclusion,temporal
confidence_gate,relationship_confidence_below_threshold,c24b97063a2e0435192a50cfff2354e2,,electoral_mutual_exclusion,temporal
other,real_relationship_but_pairwise_not_tradeable,c26f8672f6ac4437a9743402f4fff220,,electoral_mutual_exclusion,mutual_exclusion
other,real_relationship_but_pairwise_not_tradeable,c29690eb23b64e68b85301e8f31c73d4,,electoral_mutual_exclusion,mutual_exclusion
confidence_gate,relationship_confidence_below_threshold,c2c4151258526a41f108473727197d17,,electoral_mutual_exclusion,temporal
other,real_relationship_but_pairwise_not_tradeable,c2d8a9eaebe04b5692ecc0ee6f80ef9d,,electoral_mutual_exclusion,mutual_exclusion
confidence_gate,relationship_confidence_below_threshold,c3254128a0efdd2cb9b64f185cb221be,,electoral_mutual_exclusion,temporal
confidence_gate,relationship_confidence_below_threshold,c3285d283e52690f1db8f66e6ad78f0d,,electoral_mutual_exclusion,temporal
other,real_relationship_but_pairwise_not_tradeable,c33ed798bd7244c5afe3f5cda7fa02a1,,electoral_mutual_exclusion,mutual_exclusion
confidence_gate,relationship_confidence_below_threshold,c3464c59c2093d5d3f907135fa5600f3,,electoral_mutual_exclusion,temporal
other,real_relationship_but_pairwise_not_tradeable,c35ed184101446c1a827a51eb3ff9b76,,electoral_mutual_exclusion,mutual_exclusion
confidence_gate,relationship_confidence_below_threshold,c39f8d23b0ab7e3a0b24d55819a47282,,electoral_mutual_exclusion,temporal
other,real_relationship_but_pairwise_not_tradeable,c3b07c6d6622f5a2ba97088fbe788aef,,electoral_mutual_exclusion,mutual_exclusion
confidence_gate,relationship_confidence_below_threshold,c3d023f0e3cb557c6f6bdaf73d1a7942,,electoral_mutual_exclusion,temporal
confidence_gate,relationship_confidence_below_threshold,c41b91d9b7e6b556cf0c97e42f9c557c,,electoral_mutual_exclusion,temporal
confidence_gate,relationship_confidence_below_threshold,c454c72d5beb57de9f7966c60228b857,,electoral_mutual_exclusion,temporal
other,real_relationship_but_pairwise_not_tradeable,c498f6c28a304dab4460a186cce60ca7,,electoral_mutual_exclusion,mutual_exclusion
other,real_relationship_but_pairwise_not_tradeable,c503a4439c7443f087022d92a71231a0,,electoral_mutual_exclusion,mutual_exclusion
confidence_gate,relationship_confidence_below_threshold,c64ca80c0bd7d98039203b4091349356,,electoral_mutual_exclusion,temporal
other,real_relationship_but_pairwise_not_tradeable,c756725541174cceb2de6f2fe8473885,,electoral_mutual_exclusion,mutual_exclusion
confidence_gate,relationship_confidence_below_threshold,c78c34404ad5c9cbdb4d2465220932d8,,electoral_mutual_exclusion,temporal
confidence_gate,relationship_confidence_below_threshold,c7cf7e656b46d2627f32ca774a09eda6,,electoral_mutual_exclusion,temporal
confidence_gate,relationship_confidence_below_threshold,c803507b97b044a9eaf0fe6eb44ed869,,electoral_mutual_exclusion,temporal
other,real_relationship_but_pairwise_not_tradeable,c915a1125c8be611b170bb8d890c019d,,electoral_mutual_exclusion,mutual_exclusion
other,real_relationship_but_pairwise_not_tradeable,c99e01a5f51a2eb631e267c0b5a60184,,electoral_mutual_exclusion,mutual_exclusion
confidence_gate,relationship_confidence_below_threshold,ca0acd79b15ee5b2717994cd76620394,,electoral_mutual_exclusion,temporal
other,real_relationship_but_pairwise_not_tradeable,ca27eae2a40e42a786c98f6f8332403d,,electoral_mutual_exclusion,mutual_exclusion
other,real_relationship_but_pairwise_not_tradeable,ca5e0568d88d8605a101fc658242c8ad,,electoral_mutual_exclusion,mutual_exclusion
other,real_relationship_but_pairwise_not_tradeable,ca8c9c9cb739132b66952e00af8f30cd,,electoral_mutual_exclusion,mutual_exclusion
confidence_gate,relationship_confidence_below_threshold,cabb1e6452b7231bd7ad309e0aa6dec5,,electoral_mutual_exclusion,temporal
confidence_gate,relationship_confidence_below_threshold,cb310ce37515d8a2c0e348a65cbc5a88,,electoral_mutual_exclusion,temporal
confidence_gate,relationship_confidence_below_threshold,cb5b79d21d12eb8b8b3eca01c1e1bdaa,,electoral_mutual_exclusion,temporal
confidence_gate,relationship_confidence_below_threshold,cb667952f41a97810da6b2f35f382d09,,electoral_mutual_exclusion,temporal
confidence_gate,relationship_confidence_below_threshold,cb827d5ad7e302f2d2405ef5ee932d5d,,electoral_mutual_exclusion,temporal
other,real_relationship_but_pairwise_not_tradeable,cbd1763143b64c329712f5e3c19fe728,,electoral_mutual_exclusion,mutual_exclusion
confidence_gate,relationship_confidence_below_threshold,cc59b105bc1d25d1417faf0a365287c1,,electoral_mutual_exclusion,temporal
confidence_gate,relationship_confidence_below_threshold,cc83cb82e0a765801ab23b4340fea122,,electoral_mutual_exclusion,temporal
confidence_gate,relationship_confidence_below_threshold,cccfbfaf1c27befd25175772082b4623,,electoral_mutual_exclusion,temporal
confidence_gate,relationship_confidence_below_threshold,ccd4e33e7d8680a3a2159ee4b83bc242,,electoral_mutual_exclusion,temporal
other,real_relationship_but_pairwise_not_tradeable,cd7dd9045bda4b998073aafb01fb8bf6,,electoral_mutual_exclusion,mutual_exclusion
confidence_gate,relationship_confidence_below_threshold,cd8dfcd313867de1ef804b87696e8c47,,electoral_mutual_exclusion,temporal
confidence_gate,relationship_confidence_below_threshold,cd8e8152d7e2b60ce97803c22f23c867,,electoral_mutual_exclusion,temporal
confidence_gate,relationship_confidence_below_threshold,cda10a29b24761b921d80b6ff7fe90be,,electoral_mutual_exclusion,temporal
other,real_relationship_but_pairwise_not_tradeable,cda49bcf8294142f097cf2dc053a85aa,,electoral_mutual_exclusion,mutual_exclusion
confidence_gate,relationship_confidence_below_threshold,ce0381390b7d474ec4f374c335fdafa3,,electoral_mutual_exclusion,temporal
confidence_gate,relationship_confidence_below_threshold,ce2659b4ac92c134b59be4f113733f9a,,electoral_mutual_exclusion,temporal
confidence_gate,relationship_confidence_below_threshold,ce53e2d5dc00da58555d22e828dd3499,,electoral_mutual_exclusion,temporal
other,real_relationship_but_pairwise_not_tradeable,ce881de612474e9b98ab2aa20d6d90c9,,electoral_mutual_exclusion,mutual_exclusion
confidence_gate,relationship_confidence_below_threshold,cecbea47c69386074ac9c7a6b1db81c5,,electoral_mutual_exclusion,temporal
other,real_relationship_but_pairwise_not_tradeable,cf4d804bc3ef47b4978200224325d4bd,,electoral_mutual_exclusion,mutual_exclusion
confidence_gate,relationship_confidence_below_threshold,cf801e9926683d42f6268d8d38b18df9,,electoral_mutual_exclusion,temporal
confidence_gate,relationship_confidence_below_threshold,cf902b8429d21cb13901053da210fb31,,electoral_mutual_exclusion,temporal
confidence_gate,relationship_confidence_below_threshold,cf9a5f5f7f9532a450eea12cc7856d88,,electoral_mutual_exclusion,temporal
confidence_gate,relationship_confidence_below_threshold,d051750150c8930f51c3ec0f21912e06,,electoral_mutual_exclusion,temporal
confidence_gate,relationship_confidence_below_threshold,d0ac393cdcceccfc55a473f41de457e5,,electoral_mutual_exclusion,temporal
other,real_relationship_but_pairwise_not_tradeable,d0bbb3d8ee884df69006e2020663b666,,electoral_mutual_exclusion,mutual_exclusion
confidence_gate,relationship_confidence_below_threshold,d1b145ac594cabd01da57368f4eb5b63,,electoral_mutual_exclusion,temporal
confidence_gate,relationship_confidence_below_threshold,d258332b0b6380eae770832a2a682ea1,,electoral_mutual_exclusion,temporal
confidence_gate,relationship_confidence_below_threshold,d2ab1cf6febe8f28cc3d4560d5d776df,,electoral_mutual_exclusion,temporal
confidence_gate,relationship_confidence_below_threshold,d30947c87f1d4e48bc7c2d27dbf66749,,electoral_mutual_exclusion,temporal
other,real_relationship_but_pairwise_not_tradeable,d329224c99852549ee2a71f3468994d4,,electoral_mutual_exclusion,mutual_exclusion
other,real_relationship_but_pairwise_not_tradeable,d3577d5a4e584cfb9d74fded13e2c8d3,,electoral_mutual_exclusion,mutual_exclusion
confidence_gate,relationship_confidence_below_threshold,d366bb422e9b05e5eec4d333b734de0d,,electoral_mutual_exclusion,temporal
other,real_relationship_but_pairwise_not_tradeable,d3f80fe7503140b9b3c5f35aeed75bd0,,electoral_mutual_exclusion,mutual_exclusion
other,real_relationship_but_pairwise_not_tradeable,d421fec82d734ed9bdeb0aa412185f80,,electoral_mutual_exclusion,mutual_exclusion
confidence_gate,relationship_confidence_below_threshold,d613d96e98375d7c67bb0e5ce8efc984,,electoral_mutual_exclusion,temporal
confidence_gate,relationship_confidence_below_threshold,d762f7272874125d482372380fe5fa99,,electoral_mutual_exclusion,temporal
confidence_gate,relationship_confidence_below_threshold,d8835b7848f13511d1755624ccf05f97,,electoral_mutual_exclusion,temporal
confidence_gate,relationship_confidence_below_threshold,d8b70f6eeae5aa3276aca0cd5f565b2b,,electoral_mutual_exclusion,temporal
confidence_gate,relationship_confidence_below_threshold,d8c917175f95af0cdbc829fb759c2835,,electoral_mutual_exclusion,temporal
other,real_relationship_but_pairwise_not_tradeable,d8d71c981a8241d79f56573b154d1027,,electoral_mutual_exclusion,mutual_exclusion
confidence_gate,relationship_confidence_below_threshold,d90b702ebb260ed0cb23a5343bf9e785,,electoral_mutual_exclusion,temporal
confidence_gate,relationship_confidence_below_threshold,da3636d4f58fda530cdb0757e05669aa,,electoral_mutual_exclusion,temporal
confidence_gate,relationship_confidence_below_threshold,da7f9fa5c85fef539db05efcb26a6a08,,electoral_mutual_exclusion,temporal
confidence_gate,relationship_confidence_below_threshold,dab7c76483c7766db711018f4a833c98,,electoral_mutual_exclusion,temporal
other,real_relationship_but_pairwise_not_tradeable,db3dbe3ce71cc2ddd606fd5ba3ecd638,,electoral_mutual_exclusion,mutual_exclusion
confidence_gate,relationship_confidence_below_threshold,db53358512ce8e50ed3cc1d5992cb18e,,electoral_mutual_exclusion,temporal
other,real_relationship_but_pairwise_not_tradeable,dbb06d0e3c89d56636e56b49f77fc571,,electoral_mutual_exclusion,mutual_exclusion
other,real_relationship_but_pairwise_not_tradeable,dbfbd6d6b3ae1f463a044ffaf6b38927,,electoral_mutual_exclusion,mutual_exclusion
confidence_gate,relationship_confidence_below_threshold,dc4b259f8d762c9a5b8c94d518f734d9,,electoral_mutual_exclusion,temporal
confidence_gate,relationship_confidence_below_threshold,dc4f15ce7c52d03857dabc971c2118fd,,electoral_mutual_exclusion,temporal
confidence_gate,relationship_confidence_below_threshold,dc6fdcd51b375554cbe502f4dd7e7bc2,,electoral_mutual_exclusion,temporal
other,real_relationship_but_pairwise_not_tradeable,dccc3f38eb9753227c6eb61fb0ed267b,,electoral_mutual_exclusion,mutual_exclusion
confidence_gate,relationship_confidence_below_threshold,dcce671bb6d6f3791f306ea7ea8640fd,,electoral_mutual_exclusion,temporal
confidence_gate,relationship_confidence_below_threshold,dd4fbb19fc9d65350c54c7db438f7969,,electoral_mutual_exclusion,temporal
confidence_gate,relationship_confidence_below_threshold,dd80dd74ff1e599c23ecbf6fcb04cd04,,electoral_mutual_exclusion,temporal
other,real_relationship_but_pairwise_not_tradeable,dd8f0d547bcf2b9647b862f54ec03e7e,,electoral_mutual_exclusion,mutual_exclusion
confidence_gate,relationship_confidence_below_threshold,ddc0af52d920b3f3ba4137218be613bc,,electoral_mutual_exclusion,temporal
confidence_gate,relationship_confidence_below_threshold,ddeca4c5347d8af98d2c3e9df9ebefeb,,electoral_mutual_exclusion,temporal
confidence_gate,relationship_confidence_below_threshold,de1b769dd10a85c285f9c7bbcb7c0cfd,,electoral_mutual_exclusion,temporal
confidence_gate,relationship_confidence_below_threshold,de696eee8d43b31d4f50cde3eeb8dda4,,electoral_mutual_exclusion,temporal
other,real_relationship_but_pairwise_not_tradeable,de6c33df8544e0db6dd7890ea7d35488,,electoral_mutual_exclusion,mutual_exclusion
other,real_relationship_but_pairwise_not_tradeable,de90120a8d591983a1617bd1111c7e06,,electoral_mutual_exclusion,mutual_exclusion
confidence_gate,relationship_confidence_below_threshold,dea65edb3dea50c9ef4ac05690c52563,,electoral_mutual_exclusion,temporal
other,real_relationship_but_pairwise_not_tradeable,df390494540f4f8d8bb58c1918cbba2a,,electoral_mutual_exclusion,mutual_exclusion
confidence_gate,relationship_confidence_below_threshold,dfb0e70d3472155bdbda8fe310e17d31,,electoral_mutual_exclusion,temporal
confidence_gate,relationship_confidence_below_threshold,dfd3354a33bad7491c0c10826a83639b,,electoral_mutual_exclusion,temporal
confidence_gate,relationship_confidence_below_threshold,dfd4a2a109aa383c0f841f48fddb0336,,electoral_mutual_exclusion,temporal
confidence_gate,relationship_confidence_below_threshold,dfe08caa8323b8f031eb88917474ba0a,,electoral_mutual_exclusion,temporal
other,real_relationship_but_pairwise_not_tradeable,dfe748e0ba04dccf03fbe9c790d9675d,,electoral_mutual_exclusion,mutual_exclusion
confidence_gate,relationship_confidence_below_threshold,e0136a096669a901dc9e964a77aa3e37,,electoral_mutual_exclusion,temporal
other,real_relationship_but_pairwise_not_tradeable,e0166c124646c88126633e139b12e559,,electoral_mutual_exclusion,mutual_exclusion
confidence_gate,relationship_confidence_below_threshold,e022fc71f58f46f50330811131a8c027,,electoral_mutual_exclusion,temporal
other,real_relationship_but_pairwise_not_tradeable,e0f5bce0bc45e263b9021b5152e5e998,,electoral_mutual_exclusion,mutual_exclusion
confidence_gate,relationship_confidence_below_threshold,e1b3ac7d5df41d59028dcd15dc76bbb2,,electoral_mutual_exclusion,temporal
other,real_relationship_but_pairwise_not_tradeable,e24d6c57c2a4400992f0a2d9ad7cab77,,electoral_mutual_exclusion,mutual_exclusion
confidence_gate,relationship_confidence_below_threshold,e30707bb9a883b8ee6ea99c69d5053d8,,electoral_mutual_exclusion,temporal
confidence_gate,relationship_confidence_below_threshold,e3288bf1eb4ccc79354a5d230b049bd4,,electoral_mutual_exclusion,temporal
confidence_gate,relationship_confidence_below_threshold,e4d2e3e4e0766ab95c1a8081e737e9d6,,electoral_mutual_exclusion,temporal
confidence_gate,relationship_confidence_below_threshold,e51801770e797553f9ae2614cbbb21d1,,electoral_mutual_exclusion,temporal
confidence_gate,relationship_confidence_below_threshold,e529c3dfcf36a63071f2ebce447284d0,,electoral_mutual_exclusion,temporal
confidence_gate,relationship_confidence_below_threshold,e589138bde81ebca9b7071a0bdf76c92,,electoral_mutual_exclusion,temporal
confidence_gate,relationship_confidence_below_threshold,e58b08d4ce651e1ce62343d17bfd56a7,,electoral_mutual_exclusion,temporal
other,real_relationship_but_pairwise_not_tradeable,e5c44e71ab3b448caebc3e3a1c436527,,electoral_mutual_exclusion,mutual_exclusion
confidence_gate,relationship_confidence_below_threshold,e5cbb66caf8b5a2d9e984461445bb4d8,,electoral_mutual_exclusion,mutual_exclusion
other,real_relationship_but_pairwise_not_tradeable,e5d831695caa457cafb181c1627debcf,,electoral_mutual_exclusion,mutual_exclusion
confidence_gate,relationship_confidence_below_threshold,e67dbb82f5ec656f33147971218c5efb,,electoral_mutual_exclusion,temporal
other,real_relationship_but_pairwise_not_tradeable,e6e2b00c50e330126ce1691eceda4986,,electoral_mutual_exclusion,mutual_exclusion
confidence_gate,relationship_confidence_below_threshold,e73702e60abfdbb29027a936f4ee8b81,,electoral_mutual_exclusion,temporal
confidence_gate,relationship_confidence_below_threshold,e786a2659269b00219305cff2c85a083,,electoral_mutual_exclusion,temporal
confidence_gate,relationship_confidence_below_threshold,e7b3c4581b9b6f4210c08821a0026fe3,,electoral_mutual_exclusion,temporal
confidence_gate,relationship_confidence_below_threshold,e8054251cbc39f4ee743e5aaad4718a5,,electoral_mutual_exclusion,temporal
confidence_gate,relationship_confidence_below_threshold,e80b71b36763baa9a79edf820d85c933,,electoral_mutual_exclusion,temporal
confidence_gate,relationship_confidence_below_threshold,e87a0e125db8a1ca75bc62839b5c92c9,,electoral_mutual_exclusion,temporal
confidence_gate,relationship_confidence_below_threshold,e8869515a55e5421200f9df7f715c611,,electoral_mutual_exclusion,temporal
confidence_gate,relationship_confidence_below_threshold,e92892692d005928a8255670a7e25865,,electoral_mutual_exclusion,temporal
confidence_gate,relationship_confidence_below_threshold,e944331f02e4ad5e5d9964ee9160505a,,electoral_mutual_exclusion,temporal
confidence_gate,relationship_confidence_below_threshold,e97f15d8962bb3b1791ab956bd21be62,,electoral_mutual_exclusion,temporal
other,real_relationship_but_pairwise_not_tradeable,e9ecebcb57186e409861d2aff93d9e0a,,electoral_mutual_exclusion,mutual_exclusion
confidence_gate,relationship_confidence_below_threshold,ea14adaf8608d53ffad97bec844ab315,,electoral_mutual_exclusion,temporal
other,real_relationship_but_pairwise_not_tradeable,ea62a312323c467cbb7c1461a9652e56,,electoral_mutual_exclusion,mutual_exclusion
other,real_relationship_but_pairwise_not_tradeable,ea97dcce0d14cb89403968d08a8cdcd1,,electoral_mutual_exclusion,mutual_exclusion
confidence_gate,relationship_confidence_below_threshold,eadc241b35e9b27fe650a40d2769743d,,electoral_mutual_exclusion,temporal
other,real_relationship_but_pairwise_not_tradeable,eadd61d12be09cbdd90fc72eaef32a08,,electoral_mutual_exclusion,mutual_exclusion
other,real_relationship_but_pairwise_not_tradeable,eb83cccf83e1412ca74a475d40393c93,,electoral_mutual_exclusion,mutual_exclusion
confidence_gate,relationship_confidence_below_threshold,ebb5079f920571612c4467645a977bfe,,electoral_mutual_exclusion,temporal
confidence_gate,relationship_confidence_below_threshold,ebdd22fb738c617bf414f006bfb36bd7,,electoral_mutual_exclusion,temporal
other,real_relationship_but_pairwise_not_tradeable,ec58ec36190841a2ad34c26a64a45bd3,,electoral_mutual_exclusion,mutual_exclusion
confidence_gate,relationship_confidence_below_threshold,ec5d27bcf0d5b16964817d33b1f868a4,,electoral_mutual_exclusion,temporal
other,real_relationship_but_pairwise_not_tradeable,ec6b851d0c0897603a6fca028c280a57,,electoral_mutual_exclusion,mutual_exclusion
confidence_gate,relationship_confidence_below_threshold,ec6c0511560d864157f67c270e292b1d,,electoral_mutual_exclusion,temporal
confidence_gate,relationship_confidence_below_threshold,ec7dd7558ce4db9d3ab3fdd2afea0e9e,,electoral_mutual_exclusion,temporal
confidence_gate,relationship_confidence_below_threshold,eca5f7c020e649424325f6f81616415a,,electoral_mutual_exclusion,temporal
other,real_relationship_but_pairwise_not_tradeable,ed5788a477f24ea98de700304c518cee,,electoral_mutual_exclusion,mutual_exclusion
confidence_gate,relationship_confidence_below_threshold,ee133554d23ffb567d4061532ad67407,,electoral_mutual_exclusion,temporal
confidence_gate,relationship_confidence_below_threshold,ee49748d162b930a546fc7fc3da2dae8,,electoral_mutual_exclusion,temporal
confidence_gate,relationship_confidence_below_threshold,ee6a9eca6dc8a312c954833d49afb5dd,,electoral_mutual_exclusion,temporal
other,real_relationship_but_pairwise_not_tradeable,eef6b4b5a370468bb9524f5a56c6fec8,,electoral_mutual_exclusion,mutual_exclusion
other,real_relationship_but_pairwise_not_tradeable,ef64ca0605ee42a9aa010e9570f1af2c,,electoral_mutual_exclusion,mutual_exclusion
other,real_relationship_but_pairwise_not_tradeable,ef95b85a02e0424b831bfa0131584f22,,electoral_mutual_exclusion,mutual_exclusion
confidence_gate,relationship_confidence_below_threshold,efff93b3309cbec4b2db7533a8e1eccf,,electoral_mutual_exclusion,temporal
other,real_relationship_but_pairwise_not_tradeable,f0782985a9b33b1f89b94f0d5fb4ba44,,electoral_mutual_exclusion,mutual_exclusion
other,real_relationship_but_pairwise_not_tradeable,f0a39fcc69e1453eaee170500d6ade6e,,electoral_mutual_exclusion,mutual_exclusion
confidence_gate,relationship_confidence_below_threshold,f0c9c731d697ab80062f70358e41e191,,electoral_mutual_exclusion,temporal
confidence_gate,relationship_confidence_below_threshold,f112d65fb78c83f1a3cd76cc6645b818,,electoral_mutual_exclusion,temporal
confidence_gate,relationship_confidence_below_threshold,f143997621b38c16cd2913e63d1ebd13,,electoral_mutual_exclusion,temporal
confidence_gate,relationship_confidence_below_threshold,f16b286c7668dc8d9caa300fb077e23c,,electoral_mutual_exclusion,temporal
other,real_relationship_but_pairwise_not_tradeable,f1bb4b981b524d3a946600aa1da34e8f,,electoral_mutual_exclusion,mutual_exclusion
confidence_gate,relationship_confidence_below_threshold,f2231780ac125f2dbbb163d5942d064b,,electoral_mutual_exclusion,temporal
confidence_gate,relationship_confidence_below_threshold,f22bcd69b378a04a9b330f63cdeec4a6,,electoral_mutual_exclusion,temporal
other,real_relationship_but_pairwise_not_tradeable,f24596fb1ec1a83297a0862c02ff357e,,electoral_mutual_exclusion,mutual_exclusion
confidence_gate,relationship_confidence_below_threshold,f2575032209315c2ccfe619836e5ad4f,,electoral_mutual_exclusion,temporal
confidence_gate,relationship_confidence_below_threshold,f2984f7d248091b724e43ef24016abe7,,electoral_mutual_exclusion,temporal
other,real_relationship_but_pairwise_not_tradeable,f2b94d9960a84fc49b19214416e68846,,electoral_mutual_exclusion,mutual_exclusion
confidence_gate,relationship_confidence_below_threshold,f327abc56101b466e902b0e29268db7b,,electoral_mutual_exclusion,temporal
confidence_gate,relationship_confidence_below_threshold,f3431c389e97c189970555d4bdaaf286,,electoral_mutual_exclusion,temporal
other,real_relationship_but_pairwise_not_tradeable,f37c0381a1aa27a975fc6de60a99fc20,,electoral_mutual_exclusion,mutual_exclusion
confidence_gate,relationship_confidence_below_threshold,f4172ab99bd26bffbd6077acea7e1946,,electoral_mutual_exclusion,temporal
other,real_relationship_but_pairwise_not_tradeable,f45a560090dff682f65da898935844e4,,electoral_mutual_exclusion,mutual_exclusion
confidence_gate,relationship_confidence_below_threshold,f4cfd01bddcf2b1b1d0ccf48f2c4d4aa,,electoral_mutual_exclusion,temporal
other,real_relationship_but_pairwise_not_tradeable,f529c001ce9b42f4a18ad23593deec95,,electoral_mutual_exclusion,mutual_exclusion
other,real_relationship_but_pairwise_not_tradeable,f52e53a40de1422baedff3ca2b6acb34,,electoral_mutual_exclusion,mutual_exclusion
other,real_relationship_but_pairwise_not_tradeable,f579f734c0460591d13732f90c2d118e,,electoral_mutual_exclusion,mutual_exclusion
other,real_relationship_but_pairwise_not_tradeable,f5c1fd6286ff421aabe9415ffc1ea1ba,,electoral_mutual_exclusion,mutual_exclusion
confidence_gate,relationship_confidence_below_threshold,f651defc6023435939f60d7cb4debc79,,electoral_mutual_exclusion,temporal
other,real_relationship_but_pairwise_not_tradeable,f6c05225554e4013586fea6d678b61af,,electoral_mutual_exclusion,mutual_exclusion
other,real_relationship_but_pairwise_not_tradeable,f7065b061a012b894c8e53c43d0dcf95,,electoral_mutual_exclusion,mutual_exclusion
confidence_gate,relationship_confidence_below_threshold,f70ac35f6b0071b25c2c8a6ebfa2fb6e,,electoral_mutual_exclusion,temporal
confidence_gate,relationship_confidence_below_threshold,f78a773efee1e04a003c7daed94c9bfb,,electoral_mutual_exclusion,temporal
other,real_relationship_but_pairwise_not_tradeable,f81db64ffd6805d9b35d63e7e9310f7f,,electoral_mutual_exclusion,mutual_exclusion
other,real_relationship_but_pairwise_not_tradeable,f8a572567a700200211df6ffcbf8e90c,,electoral_mutual_exclusion,mutual_exclusion
other,real_relationship_but_pairwise_not_tradeable,f947fe6ffd0ca153ba494bcb83f3d5fd,,electoral_mutual_exclusion,mutual_exclusion
confidence_gate,relationship_confidence_below_threshold,f96f9e8637f86da2da3311804e2ecc86,,electoral_mutual_exclusion,temporal
confidence_gate,relationship_confidence_below_threshold,f9a391b7232a545b92b82a07b89805b3,,electoral_mutual_exclusion,temporal
other,real_relationship_but_pairwise_not_tradeable,f9a3a55ae0fe3db13c6c6ef3f620c21b,,electoral_mutual_exclusion,mutual_exclusion
other,real_relationship_but_pairwise_not_tradeable,f9f004e3a6b14044bbe2507952ca0cf8,,electoral_mutual_exclusion,mutual_exclusion
confidence_gate,relationship_confidence_below_threshold,fa4cecc6d549df9ed81c366dbe240c64,,electoral_mutual_exclusion,temporal
confidence_gate,relationship_confidence_below_threshold,fa73398ff29bda3adf571a0f95fc801d,,electoral_mutual_exclusion,temporal
other,real_relationship_but_pairwise_not_tradeable,fb092bbf293a16dd9e5aeb94df34e60d,,electoral_mutual_exclusion,mutual_exclusion
other,real_relationship_but_pairwise_not_tradeable,fb4fb862ab70417d8ac64da18c285c8a,,electoral_mutual_exclusion,mutual_exclusion
confidence_gate,relationship_confidence_below_threshold,fbfd29cc5348eba4ab67e0ecbb76f38f,,electoral_mutual_exclusion,temporal
confidence_gate,relationship_confidence_below_threshold,fbfdd50bbe9b8fefc1a254b9814e32b3,,electoral_mutual_exclusion,temporal
other,real_relationship_but_pairwise_not_tradeable,fc10c005ebca4a7e9764c4c31564edd8,,electoral_mutual_exclusion,mutual_exclusion
confidence_gate,relationship_confidence_below_threshold,fc773a65a96f89af2ea711acb0730966,,electoral_mutual_exclusion,temporal
other,real_relationship_but_pairwise_not_tradeable,fcaea85f1962fc8649593dec4a83663f,,electoral_mutual_exclusion,mutual_exclusion
other,real_relationship_but_pairwise_not_tradeable,fd31e9d1d35e4e3eaa09a3324c3bcafb,,electoral_mutual_exclusion,mutual_exclusion
confidence_gate,relationship_confidence_below_threshold,fda93b0ea74d524b83cbf69e9e0c273d,,electoral_mutual_exclusion,temporal
confidence_gate,relationship_confidence_below_threshold,febca243a5b39a6de6c67113b75f633f,,electoral_mutual_exclusion,temporal
confidence_gate,relationship_confidence_below_threshold,fece79d68b18509a47834efcf2b602e3,,electoral_mutual_exclusion,temporal
confidence_gate,relationship_confidence_below_threshold,fed6e25c29990ace7586ea84d2782ef3,,electoral_mutual_exclusion,temporal
confidence_gate,relationship_confidence_below_threshold,ff0a76e07676acb305aeef7e60e2c1e1,,electoral_mutual_exclusion,temporal
confidence_gate,relationship_confidence_below_threshold,ff22ad2d42a98312a7777f44ece997a3,,electoral_mutual_exclusion,temporal
confidence_gate,relationship_confidence_below_threshold,ff44b3f56b9d848add7f7c15da904e11,,electoral_mutual_exclusion,temporal
confidence_gate,relationship_confidence_below_threshold,ff6f76b0c134d76e771e57dae6c9c9be,,electoral_mutual_exclusion,temporal
other,real_relationship_but_pairwise_not_tradeable,ffe5255668214646abbd0f71e2ed7afa,,electoral_mutual_exclusion,mutual_exclusion
economic_or_replay,market_exposure_limit,a6edab19118abe85173fa9a8b0f4cbe4,,sports_championship_conference_progression,nesting
economic_or_replay,market_exposure_limit,a6edab19118abe85173fa9a8b0f4cbe4,,sports_championship_conference_progression,nesting
economic_or_replay,market_exposure_limit,a6edab19118abe85173fa9a8b0f4cbe4,,sports_championship_conference_progression,nesting
economic_or_replay,market_exposure_limit,a6edab19118abe85173fa9a8b0f4cbe4,,sports_championship_conference_progression,nesting
economic_or_replay,market_exposure_limit,a6edab19118abe85173fa9a8b0f4cbe4,,sports_championship_conference_progression,nesting
economic_or_replay,market_exposure_limit,a6edab19118abe85173fa9a8b0f4cbe4,,sports_championship_conference_progression,nesting
economic_or_replay,market_exposure_limit,a6edab19118abe85173fa9a8b0f4cbe4,,sports_championship_conference_progression,nesting
economic_or_replay,market_exposure_limit,a6edab19118abe85173fa9a8b0f4cbe4,,sports_championship_conference_progression,nesting
economic_or_replay,market_exposure_limit,a6edab19118abe85173fa9a8b0f4cbe4,,sports_championship_conference_progression,nesting
economic_or_replay,market_exposure_limit,3496b04d1407bfa617b8d7e95b3dfc9a,,sports_ranking_finish_position,contradiction
economic_or_replay,market_exposure_limit,3496b04d1407bfa617b8d7e95b3dfc9a,,sports_ranking_finish_position,contradiction
economic_or_replay,market_exposure_limit,3496b04d1407bfa617b8d7e95b3dfc9a,,sports_ranking_finish_position,contradiction
economic_or_replay,market_exposure_limit,3496b04d1407bfa617b8d7e95b3dfc9a,,sports_ranking_finish_position,contradiction
economic_or_replay,market_exposure_limit,3496b04d1407bfa617b8d7e95b3dfc9a,,sports_ranking_finish_position,contradiction
economic_or_replay,market_exposure_limit,3496b04d1407bfa617b8d7e95b3dfc9a,,sports_ranking_finish_position,contradiction
economic_or_replay,market_exposure_limit,3496b04d1407bfa617b8d7e95b3dfc9a,,sports_ranking_finish_position,contradiction
economic_or_replay,market_exposure_limit,3496b04d1407bfa617b8d7e95b3dfc9a,,sports_ranking_finish_position,contradiction
economic_or_replay,market_exposure_limit,3496b04d1407bfa617b8d7e95b3dfc9a,,sports_ranking_finish_position,contradiction
economic_or_replay,market_exposure_limit,3496b04d1407bfa617b8d7e95b3dfc9a,,sports_ranking_finish_position,contradiction
economic_or_replay,market_exposure_limit,3496b04d1407bfa617b8d7e95b3dfc9a,,sports_ranking_finish_position,contradiction
economic_or_replay,market_exposure_limit,3496b04d1407bfa617b8d7e95b3dfc9a,,sports_ranking_finish_position,contradiction
economic_or_replay,market_exposure_limit,3496b04d1407bfa617b8d7e95b3dfc9a,,sports_ranking_finish_position,contradiction
economic_or_replay,market_exposure_limit,3496b04d1407bfa617b8d7e95b3dfc9a,,sports_ranking_finish_position,contradiction
economic_or_replay,market_exposure_limit,3496b04d1407bfa617b8d7e95b3dfc9a,,sports_ranking_finish_position,contradiction
economic_or_replay,market_exposure_limit,3496b04d1407bfa617b8d7e95b3dfc9a,,sports_ranking_finish_position,contradiction
economic_or_replay,market_exposure_limit,3496b04d1407bfa617b8d7e95b3dfc9a,,sports_ranking_finish_position,contradiction
economic_or_replay,market_exposure_limit,3496b04d1407bfa617b8d7e95b3dfc9a,,sports_ranking_finish_position,contradiction
economic_or_replay,market_exposure_limit,3496b04d1407bfa617b8d7e95b3dfc9a,,sports_ranking_finish_position,contradiction
economic_or_replay,market_exposure_limit,3496b04d1407bfa617b8d7e95b3dfc9a,,sports_ranking_finish_position,contradiction
economic_or_replay,market_exposure_limit,3496b04d1407bfa617b8d7e95b3dfc9a,,sports_ranking_finish_position,contradiction
economic_or_replay,market_exposure_limit,3496b04d1407bfa617b8d7e95b3dfc9a,,sports_ranking_finish_position,contradiction
economic_or_replay,market_exposure_limit,3496b04d1407bfa617b8d7e95b3dfc9a,,sports_ranking_finish_position,contradiction
economic_or_replay,market_exposure_limit,3496b04d1407bfa617b8d7e95b3dfc9a,,sports_ranking_finish_position,contradiction
economic_or_replay,market_exposure_limit,3496b04d1407bfa617b8d7e95b3dfc9a,,sports_ranking_finish_position,contradiction
economic_or_replay,market_exposure_limit,3496b04d1407bfa617b8d7e95b3dfc9a,,sports_ranking_finish_position,contradiction
economic_or_replay,market_exposure_limit,3496b04d1407bfa617b8d7e95b3dfc9a,,sports_ranking_finish_position,contradiction
economic_or_replay,market_exposure_limit,3496b04d1407bfa617b8d7e95b3dfc9a,,sports_ranking_finish_position,contradiction
economic_or_replay,market_exposure_limit,3496b04d1407bfa617b8d7e95b3dfc9a,,sports_ranking_finish_position,contradiction
economic_or_replay,market_exposure_limit,3496b04d1407bfa617b8d7e95b3dfc9a,,sports_ranking_finish_position,contradiction
economic_or_replay,market_exposure_limit,3496b04d1407bfa617b8d7e95b3dfc9a,,sports_ranking_finish_position,contradiction
economic_or_replay,market_exposure_limit,3496b04d1407bfa617b8d7e95b3dfc9a,,sports_ranking_finish_position,contradiction
economic_or_replay,market_exposure_limit,3496b04d1407bfa617b8d7e95b3dfc9a,,sports_ranking_finish_position,contradiction
economic_or_replay,market_exposure_limit,3496b04d1407bfa617b8d7e95b3dfc9a,,sports_ranking_finish_position,contradiction
economic_or_replay,market_exposure_limit,3496b04d1407bfa617b8d7e95b3dfc9a,,sports_ranking_finish_position,contradiction
economic_or_replay,market_exposure_limit,3496b04d1407bfa617b8d7e95b3dfc9a,,sports_ranking_finish_position,contradiction
economic_or_replay,market_exposure_limit,3496b04d1407bfa617b8d7e95b3dfc9a,,sports_ranking_finish_position,contradiction
economic_or_replay,market_exposure_limit,3496b04d1407bfa617b8d7e95b3dfc9a,,sports_ranking_finish_position,contradiction
economic_or_replay,market_exposure_limit,3496b04d1407bfa617b8d7e95b3dfc9a,,sports_ranking_finish_position,contradiction
economic_or_replay,market_exposure_limit,3496b04d1407bfa617b8d7e95b3dfc9a,,sports_ranking_finish_position,contradiction
economic_or_replay,market_exposure_limit,3496b04d1407bfa617b8d7e95b3dfc9a,,sports_ranking_finish_position,contradiction
economic_or_replay,market_exposure_limit,3496b04d1407bfa617b8d7e95b3dfc9a,,sports_ranking_finish_position,contradiction
economic_or_replay,market_exposure_limit,3496b04d1407bfa617b8d7e95b3dfc9a,,sports_ranking_finish_position,contradiction
economic_or_replay,market_exposure_limit,3496b04d1407bfa617b8d7e95b3dfc9a,,sports_ranking_finish_position,contradiction
economic_or_replay,market_exposure_limit,3496b04d1407bfa617b8d7e95b3dfc9a,,sports_ranking_finish_position,contradiction
economic_or_replay,market_exposure_limit,3496b04d1407bfa617b8d7e95b3dfc9a,,sports_ranking_finish_position,contradiction
economic_or_replay,market_exposure_limit,3496b04d1407bfa617b8d7e95b3dfc9a,,sports_ranking_finish_position,contradiction
economic_or_replay,market_exposure_limit,3496b04d1407bfa617b8d7e95b3dfc9a,,sports_ranking_finish_position,contradiction
economic_or_replay,market_exposure_limit,3496b04d1407bfa617b8d7e95b3dfc9a,,sports_ranking_finish_position,contradiction
economic_or_replay,market_exposure_limit,3496b04d1407bfa617b8d7e95b3dfc9a,,sports_ranking_finish_position,contradiction
economic_or_replay,market_exposure_limit,3496b04d1407bfa617b8d7e95b3dfc9a,,sports_ranking_finish_position,contradiction
economic_or_replay,market_exposure_limit,3496b04d1407bfa617b8d7e95b3dfc9a,,sports_ranking_finish_position,contradiction
economic_or_replay,market_exposure_limit,3496b04d1407bfa617b8d7e95b3dfc9a,,sports_ranking_finish_position,contradiction
economic_or_replay,market_exposure_limit,3496b04d1407bfa617b8d7e95b3dfc9a,,sports_ranking_finish_position,contradiction
economic_or_replay,market_exposure_limit,3496b04d1407bfa617b8d7e95b3dfc9a,,sports_ranking_finish_position,contradiction
economic_or_replay,market_exposure_limit,3496b04d1407bfa617b8d7e95b3dfc9a,,sports_ranking_finish_position,contradiction
economic_or_replay,market_exposure_limit,3496b04d1407bfa617b8d7e95b3dfc9a,,sports_ranking_finish_position,contradiction
economic_or_replay,market_exposure_limit,3496b04d1407bfa617b8d7e95b3dfc9a,,sports_ranking_finish_position,contradiction
economic_or_replay,market_exposure_limit,3496b04d1407bfa617b8d7e95b3dfc9a,,sports_ranking_finish_position,contradiction
economic_or_replay,market_exposure_limit,3496b04d1407bfa617b8d7e95b3dfc9a,,sports_ranking_finish_position,contradiction
economic_or_replay,market_exposure_limit,3496b04d1407bfa617b8d7e95b3dfc9a,,sports_ranking_finish_position,contradiction
economic_or_replay,market_exposure_limit,3496b04d1407bfa617b8d7e95b3dfc9a,,sports_ranking_finish_position,contradiction
economic_or_replay,market_exposure_limit,3496b04d1407bfa617b8d7e95b3dfc9a,,sports_ranking_finish_position,contradiction
economic_or_replay,market_exposure_limit,3496b04d1407bfa617b8d7e95b3dfc9a,,sports_ranking_finish_position,contradiction
economic_or_replay,market_exposure_limit,3496b04d1407bfa617b8d7e95b3dfc9a,,sports_ranking_finish_position,contradiction
economic_or_replay,market_exposure_limit,3496b04d1407bfa617b8d7e95b3dfc9a,,sports_ranking_finish_position,contradiction
economic_or_replay,market_exposure_limit,3496b04d1407bfa617b8d7e95b3dfc9a,,sports_ranking_finish_position,contradiction
economic_or_replay,market_exposure_limit,3496b04d1407bfa617b8d7e95b3dfc9a,,sports_ranking_finish_position,contradiction
economic_or_replay,market_exposure_limit,3496b04d1407bfa617b8d7e95b3dfc9a,,sports_ranking_finish_position,contradiction
economic_or_replay,market_exposure_limit,3496b04d1407bfa617b8d7e95b3dfc9a,,sports_ranking_finish_position,contradiction
economic_or_replay,market_exposure_limit,3496b04d1407bfa617b8d7e95b3dfc9a,,sports_ranking_finish_position,contradiction
economic_or_replay,market_exposure_limit,3496b04d1407bfa617b8d7e95b3dfc9a,,sports_ranking_finish_position,contradiction
economic_or_replay,market_exposure_limit,3496b04d1407bfa617b8d7e95b3dfc9a,,sports_ranking_finish_position,contradiction
economic_or_replay,market_exposure_limit,3496b04d1407bfa617b8d7e95b3dfc9a,,sports_ranking_finish_position,contradiction
economic_or_replay,market_exposure_limit,3496b04d1407bfa617b8d7e95b3dfc9a,,sports_ranking_finish_position,contradiction
economic_or_replay,market_exposure_limit,3496b04d1407bfa617b8d7e95b3dfc9a,,sports_ranking_finish_position,contradiction
economic_or_replay,market_exposure_limit,3496b04d1407bfa617b8d7e95b3dfc9a,,sports_ranking_finish_position,contradiction
economic_or_replay,market_exposure_limit,3496b04d1407bfa617b8d7e95b3dfc9a,,sports_ranking_finish_position,contradiction
economic_or_replay,market_exposure_limit,3496b04d1407bfa617b8d7e95b3dfc9a,,sports_ranking_finish_position,contradiction
economic_or_replay,market_exposure_limit,3496b04d1407bfa617b8d7e95b3dfc9a,,sports_ranking_finish_position,contradiction
economic_or_replay,market_exposure_limit,3496b04d1407bfa617b8d7e95b3dfc9a,,sports_ranking_finish_position,contradiction
economic_or_replay,market_exposure_limit,3496b04d1407bfa617b8d7e95b3dfc9a,,sports_ranking_finish_position,contradiction
economic_or_replay,market_exposure_limit,3496b04d1407bfa617b8d7e95b3dfc9a,,sports_ranking_finish_position,contradiction
economic_or_replay,market_exposure_limit,3496b04d1407bfa617b8d7e95b3dfc9a,,sports_ranking_finish_position,contradiction
economic_or_replay,market_exposure_limit,3496b04d1407bfa617b8d7e95b3dfc9a,,sports_ranking_finish_position,contradiction
economic_or_replay,market_exposure_limit,3496b04d1407bfa617b8d7e95b3dfc9a,,sports_ranking_finish_position,contradiction
economic_or_replay,market_exposure_limit,3496b04d1407bfa617b8d7e95b3dfc9a,,sports_ranking_finish_position,contradiction
economic_or_replay,market_exposure_limit,3496b04d1407bfa617b8d7e95b3dfc9a,,sports_ranking_finish_position,contradiction
economic_or_replay,market_exposure_limit,3496b04d1407bfa617b8d7e95b3dfc9a,,sports_ranking_finish_position,contradiction
economic_or_replay,market_exposure_limit,3496b04d1407bfa617b8d7e95b3dfc9a,,sports_ranking_finish_position,contradiction
economic_or_replay,market_exposure_limit,3496b04d1407bfa617b8d7e95b3dfc9a,,sports_ranking_finish_position,contradiction
economic_or_replay,market_exposure_limit,3496b04d1407bfa617b8d7e95b3dfc9a,,sports_ranking_finish_position,contradiction
economic_or_replay,market_exposure_limit,3496b04d1407bfa617b8d7e95b3dfc9a,,sports_ranking_finish_position,contradiction
economic_or_replay,market_exposure_limit,3496b04d1407bfa617b8d7e95b3dfc9a,,sports_ranking_finish_position,contradiction
economic_or_replay,market_exposure_limit,3496b04d1407bfa617b8d7e95b3dfc9a,,sports_ranking_finish_position,contradiction
economic_or_replay,market_exposure_limit,3496b04d1407bfa617b8d7e95b3dfc9a,,sports_ranking_finish_position,contradiction
economic_or_replay,market_exposure_limit,3496b04d1407bfa617b8d7e95b3dfc9a,,sports_ranking_finish_position,contradiction
economic_or_replay,market_exposure_limit,3496b04d1407bfa617b8d7e95b3dfc9a,,sports_ranking_finish_position,contradiction
economic_or_replay,market_exposure_limit,3496b04d1407bfa617b8d7e95b3dfc9a,,sports_ranking_finish_position,contradiction
economic_or_replay,market_exposure_limit,3496b04d1407bfa617b8d7e95b3dfc9a,,sports_ranking_finish_position,contradiction
economic_or_replay,market_exposure_limit,3496b04d1407bfa617b8d7e95b3dfc9a,,sports_ranking_finish_position,contradiction
economic_or_replay,market_exposure_limit,3496b04d1407bfa617b8d7e95b3dfc9a,,sports_ranking_finish_position,contradiction
economic_or_replay,market_exposure_limit,3496b04d1407bfa617b8d7e95b3dfc9a,,sports_ranking_finish_position,contradiction
economic_or_replay,market_exposure_limit,3496b04d1407bfa617b8d7e95b3dfc9a,,sports_ranking_finish_position,contradiction
economic_or_replay,market_exposure_limit,3496b04d1407bfa617b8d7e95b3dfc9a,,sports_ranking_finish_position,contradiction
economic_or_replay,market_exposure_limit,3496b04d1407bfa617b8d7e95b3dfc9a,,sports_ranking_finish_position,contradiction
economic_or_replay,market_exposure_limit,3496b04d1407bfa617b8d7e95b3dfc9a,,sports_ranking_finish_position,contradiction
economic_or_replay,market_exposure_limit,3496b04d1407bfa617b8d7e95b3dfc9a,,sports_ranking_finish_position,contradiction
economic_or_replay,market_exposure_limit,3496b04d1407bfa617b8d7e95b3dfc9a,,sports_ranking_finish_position,contradiction
economic_or_replay,market_exposure_limit,3496b04d1407bfa617b8d7e95b3dfc9a,,sports_ranking_finish_position,contradiction
economic_or_replay,market_exposure_limit,3496b04d1407bfa617b8d7e95b3dfc9a,,sports_ranking_finish_position,contradiction
economic_or_replay,market_exposure_limit,3496b04d1407bfa617b8d7e95b3dfc9a,,sports_ranking_finish_position,contradiction
economic_or_replay,market_exposure_limit,3496b04d1407bfa617b8d7e95b3dfc9a,,sports_ranking_finish_position,contradiction
economic_or_replay,market_exposure_limit,3496b04d1407bfa617b8d7e95b3dfc9a,,sports_ranking_finish_position,contradiction
economic_or_replay,market_exposure_limit,3496b04d1407bfa617b8d7e95b3dfc9a,,sports_ranking_finish_position,contradiction
economic_or_replay,market_exposure_limit,3496b04d1407bfa617b8d7e95b3dfc9a,,sports_ranking_finish_position,contradiction
economic_or_replay,market_exposure_limit,3496b04d1407bfa617b8d7e95b3dfc9a,,sports_ranking_finish_position,contradiction
economic_or_replay,market_exposure_limit,3496b04d1407bfa617b8d7e95b3dfc9a,,sports_ranking_finish_position,contradiction
economic_or_replay,market_exposure_limit,3496b04d1407bfa617b8d7e95b3dfc9a,,sports_ranking_finish_position,contradiction
economic_or_replay,market_exposure_limit,3496b04d1407bfa617b8d7e95b3dfc9a,,sports_ranking_finish_position,contradiction
economic_or_replay,market_exposure_limit,3496b04d1407bfa617b8d7e95b3dfc9a,,sports_ranking_finish_position,contradiction
economic_or_replay,market_exposure_limit,3496b04d1407bfa617b8d7e95b3dfc9a,,sports_ranking_finish_position,contradiction
economic_or_replay,market_exposure_limit,3496b04d1407bfa617b8d7e95b3dfc9a,,sports_ranking_finish_position,contradiction
economic_or_replay,market_exposure_limit,3496b04d1407bfa617b8d7e95b3dfc9a,,sports_ranking_finish_position,contradiction
economic_or_replay,market_exposure_limit,3496b04d1407bfa617b8d7e95b3dfc9a,,sports_ranking_finish_position,contradiction
economic_or_replay,market_exposure_limit,3496b04d1407bfa617b8d7e95b3dfc9a,,sports_ranking_finish_position,contradiction
economic_or_replay,market_exposure_limit,3496b04d1407bfa617b8d7e95b3dfc9a,,sports_ranking_finish_position,contradiction
economic_or_replay,market_exposure_limit,3496b04d1407bfa617b8d7e95b3dfc9a,,sports_ranking_finish_position,contradiction
economic_or_replay,market_exposure_limit,3496b04d1407bfa617b8d7e95b3dfc9a,,sports_ranking_finish_position,contradiction
economic_or_replay,market_exposure_limit,3496b04d1407bfa617b8d7e95b3dfc9a,,sports_ranking_finish_position,contradiction
economic_or_replay,market_exposure_limit,3496b04d1407bfa617b8d7e95b3dfc9a,,sports_ranking_finish_position,contradiction
economic_or_replay,market_exposure_limit,3496b04d1407bfa617b8d7e95b3dfc9a,,sports_ranking_finish_position,contradiction
economic_or_replay,market_exposure_limit,3496b04d1407bfa617b8d7e95b3dfc9a,,sports_ranking_finish_position,contradiction
economic_or_replay,market_exposure_limit,3496b04d1407bfa617b8d7e95b3dfc9a,,sports_ranking_finish_position,contradiction
economic_or_replay,market_exposure_limit,3496b04d1407bfa617b8d7e95b3dfc9a,,sports_ranking_finish_position,contradiction
economic_or_replay,market_exposure_limit,3496b04d1407bfa617b8d7e95b3dfc9a,,sports_ranking_finish_position,contradiction
economic_or_replay,market_exposure_limit,3496b04d1407bfa617b8d7e95b3dfc9a,,sports_ranking_finish_position,contradiction
economic_or_replay,market_exposure_limit,3496b04d1407bfa617b8d7e95b3dfc9a,,sports_ranking_finish_position,contradiction
economic_or_replay,market_exposure_limit,3496b04d1407bfa617b8d7e95b3dfc9a,,sports_ranking_finish_position,contradiction
economic_or_replay,market_exposure_limit,3496b04d1407bfa617b8d7e95b3dfc9a,,sports_ranking_finish_position,contradiction
economic_or_replay,market_exposure_limit,3496b04d1407bfa617b8d7e95b3dfc9a,,sports_ranking_finish_position,contradiction
economic_or_replay,market_exposure_limit,3496b04d1407bfa617b8d7e95b3dfc9a,,sports_ranking_finish_position,contradiction
economic_or_replay,market_exposure_limit,3496b04d1407bfa617b8d7e95b3dfc9a,,sports_ranking_finish_position,contradiction
economic_or_replay,market_exposure_limit,3496b04d1407bfa617b8d7e95b3dfc9a,,sports_ranking_finish_position,contradiction
economic_or_replay,market_exposure_limit,3496b04d1407bfa617b8d7e95b3dfc9a,,sports_ranking_finish_position,contradiction
economic_or_replay,market_exposure_limit,3496b04d1407bfa617b8d7e95b3dfc9a,,sports_ranking_finish_position,contradiction
economic_or_replay,market_exposure_limit,3496b04d1407bfa617b8d7e95b3dfc9a,,sports_ranking_finish_position,contradiction
economic_or_replay,market_exposure_limit,3496b04d1407bfa617b8d7e95b3dfc9a,,sports_ranking_finish_position,contradiction
economic_or_replay,market_exposure_limit,3496b04d1407bfa617b8d7e95b3dfc9a,,sports_ranking_finish_position,contradiction
economic_or_replay,market_exposure_limit,3496b04d1407bfa617b8d7e95b3dfc9a,,sports_ranking_finish_position,contradiction
economic_or_replay,market_exposure_limit,3496b04d1407bfa617b8d7e95b3dfc9a,,sports_ranking_finish_position,contradiction
economic_or_replay,market_exposure_limit,3496b04d1407bfa617b8d7e95b3dfc9a,,sports_ranking_finish_position,contradiction
economic_or_replay,market_exposure_limit,3496b04d1407bfa617b8d7e95b3dfc9a,,sports_ranking_finish_position,contradiction
economic_or_replay,market_exposure_limit,3496b04d1407bfa617b8d7e95b3dfc9a,,sports_ranking_finish_position,contradiction
economic_or_replay,market_exposure_limit,3496b04d1407bfa617b8d7e95b3dfc9a,,sports_ranking_finish_position,contradiction
economic_or_replay,market_exposure_limit,3496b04d1407bfa617b8d7e95b3dfc9a,,sports_ranking_finish_position,contradiction
economic_or_replay,market_exposure_limit,3496b04d1407bfa617b8d7e95b3dfc9a,,sports_ranking_finish_position,contradiction
economic_or_replay,market_exposure_limit,3496b04d1407bfa617b8d7e95b3dfc9a,,sports_ranking_finish_position,contradiction
economic_or_replay,market_exposure_limit,3496b04d1407bfa617b8d7e95b3dfc9a,,sports_ranking_finish_position,contradiction
economic_or_replay,market_exposure_limit,3496b04d1407bfa617b8d7e95b3dfc9a,,sports_ranking_finish_position,contradiction
economic_or_replay,market_exposure_limit,3496b04d1407bfa617b8d7e95b3dfc9a,,sports_ranking_finish_position,contradiction
economic_or_replay,market_exposure_limit,3496b04d1407bfa617b8d7e95b3dfc9a,,sports_ranking_finish_position,contradiction
economic_or_replay,market_exposure_limit,3496b04d1407bfa617b8d7e95b3dfc9a,,sports_ranking_finish_position,contradiction
economic_or_replay,market_exposure_limit,3496b04d1407bfa617b8d7e95b3dfc9a,,sports_ranking_finish_position,contradiction
economic_or_replay,market_exposure_limit,3496b04d1407bfa617b8d7e95b3dfc9a,,sports_ranking_finish_position,contradiction
economic_or_replay,market_exposure_limit,3496b04d1407bfa617b8d7e95b3dfc9a,,sports_ranking_finish_position,contradiction
economic_or_replay,market_exposure_limit,3496b04d1407bfa617b8d7e95b3dfc9a,,sports_ranking_finish_position,contradiction
economic_or_replay,market_exposure_limit,3496b04d1407bfa617b8d7e95b3dfc9a,,sports_ranking_finish_position,contradiction
economic_or_replay,market_exposure_limit,3496b04d1407bfa617b8d7e95b3dfc9a,,sports_ranking_finish_position,contradiction
economic_or_replay,market_exposure_limit,3496b04d1407bfa617b8d7e95b3dfc9a,,sports_ranking_finish_position,contradiction
economic_or_replay,market_exposure_limit,3496b04d1407bfa617b8d7e95b3dfc9a,,sports_ranking_finish_position,contradiction
economic_or_replay,market_exposure_limit,3496b04d1407bfa617b8d7e95b3dfc9a,,sports_ranking_finish_position,contradiction
economic_or_replay,market_exposure_limit,3496b04d1407bfa617b8d7e95b3dfc9a,,sports_ranking_finish_position,contradiction
economic_or_replay,market_exposure_limit,3496b04d1407bfa617b8d7e95b3dfc9a,,sports_ranking_finish_position,contradiction
economic_or_replay,market_exposure_limit,3496b04d1407bfa617b8d7e95b3dfc9a,,sports_ranking_finish_position,contradiction
economic_or_replay,market_exposure_limit,3496b04d1407bfa617b8d7e95b3dfc9a,,sports_ranking_finish_position,contradiction
economic_or_replay,market_exposure_limit,3496b04d1407bfa617b8d7e95b3dfc9a,,sports_ranking_finish_position,contradiction
economic_or_replay,market_exposure_limit,3496b04d1407bfa617b8d7e95b3dfc9a,,sports_ranking_finish_position,contradiction
economic_or_replay,market_exposure_limit,3496b04d1407bfa617b8d7e95b3dfc9a,,sports_ranking_finish_position,contradiction
economic_or_replay,market_exposure_limit,3496b04d1407bfa617b8d7e95b3dfc9a,,sports_ranking_finish_position,contradiction
economic_or_replay,market_exposure_limit,3496b04d1407bfa617b8d7e95b3dfc9a,,sports_ranking_finish_position,contradiction
economic_or_replay,market_exposure_limit,3496b04d1407bfa617b8d7e95b3dfc9a,,sports_ranking_finish_position,contradiction
economic_or_replay,market_exposure_limit,3496b04d1407bfa617b8d7e95b3dfc9a,,sports_ranking_finish_position,contradiction
economic_or_replay,market_exposure_limit,3496b04d1407bfa617b8d7e95b3dfc9a,,sports_ranking_finish_position,contradiction
economic_or_replay,market_exposure_limit,3496b04d1407bfa617b8d7e95b3dfc9a,,sports_ranking_finish_position,contradiction
economic_or_replay,market_exposure_limit,3496b04d1407bfa617b8d7e95b3dfc9a,,sports_ranking_finish_position,contradiction
economic_or_replay,market_exposure_limit,3496b04d1407bfa617b8d7e95b3dfc9a,,sports_ranking_finish_position,contradiction
economic_or_replay,market_exposure_limit,3496b04d1407bfa617b8d7e95b3dfc9a,,sports_ranking_finish_position,contradiction
economic_or_replay,market_exposure_limit,3496b04d1407bfa617b8d7e95b3dfc9a,,sports_ranking_finish_position,contradiction
economic_or_replay,market_exposure_limit,3496b04d1407bfa617b8d7e95b3dfc9a,,sports_ranking_finish_position,contradiction
economic_or_replay,market_exposure_limit,3496b04d1407bfa617b8d7e95b3dfc9a,,sports_ranking_finish_position,contradiction
economic_or_replay,market_exposure_limit,3496b04d1407bfa617b8d7e95b3dfc9a,,sports_ranking_finish_position,contradiction
economic_or_replay,market_exposure_limit,3496b04d1407bfa617b8d7e95b3dfc9a,,sports_ranking_finish_position,contradiction
economic_or_replay,market_exposure_limit,3496b04d1407bfa617b8d7e95b3dfc9a,,sports_ranking_finish_position,contradiction
economic_or_replay,market_exposure_limit,3496b04d1407bfa617b8d7e95b3dfc9a,,sports_ranking_finish_position,contradiction
economic_or_replay,market_exposure_limit,3496b04d1407bfa617b8d7e95b3dfc9a,,sports_ranking_finish_position,contradiction
economic_or_replay,market_exposure_limit,3496b04d1407bfa617b8d7e95b3dfc9a,,sports_ranking_finish_position,contradiction
economic_or_replay,market_exposure_limit,3496b04d1407bfa617b8d7e95b3dfc9a,,sports_ranking_finish_position,contradiction
economic_or_replay,market_exposure_limit,3496b04d1407bfa617b8d7e95b3dfc9a,,sports_ranking_finish_position,contradiction
economic_or_replay,market_exposure_limit,3496b04d1407bfa617b8d7e95b3dfc9a,,sports_ranking_finish_position,contradiction
economic_or_replay,market_exposure_limit,3496b04d1407bfa617b8d7e95b3dfc9a,,sports_ranking_finish_position,contradiction
economic_or_replay,market_exposure_limit,3496b04d1407bfa617b8d7e95b3dfc9a,,sports_ranking_finish_position,contradiction
economic_or_replay,market_exposure_limit,3496b04d1407bfa617b8d7e95b3dfc9a,,sports_ranking_finish_position,contradiction
economic_or_replay,market_exposure_limit,3496b04d1407bfa617b8d7e95b3dfc9a,,sports_ranking_finish_position,contradiction
economic_or_replay,market_exposure_limit,3496b04d1407bfa617b8d7e95b3dfc9a,,sports_ranking_finish_position,contradiction
economic_or_replay,market_exposure_limit,3496b04d1407bfa617b8d7e95b3dfc9a,,sports_ranking_finish_position,contradiction
economic_or_replay,market_exposure_limit,3496b04d1407bfa617b8d7e95b3dfc9a,,sports_ranking_finish_position,contradiction
economic_or_replay,market_exposure_limit,3496b04d1407bfa617b8d7e95b3dfc9a,,sports_ranking_finish_position,contradiction
economic_or_replay,market_exposure_limit,3496b04d1407bfa617b8d7e95b3dfc9a,,sports_ranking_finish_position,contradiction
economic_or_replay,market_exposure_limit,3496b04d1407bfa617b8d7e95b3dfc9a,,sports_ranking_finish_position,contradiction
economic_or_replay,market_exposure_limit,3496b04d1407bfa617b8d7e95b3dfc9a,,sports_ranking_finish_position,contradiction
economic_or_replay,market_exposure_limit,3496b04d1407bfa617b8d7e95b3dfc9a,,sports_ranking_finish_position,contradiction
economic_or_replay,market_exposure_limit,3496b04d1407bfa617b8d7e95b3dfc9a,,sports_ranking_finish_position,contradiction
economic_or_replay,market_exposure_limit,3496b04d1407bfa617b8d7e95b3dfc9a,,sports_ranking_finish_position,contradiction
economic_or_replay,market_exposure_limit,3496b04d1407bfa617b8d7e95b3dfc9a,,sports_ranking_finish_position,contradiction
economic_or_replay,market_exposure_limit,3496b04d1407bfa617b8d7e95b3dfc9a,,sports_ranking_finish_position,contradiction
economic_or_replay,market_exposure_limit,3496b04d1407bfa617b8d7e95b3dfc9a,,sports_ranking_finish_position,contradiction
economic_or_replay,market_exposure_limit,3496b04d1407bfa617b8d7e95b3dfc9a,,sports_ranking_finish_position,contradiction
economic_or_replay,market_exposure_limit,3496b04d1407bfa617b8d7e95b3dfc9a,,sports_ranking_finish_position,contradiction
economic_or_replay,market_exposure_limit,3496b04d1407bfa617b8d7e95b3dfc9a,,sports_ranking_finish_position,contradiction
economic_or_replay,market_exposure_limit,3496b04d1407bfa617b8d7e95b3dfc9a,,sports_ranking_finish_position,contradiction
economic_or_replay,market_exposure_limit,3496b04d1407bfa617b8d7e95b3dfc9a,,sports_ranking_finish_position,contradiction
economic_or_replay,market_exposure_limit,3496b04d1407bfa617b8d7e95b3dfc9a,,sports_ranking_finish_position,contradiction
economic_or_replay,market_exposure_limit,3496b04d1407bfa617b8d7e95b3dfc9a,,sports_ranking_finish_position,contradiction
economic_or_replay,market_exposure_limit,3496b04d1407bfa617b8d7e95b3dfc9a,,sports_ranking_finish_position,contradiction
economic_or_replay,market_exposure_limit,3496b04d1407bfa617b8d7e95b3dfc9a,,sports_ranking_finish_position,contradiction
economic_or_replay,market_exposure_limit,3496b04d1407bfa617b8d7e95b3dfc9a,,sports_ranking_finish_position,contradiction
economic_or_replay,market_exposure_limit,3496b04d1407bfa617b8d7e95b3dfc9a,,sports_ranking_finish_position,contradiction
economic_or_replay,market_exposure_limit,3496b04d1407bfa617b8d7e95b3dfc9a,,sports_ranking_finish_position,contradiction
economic_or_replay,market_exposure_limit,3496b04d1407bfa617b8d7e95b3dfc9a,,sports_ranking_finish_position,contradiction
economic_or_replay,market_exposure_limit,3496b04d1407bfa617b8d7e95b3dfc9a,,sports_ranking_finish_position,contradiction
economic_or_replay,market_exposure_limit,3496b04d1407bfa617b8d7e95b3dfc9a,,sports_ranking_finish_position,contradiction
economic_or_replay,market_exposure_limit,3496b04d1407bfa617b8d7e95b3dfc9a,,sports_ranking_finish_position,contradiction
economic_or_replay,market_exposure_limit,3496b04d1407bfa617b8d7e95b3dfc9a,,sports_ranking_finish_position,contradiction
economic_or_replay,market_exposure_limit,3496b04d1407bfa617b8d7e95b3dfc9a,,sports_ranking_finish_position,contradiction
economic_or_replay,market_exposure_limit,3496b04d1407bfa617b8d7e95b3dfc9a,,sports_ranking_finish_position,contradiction
economic_or_replay,market_exposure_limit,3496b04d1407bfa617b8d7e95b3dfc9a,,sports_ranking_finish_position,contradiction
economic_or_replay,market_exposure_limit,3496b04d1407bfa617b8d7e95b3dfc9a,,sports_ranking_finish_position,contradiction
economic_or_replay,market_exposure_limit,3496b04d1407bfa617b8d7e95b3dfc9a,,sports_ranking_finish_position,contradiction
economic_or_replay,market_exposure_limit,3496b04d1407bfa617b8d7e95b3dfc9a,,sports_ranking_finish_position,contradiction
economic_or_replay,market_exposure_limit,3496b04d1407bfa617b8d7e95b3dfc9a,,sports_ranking_finish_position,contradiction
economic_or_replay,market_exposure_limit,3496b04d1407bfa617b8d7e95b3dfc9a,,sports_ranking_finish_position,contradiction
economic_or_replay,market_exposure_limit,3496b04d1407bfa617b8d7e95b3dfc9a,,sports_ranking_finish_position,contradiction
economic_or_replay,market_exposure_limit,3496b04d1407bfa617b8d7e95b3dfc9a,,sports_ranking_finish_position,contradiction
economic_or_replay,market_exposure_limit,3496b04d1407bfa617b8d7e95b3dfc9a,,sports_ranking_finish_position,contradiction
economic_or_replay,market_exposure_limit,3496b04d1407bfa617b8d7e95b3dfc9a,,sports_ranking_finish_position,contradiction
economic_or_replay,market_exposure_limit,3496b04d1407bfa617b8d7e95b3dfc9a,,sports_ranking_finish_position,contradiction
economic_or_replay,market_exposure_limit,3496b04d1407bfa617b8d7e95b3dfc9a,,sports_ranking_finish_position,contradiction
economic_or_replay,market_exposure_limit,3496b04d1407bfa617b8d7e95b3dfc9a,,sports_ranking_finish_position,contradiction
economic_or_replay,market_exposure_limit,3496b04d1407bfa617b8d7e95b3dfc9a,,sports_ranking_finish_position,contradiction
economic_or_replay,market_exposure_limit,3496b04d1407bfa617b8d7e95b3dfc9a,,sports_ranking_finish_position,contradiction
economic_or_replay,market_exposure_limit,3496b04d1407bfa617b8d7e95b3dfc9a,,sports_ranking_finish_position,contradiction
economic_or_replay,market_exposure_limit,3496b04d1407bfa617b8d7e95b3dfc9a,,sports_ranking_finish_position,contradiction
economic_or_replay,market_exposure_limit,3496b04d1407bfa617b8d7e95b3dfc9a,,sports_ranking_finish_position,contradiction
economic_or_replay,market_exposure_limit,3496b04d1407bfa617b8d7e95b3dfc9a,,sports_ranking_finish_position,contradiction
economic_or_replay,market_exposure_limit,3496b04d1407bfa617b8d7e95b3dfc9a,,sports_ranking_finish_position,contradiction
economic_or_replay,market_exposure_limit,3496b04d1407bfa617b8d7e95b3dfc9a,,sports_ranking_finish_position,contradiction
economic_or_replay,market_exposure_limit,3496b04d1407bfa617b8d7e95b3dfc9a,,sports_ranking_finish_position,contradiction
economic_or_replay,market_exposure_limit,3496b04d1407bfa617b8d7e95b3dfc9a,,sports_ranking_finish_position,contradiction
economic_or_replay,market_exposure_limit,3496b04d1407bfa617b8d7e95b3dfc9a,,sports_ranking_finish_position,contradiction
economic_or_replay,market_exposure_limit,3496b04d1407bfa617b8d7e95b3dfc9a,,sports_ranking_finish_position,contradiction
economic_or_replay,market_exposure_limit,3496b04d1407bfa617b8d7e95b3dfc9a,,sports_ranking_finish_position,contradiction
economic_or_replay,market_exposure_limit,3496b04d1407bfa617b8d7e95b3dfc9a,,sports_ranking_finish_position,contradiction
economic_or_replay,market_exposure_limit,3496b04d1407bfa617b8d7e95b3dfc9a,,sports_ranking_finish_position,contradiction
economic_or_replay,market_exposure_limit,3496b04d1407bfa617b8d7e95b3dfc9a,,sports_ranking_finish_position,contradiction
economic_or_replay,market_exposure_limit,3496b04d1407bfa617b8d7e95b3dfc9a,,sports_ranking_finish_position,contradiction
economic_or_replay,market_exposure_limit,3496b04d1407bfa617b8d7e95b3dfc9a,,sports_ranking_finish_position,contradiction
economic_or_replay,market_exposure_limit,3496b04d1407bfa617b8d7e95b3dfc9a,,sports_ranking_finish_position,contradiction
economic_or_replay,market_exposure_limit,3496b04d1407bfa617b8d7e95b3dfc9a,,sports_ranking_finish_position,contradiction
economic_or_replay,market_exposure_limit,3496b04d1407bfa617b8d7e95b3dfc9a,,sports_ranking_finish_position,contradiction
economic_or_replay,market_exposure_limit,3496b04d1407bfa617b8d7e95b3dfc9a,,sports_ranking_finish_position,contradiction
economic_or_replay,market_exposure_limit,3496b04d1407bfa617b8d7e95b3dfc9a,,sports_ranking_finish_position,contradiction
economic_or_replay,market_exposure_limit,3496b04d1407bfa617b8d7e95b3dfc9a,,sports_ranking_finish_position,contradiction
economic_or_replay,market_exposure_limit,3496b04d1407bfa617b8d7e95b3dfc9a,,sports_ranking_finish_position,contradiction
economic_or_replay,market_exposure_limit,3496b04d1407bfa617b8d7e95b3dfc9a,,sports_ranking_finish_position,contradiction
economic_or_replay,market_exposure_limit,3496b04d1407bfa617b8d7e95b3dfc9a,,sports_ranking_finish_position,contradiction
economic_or_replay,market_exposure_limit,3496b04d1407bfa617b8d7e95b3dfc9a,,sports_ranking_finish_position,contradiction
economic_or_replay,market_exposure_limit,3496b04d1407bfa617b8d7e95b3dfc9a,,sports_ranking_finish_position,contradiction
economic_or_replay,market_exposure_limit,3496b04d1407bfa617b8d7e95b3dfc9a,,sports_ranking_finish_position,contradiction
economic_or_replay,market_exposure_limit,3496b04d1407bfa617b8d7e95b3dfc9a,,sports_ranking_finish_position,contradiction
economic_or_replay,market_exposure_limit,3496b04d1407bfa617b8d7e95b3dfc9a,,sports_ranking_finish_position,contradiction
economic_or_replay,market_exposure_limit,3496b04d1407bfa617b8d7e95b3dfc9a,,sports_ranking_finish_position,contradiction
economic_or_replay,market_exposure_limit,3496b04d1407bfa617b8d7e95b3dfc9a,,sports_ranking_finish_position,contradiction
economic_or_replay,market_exposure_limit,3496b04d1407bfa617b8d7e95b3dfc9a,,sports_ranking_finish_position,contradiction
economic_or_replay,market_exposure_limit,3496b04d1407bfa617b8d7e95b3dfc9a,,sports_ranking_finish_position,contradiction
economic_or_replay,market_exposure_limit,3496b04d1407bfa617b8d7e95b3dfc9a,,sports_ranking_finish_position,contradiction
economic_or_replay,market_exposure_limit,3496b04d1407bfa617b8d7e95b3dfc9a,,sports_ranking_finish_position,contradiction
economic_or_replay,market_exposure_limit,3496b04d1407bfa617b8d7e95b3dfc9a,,sports_ranking_finish_position,contradiction
economic_or_replay,market_exposure_limit,3496b04d1407bfa617b8d7e95b3dfc9a,,sports_ranking_finish_position,contradiction
economic_or_replay,market_exposure_limit,3496b04d1407bfa617b8d7e95b3dfc9a,,sports_ranking_finish_position,contradiction
economic_or_replay,market_exposure_limit,3496b04d1407bfa617b8d7e95b3dfc9a,,sports_ranking_finish_position,contradiction
economic_or_replay,market_exposure_limit,3496b04d1407bfa617b8d7e95b3dfc9a,,sports_ranking_finish_position,contradiction
economic_or_replay,market_exposure_limit,3496b04d1407bfa617b8d7e95b3dfc9a,,sports_ranking_finish_position,contradiction
economic_or_replay,market_exposure_limit,3496b04d1407bfa617b8d7e95b3dfc9a,,sports_ranking_finish_position,contradiction
economic_or_replay,market_exposure_limit,3496b04d1407bfa617b8d7e95b3dfc9a,,sports_ranking_finish_position,contradiction
economic_or_replay,market_exposure_limit,3496b04d1407bfa617b8d7e95b3dfc9a,,sports_ranking_finish_position,contradiction
economic_or_replay,market_exposure_limit,3496b04d1407bfa617b8d7e95b3dfc9a,,sports_ranking_finish_position,contradiction
economic_or_replay,market_exposure_limit,3496b04d1407bfa617b8d7e95b3dfc9a,,sports_ranking_finish_position,contradiction
economic_or_replay,market_exposure_limit,3496b04d1407bfa617b8d7e95b3dfc9a,,sports_ranking_finish_position,contradiction
economic_or_replay,market_exposure_limit,3496b04d1407bfa617b8d7e95b3dfc9a,,sports_ranking_finish_position,contradiction
economic_or_replay,market_exposure_limit,3496b04d1407bfa617b8d7e95b3dfc9a,,sports_ranking_finish_position,contradiction
economic_or_replay,market_exposure_limit,3496b04d1407bfa617b8d7e95b3dfc9a,,sports_ranking_finish_position,contradiction
economic_or_replay,market_exposure_limit,3496b04d1407bfa617b8d7e95b3dfc9a,,sports_ranking_finish_position,contradiction
economic_or_replay,market_exposure_limit,3496b04d1407bfa617b8d7e95b3dfc9a,,sports_ranking_finish_position,contradiction
economic_or_replay,market_exposure_limit,3496b04d1407bfa617b8d7e95b3dfc9a,,sports_ranking_finish_position,contradiction
economic_or_replay,market_exposure_limit,3496b04d1407bfa617b8d7e95b3dfc9a,,sports_ranking_finish_position,contradiction
economic_or_replay,market_exposure_limit,3496b04d1407bfa617b8d7e95b3dfc9a,,sports_ranking_finish_position,contradiction
economic_or_replay,market_exposure_limit,3496b04d1407bfa617b8d7e95b3dfc9a,,sports_ranking_finish_position,contradiction
economic_or_replay,market_exposure_limit,3496b04d1407bfa617b8d7e95b3dfc9a,,sports_ranking_finish_position,contradiction
economic_or_replay,market_exposure_limit,3496b04d1407bfa617b8d7e95b3dfc9a,,sports_ranking_finish_position,contradiction
economic_or_replay,market_exposure_limit,3496b04d1407bfa617b8d7e95b3dfc9a,,sports_ranking_finish_position,contradiction
economic_or_replay,market_exposure_limit,3496b04d1407bfa617b8d7e95b3dfc9a,,sports_ranking_finish_position,contradiction
economic_or_replay,market_exposure_limit,3496b04d1407bfa617b8d7e95b3dfc9a,,sports_ranking_finish_position,contradiction
economic_or_replay,market_exposure_limit,3496b04d1407bfa617b8d7e95b3dfc9a,,sports_ranking_finish_position,contradiction
economic_or_replay,market_exposure_limit,3496b04d1407bfa617b8d7e95b3dfc9a,,sports_ranking_finish_position,contradiction
economic_or_replay,market_exposure_limit,3496b04d1407bfa617b8d7e95b3dfc9a,,sports_ranking_finish_position,contradiction
economic_or_replay,market_exposure_limit,3496b04d1407bfa617b8d7e95b3dfc9a,,sports_ranking_finish_position,contradiction
economic_or_replay,market_exposure_limit,3496b04d1407bfa617b8d7e95b3dfc9a,,sports_ranking_finish_position,contradiction
economic_or_replay,market_exposure_limit,3496b04d1407bfa617b8d7e95b3dfc9a,,sports_ranking_finish_position,contradiction
economic_or_replay,market_exposure_limit,3496b04d1407bfa617b8d7e95b3dfc9a,,sports_ranking_finish_position,contradiction
economic_or_replay,market_exposure_limit,3496b04d1407bfa617b8d7e95b3dfc9a,,sports_ranking_finish_position,contradiction
economic_or_replay,market_exposure_limit,3496b04d1407bfa617b8d7e95b3dfc9a,,sports_ranking_finish_position,contradiction
economic_or_replay,market_exposure_limit,3496b04d1407bfa617b8d7e95b3dfc9a,,sports_ranking_finish_position,contradiction
economic_or_replay,market_exposure_limit,3496b04d1407bfa617b8d7e95b3dfc9a,,sports_ranking_finish_position,contradiction
economic_or_replay,market_exposure_limit,3496b04d1407bfa617b8d7e95b3dfc9a,,sports_ranking_finish_position,contradiction
economic_or_replay,market_exposure_limit,3496b04d1407bfa617b8d7e95b3dfc9a,,sports_ranking_finish_position,contradiction
economic_or_replay,market_exposure_limit,3496b04d1407bfa617b8d7e95b3dfc9a,,sports_ranking_finish_position,contradiction
economic_or_replay,market_exposure_limit,3496b04d1407bfa617b8d7e95b3dfc9a,,sports_ranking_finish_position,contradiction
economic_or_replay,market_exposure_limit,3496b04d1407bfa617b8d7e95b3dfc9a,,sports_ranking_finish_position,contradiction
economic_or_replay,market_exposure_limit,3496b04d1407bfa617b8d7e95b3dfc9a,,sports_ranking_finish_position,contradiction
economic_or_replay,market_exposure_limit,3496b04d1407bfa617b8d7e95b3dfc9a,,sports_ranking_finish_position,contradiction
economic_or_replay,market_exposure_limit,3496b04d1407bfa617b8d7e95b3dfc9a,,sports_ranking_finish_position,contradiction
economic_or_replay,market_exposure_limit,3496b04d1407bfa617b8d7e95b3dfc9a,,sports_ranking_finish_position,contradiction
economic_or_replay,market_exposure_limit,3496b04d1407bfa617b8d7e95b3dfc9a,,sports_ranking_finish_position,contradiction
economic_or_replay,market_exposure_limit,3496b04d1407bfa617b8d7e95b3dfc9a,,sports_ranking_finish_position,contradiction
economic_or_replay,market_exposure_limit,3496b04d1407bfa617b8d7e95b3dfc9a,,sports_ranking_finish_position,contradiction
economic_or_replay,market_exposure_limit,3496b04d1407bfa617b8d7e95b3dfc9a,,sports_ranking_finish_position,contradiction
economic_or_replay,market_exposure_limit,3496b04d1407bfa617b8d7e95b3dfc9a,,sports_ranking_finish_position,contradiction
economic_or_replay,market_exposure_limit,3496b04d1407bfa617b8d7e95b3dfc9a,,sports_ranking_finish_position,contradiction
economic_or_replay,market_exposure_limit,3496b04d1407bfa617b8d7e95b3dfc9a,,sports_ranking_finish_position,contradiction
economic_or_replay,market_exposure_limit,3496b04d1407bfa617b8d7e95b3dfc9a,,sports_ranking_finish_position,contradiction
economic_or_replay,market_exposure_limit,3496b04d1407bfa617b8d7e95b3dfc9a,,sports_ranking_finish_position,contradiction
economic_or_replay,market_exposure_limit,3496b04d1407bfa617b8d7e95b3dfc9a,,sports_ranking_finish_position,contradiction
economic_or_replay,market_exposure_limit,3496b04d1407bfa617b8d7e95b3dfc9a,,sports_ranking_finish_position,contradiction
economic_or_replay,market_exposure_limit,3496b04d1407bfa617b8d7e95b3dfc9a,,sports_ranking_finish_position,contradiction
economic_or_replay,market_exposure_limit,3496b04d1407bfa617b8d7e95b3dfc9a,,sports_ranking_finish_position,contradiction
economic_or_replay,market_exposure_limit,3496b04d1407bfa617b8d7e95b3dfc9a,,sports_ranking_finish_position,contradiction
economic_or_replay,market_exposure_limit,3496b04d1407bfa617b8d7e95b3dfc9a,,sports_ranking_finish_position,contradiction
economic_or_replay,market_exposure_limit,3496b04d1407bfa617b8d7e95b3dfc9a,,sports_ranking_finish_position,contradiction
economic_or_replay,market_exposure_limit,3496b04d1407bfa617b8d7e95b3dfc9a,,sports_ranking_finish_position,contradiction
economic_or_replay,market_exposure_limit,3496b04d1407bfa617b8d7e95b3dfc9a,,sports_ranking_finish_position,contradiction
economic_or_replay,market_exposure_limit,3496b04d1407bfa617b8d7e95b3dfc9a,,sports_ranking_finish_position,contradiction
economic_or_replay,market_exposure_limit,3496b04d1407bfa617b8d7e95b3dfc9a,,sports_ranking_finish_position,contradiction
economic_or_replay,market_exposure_limit,3496b04d1407bfa617b8d7e95b3dfc9a,,sports_ranking_finish_position,contradiction
economic_or_replay,market_exposure_limit,3496b04d1407bfa617b8d7e95b3dfc9a,,sports_ranking_finish_position,contradiction
economic_or_replay,market_exposure_limit,3496b04d1407bfa617b8d7e95b3dfc9a,,sports_ranking_finish_position,contradiction
economic_or_replay,market_exposure_limit,3496b04d1407bfa617b8d7e95b3dfc9a,,sports_ranking_finish_position,contradiction
economic_or_replay,market_exposure_limit,3496b04d1407bfa617b8d7e95b3dfc9a,,sports_ranking_finish_position,contradiction
economic_or_replay,market_exposure_limit,3496b04d1407bfa617b8d7e95b3dfc9a,,sports_ranking_finish_position,contradiction
economic_or_replay,market_exposure_limit,3496b04d1407bfa617b8d7e95b3dfc9a,,sports_ranking_finish_position,contradiction
economic_or_replay,market_exposure_limit,3496b04d1407bfa617b8d7e95b3dfc9a,,sports_ranking_finish_position,contradiction
economic_or_replay,market_exposure_limit,3496b04d1407bfa617b8d7e95b3dfc9a,,sports_ranking_finish_position,contradiction
economic_or_replay,market_exposure_limit,3496b04d1407bfa617b8d7e95b3dfc9a,,sports_ranking_finish_position,contradiction
economic_or_replay,market_exposure_limit,3496b04d1407bfa617b8d7e95b3dfc9a,,sports_ranking_finish_position,contradiction
economic_or_replay,market_exposure_limit,3496b04d1407bfa617b8d7e95b3dfc9a,,sports_ranking_finish_position,contradiction
economic_or_replay,market_exposure_limit,3496b04d1407bfa617b8d7e95b3dfc9a,,sports_ranking_finish_position,contradiction
economic_or_replay,market_exposure_limit,3496b04d1407bfa617b8d7e95b3dfc9a,,sports_ranking_finish_position,contradiction
economic_or_replay,market_exposure_limit,3496b04d1407bfa617b8d7e95b3dfc9a,,sports_ranking_finish_position,contradiction
economic_or_replay,market_exposure_limit,3496b04d1407bfa617b8d7e95b3dfc9a,,sports_ranking_finish_position,contradiction
economic_or_replay,market_exposure_limit,3496b04d1407bfa617b8d7e95b3dfc9a,,sports_ranking_finish_position,contradiction
economic_or_replay,market_exposure_limit,3496b04d1407bfa617b8d7e95b3dfc9a,,sports_ranking_finish_position,contradiction
economic_or_replay,market_exposure_limit,3496b04d1407bfa617b8d7e95b3dfc9a,,sports_ranking_finish_position,contradiction
economic_or_replay,market_exposure_limit,3496b04d1407bfa617b8d7e95b3dfc9a,,sports_ranking_finish_position,contradiction
economic_or_replay,market_exposure_limit,3496b04d1407bfa617b8d7e95b3dfc9a,,sports_ranking_finish_position,contradiction
economic_or_replay,market_exposure_limit,3496b04d1407bfa617b8d7e95b3dfc9a,,sports_ranking_finish_position,contradiction
economic_or_replay,market_exposure_limit,3496b04d1407bfa617b8d7e95b3dfc9a,,sports_ranking_finish_position,contradiction
economic_or_replay,market_exposure_limit,3496b04d1407bfa617b8d7e95b3dfc9a,,sports_ranking_finish_position,contradiction
economic_or_replay,market_exposure_limit,3496b04d1407bfa617b8d7e95b3dfc9a,,sports_ranking_finish_position,contradiction
economic_or_replay,market_exposure_limit,3496b04d1407bfa617b8d7e95b3dfc9a,,sports_ranking_finish_position,contradiction
economic_or_replay,market_exposure_limit,3496b04d1407bfa617b8d7e95b3dfc9a,,sports_ranking_finish_position,contradiction
economic_or_replay,market_exposure_limit,3496b04d1407bfa617b8d7e95b3dfc9a,,sports_ranking_finish_position,contradiction
economic_or_replay,market_exposure_limit,3496b04d1407bfa617b8d7e95b3dfc9a,,sports_ranking_finish_position,contradiction
economic_or_replay,market_exposure_limit,3496b04d1407bfa617b8d7e95b3dfc9a,,sports_ranking_finish_position,contradiction
economic_or_replay,market_exposure_limit,3496b04d1407bfa617b8d7e95b3dfc9a,,sports_ranking_finish_position,contradiction
economic_or_replay,market_exposure_limit,3496b04d1407bfa617b8d7e95b3dfc9a,,sports_ranking_finish_position,contradiction
economic_or_replay,market_exposure_limit,3496b04d1407bfa617b8d7e95b3dfc9a,,sports_ranking_finish_position,contradiction
economic_or_replay,market_exposure_limit,3496b04d1407bfa617b8d7e95b3dfc9a,,sports_ranking_finish_position,contradiction
economic_or_replay,market_exposure_limit,3496b04d1407bfa617b8d7e95b3dfc9a,,sports_ranking_finish_position,contradiction
economic_or_replay,market_exposure_limit,3496b04d1407bfa617b8d7e95b3dfc9a,,sports_ranking_finish_position,contradiction
economic_or_replay,market_exposure_limit,3496b04d1407bfa617b8d7e95b3dfc9a,,sports_ranking_finish_position,contradiction
economic_or_replay,market_exposure_limit,3496b04d1407bfa617b8d7e95b3dfc9a,,sports_ranking_finish_position,contradiction
economic_or_replay,market_exposure_limit,3496b04d1407bfa617b8d7e95b3dfc9a,,sports_ranking_finish_position,contradiction
economic_or_replay,market_exposure_limit,3496b04d1407bfa617b8d7e95b3dfc9a,,sports_ranking_finish_position,contradiction
economic_or_replay,market_exposure_limit,3496b04d1407bfa617b8d7e95b3dfc9a,,sports_ranking_finish_position,contradiction
economic_or_replay,market_exposure_limit,3496b04d1407bfa617b8d7e95b3dfc9a,,sports_ranking_finish_position,contradiction
economic_or_replay,market_exposure_limit,3496b04d1407bfa617b8d7e95b3dfc9a,,sports_ranking_finish_position,contradiction
economic_or_replay,market_exposure_limit,3496b04d1407bfa617b8d7e95b3dfc9a,,sports_ranking_finish_position,contradiction
economic_or_replay,market_exposure_limit,3496b04d1407bfa617b8d7e95b3dfc9a,,sports_ranking_finish_position,contradiction
economic_or_replay,market_exposure_limit,3496b04d1407bfa617b8d7e95b3dfc9a,,sports_ranking_finish_position,contradiction
economic_or_replay,market_exposure_limit,3496b04d1407bfa617b8d7e95b3dfc9a,,sports_ranking_finish_position,contradiction
economic_or_replay,market_exposure_limit,3496b04d1407bfa617b8d7e95b3dfc9a,,sports_ranking_finish_position,contradiction
economic_or_replay,market_exposure_limit,3496b04d1407bfa617b8d7e95b3dfc9a,,sports_ranking_finish_position,contradiction
economic_or_replay,market_exposure_limit,3496b04d1407bfa617b8d7e95b3dfc9a,,sports_ranking_finish_position,contradiction
economic_or_replay,market_exposure_limit,3496b04d1407bfa617b8d7e95b3dfc9a,,sports_ranking_finish_position,contradiction
economic_or_replay,market_exposure_limit,3496b04d1407bfa617b8d7e95b3dfc9a,,sports_ranking_finish_position,contradiction
economic_or_replay,market_exposure_limit,3496b04d1407bfa617b8d7e95b3dfc9a,,sports_ranking_finish_position,contradiction
economic_or_replay,market_exposure_limit,3496b04d1407bfa617b8d7e95b3dfc9a,,sports_ranking_finish_position,contradiction
economic_or_replay,market_exposure_limit,3496b04d1407bfa617b8d7e95b3dfc9a,,sports_ranking_finish_position,contradiction
economic_or_replay,market_exposure_limit,3496b04d1407bfa617b8d7e95b3dfc9a,,sports_ranking_finish_position,contradiction
economic_or_replay,market_exposure_limit,3496b04d1407bfa617b8d7e95b3dfc9a,,sports_ranking_finish_position,contradiction
economic_or_replay,market_exposure_limit,3496b04d1407bfa617b8d7e95b3dfc9a,,sports_ranking_finish_position,contradiction
economic_or_replay,market_exposure_limit,3496b04d1407bfa617b8d7e95b3dfc9a,,sports_ranking_finish_position,contradiction
economic_or_replay,market_exposure_limit,3496b04d1407bfa617b8d7e95b3dfc9a,,sports_ranking_finish_position,contradiction
economic_or_replay,market_exposure_limit,3496b04d1407bfa617b8d7e95b3dfc9a,,sports_ranking_finish_position,contradiction
economic_or_replay,market_exposure_limit,3496b04d1407bfa617b8d7e95b3dfc9a,,sports_ranking_finish_position,contradiction
economic_or_replay,market_exposure_limit,3496b04d1407bfa617b8d7e95b3dfc9a,,sports_ranking_finish_position,contradiction
economic_or_replay,market_exposure_limit,3496b04d1407bfa617b8d7e95b3dfc9a,,sports_ranking_finish_position,contradiction
economic_or_replay,market_exposure_limit,3496b04d1407bfa617b8d7e95b3dfc9a,,sports_ranking_finish_position,contradiction
economic_or_replay,market_exposure_limit,3496b04d1407bfa617b8d7e95b3dfc9a,,sports_ranking_finish_position,contradiction
economic_or_replay,market_exposure_limit,3496b04d1407bfa617b8d7e95b3dfc9a,,sports_ranking_finish_position,contradiction
economic_or_replay,market_exposure_limit,3496b04d1407bfa617b8d7e95b3dfc9a,,sports_ranking_finish_position,contradiction
economic_or_replay,market_exposure_limit,3496b04d1407bfa617b8d7e95b3dfc9a,,sports_ranking_finish_position,contradiction
economic_or_replay,market_exposure_limit,3496b04d1407bfa617b8d7e95b3dfc9a,,sports_ranking_finish_position,contradiction
economic_or_replay,market_exposure_limit,3496b04d1407bfa617b8d7e95b3dfc9a,,sports_ranking_finish_position,contradiction
economic_or_replay,market_exposure_limit,3496b04d1407bfa617b8d7e95b3dfc9a,,sports_ranking_finish_position,contradiction
economic_or_replay,market_exposure_limit,3496b04d1407bfa617b8d7e95b3dfc9a,,sports_ranking_finish_position,contradiction
economic_or_replay,market_exposure_limit,3496b04d1407bfa617b8d7e95b3dfc9a,,sports_ranking_finish_position,contradiction
economic_or_replay,market_exposure_limit,3496b04d1407bfa617b8d7e95b3dfc9a,,sports_ranking_finish_position,contradiction
economic_or_replay,market_exposure_limit,3496b04d1407bfa617b8d7e95b3dfc9a,,sports_ranking_finish_position,contradiction
economic_or_replay,market_exposure_limit,3496b04d1407bfa617b8d7e95b3dfc9a,,sports_ranking_finish_position,contradiction
economic_or_replay,market_exposure_limit,3496b04d1407bfa617b8d7e95b3dfc9a,,sports_ranking_finish_position,contradiction
economic_or_replay,market_exposure_limit,3496b04d1407bfa617b8d7e95b3dfc9a,,sports_ranking_finish_position,contradiction
economic_or_replay,market_exposure_limit,3496b04d1407bfa617b8d7e95b3dfc9a,,sports_ranking_finish_position,contradiction
economic_or_replay,market_exposure_limit,3496b04d1407bfa617b8d7e95b3dfc9a,,sports_ranking_finish_position,contradiction
economic_or_replay,market_exposure_limit,3496b04d1407bfa617b8d7e95b3dfc9a,,sports_ranking_finish_position,contradiction
economic_or_replay,market_exposure_limit,3496b04d1407bfa617b8d7e95b3dfc9a,,sports_ranking_finish_position,contradiction
economic_or_replay,market_exposure_limit,3496b04d1407bfa617b8d7e95b3dfc9a,,sports_ranking_finish_position,contradiction
economic_or_replay,market_exposure_limit,3496b04d1407bfa617b8d7e95b3dfc9a,,sports_ranking_finish_position,contradiction
economic_or_replay,market_exposure_limit,3496b04d1407bfa617b8d7e95b3dfc9a,,sports_ranking_finish_position,contradiction
economic_or_replay,market_exposure_limit,3496b04d1407bfa617b8d7e95b3dfc9a,,sports_ranking_finish_position,contradiction
economic_or_replay,market_exposure_limit,3496b04d1407bfa617b8d7e95b3dfc9a,,sports_ranking_finish_position,contradiction
economic_or_replay,market_exposure_limit,3496b04d1407bfa617b8d7e95b3dfc9a,,sports_ranking_finish_position,contradiction
economic_or_replay,market_exposure_limit,3496b04d1407bfa617b8d7e95b3dfc9a,,sports_ranking_finish_position,contradiction
economic_or_replay,market_exposure_limit,3496b04d1407bfa617b8d7e95b3dfc9a,,sports_ranking_finish_position,contradiction
economic_or_replay,market_exposure_limit,3496b04d1407bfa617b8d7e95b3dfc9a,,sports_ranking_finish_position,contradiction
economic_or_replay,market_exposure_limit,3496b04d1407bfa617b8d7e95b3dfc9a,,sports_ranking_finish_position,contradiction
economic_or_replay,market_exposure_limit,3496b04d1407bfa617b8d7e95b3dfc9a,,sports_ranking_finish_position,contradiction
economic_or_replay,market_exposure_limit,3496b04d1407bfa617b8d7e95b3dfc9a,,sports_ranking_finish_position,contradiction
economic_or_replay,market_exposure_limit,3496b04d1407bfa617b8d7e95b3dfc9a,,sports_ranking_finish_position,contradiction
economic_or_replay,market_exposure_limit,3496b04d1407bfa617b8d7e95b3dfc9a,,sports_ranking_finish_position,contradiction
economic_or_replay,market_exposure_limit,3496b04d1407bfa617b8d7e95b3dfc9a,,sports_ranking_finish_position,contradiction
economic_or_replay,market_exposure_limit,3496b04d1407bfa617b8d7e95b3dfc9a,,sports_ranking_finish_position,contradiction
economic_or_replay,market_exposure_limit,3496b04d1407bfa617b8d7e95b3dfc9a,,sports_ranking_finish_position,contradiction
economic_or_replay,market_exposure_limit,3496b04d1407bfa617b8d7e95b3dfc9a,,sports_ranking_finish_position,contradiction
economic_or_replay,market_exposure_limit,3496b04d1407bfa617b8d7e95b3dfc9a,,sports_ranking_finish_position,contradiction
economic_or_replay,market_exposure_limit,3496b04d1407bfa617b8d7e95b3dfc9a,,sports_ranking_finish_position,contradiction
economic_or_replay,market_exposure_limit,3496b04d1407bfa617b8d7e95b3dfc9a,,sports_ranking_finish_position,contradiction
economic_or_replay,market_exposure_limit,3496b04d1407bfa617b8d7e95b3dfc9a,,sports_ranking_finish_position,contradiction
economic_or_replay,market_exposure_limit,3496b04d1407bfa617b8d7e95b3dfc9a,,sports_ranking_finish_position,contradiction
economic_or_replay,market_exposure_limit,3496b04d1407bfa617b8d7e95b3dfc9a,,sports_ranking_finish_position,contradiction
economic_or_replay,market_exposure_limit,3496b04d1407bfa617b8d7e95b3dfc9a,,sports_ranking_finish_position,contradiction
economic_or_replay,market_exposure_limit,3496b04d1407bfa617b8d7e95b3dfc9a,,sports_ranking_finish_position,contradiction
economic_or_replay,market_exposure_limit,3496b04d1407bfa617b8d7e95b3dfc9a,,sports_ranking_finish_position,contradiction
economic_or_replay,market_exposure_limit,3496b04d1407bfa617b8d7e95b3dfc9a,,sports_ranking_finish_position,contradiction
economic_or_replay,market_exposure_limit,3496b04d1407bfa617b8d7e95b3dfc9a,,sports_ranking_finish_position,contradiction
economic_or_replay,market_exposure_limit,3496b04d1407bfa617b8d7e95b3dfc9a,,sports_ranking_finish_position,contradiction
economic_or_replay,market_exposure_limit,3496b04d1407bfa617b8d7e95b3dfc9a,,sports_ranking_finish_position,contradiction
economic_or_replay,market_exposure_limit,3496b04d1407bfa617b8d7e95b3dfc9a,,sports_ranking_finish_position,contradiction
economic_or_replay,market_exposure_limit,3496b04d1407bfa617b8d7e95b3dfc9a,,sports_ranking_finish_position,contradiction
economic_or_replay,market_exposure_limit,3496b04d1407bfa617b8d7e95b3dfc9a,,sports_ranking_finish_position,contradiction
economic_or_replay,market_exposure_limit,3496b04d1407bfa617b8d7e95b3dfc9a,,sports_ranking_finish_position,contradiction
economic_or_replay,market_exposure_limit,3496b04d1407bfa617b8d7e95b3dfc9a,,sports_ranking_finish_position,contradiction
economic_or_replay,market_exposure_limit,3496b04d1407bfa617b8d7e95b3dfc9a,,sports_ranking_finish_position,contradiction
economic_or_replay,market_exposure_limit,3496b04d1407bfa617b8d7e95b3dfc9a,,sports_ranking_finish_position,contradiction
economic_or_replay,market_exposure_limit,3496b04d1407bfa617b8d7e95b3dfc9a,,sports_ranking_finish_position,contradiction
economic_or_replay,market_exposure_limit,3496b04d1407bfa617b8d7e95b3dfc9a,,sports_ranking_finish_position,contradiction
economic_or_replay,market_exposure_limit,3496b04d1407bfa617b8d7e95b3dfc9a,,sports_ranking_finish_position,contradiction
economic_or_replay,market_exposure_limit,3496b04d1407bfa617b8d7e95b3dfc9a,,sports_ranking_finish_position,contradiction
economic_or_replay,market_exposure_limit,3496b04d1407bfa617b8d7e95b3dfc9a,,sports_ranking_finish_position,contradiction
economic_or_replay,market_exposure_limit,3496b04d1407bfa617b8d7e95b3dfc9a,,sports_ranking_finish_position,contradiction
economic_or_replay,market_exposure_limit,3496b04d1407bfa617b8d7e95b3dfc9a,,sports_ranking_finish_position,contradiction
economic_or_replay,market_exposure_limit,3496b04d1407bfa617b8d7e95b3dfc9a,,sports_ranking_finish_position,contradiction
economic_or_replay,market_exposure_limit,3496b04d1407bfa617b8d7e95b3dfc9a,,sports_ranking_finish_position,contradiction
economic_or_replay,market_exposure_limit,3496b04d1407bfa617b8d7e95b3dfc9a,,sports_ranking_finish_position,contradiction
economic_or_replay,market_exposure_limit,3496b04d1407bfa617b8d7e95b3dfc9a,,sports_ranking_finish_position,contradiction
economic_or_replay,market_exposure_limit,3496b04d1407bfa617b8d7e95b3dfc9a,,sports_ranking_finish_position,contradiction
economic_or_replay,market_exposure_limit,3496b04d1407bfa617b8d7e95b3dfc9a,,sports_ranking_finish_position,contradiction
economic_or_replay,market_exposure_limit,3496b04d1407bfa617b8d7e95b3dfc9a,,sports_ranking_finish_position,contradiction
economic_or_replay,market_exposure_limit,3496b04d1407bfa617b8d7e95b3dfc9a,,sports_ranking_finish_position,contradiction
economic_or_replay,market_exposure_limit,3496b04d1407bfa617b8d7e95b3dfc9a,,sports_ranking_finish_position,contradiction
economic_or_replay,market_exposure_limit,3496b04d1407bfa617b8d7e95b3dfc9a,,sports_ranking_finish_position,contradiction
economic_or_replay,market_exposure_limit,3496b04d1407bfa617b8d7e95b3dfc9a,,sports_ranking_finish_position,contradiction
economic_or_replay,market_exposure_limit,3496b04d1407bfa617b8d7e95b3dfc9a,,sports_ranking_finish_position,contradiction
economic_or_replay,market_exposure_limit,3496b04d1407bfa617b8d7e95b3dfc9a,,sports_ranking_finish_position,contradiction
economic_or_replay,market_exposure_limit,3496b04d1407bfa617b8d7e95b3dfc9a,,sports_ranking_finish_position,contradiction
economic_or_replay,market_exposure_limit,3496b04d1407bfa617b8d7e95b3dfc9a,,sports_ranking_finish_position,contradiction
economic_or_replay,market_exposure_limit,3496b04d1407bfa617b8d7e95b3dfc9a,,sports_ranking_finish_position,contradiction
economic_or_replay,market_exposure_limit,3496b04d1407bfa617b8d7e95b3dfc9a,,sports_ranking_finish_position,contradiction
economic_or_replay,market_exposure_limit,3496b04d1407bfa617b8d7e95b3dfc9a,,sports_ranking_finish_position,contradiction
economic_or_replay,market_exposure_limit,3496b04d1407bfa617b8d7e95b3dfc9a,,sports_ranking_finish_position,contradiction
economic_or_replay,market_exposure_limit,3496b04d1407bfa617b8d7e95b3dfc9a,,sports_ranking_finish_position,contradiction
economic_or_replay,market_exposure_limit,3496b04d1407bfa617b8d7e95b3dfc9a,,sports_ranking_finish_position,contradiction
economic_or_replay,market_exposure_limit,3496b04d1407bfa617b8d7e95b3dfc9a,,sports_ranking_finish_position,contradiction
economic_or_replay,market_exposure_limit,3496b04d1407bfa617b8d7e95b3dfc9a,,sports_ranking_finish_position,contradiction
economic_or_replay,market_exposure_limit,3496b04d1407bfa617b8d7e95b3dfc9a,,sports_ranking_finish_position,contradiction
economic_or_replay,market_exposure_limit,3496b04d1407bfa617b8d7e95b3dfc9a,,sports_ranking_finish_position,contradiction
economic_or_replay,market_exposure_limit,3496b04d1407bfa617b8d7e95b3dfc9a,,sports_ranking_finish_position,contradiction
economic_or_replay,market_exposure_limit,3496b04d1407bfa617b8d7e95b3dfc9a,,sports_ranking_finish_position,contradiction
economic_or_replay,market_exposure_limit,3496b04d1407bfa617b8d7e95b3dfc9a,,sports_ranking_finish_position,contradiction
economic_or_replay,market_exposure_limit,3496b04d1407bfa617b8d7e95b3dfc9a,,sports_ranking_finish_position,contradiction
economic_or_replay,market_exposure_limit,3496b04d1407bfa617b8d7e95b3dfc9a,,sports_ranking_finish_position,contradiction
economic_or_replay,market_exposure_limit,3496b04d1407bfa617b8d7e95b3dfc9a,,sports_ranking_finish_position,contradiction
economic_or_replay,market_exposure_limit,3496b04d1407bfa617b8d7e95b3dfc9a,,sports_ranking_finish_position,contradiction
economic_or_replay,market_exposure_limit,3496b04d1407bfa617b8d7e95b3dfc9a,,sports_ranking_finish_position,contradiction
economic_or_replay,market_exposure_limit,3496b04d1407bfa617b8d7e95b3dfc9a,,sports_ranking_finish_position,contradiction
economic_or_replay,market_exposure_limit,3496b04d1407bfa617b8d7e95b3dfc9a,,sports_ranking_finish_position,contradiction
economic_or_replay,market_exposure_limit,3496b04d1407bfa617b8d7e95b3dfc9a,,sports_ranking_finish_position,contradiction
economic_or_replay,market_exposure_limit,3496b04d1407bfa617b8d7e95b3dfc9a,,sports_ranking_finish_position,contradiction
economic_or_replay,market_exposure_limit,3496b04d1407bfa617b8d7e95b3dfc9a,,sports_ranking_finish_position,contradiction
economic_or_replay,market_exposure_limit,3496b04d1407bfa617b8d7e95b3dfc9a,,sports_ranking_finish_position,contradiction
economic_or_replay,market_exposure_limit,3496b04d1407bfa617b8d7e95b3dfc9a,,sports_ranking_finish_position,contradiction
economic_or_replay,market_exposure_limit,3496b04d1407bfa617b8d7e95b3dfc9a,,sports_ranking_finish_position,contradiction
economic_or_replay,market_exposure_limit,3496b04d1407bfa617b8d7e95b3dfc9a,,sports_ranking_finish_position,contradiction
economic_or_replay,market_exposure_limit,3496b04d1407bfa617b8d7e95b3dfc9a,,sports_ranking_finish_position,contradiction
economic_or_replay,market_exposure_limit,3496b04d1407bfa617b8d7e95b3dfc9a,,sports_ranking_finish_position,contradiction
economic_or_replay,market_exposure_limit,3496b04d1407bfa617b8d7e95b3dfc9a,,sports_ranking_finish_position,contradiction
economic_or_replay,market_exposure_limit,3496b04d1407bfa617b8d7e95b3dfc9a,,sports_ranking_finish_position,contradiction
economic_or_replay,market_exposure_limit,3496b04d1407bfa617b8d7e95b3dfc9a,,sports_ranking_finish_position,contradiction
economic_or_replay,market_exposure_limit,3496b04d1407bfa617b8d7e95b3dfc9a,,sports_ranking_finish_position,contradiction
economic_or_replay,market_exposure_limit,3496b04d1407bfa617b8d7e95b3dfc9a,,sports_ranking_finish_position,contradiction
economic_or_replay,market_exposure_limit,3496b04d1407bfa617b8d7e95b3dfc9a,,sports_ranking_finish_position,contradiction
economic_or_replay,market_exposure_limit,3496b04d1407bfa617b8d7e95b3dfc9a,,sports_ranking_finish_position,contradiction
economic_or_replay,market_exposure_limit,3496b04d1407bfa617b8d7e95b3dfc9a,,sports_ranking_finish_position,contradiction
economic_or_replay,market_exposure_limit,3496b04d1407bfa617b8d7e95b3dfc9a,,sports_ranking_finish_position,contradiction
economic_or_replay,market_exposure_limit,3496b04d1407bfa617b8d7e95b3dfc9a,,sports_ranking_finish_position,contradiction
economic_or_replay,market_exposure_limit,3496b04d1407bfa617b8d7e95b3dfc9a,,sports_ranking_finish_position,contradiction
economic_or_replay,market_exposure_limit,3496b04d1407bfa617b8d7e95b3dfc9a,,sports_ranking_finish_position,contradiction
economic_or_replay,market_exposure_limit,3496b04d1407bfa617b8d7e95b3dfc9a,,sports_ranking_finish_position,contradiction
economic_or_replay,market_exposure_limit,3496b04d1407bfa617b8d7e95b3dfc9a,,sports_ranking_finish_position,contradiction
economic_or_replay,market_exposure_limit,3496b04d1407bfa617b8d7e95b3dfc9a,,sports_ranking_finish_position,contradiction
economic_or_replay,market_exposure_limit,3496b04d1407bfa617b8d7e95b3dfc9a,,sports_ranking_finish_position,contradiction
economic_or_replay,market_exposure_limit,3496b04d1407bfa617b8d7e95b3dfc9a,,sports_ranking_finish_position,contradiction
economic_or_replay,market_exposure_limit,3496b04d1407bfa617b8d7e95b3dfc9a,,sports_ranking_finish_position,contradiction
economic_or_replay,market_exposure_limit,3496b04d1407bfa617b8d7e95b3dfc9a,,sports_ranking_finish_position,contradiction
economic_or_replay,market_exposure_limit,3496b04d1407bfa617b8d7e95b3dfc9a,,sports_ranking_finish_position,contradiction
economic_or_replay,market_exposure_limit,3496b04d1407bfa617b8d7e95b3dfc9a,,sports_ranking_finish_position,contradiction
economic_or_replay,market_exposure_limit,3496b04d1407bfa617b8d7e95b3dfc9a,,sports_ranking_finish_position,contradiction
economic_or_replay,market_exposure_limit,3496b04d1407bfa617b8d7e95b3dfc9a,,sports_ranking_finish_position,contradiction
economic_or_replay,market_exposure_limit,3496b04d1407bfa617b8d7e95b3dfc9a,,sports_ranking_finish_position,contradiction
economic_or_replay,market_exposure_limit,3496b04d1407bfa617b8d7e95b3dfc9a,,sports_ranking_finish_position,contradiction
economic_or_replay,market_exposure_limit,3496b04d1407bfa617b8d7e95b3dfc9a,,sports_ranking_finish_position,contradiction
economic_or_replay,market_exposure_limit,3496b04d1407bfa617b8d7e95b3dfc9a,,sports_ranking_finish_position,contradiction
economic_or_replay,market_exposure_limit,3496b04d1407bfa617b8d7e95b3dfc9a,,sports_ranking_finish_position,contradiction
economic_or_replay,market_exposure_limit,3496b04d1407bfa617b8d7e95b3dfc9a,,sports_ranking_finish_position,contradiction
economic_or_replay,market_exposure_limit,3496b04d1407bfa617b8d7e95b3dfc9a,,sports_ranking_finish_position,contradiction
economic_or_replay,market_exposure_limit,3496b04d1407bfa617b8d7e95b3dfc9a,,sports_ranking_finish_position,contradiction
economic_or_replay,market_exposure_limit,3496b04d1407bfa617b8d7e95b3dfc9a,,sports_ranking_finish_position,contradiction
economic_or_replay,market_exposure_limit,3496b04d1407bfa617b8d7e95b3dfc9a,,sports_ranking_finish_position,contradiction
economic_or_replay,market_exposure_limit,3496b04d1407bfa617b8d7e95b3dfc9a,,sports_ranking_finish_position,contradiction
economic_or_replay,market_exposure_limit,3496b04d1407bfa617b8d7e95b3dfc9a,,sports_ranking_finish_position,contradiction
economic_or_replay,market_exposure_limit,3496b04d1407bfa617b8d7e95b3dfc9a,,sports_ranking_finish_position,contradiction
economic_or_replay,market_exposure_limit,3496b04d1407bfa617b8d7e95b3dfc9a,,sports_ranking_finish_position,contradiction
economic_or_replay,market_exposure_limit,3496b04d1407bfa617b8d7e95b3dfc9a,,sports_ranking_finish_position,contradiction
economic_or_replay,market_exposure_limit,3496b04d1407bfa617b8d7e95b3dfc9a,,sports_ranking_finish_position,contradiction
economic_or_replay,market_exposure_limit,3496b04d1407bfa617b8d7e95b3dfc9a,,sports_ranking_finish_position,contradiction
economic_or_replay,market_exposure_limit,3496b04d1407bfa617b8d7e95b3dfc9a,,sports_ranking_finish_position,contradiction
economic_or_replay,market_exposure_limit,3496b04d1407bfa617b8d7e95b3dfc9a,,sports_ranking_finish_position,contradiction
economic_or_replay,market_exposure_limit,3496b04d1407bfa617b8d7e95b3dfc9a,,sports_ranking_finish_position,contradiction
economic_or_replay,market_exposure_limit,3496b04d1407bfa617b8d7e95b3dfc9a,,sports_ranking_finish_position,contradiction
economic_or_replay,market_exposure_limit,3496b04d1407bfa617b8d7e95b3dfc9a,,sports_ranking_finish_position,contradiction
economic_or_replay,market_exposure_limit,3496b04d1407bfa617b8d7e95b3dfc9a,,sports_ranking_finish_position,contradiction
economic_or_replay,market_exposure_limit,3496b04d1407bfa617b8d7e95b3dfc9a,,sports_ranking_finish_position,contradiction
economic_or_replay,market_exposure_limit,3496b04d1407bfa617b8d7e95b3dfc9a,,sports_ranking_finish_position,contradiction
economic_or_replay,market_exposure_limit,3496b04d1407bfa617b8d7e95b3dfc9a,,sports_ranking_finish_position,contradiction
economic_or_replay,market_exposure_limit,3496b04d1407bfa617b8d7e95b3dfc9a,,sports_ranking_finish_position,contradiction
economic_or_replay,market_exposure_limit,3496b04d1407bfa617b8d7e95b3dfc9a,,sports_ranking_finish_position,contradiction
economic_or_replay,market_exposure_limit,3496b04d1407bfa617b8d7e95b3dfc9a,,sports_ranking_finish_position,contradiction
economic_or_replay,market_exposure_limit,3496b04d1407bfa617b8d7e95b3dfc9a,,sports_ranking_finish_position,contradiction
economic_or_replay,market_exposure_limit,3496b04d1407bfa617b8d7e95b3dfc9a,,sports_ranking_finish_position,contradiction
economic_or_replay,market_exposure_limit,3496b04d1407bfa617b8d7e95b3dfc9a,,sports_ranking_finish_position,contradiction
economic_or_replay,market_exposure_limit,3496b04d1407bfa617b8d7e95b3dfc9a,,sports_ranking_finish_position,contradiction
economic_or_replay,market_exposure_limit,3496b04d1407bfa617b8d7e95b3dfc9a,,sports_ranking_finish_position,contradiction
economic_or_replay,market_exposure_limit,3496b04d1407bfa617b8d7e95b3dfc9a,,sports_ranking_finish_position,contradiction
economic_or_replay,market_exposure_limit,3496b04d1407bfa617b8d7e95b3dfc9a,,sports_ranking_finish_position,contradiction
economic_or_replay,market_exposure_limit,3496b04d1407bfa617b8d7e95b3dfc9a,,sports_ranking_finish_position,contradiction
economic_or_replay,market_exposure_limit,3496b04d1407bfa617b8d7e95b3dfc9a,,sports_ranking_finish_position,contradiction
economic_or_replay,market_exposure_limit,3496b04d1407bfa617b8d7e95b3dfc9a,,sports_ranking_finish_position,contradiction
economic_or_replay,market_exposure_limit,3496b04d1407bfa617b8d7e95b3dfc9a,,sports_ranking_finish_position,contradiction
economic_or_replay,market_exposure_limit,3496b04d1407bfa617b8d7e95b3dfc9a,,sports_ranking_finish_position,contradiction
economic_or_replay,market_exposure_limit,3496b04d1407bfa617b8d7e95b3dfc9a,,sports_ranking_finish_position,contradiction
economic_or_replay,market_exposure_limit,3496b04d1407bfa617b8d7e95b3dfc9a,,sports_ranking_finish_position,contradiction
economic_or_replay,market_exposure_limit,3496b04d1407bfa617b8d7e95b3dfc9a,,sports_ranking_finish_position,contradiction
economic_or_replay,market_exposure_limit,3496b04d1407bfa617b8d7e95b3dfc9a,,sports_ranking_finish_position,contradiction
economic_or_replay,market_exposure_limit,3496b04d1407bfa617b8d7e95b3dfc9a,,sports_ranking_finish_position,contradiction
economic_or_replay,market_exposure_limit,3496b04d1407bfa617b8d7e95b3dfc9a,,sports_ranking_finish_position,contradiction
economic_or_replay,market_exposure_limit,3496b04d1407bfa617b8d7e95b3dfc9a,,sports_ranking_finish_position,contradiction
economic_or_replay,market_exposure_limit,3496b04d1407bfa617b8d7e95b3dfc9a,,sports_ranking_finish_position,contradiction
economic_or_replay,market_exposure_limit,3496b04d1407bfa617b8d7e95b3dfc9a,,sports_ranking_finish_position,contradiction
economic_or_replay,market_exposure_limit,3496b04d1407bfa617b8d7e95b3dfc9a,,sports_ranking_finish_position,contradiction
economic_or_replay,market_exposure_limit,3496b04d1407bfa617b8d7e95b3dfc9a,,sports_ranking_finish_position,contradiction
economic_or_replay,market_exposure_limit,3496b04d1407bfa617b8d7e95b3dfc9a,,sports_ranking_finish_position,contradiction
economic_or_replay,market_exposure_limit,3496b04d1407bfa617b8d7e95b3dfc9a,,sports_ranking_finish_position,contradiction
economic_or_replay,market_exposure_limit,3496b04d1407bfa617b8d7e95b3dfc9a,,sports_ranking_finish_position,contradiction
economic_or_replay,market_exposure_limit,3496b04d1407bfa617b8d7e95b3dfc9a,,sports_ranking_finish_position,contradiction
economic_or_replay,market_exposure_limit,3496b04d1407bfa617b8d7e95b3dfc9a,,sports_ranking_finish_position,contradiction
economic_or_replay,market_exposure_limit,3496b04d1407bfa617b8d7e95b3dfc9a,,sports_ranking_finish_position,contradiction
economic_or_replay,market_exposure_limit,3496b04d1407bfa617b8d7e95b3dfc9a,,sports_ranking_finish_position,contradiction
economic_or_replay,market_exposure_limit,3496b04d1407bfa617b8d7e95b3dfc9a,,sports_ranking_finish_position,contradiction
economic_or_replay,market_exposure_limit,3496b04d1407bfa617b8d7e95b3dfc9a,,sports_ranking_finish_position,contradiction
economic_or_replay,market_exposure_limit,3496b04d1407bfa617b8d7e95b3dfc9a,,sports_ranking_finish_position,contradiction
economic_or_replay,market_exposure_limit,3496b04d1407bfa617b8d7e95b3dfc9a,,sports_ranking_finish_position,contradiction
economic_or_replay,market_exposure_limit,3496b04d1407bfa617b8d7e95b3dfc9a,,sports_ranking_finish_position,contradiction
economic_or_replay,market_exposure_limit,3496b04d1407bfa617b8d7e95b3dfc9a,,sports_ranking_finish_position,contradiction
economic_or_replay,market_exposure_limit,3496b04d1407bfa617b8d7e95b3dfc9a,,sports_ranking_finish_position,contradiction
economic_or_replay,market_exposure_limit,3496b04d1407bfa617b8d7e95b3dfc9a,,sports_ranking_finish_position,contradiction
economic_or_replay,market_exposure_limit,3496b04d1407bfa617b8d7e95b3dfc9a,,sports_ranking_finish_position,contradiction
economic_or_replay,market_exposure_limit,3496b04d1407bfa617b8d7e95b3dfc9a,,sports_ranking_finish_position,contradiction
economic_or_replay,market_exposure_limit,3496b04d1407bfa617b8d7e95b3dfc9a,,sports_ranking_finish_position,contradiction
economic_or_replay,market_exposure_limit,3496b04d1407bfa617b8d7e95b3dfc9a,,sports_ranking_finish_position,contradiction
economic_or_replay,market_exposure_limit,3496b04d1407bfa617b8d7e95b3dfc9a,,sports_ranking_finish_position,contradiction
economic_or_replay,market_exposure_limit,3496b04d1407bfa617b8d7e95b3dfc9a,,sports_ranking_finish_position,contradiction
economic_or_replay,market_exposure_limit,3496b04d1407bfa617b8d7e95b3dfc9a,,sports_ranking_finish_position,contradiction
economic_or_replay,market_exposure_limit,3496b04d1407bfa617b8d7e95b3dfc9a,,sports_ranking_finish_position,contradiction
economic_or_replay,market_exposure_limit,3496b04d1407bfa617b8d7e95b3dfc9a,,sports_ranking_finish_position,contradiction
economic_or_replay,market_exposure_limit,3496b04d1407bfa617b8d7e95b3dfc9a,,sports_ranking_finish_position,contradiction
economic_or_replay,market_exposure_limit,3496b04d1407bfa617b8d7e95b3dfc9a,,sports_ranking_finish_position,contradiction
economic_or_replay,market_exposure_limit,3496b04d1407bfa617b8d7e95b3dfc9a,,sports_ranking_finish_position,contradiction
economic_or_replay,market_exposure_limit,3496b04d1407bfa617b8d7e95b3dfc9a,,sports_ranking_finish_position,contradiction
economic_or_replay,market_exposure_limit,3496b04d1407bfa617b8d7e95b3dfc9a,,sports_ranking_finish_position,contradiction
economic_or_replay,market_exposure_limit,3496b04d1407bfa617b8d7e95b3dfc9a,,sports_ranking_finish_position,contradiction
economic_or_replay,market_exposure_limit,3496b04d1407bfa617b8d7e95b3dfc9a,,sports_ranking_finish_position,contradiction
economic_or_replay,market_exposure_limit,3496b04d1407bfa617b8d7e95b3dfc9a,,sports_ranking_finish_position,contradiction
economic_or_replay,market_exposure_limit,3496b04d1407bfa617b8d7e95b3dfc9a,,sports_ranking_finish_position,contradiction
economic_or_replay,market_exposure_limit,3496b04d1407bfa617b8d7e95b3dfc9a,,sports_ranking_finish_position,contradiction
economic_or_replay,market_exposure_limit,3496b04d1407bfa617b8d7e95b3dfc9a,,sports_ranking_finish_position,contradiction
economic_or_replay,market_exposure_limit,3496b04d1407bfa617b8d7e95b3dfc9a,,sports_ranking_finish_position,contradiction
economic_or_replay,market_exposure_limit,3496b04d1407bfa617b8d7e95b3dfc9a,,sports_ranking_finish_position,contradiction
economic_or_replay,market_exposure_limit,3496b04d1407bfa617b8d7e95b3dfc9a,,sports_ranking_finish_position,contradiction
economic_or_replay,market_exposure_limit,3496b04d1407bfa617b8d7e95b3dfc9a,,sports_ranking_finish_position,contradiction
economic_or_replay,market_exposure_limit,3496b04d1407bfa617b8d7e95b3dfc9a,,sports_ranking_finish_position,contradiction
economic_or_replay,market_exposure_limit,3496b04d1407bfa617b8d7e95b3dfc9a,,sports_ranking_finish_position,contradiction
economic_or_replay,market_exposure_limit,3496b04d1407bfa617b8d7e95b3dfc9a,,sports_ranking_finish_position,contradiction
economic_or_replay,market_exposure_limit,3496b04d1407bfa617b8d7e95b3dfc9a,,sports_ranking_finish_position,contradiction
economic_or_replay,market_exposure_limit,3496b04d1407bfa617b8d7e95b3dfc9a,,sports_ranking_finish_position,contradiction
economic_or_replay,market_exposure_limit,3496b04d1407bfa617b8d7e95b3dfc9a,,sports_ranking_finish_position,contradiction
economic_or_replay,market_exposure_limit,3496b04d1407bfa617b8d7e95b3dfc9a,,sports_ranking_finish_position,contradiction
economic_or_replay,market_exposure_limit,3496b04d1407bfa617b8d7e95b3dfc9a,,sports_ranking_finish_position,contradiction
economic_or_replay,market_exposure_limit,3496b04d1407bfa617b8d7e95b3dfc9a,,sports_ranking_finish_position,contradiction
economic_or_replay,market_exposure_limit,3496b04d1407bfa617b8d7e95b3dfc9a,,sports_ranking_finish_position,contradiction
economic_or_replay,market_exposure_limit,3496b04d1407bfa617b8d7e95b3dfc9a,,sports_ranking_finish_position,contradiction
economic_or_replay,market_exposure_limit,3496b04d1407bfa617b8d7e95b3dfc9a,,sports_ranking_finish_position,contradiction
economic_or_replay,market_exposure_limit,3496b04d1407bfa617b8d7e95b3dfc9a,,sports_ranking_finish_position,contradiction
economic_or_replay,market_exposure_limit,3496b04d1407bfa617b8d7e95b3dfc9a,,sports_ranking_finish_position,contradiction
economic_or_replay,market_exposure_limit,3496b04d1407bfa617b8d7e95b3dfc9a,,sports_ranking_finish_position,contradiction
economic_or_replay,market_exposure_limit,3496b04d1407bfa617b8d7e95b3dfc9a,,sports_ranking_finish_position,contradiction
economic_or_replay,market_exposure_limit,3496b04d1407bfa617b8d7e95b3dfc9a,,sports_ranking_finish_position,contradiction
economic_or_replay,market_exposure_limit,3496b04d1407bfa617b8d7e95b3dfc9a,,sports_ranking_finish_position,contradiction
economic_or_replay,market_exposure_limit,3496b04d1407bfa617b8d7e95b3dfc9a,,sports_ranking_finish_position,contradiction
economic_or_replay,market_exposure_limit,3496b04d1407bfa617b8d7e95b3dfc9a,,sports_ranking_finish_position,contradiction
economic_or_replay,market_exposure_limit,3496b04d1407bfa617b8d7e95b3dfc9a,,sports_ranking_finish_position,contradiction
economic_or_replay,market_exposure_limit,3496b04d1407bfa617b8d7e95b3dfc9a,,sports_ranking_finish_position,contradiction
economic_or_replay,market_exposure_limit,3496b04d1407bfa617b8d7e95b3dfc9a,,sports_ranking_finish_position,contradiction
economic_or_replay,market_exposure_limit,3496b04d1407bfa617b8d7e95b3dfc9a,,sports_ranking_finish_position,contradiction
economic_or_replay,market_exposure_limit,3496b04d1407bfa617b8d7e95b3dfc9a,,sports_ranking_finish_position,contradiction
economic_or_replay,market_exposure_limit,3496b04d1407bfa617b8d7e95b3dfc9a,,sports_ranking_finish_position,contradiction
economic_or_replay,market_exposure_limit,3496b04d1407bfa617b8d7e95b3dfc9a,,sports_ranking_finish_position,contradiction
economic_or_replay,market_exposure_limit,3496b04d1407bfa617b8d7e95b3dfc9a,,sports_ranking_finish_position,contradiction
economic_or_replay,market_exposure_limit,3496b04d1407bfa617b8d7e95b3dfc9a,,sports_ranking_finish_position,contradiction
economic_or_replay,market_exposure_limit,3496b04d1407bfa617b8d7e95b3dfc9a,,sports_ranking_finish_position,contradiction
economic_or_replay,market_exposure_limit,3496b04d1407bfa617b8d7e95b3dfc9a,,sports_ranking_finish_position,contradiction
economic_or_replay,market_exposure_limit,3496b04d1407bfa617b8d7e95b3dfc9a,,sports_ranking_finish_position,contradiction
economic_or_replay,market_exposure_limit,3496b04d1407bfa617b8d7e95b3dfc9a,,sports_ranking_finish_position,contradiction
economic_or_replay,market_exposure_limit,3496b04d1407bfa617b8d7e95b3dfc9a,,sports_ranking_finish_position,contradiction
economic_or_replay,market_exposure_limit,3496b04d1407bfa617b8d7e95b3dfc9a,,sports_ranking_finish_position,contradiction
economic_or_replay,market_exposure_limit,3496b04d1407bfa617b8d7e95b3dfc9a,,sports_ranking_finish_position,contradiction
economic_or_replay,market_exposure_limit,3496b04d1407bfa617b8d7e95b3dfc9a,,sports_ranking_finish_position,contradiction
economic_or_replay,market_exposure_limit,3496b04d1407bfa617b8d7e95b3dfc9a,,sports_ranking_finish_position,contradiction
economic_or_replay,market_exposure_limit,3496b04d1407bfa617b8d7e95b3dfc9a,,sports_ranking_finish_position,contradiction
economic_or_replay,market_exposure_limit,3496b04d1407bfa617b8d7e95b3dfc9a,,sports_ranking_finish_position,contradiction
economic_or_replay,market_exposure_limit,3496b04d1407bfa617b8d7e95b3dfc9a,,sports_ranking_finish_position,contradiction
economic_or_replay,market_exposure_limit,3496b04d1407bfa617b8d7e95b3dfc9a,,sports_ranking_finish_position,contradiction
economic_or_replay,market_exposure_limit,3496b04d1407bfa617b8d7e95b3dfc9a,,sports_ranking_finish_position,contradiction
economic_or_replay,market_exposure_limit,3496b04d1407bfa617b8d7e95b3dfc9a,,sports_ranking_finish_position,contradiction
economic_or_replay,market_exposure_limit,3496b04d1407bfa617b8d7e95b3dfc9a,,sports_ranking_finish_position,contradiction
economic_or_replay,market_exposure_limit,3496b04d1407bfa617b8d7e95b3dfc9a,,sports_ranking_finish_position,contradiction
economic_or_replay,market_exposure_limit,3496b04d1407bfa617b8d7e95b3dfc9a,,sports_ranking_finish_position,contradiction
economic_or_replay,market_exposure_limit,3496b04d1407bfa617b8d7e95b3dfc9a,,sports_ranking_finish_position,contradiction
economic_or_replay,market_exposure_limit,3496b04d1407bfa617b8d7e95b3dfc9a,,sports_ranking_finish_position,contradiction
economic_or_replay,market_exposure_limit,3496b04d1407bfa617b8d7e95b3dfc9a,,sports_ranking_finish_position,contradiction
economic_or_replay,market_exposure_limit,3496b04d1407bfa617b8d7e95b3dfc9a,,sports_ranking_finish_position,contradiction
economic_or_replay,market_exposure_limit,3496b04d1407bfa617b8d7e95b3dfc9a,,sports_ranking_finish_position,contradiction
economic_or_replay,market_exposure_limit,3496b04d1407bfa617b8d7e95b3dfc9a,,sports_ranking_finish_position,contradiction
economic_or_replay,market_exposure_limit,3496b04d1407bfa617b8d7e95b3dfc9a,,sports_ranking_finish_position,contradiction
economic_or_replay,market_exposure_limit,3496b04d1407bfa617b8d7e95b3dfc9a,,sports_ranking_finish_position,contradiction
economic_or_replay,market_exposure_limit,3496b04d1407bfa617b8d7e95b3dfc9a,,sports_ranking_finish_position,contradiction
economic_or_replay,market_exposure_limit,3496b04d1407bfa617b8d7e95b3dfc9a,,sports_ranking_finish_position,contradiction
economic_or_replay,market_exposure_limit,3496b04d1407bfa617b8d7e95b3dfc9a,,sports_ranking_finish_position,contradiction
economic_or_replay,market_exposure_limit,3496b04d1407bfa617b8d7e95b3dfc9a,,sports_ranking_finish_position,contradiction
economic_or_replay,market_exposure_limit,3496b04d1407bfa617b8d7e95b3dfc9a,,sports_ranking_finish_position,contradiction
economic_or_replay,market_exposure_limit,3496b04d1407bfa617b8d7e95b3dfc9a,,sports_ranking_finish_position,contradiction
economic_or_replay,market_exposure_limit,3496b04d1407bfa617b8d7e95b3dfc9a,,sports_ranking_finish_position,contradiction
economic_or_replay,market_exposure_limit,3496b04d1407bfa617b8d7e95b3dfc9a,,sports_ranking_finish_position,contradiction
economic_or_replay,market_exposure_limit,3496b04d1407bfa617b8d7e95b3dfc9a,,sports_ranking_finish_position,contradiction
economic_or_replay,market_exposure_limit,3496b04d1407bfa617b8d7e95b3dfc9a,,sports_ranking_finish_position,contradiction
economic_or_replay,market_exposure_limit,3496b04d1407bfa617b8d7e95b3dfc9a,,sports_ranking_finish_position,contradiction
economic_or_replay,market_exposure_limit,3496b04d1407bfa617b8d7e95b3dfc9a,,sports_ranking_finish_position,contradiction
economic_or_replay,market_exposure_limit,3496b04d1407bfa617b8d7e95b3dfc9a,,sports_ranking_finish_position,contradiction
economic_or_replay,market_exposure_limit,3496b04d1407bfa617b8d7e95b3dfc9a,,sports_ranking_finish_position,contradiction
economic_or_replay,market_exposure_limit,3496b04d1407bfa617b8d7e95b3dfc9a,,sports_ranking_finish_position,contradiction
economic_or_replay,market_exposure_limit,3496b04d1407bfa617b8d7e95b3dfc9a,,sports_ranking_finish_position,contradiction
economic_or_replay,market_exposure_limit,3496b04d1407bfa617b8d7e95b3dfc9a,,sports_ranking_finish_position,contradiction
economic_or_replay,market_exposure_limit,3496b04d1407bfa617b8d7e95b3dfc9a,,sports_ranking_finish_position,contradiction
economic_or_replay,market_exposure_limit,3496b04d1407bfa617b8d7e95b3dfc9a,,sports_ranking_finish_position,contradiction
economic_or_replay,market_exposure_limit,3496b04d1407bfa617b8d7e95b3dfc9a,,sports_ranking_finish_position,contradiction
economic_or_replay,market_exposure_limit,3496b04d1407bfa617b8d7e95b3dfc9a,,sports_ranking_finish_position,contradiction
economic_or_replay,market_exposure_limit,3496b04d1407bfa617b8d7e95b3dfc9a,,sports_ranking_finish_position,contradiction
economic_or_replay,market_exposure_limit,3496b04d1407bfa617b8d7e95b3dfc9a,,sports_ranking_finish_position,contradiction
economic_or_replay,market_exposure_limit,3496b04d1407bfa617b8d7e95b3dfc9a,,sports_ranking_finish_position,contradiction
economic_or_replay,market_exposure_limit,3496b04d1407bfa617b8d7e95b3dfc9a,,sports_ranking_finish_position,contradiction
economic_or_replay,market_exposure_limit,3496b04d1407bfa617b8d7e95b3dfc9a,,sports_ranking_finish_position,contradiction
economic_or_replay,market_exposure_limit,3496b04d1407bfa617b8d7e95b3dfc9a,,sports_ranking_finish_position,contradiction
economic_or_replay,market_exposure_limit,3496b04d1407bfa617b8d7e95b3dfc9a,,sports_ranking_finish_position,contradiction
economic_or_replay,market_exposure_limit,3496b04d1407bfa617b8d7e95b3dfc9a,,sports_ranking_finish_position,contradiction
economic_or_replay,market_exposure_limit,3496b04d1407bfa617b8d7e95b3dfc9a,,sports_ranking_finish_position,contradiction
economic_or_replay,market_exposure_limit,3496b04d1407bfa617b8d7e95b3dfc9a,,sports_ranking_finish_position,contradiction
economic_or_replay,market_exposure_limit,3496b04d1407bfa617b8d7e95b3dfc9a,,sports_ranking_finish_position,contradiction
economic_or_replay,market_exposure_limit,3496b04d1407bfa617b8d7e95b3dfc9a,,sports_ranking_finish_position,contradiction
economic_or_replay,market_exposure_limit,3496b04d1407bfa617b8d7e95b3dfc9a,,sports_ranking_finish_position,contradiction
economic_or_replay,market_exposure_limit,3496b04d1407bfa617b8d7e95b3dfc9a,,sports_ranking_finish_position,contradiction
economic_or_replay,market_exposure_limit,3496b04d1407bfa617b8d7e95b3dfc9a,,sports_ranking_finish_position,contradiction
economic_or_replay,market_exposure_limit,3496b04d1407bfa617b8d7e95b3dfc9a,,sports_ranking_finish_position,contradiction
economic_or_replay,market_exposure_limit,3496b04d1407bfa617b8d7e95b3dfc9a,,sports_ranking_finish_position,contradiction
economic_or_replay,market_exposure_limit,3496b04d1407bfa617b8d7e95b3dfc9a,,sports_ranking_finish_position,contradiction
economic_or_replay,market_exposure_limit,3496b04d1407bfa617b8d7e95b3dfc9a,,sports_ranking_finish_position,contradiction
economic_or_replay,market_exposure_limit,3496b04d1407bfa617b8d7e95b3dfc9a,,sports_ranking_finish_position,contradiction
economic_or_replay,market_exposure_limit,3496b04d1407bfa617b8d7e95b3dfc9a,,sports_ranking_finish_position,contradiction
economic_or_replay,market_exposure_limit,3496b04d1407bfa617b8d7e95b3dfc9a,,sports_ranking_finish_position,contradiction
economic_or_replay,market_exposure_limit,3496b04d1407bfa617b8d7e95b3dfc9a,,sports_ranking_finish_position,contradiction
economic_or_replay,market_exposure_limit,3496b04d1407bfa617b8d7e95b3dfc9a,,sports_ranking_finish_position,contradiction
economic_or_replay,market_exposure_limit,3496b04d1407bfa617b8d7e95b3dfc9a,,sports_ranking_finish_position,contradiction
economic_or_replay,market_exposure_limit,3496b04d1407bfa617b8d7e95b3dfc9a,,sports_ranking_finish_position,contradiction
economic_or_replay,market_exposure_limit,3496b04d1407bfa617b8d7e95b3dfc9a,,sports_ranking_finish_position,contradiction
economic_or_replay,market_exposure_limit,3496b04d1407bfa617b8d7e95b3dfc9a,,sports_ranking_finish_position,contradiction
economic_or_replay,market_exposure_limit,3496b04d1407bfa617b8d7e95b3dfc9a,,sports_ranking_finish_position,contradiction
economic_or_replay,market_exposure_limit,3496b04d1407bfa617b8d7e95b3dfc9a,,sports_ranking_finish_position,contradiction
economic_or_replay,market_exposure_limit,3496b04d1407bfa617b8d7e95b3dfc9a,,sports_ranking_finish_position,contradiction
economic_or_replay,market_exposure_limit,3496b04d1407bfa617b8d7e95b3dfc9a,,sports_ranking_finish_position,contradiction
economic_or_replay,market_exposure_limit,3496b04d1407bfa617b8d7e95b3dfc9a,,sports_ranking_finish_position,contradiction
economic_or_replay,market_exposure_limit,3496b04d1407bfa617b8d7e95b3dfc9a,,sports_ranking_finish_position,contradiction
economic_or_replay,market_exposure_limit,3496b04d1407bfa617b8d7e95b3dfc9a,,sports_ranking_finish_position,contradiction
economic_or_replay,market_exposure_limit,3496b04d1407bfa617b8d7e95b3dfc9a,,sports_ranking_finish_position,contradiction
economic_or_replay,market_exposure_limit,3496b04d1407bfa617b8d7e95b3dfc9a,,sports_ranking_finish_position,contradiction
economic_or_replay,market_exposure_limit,3496b04d1407bfa617b8d7e95b3dfc9a,,sports_ranking_finish_position,contradiction
economic_or_replay,market_exposure_limit,3496b04d1407bfa617b8d7e95b3dfc9a,,sports_ranking_finish_position,contradiction
economic_or_replay,market_exposure_limit,3496b04d1407bfa617b8d7e95b3dfc9a,,sports_ranking_finish_position,contradiction
economic_or_replay,market_exposure_limit,3496b04d1407bfa617b8d7e95b3dfc9a,,sports_ranking_finish_position,contradiction
economic_or_replay,market_exposure_limit,3496b04d1407bfa617b8d7e95b3dfc9a,,sports_ranking_finish_position,contradiction
economic_or_replay,market_exposure_limit,3496b04d1407bfa617b8d7e95b3dfc9a,,sports_ranking_finish_position,contradiction
economic_or_replay,market_exposure_limit,3496b04d1407bfa617b8d7e95b3dfc9a,,sports_ranking_finish_position,contradiction
economic_or_replay,market_exposure_limit,3496b04d1407bfa617b8d7e95b3dfc9a,,sports_ranking_finish_position,contradiction
economic_or_replay,market_exposure_limit,3496b04d1407bfa617b8d7e95b3dfc9a,,sports_ranking_finish_position,contradiction
economic_or_replay,market_exposure_limit,3496b04d1407bfa617b8d7e95b3dfc9a,,sports_ranking_finish_position,contradiction
economic_or_replay,market_exposure_limit,3496b04d1407bfa617b8d7e95b3dfc9a,,sports_ranking_finish_position,contradiction
economic_or_replay,market_exposure_limit,3496b04d1407bfa617b8d7e95b3dfc9a,,sports_ranking_finish_position,contradiction
economic_or_replay,market_exposure_limit,3496b04d1407bfa617b8d7e95b3dfc9a,,sports_ranking_finish_position,contradiction
economic_or_replay,market_exposure_limit,3496b04d1407bfa617b8d7e95b3dfc9a,,sports_ranking_finish_position,contradiction
economic_or_replay,market_exposure_limit,3496b04d1407bfa617b8d7e95b3dfc9a,,sports_ranking_finish_position,contradiction
economic_or_replay,market_exposure_limit,3496b04d1407bfa617b8d7e95b3dfc9a,,sports_ranking_finish_position,contradiction
economic_or_replay,market_exposure_limit,3496b04d1407bfa617b8d7e95b3dfc9a,,sports_ranking_finish_position,contradiction
economic_or_replay,market_exposure_limit,3496b04d1407bfa617b8d7e95b3dfc9a,,sports_ranking_finish_position,contradiction
economic_or_replay,market_exposure_limit,3496b04d1407bfa617b8d7e95b3dfc9a,,sports_ranking_finish_position,contradiction
economic_or_replay,market_exposure_limit,3496b04d1407bfa617b8d7e95b3dfc9a,,sports_ranking_finish_position,contradiction
economic_or_replay,market_exposure_limit,3496b04d1407bfa617b8d7e95b3dfc9a,,sports_ranking_finish_position,contradiction
economic_or_replay,market_exposure_limit,3496b04d1407bfa617b8d7e95b3dfc9a,,sports_ranking_finish_position,contradiction
economic_or_replay,market_exposure_limit,3496b04d1407bfa617b8d7e95b3dfc9a,,sports_ranking_finish_position,contradiction
economic_or_replay,market_exposure_limit,3496b04d1407bfa617b8d7e95b3dfc9a,,sports_ranking_finish_position,contradiction
economic_or_replay,market_exposure_limit,3496b04d1407bfa617b8d7e95b3dfc9a,,sports_ranking_finish_position,contradiction
economic_or_replay,market_exposure_limit,3496b04d1407bfa617b8d7e95b3dfc9a,,sports_ranking_finish_position,contradiction
economic_or_replay,market_exposure_limit,3496b04d1407bfa617b8d7e95b3dfc9a,,sports_ranking_finish_position,contradiction
economic_or_replay,market_exposure_limit,3496b04d1407bfa617b8d7e95b3dfc9a,,sports_ranking_finish_position,contradiction
economic_or_replay,market_exposure_limit,3496b04d1407bfa617b8d7e95b3dfc9a,,sports_ranking_finish_position,contradiction
economic_or_replay,market_exposure_limit,3496b04d1407bfa617b8d7e95b3dfc9a,,sports_ranking_finish_position,contradiction
economic_or_replay,market_exposure_limit,3496b04d1407bfa617b8d7e95b3dfc9a,,sports_ranking_finish_position,contradiction
economic_or_replay,market_exposure_limit,3496b04d1407bfa617b8d7e95b3dfc9a,,sports_ranking_finish_position,contradiction
economic_or_replay,market_exposure_limit,3496b04d1407bfa617b8d7e95b3dfc9a,,sports_ranking_finish_position,contradiction
economic_or_replay,market_exposure_limit,3496b04d1407bfa617b8d7e95b3dfc9a,,sports_ranking_finish_position,contradiction
economic_or_replay,market_exposure_limit,3496b04d1407bfa617b8d7e95b3dfc9a,,sports_ranking_finish_position,contradiction
economic_or_replay,market_exposure_limit,3496b04d1407bfa617b8d7e95b3dfc9a,,sports_ranking_finish_position,contradiction
economic_or_replay,market_exposure_limit,3496b04d1407bfa617b8d7e95b3dfc9a,,sports_ranking_finish_position,contradiction
economic_or_replay,market_exposure_limit,3496b04d1407bfa617b8d7e95b3dfc9a,,sports_ranking_finish_position,contradiction
economic_or_replay,market_exposure_limit,3496b04d1407bfa617b8d7e95b3dfc9a,,sports_ranking_finish_position,contradiction
economic_or_replay,market_exposure_limit,3496b04d1407bfa617b8d7e95b3dfc9a,,sports_ranking_finish_position,contradiction
economic_or_replay,market_exposure_limit,3496b04d1407bfa617b8d7e95b3dfc9a,,sports_ranking_finish_position,contradiction
economic_or_replay,market_exposure_limit,3496b04d1407bfa617b8d7e95b3dfc9a,,sports_ranking_finish_position,contradiction
economic_or_replay,market_exposure_limit,3496b04d1407bfa617b8d7e95b3dfc9a,,sports_ranking_finish_position,contradiction
economic_or_replay,market_exposure_limit,3496b04d1407bfa617b8d7e95b3dfc9a,,sports_ranking_finish_position,contradiction
economic_or_replay,market_exposure_limit,3496b04d1407bfa617b8d7e95b3dfc9a,,sports_ranking_finish_position,contradiction
economic_or_replay,market_exposure_limit,3496b04d1407bfa617b8d7e95b3dfc9a,,sports_ranking_finish_position,contradiction
economic_or_replay,market_exposure_limit,3496b04d1407bfa617b8d7e95b3dfc9a,,sports_ranking_finish_position,contradiction
economic_or_replay,market_exposure_limit,3496b04d1407bfa617b8d7e95b3dfc9a,,sports_ranking_finish_position,contradiction
economic_or_replay,market_exposure_limit,3496b04d1407bfa617b8d7e95b3dfc9a,,sports_ranking_finish_position,contradiction
economic_or_replay,market_exposure_limit,3496b04d1407bfa617b8d7e95b3dfc9a,,sports_ranking_finish_position,contradiction
economic_or_replay,market_exposure_limit,3496b04d1407bfa617b8d7e95b3dfc9a,,sports_ranking_finish_position,contradiction
economic_or_replay,market_exposure_limit,3496b04d1407bfa617b8d7e95b3dfc9a,,sports_ranking_finish_position,contradiction
economic_or_replay,market_exposure_limit,3496b04d1407bfa617b8d7e95b3dfc9a,,sports_ranking_finish_position,contradiction
economic_or_replay,market_exposure_limit,3496b04d1407bfa617b8d7e95b3dfc9a,,sports_ranking_finish_position,contradiction
economic_or_replay,market_exposure_limit,3496b04d1407bfa617b8d7e95b3dfc9a,,sports_ranking_finish_position,contradiction
economic_or_replay,market_exposure_limit,3496b04d1407bfa617b8d7e95b3dfc9a,,sports_ranking_finish_position,contradiction
economic_or_replay,market_exposure_limit,3496b04d1407bfa617b8d7e95b3dfc9a,,sports_ranking_finish_position,contradiction
economic_or_replay,market_exposure_limit,3496b04d1407bfa617b8d7e95b3dfc9a,,sports_ranking_finish_position,contradiction
economic_or_replay,market_exposure_limit,3496b04d1407bfa617b8d7e95b3dfc9a,,sports_ranking_finish_position,contradiction
economic_or_replay,market_exposure_limit,3496b04d1407bfa617b8d7e95b3dfc9a,,sports_ranking_finish_position,contradiction
economic_or_replay,market_exposure_limit,3496b04d1407bfa617b8d7e95b3dfc9a,,sports_ranking_finish_position,contradiction
economic_or_replay,market_exposure_limit,3496b04d1407bfa617b8d7e95b3dfc9a,,sports_ranking_finish_position,contradiction
economic_or_replay,market_exposure_limit,3496b04d1407bfa617b8d7e95b3dfc9a,,sports_ranking_finish_position,contradiction
economic_or_replay,market_exposure_limit,3496b04d1407bfa617b8d7e95b3dfc9a,,sports_ranking_finish_position,contradiction
economic_or_replay,market_exposure_limit,3496b04d1407bfa617b8d7e95b3dfc9a,,sports_ranking_finish_position,contradiction
economic_or_replay,market_exposure_limit,3496b04d1407bfa617b8d7e95b3dfc9a,,sports_ranking_finish_position,contradiction
economic_or_replay,market_exposure_limit,3496b04d1407bfa617b8d7e95b3dfc9a,,sports_ranking_finish_position,contradiction
economic_or_replay,market_exposure_limit,3496b04d1407bfa617b8d7e95b3dfc9a,,sports_ranking_finish_position,contradiction
economic_or_replay,market_exposure_limit,3496b04d1407bfa617b8d7e95b3dfc9a,,sports_ranking_finish_position,contradiction
economic_or_replay,market_exposure_limit,3496b04d1407bfa617b8d7e95b3dfc9a,,sports_ranking_finish_position,contradiction
economic_or_replay,market_exposure_limit,3496b04d1407bfa617b8d7e95b3dfc9a,,sports_ranking_finish_position,contradiction
economic_or_replay,market_exposure_limit,3496b04d1407bfa617b8d7e95b3dfc9a,,sports_ranking_finish_position,contradiction
economic_or_replay,market_exposure_limit,3496b04d1407bfa617b8d7e95b3dfc9a,,sports_ranking_finish_position,contradiction
economic_or_replay,market_exposure_limit,3496b04d1407bfa617b8d7e95b3dfc9a,,sports_ranking_finish_position,contradiction
economic_or_replay,market_exposure_limit,3496b04d1407bfa617b8d7e95b3dfc9a,,sports_ranking_finish_position,contradiction
economic_or_replay,market_exposure_limit,3496b04d1407bfa617b8d7e95b3dfc9a,,sports_ranking_finish_position,contradiction
economic_or_replay,market_exposure_limit,3496b04d1407bfa617b8d7e95b3dfc9a,,sports_ranking_finish_position,contradiction
economic_or_replay,market_exposure_limit,3496b04d1407bfa617b8d7e95b3dfc9a,,sports_ranking_finish_position,contradiction
economic_or_replay,market_exposure_limit,3496b04d1407bfa617b8d7e95b3dfc9a,,sports_ranking_finish_position,contradiction
economic_or_replay,market_exposure_limit,3496b04d1407bfa617b8d7e95b3dfc9a,,sports_ranking_finish_position,contradiction
economic_or_replay,market_exposure_limit,3496b04d1407bfa617b8d7e95b3dfc9a,,sports_ranking_finish_position,contradiction
economic_or_replay,market_exposure_limit,3496b04d1407bfa617b8d7e95b3dfc9a,,sports_ranking_finish_position,contradiction
economic_or_replay,market_exposure_limit,3496b04d1407bfa617b8d7e95b3dfc9a,,sports_ranking_finish_position,contradiction
economic_or_replay,market_exposure_limit,3496b04d1407bfa617b8d7e95b3dfc9a,,sports_ranking_finish_position,contradiction
economic_or_replay,market_exposure_limit,3496b04d1407bfa617b8d7e95b3dfc9a,,sports_ranking_finish_position,contradiction
economic_or_replay,market_exposure_limit,3496b04d1407bfa617b8d7e95b3dfc9a,,sports_ranking_finish_position,contradiction
economic_or_replay,market_exposure_limit,3496b04d1407bfa617b8d7e95b3dfc9a,,sports_ranking_finish_position,contradiction
economic_or_replay,market_exposure_limit,3496b04d1407bfa617b8d7e95b3dfc9a,,sports_ranking_finish_position,contradiction
economic_or_replay,market_exposure_limit,3496b04d1407bfa617b8d7e95b3dfc9a,,sports_ranking_finish_position,contradiction
economic_or_replay,market_exposure_limit,3496b04d1407bfa617b8d7e95b3dfc9a,,sports_ranking_finish_position,contradiction
economic_or_replay,market_exposure_limit,3496b04d1407bfa617b8d7e95b3dfc9a,,sports_ranking_finish_position,contradiction
economic_or_replay,market_exposure_limit,3496b04d1407bfa617b8d7e95b3dfc9a,,sports_ranking_finish_position,contradiction
economic_or_replay,market_exposure_limit,3496b04d1407bfa617b8d7e95b3dfc9a,,sports_ranking_finish_position,contradiction
economic_or_replay,market_exposure_limit,3496b04d1407bfa617b8d7e95b3dfc9a,,sports_ranking_finish_position,contradiction
economic_or_replay,market_exposure_limit,3496b04d1407bfa617b8d7e95b3dfc9a,,sports_ranking_finish_position,contradiction
economic_or_replay,market_exposure_limit,3496b04d1407bfa617b8d7e95b3dfc9a,,sports_ranking_finish_position,contradiction
economic_or_replay,market_exposure_limit,3496b04d1407bfa617b8d7e95b3dfc9a,,sports_ranking_finish_position,contradiction
economic_or_replay,market_exposure_limit,3496b04d1407bfa617b8d7e95b3dfc9a,,sports_ranking_finish_position,contradiction
economic_or_replay,market_exposure_limit,3496b04d1407bfa617b8d7e95b3dfc9a,,sports_ranking_finish_position,contradiction
economic_or_replay,market_exposure_limit,3496b04d1407bfa617b8d7e95b3dfc9a,,sports_ranking_finish_position,contradiction
economic_or_replay,market_exposure_limit,3496b04d1407bfa617b8d7e95b3dfc9a,,sports_ranking_finish_position,contradiction
economic_or_replay,market_exposure_limit,3496b04d1407bfa617b8d7e95b3dfc9a,,sports_ranking_finish_position,contradiction
economic_or_replay,market_exposure_limit,3496b04d1407bfa617b8d7e95b3dfc9a,,sports_ranking_finish_position,contradiction
economic_or_replay,market_exposure_limit,3496b04d1407bfa617b8d7e95b3dfc9a,,sports_ranking_finish_position,contradiction
economic_or_replay,market_exposure_limit,3496b04d1407bfa617b8d7e95b3dfc9a,,sports_ranking_finish_position,contradiction
economic_or_replay,market_exposure_limit,3496b04d1407bfa617b8d7e95b3dfc9a,,sports_ranking_finish_position,contradiction
economic_or_replay,market_exposure_limit,3496b04d1407bfa617b8d7e95b3dfc9a,,sports_ranking_finish_position,contradiction
economic_or_replay,market_exposure_limit,3496b04d1407bfa617b8d7e95b3dfc9a,,sports_ranking_finish_position,contradiction
economic_or_replay,market_exposure_limit,3496b04d1407bfa617b8d7e95b3dfc9a,,sports_ranking_finish_position,contradiction
economic_or_replay,market_exposure_limit,3496b04d1407bfa617b8d7e95b3dfc9a,,sports_ranking_finish_position,contradiction
economic_or_replay,market_exposure_limit,3496b04d1407bfa617b8d7e95b3dfc9a,,sports_ranking_finish_position,contradiction
economic_or_replay,market_exposure_limit,3496b04d1407bfa617b8d7e95b3dfc9a,,sports_ranking_finish_position,contradiction
economic_or_replay,market_exposure_limit,3496b04d1407bfa617b8d7e95b3dfc9a,,sports_ranking_finish_position,contradiction
economic_or_replay,market_exposure_limit,3496b04d1407bfa617b8d7e95b3dfc9a,,sports_ranking_finish_position,contradiction
economic_or_replay,market_exposure_limit,3496b04d1407bfa617b8d7e95b3dfc9a,,sports_ranking_finish_position,contradiction
economic_or_replay,market_exposure_limit,3496b04d1407bfa617b8d7e95b3dfc9a,,sports_ranking_finish_position,contradiction
economic_or_replay,market_exposure_limit,3496b04d1407bfa617b8d7e95b3dfc9a,,sports_ranking_finish_position,contradiction
economic_or_replay,market_exposure_limit,3496b04d1407bfa617b8d7e95b3dfc9a,,sports_ranking_finish_position,contradiction
economic_or_replay,market_exposure_limit,3496b04d1407bfa617b8d7e95b3dfc9a,,sports_ranking_finish_position,contradiction
economic_or_replay,market_exposure_limit,3496b04d1407bfa617b8d7e95b3dfc9a,,sports_ranking_finish_position,contradiction
economic_or_replay,market_exposure_limit,3496b04d1407bfa617b8d7e95b3dfc9a,,sports_ranking_finish_position,contradiction
economic_or_replay,market_exposure_limit,3496b04d1407bfa617b8d7e95b3dfc9a,,sports_ranking_finish_position,contradiction
economic_or_replay,market_exposure_limit,3496b04d1407bfa617b8d7e95b3dfc9a,,sports_ranking_finish_position,contradiction
economic_or_replay,market_exposure_limit,3496b04d1407bfa617b8d7e95b3dfc9a,,sports_ranking_finish_position,contradiction
economic_or_replay,market_exposure_limit,3496b04d1407bfa617b8d7e95b3dfc9a,,sports_ranking_finish_position,contradiction
economic_or_replay,market_exposure_limit,3496b04d1407bfa617b8d7e95b3dfc9a,,sports_ranking_finish_position,contradiction
economic_or_replay,market_exposure_limit,3496b04d1407bfa617b8d7e95b3dfc9a,,sports_ranking_finish_position,contradiction
economic_or_replay,market_exposure_limit,3496b04d1407bfa617b8d7e95b3dfc9a,,sports_ranking_finish_position,contradiction
economic_or_replay,market_exposure_limit,3496b04d1407bfa617b8d7e95b3dfc9a,,sports_ranking_finish_position,contradiction
economic_or_replay,market_exposure_limit,3496b04d1407bfa617b8d7e95b3dfc9a,,sports_ranking_finish_position,contradiction
economic_or_replay,market_exposure_limit,3496b04d1407bfa617b8d7e95b3dfc9a,,sports_ranking_finish_position,contradiction
economic_or_replay,market_exposure_limit,3496b04d1407bfa617b8d7e95b3dfc9a,,sports_ranking_finish_position,contradiction
economic_or_replay,market_exposure_limit,3496b04d1407bfa617b8d7e95b3dfc9a,,sports_ranking_finish_position,contradiction
economic_or_replay,market_exposure_limit,3496b04d1407bfa617b8d7e95b3dfc9a,,sports_ranking_finish_position,contradiction
economic_or_replay,market_exposure_limit,3496b04d1407bfa617b8d7e95b3dfc9a,,sports_ranking_finish_position,contradiction
economic_or_replay,market_exposure_limit,3496b04d1407bfa617b8d7e95b3dfc9a,,sports_ranking_finish_position,contradiction
economic_or_replay,market_exposure_limit,3496b04d1407bfa617b8d7e95b3dfc9a,,sports_ranking_finish_position,contradiction
economic_or_replay,market_exposure_limit,3496b04d1407bfa617b8d7e95b3dfc9a,,sports_ranking_finish_position,contradiction
economic_or_replay,market_exposure_limit,3496b04d1407bfa617b8d7e95b3dfc9a,,sports_ranking_finish_position,contradiction
economic_or_replay,market_exposure_limit,3496b04d1407bfa617b8d7e95b3dfc9a,,sports_ranking_finish_position,contradiction
economic_or_replay,market_exposure_limit,3496b04d1407bfa617b8d7e95b3dfc9a,,sports_ranking_finish_position,contradiction
economic_or_replay,market_exposure_limit,3496b04d1407bfa617b8d7e95b3dfc9a,,sports_ranking_finish_position,contradiction
economic_or_replay,market_exposure_limit,3496b04d1407bfa617b8d7e95b3dfc9a,,sports_ranking_finish_position,contradiction
economic_or_replay,market_exposure_limit,3496b04d1407bfa617b8d7e95b3dfc9a,,sports_ranking_finish_position,contradiction
economic_or_replay,market_exposure_limit,3496b04d1407bfa617b8d7e95b3dfc9a,,sports_ranking_finish_position,contradiction
economic_or_replay,market_exposure_limit,3496b04d1407bfa617b8d7e95b3dfc9a,,sports_ranking_finish_position,contradiction
economic_or_replay,market_exposure_limit,3496b04d1407bfa617b8d7e95b3dfc9a,,sports_ranking_finish_position,contradiction
economic_or_replay,market_exposure_limit,3496b04d1407bfa617b8d7e95b3dfc9a,,sports_ranking_finish_position,contradiction
economic_or_replay,market_exposure_limit,3496b04d1407bfa617b8d7e95b3dfc9a,,sports_ranking_finish_position,contradiction
economic_or_replay,market_exposure_limit,3496b04d1407bfa617b8d7e95b3dfc9a,,sports_ranking_finish_position,contradiction
economic_or_replay,market_exposure_limit,3496b04d1407bfa617b8d7e95b3dfc9a,,sports_ranking_finish_position,contradiction
economic_or_replay,market_exposure_limit,3496b04d1407bfa617b8d7e95b3dfc9a,,sports_ranking_finish_position,contradiction
economic_or_replay,market_exposure_limit,3496b04d1407bfa617b8d7e95b3dfc9a,,sports_ranking_finish_position,contradiction
economic_or_replay,market_exposure_limit,3496b04d1407bfa617b8d7e95b3dfc9a,,sports_ranking_finish_position,contradiction
economic_or_replay,market_exposure_limit,3496b04d1407bfa617b8d7e95b3dfc9a,,sports_ranking_finish_position,contradiction
economic_or_replay,market_exposure_limit,3496b04d1407bfa617b8d7e95b3dfc9a,,sports_ranking_finish_position,contradiction
economic_or_replay,market_exposure_limit,3496b04d1407bfa617b8d7e95b3dfc9a,,sports_ranking_finish_position,contradiction
economic_or_replay,market_exposure_limit,3496b04d1407bfa617b8d7e95b3dfc9a,,sports_ranking_finish_position,contradiction
economic_or_replay,market_exposure_limit,3496b04d1407bfa617b8d7e95b3dfc9a,,sports_ranking_finish_position,contradiction
economic_or_replay,market_exposure_limit,3496b04d1407bfa617b8d7e95b3dfc9a,,sports_ranking_finish_position,contradiction
economic_or_replay,market_exposure_limit,3496b04d1407bfa617b8d7e95b3dfc9a,,sports_ranking_finish_position,contradiction
economic_or_replay,market_exposure_limit,3496b04d1407bfa617b8d7e95b3dfc9a,,sports_ranking_finish_position,contradiction
economic_or_replay,market_exposure_limit,3496b04d1407bfa617b8d7e95b3dfc9a,,sports_ranking_finish_position,contradiction
economic_or_replay,market_exposure_limit,3496b04d1407bfa617b8d7e95b3dfc9a,,sports_ranking_finish_position,contradiction
economic_or_replay,market_exposure_limit,3496b04d1407bfa617b8d7e95b3dfc9a,,sports_ranking_finish_position,contradiction
economic_or_replay,market_exposure_limit,3496b04d1407bfa617b8d7e95b3dfc9a,,sports_ranking_finish_position,contradiction
economic_or_replay,market_exposure_limit,3496b04d1407bfa617b8d7e95b3dfc9a,,sports_ranking_finish_position,contradiction
economic_or_replay,market_exposure_limit,3496b04d1407bfa617b8d7e95b3dfc9a,,sports_ranking_finish_position,contradiction
economic_or_replay,market_exposure_limit,3496b04d1407bfa617b8d7e95b3dfc9a,,sports_ranking_finish_position,contradiction
economic_or_replay,market_exposure_limit,3496b04d1407bfa617b8d7e95b3dfc9a,,sports_ranking_finish_position,contradiction
economic_or_replay,market_exposure_limit,3496b04d1407bfa617b8d7e95b3dfc9a,,sports_ranking_finish_position,contradiction
economic_or_replay,market_exposure_limit,3496b04d1407bfa617b8d7e95b3dfc9a,,sports_ranking_finish_position,contradiction
economic_or_replay,market_exposure_limit,3496b04d1407bfa617b8d7e95b3dfc9a,,sports_ranking_finish_position,contradiction
economic_or_replay,market_exposure_limit,3496b04d1407bfa617b8d7e95b3dfc9a,,sports_ranking_finish_position,contradiction
economic_or_replay,market_exposure_limit,3496b04d1407bfa617b8d7e95b3dfc9a,,sports_ranking_finish_position,contradiction
economic_or_replay,market_exposure_limit,3496b04d1407bfa617b8d7e95b3dfc9a,,sports_ranking_finish_position,contradiction
economic_or_replay,market_exposure_limit,3496b04d1407bfa617b8d7e95b3dfc9a,,sports_ranking_finish_position,contradiction
economic_or_replay,market_exposure_limit,3496b04d1407bfa617b8d7e95b3dfc9a,,sports_ranking_finish_position,contradiction
economic_or_replay,market_exposure_limit,3496b04d1407bfa617b8d7e95b3dfc9a,,sports_ranking_finish_position,contradiction
economic_or_replay,market_exposure_limit,3496b04d1407bfa617b8d7e95b3dfc9a,,sports_ranking_finish_position,contradiction
economic_or_replay,market_exposure_limit,3496b04d1407bfa617b8d7e95b3dfc9a,,sports_ranking_finish_position,contradiction
economic_or_replay,market_exposure_limit,3496b04d1407bfa617b8d7e95b3dfc9a,,sports_ranking_finish_position,contradiction
economic_or_replay,market_exposure_limit,3496b04d1407bfa617b8d7e95b3dfc9a,,sports_ranking_finish_position,contradiction
economic_or_replay,market_exposure_limit,3496b04d1407bfa617b8d7e95b3dfc9a,,sports_ranking_finish_position,contradiction
economic_or_replay,market_exposure_limit,3496b04d1407bfa617b8d7e95b3dfc9a,,sports_ranking_finish_position,contradiction
economic_or_replay,market_exposure_limit,3496b04d1407bfa617b8d7e95b3dfc9a,,sports_ranking_finish_position,contradiction
economic_or_replay,market_exposure_limit,3496b04d1407bfa617b8d7e95b3dfc9a,,sports_ranking_finish_position,contradiction
economic_or_replay,market_exposure_limit,3496b04d1407bfa617b8d7e95b3dfc9a,,sports_ranking_finish_position,contradiction
economic_or_replay,market_exposure_limit,3496b04d1407bfa617b8d7e95b3dfc9a,,sports_ranking_finish_position,contradiction
economic_or_replay,market_exposure_limit,3496b04d1407bfa617b8d7e95b3dfc9a,,sports_ranking_finish_position,contradiction
economic_or_replay,market_exposure_limit,3496b04d1407bfa617b8d7e95b3dfc9a,,sports_ranking_finish_position,contradiction
economic_or_replay,market_exposure_limit,3496b04d1407bfa617b8d7e95b3dfc9a,,sports_ranking_finish_position,contradiction
economic_or_replay,market_exposure_limit,3496b04d1407bfa617b8d7e95b3dfc9a,,sports_ranking_finish_position,contradiction
economic_or_replay,market_exposure_limit,3496b04d1407bfa617b8d7e95b3dfc9a,,sports_ranking_finish_position,contradiction
economic_or_replay,market_exposure_limit,3496b04d1407bfa617b8d7e95b3dfc9a,,sports_ranking_finish_position,contradiction
economic_or_replay,market_exposure_limit,3496b04d1407bfa617b8d7e95b3dfc9a,,sports_ranking_finish_position,contradiction
economic_or_replay,market_exposure_limit,3496b04d1407bfa617b8d7e95b3dfc9a,,sports_ranking_finish_position,contradiction
economic_or_replay,market_exposure_limit,3496b04d1407bfa617b8d7e95b3dfc9a,,sports_ranking_finish_position,contradiction
economic_or_replay,market_exposure_limit,3496b04d1407bfa617b8d7e95b3dfc9a,,sports_ranking_finish_position,contradiction
economic_or_replay,market_exposure_limit,3496b04d1407bfa617b8d7e95b3dfc9a,,sports_ranking_finish_position,contradiction
economic_or_replay,market_exposure_limit,3496b04d1407bfa617b8d7e95b3dfc9a,,sports_ranking_finish_position,contradiction
economic_or_replay,market_exposure_limit,3496b04d1407bfa617b8d7e95b3dfc9a,,sports_ranking_finish_position,contradiction
economic_or_replay,market_exposure_limit,3496b04d1407bfa617b8d7e95b3dfc9a,,sports_ranking_finish_position,contradiction
economic_or_replay,market_exposure_limit,3496b04d1407bfa617b8d7e95b3dfc9a,,sports_ranking_finish_position,contradiction
economic_or_replay,market_exposure_limit,3496b04d1407bfa617b8d7e95b3dfc9a,,sports_ranking_finish_position,contradiction
economic_or_replay,market_exposure_limit,3496b04d1407bfa617b8d7e95b3dfc9a,,sports_ranking_finish_position,contradiction
economic_or_replay,market_exposure_limit,3496b04d1407bfa617b8d7e95b3dfc9a,,sports_ranking_finish_position,contradiction
economic_or_replay,market_exposure_limit,3496b04d1407bfa617b8d7e95b3dfc9a,,sports_ranking_finish_position,contradiction
economic_or_replay,market_exposure_limit,3496b04d1407bfa617b8d7e95b3dfc9a,,sports_ranking_finish_position,contradiction
economic_or_replay,market_exposure_limit,3496b04d1407bfa617b8d7e95b3dfc9a,,sports_ranking_finish_position,contradiction
economic_or_replay,market_exposure_limit,3496b04d1407bfa617b8d7e95b3dfc9a,,sports_ranking_finish_position,contradiction
economic_or_replay,market_exposure_limit,3496b04d1407bfa617b8d7e95b3dfc9a,,sports_ranking_finish_position,contradiction
economic_or_replay,market_exposure_limit,3496b04d1407bfa617b8d7e95b3dfc9a,,sports_ranking_finish_position,contradiction
economic_or_replay,market_exposure_limit,3496b04d1407bfa617b8d7e95b3dfc9a,,sports_ranking_finish_position,contradiction
economic_or_replay,market_exposure_limit,3496b04d1407bfa617b8d7e95b3dfc9a,,sports_ranking_finish_position,contradiction
economic_or_replay,market_exposure_limit,3496b04d1407bfa617b8d7e95b3dfc9a,,sports_ranking_finish_position,contradiction
economic_or_replay,market_exposure_limit,3496b04d1407bfa617b8d7e95b3dfc9a,,sports_ranking_finish_position,contradiction
economic_or_replay,market_exposure_limit,3496b04d1407bfa617b8d7e95b3dfc9a,,sports_ranking_finish_position,contradiction
economic_or_replay,market_exposure_limit,3496b04d1407bfa617b8d7e95b3dfc9a,,sports_ranking_finish_position,contradiction
economic_or_replay,market_exposure_limit,3496b04d1407bfa617b8d7e95b3dfc9a,,sports_ranking_finish_position,contradiction
economic_or_replay,market_exposure_limit,3496b04d1407bfa617b8d7e95b3dfc9a,,sports_ranking_finish_position,contradiction
economic_or_replay,market_exposure_limit,3496b04d1407bfa617b8d7e95b3dfc9a,,sports_ranking_finish_position,contradiction
economic_or_replay,market_exposure_limit,3496b04d1407bfa617b8d7e95b3dfc9a,,sports_ranking_finish_position,contradiction
economic_or_replay,market_exposure_limit,3496b04d1407bfa617b8d7e95b3dfc9a,,sports_ranking_finish_position,contradiction
economic_or_replay,market_exposure_limit,3496b04d1407bfa617b8d7e95b3dfc9a,,sports_ranking_finish_position,contradiction
economic_or_replay,market_exposure_limit,3496b04d1407bfa617b8d7e95b3dfc9a,,sports_ranking_finish_position,contradiction
economic_or_replay,market_exposure_limit,3496b04d1407bfa617b8d7e95b3dfc9a,,sports_ranking_finish_position,contradiction
economic_or_replay,market_exposure_limit,3496b04d1407bfa617b8d7e95b3dfc9a,,sports_ranking_finish_position,contradiction
economic_or_replay,market_exposure_limit,3496b04d1407bfa617b8d7e95b3dfc9a,,sports_ranking_finish_position,contradiction
economic_or_replay,market_exposure_limit,3496b04d1407bfa617b8d7e95b3dfc9a,,sports_ranking_finish_position,contradiction
economic_or_replay,market_exposure_limit,3496b04d1407bfa617b8d7e95b3dfc9a,,sports_ranking_finish_position,contradiction
economic_or_replay,market_exposure_limit,3496b04d1407bfa617b8d7e95b3dfc9a,,sports_ranking_finish_position,contradiction
economic_or_replay,market_exposure_limit,3496b04d1407bfa617b8d7e95b3dfc9a,,sports_ranking_finish_position,contradiction
economic_or_replay,market_exposure_limit,3496b04d1407bfa617b8d7e95b3dfc9a,,sports_ranking_finish_position,contradiction
economic_or_replay,market_exposure_limit,3496b04d1407bfa617b8d7e95b3dfc9a,,sports_ranking_finish_position,contradiction
economic_or_replay,market_exposure_limit,3496b04d1407bfa617b8d7e95b3dfc9a,,sports_ranking_finish_position,contradiction
economic_or_replay,market_exposure_limit,3496b04d1407bfa617b8d7e95b3dfc9a,,sports_ranking_finish_position,contradiction
economic_or_replay,market_exposure_limit,3496b04d1407bfa617b8d7e95b3dfc9a,,sports_ranking_finish_position,contradiction
economic_or_replay,market_exposure_limit,3496b04d1407bfa617b8d7e95b3dfc9a,,sports_ranking_finish_position,contradiction
economic_or_replay,market_exposure_limit,3496b04d1407bfa617b8d7e95b3dfc9a,,sports_ranking_finish_position,contradiction
economic_or_replay,market_exposure_limit,3496b04d1407bfa617b8d7e95b3dfc9a,,sports_ranking_finish_position,contradiction
economic_or_replay,market_exposure_limit,3496b04d1407bfa617b8d7e95b3dfc9a,,sports_ranking_finish_position,contradiction
economic_or_replay,market_exposure_limit,3496b04d1407bfa617b8d7e95b3dfc9a,,sports_ranking_finish_position,contradiction
economic_or_replay,market_exposure_limit,3496b04d1407bfa617b8d7e95b3dfc9a,,sports_ranking_finish_position,contradiction
economic_or_replay,market_exposure_limit,3496b04d1407bfa617b8d7e95b3dfc9a,,sports_ranking_finish_position,contradiction
economic_or_replay,market_exposure_limit,3496b04d1407bfa617b8d7e95b3dfc9a,,sports_ranking_finish_position,contradiction
economic_or_replay,market_exposure_limit,3496b04d1407bfa617b8d7e95b3dfc9a,,sports_ranking_finish_position,contradiction
economic_or_replay,market_exposure_limit,3496b04d1407bfa617b8d7e95b3dfc9a,,sports_ranking_finish_position,contradiction
economic_or_replay,market_exposure_limit,3496b04d1407bfa617b8d7e95b3dfc9a,,sports_ranking_finish_position,contradiction
economic_or_replay,market_exposure_limit,3496b04d1407bfa617b8d7e95b3dfc9a,,sports_ranking_finish_position,contradiction
economic_or_replay,market_exposure_limit,3496b04d1407bfa617b8d7e95b3dfc9a,,sports_ranking_finish_position,contradiction
economic_or_replay,market_exposure_limit,3496b04d1407bfa617b8d7e95b3dfc9a,,sports_ranking_finish_position,contradiction
economic_or_replay,market_exposure_limit,3496b04d1407bfa617b8d7e95b3dfc9a,,sports_ranking_finish_position,contradiction
economic_or_replay,market_exposure_limit,3496b04d1407bfa617b8d7e95b3dfc9a,,sports_ranking_finish_position,contradiction
economic_or_replay,market_exposure_limit,3496b04d1407bfa617b8d7e95b3dfc9a,,sports_ranking_finish_position,contradiction
economic_or_replay,market_exposure_limit,3496b04d1407bfa617b8d7e95b3dfc9a,,sports_ranking_finish_position,contradiction
economic_or_replay,market_exposure_limit,3496b04d1407bfa617b8d7e95b3dfc9a,,sports_ranking_finish_position,contradiction
economic_or_replay,market_exposure_limit,3496b04d1407bfa617b8d7e95b3dfc9a,,sports_ranking_finish_position,contradiction
economic_or_replay,market_exposure_limit,3496b04d1407bfa617b8d7e95b3dfc9a,,sports_ranking_finish_position,contradiction
economic_or_replay,market_exposure_limit,3496b04d1407bfa617b8d7e95b3dfc9a,,sports_ranking_finish_position,contradiction
economic_or_replay,market_exposure_limit,3496b04d1407bfa617b8d7e95b3dfc9a,,sports_ranking_finish_position,contradiction
economic_or_replay,market_exposure_limit,3496b04d1407bfa617b8d7e95b3dfc9a,,sports_ranking_finish_position,contradiction
economic_or_replay,market_exposure_limit,3496b04d1407bfa617b8d7e95b3dfc9a,,sports_ranking_finish_position,contradiction
economic_or_replay,market_exposure_limit,3496b04d1407bfa617b8d7e95b3dfc9a,,sports_ranking_finish_position,contradiction
economic_or_replay,market_exposure_limit,3496b04d1407bfa617b8d7e95b3dfc9a,,sports_ranking_finish_position,contradiction
economic_or_replay,market_exposure_limit,3496b04d1407bfa617b8d7e95b3dfc9a,,sports_ranking_finish_position,contradiction
economic_or_replay,market_exposure_limit,3496b04d1407bfa617b8d7e95b3dfc9a,,sports_ranking_finish_position,contradiction
economic_or_replay,market_exposure_limit,3496b04d1407bfa617b8d7e95b3dfc9a,,sports_ranking_finish_position,contradiction
economic_or_replay,market_exposure_limit,3496b04d1407bfa617b8d7e95b3dfc9a,,sports_ranking_finish_position,contradiction
economic_or_replay,market_exposure_limit,3496b04d1407bfa617b8d7e95b3dfc9a,,sports_ranking_finish_position,contradiction
economic_or_replay,market_exposure_limit,3496b04d1407bfa617b8d7e95b3dfc9a,,sports_ranking_finish_position,contradiction
economic_or_replay,market_exposure_limit,3496b04d1407bfa617b8d7e95b3dfc9a,,sports_ranking_finish_position,contradiction
economic_or_replay,market_exposure_limit,3496b04d1407bfa617b8d7e95b3dfc9a,,sports_ranking_finish_position,contradiction
economic_or_replay,market_exposure_limit,3496b04d1407bfa617b8d7e95b3dfc9a,,sports_ranking_finish_position,contradiction
economic_or_replay,market_exposure_limit,3496b04d1407bfa617b8d7e95b3dfc9a,,sports_ranking_finish_position,contradiction
economic_or_replay,market_exposure_limit,3496b04d1407bfa617b8d7e95b3dfc9a,,sports_ranking_finish_position,contradiction
economic_or_replay,market_exposure_limit,3496b04d1407bfa617b8d7e95b3dfc9a,,sports_ranking_finish_position,contradiction
economic_or_replay,market_exposure_limit,3496b04d1407bfa617b8d7e95b3dfc9a,,sports_ranking_finish_position,contradiction
economic_or_replay,market_exposure_limit,3496b04d1407bfa617b8d7e95b3dfc9a,,sports_ranking_finish_position,contradiction
economic_or_replay,market_exposure_limit,3496b04d1407bfa617b8d7e95b3dfc9a,,sports_ranking_finish_position,contradiction
economic_or_replay,market_exposure_limit,3496b04d1407bfa617b8d7e95b3dfc9a,,sports_ranking_finish_position,contradiction
economic_or_replay,market_exposure_limit,3496b04d1407bfa617b8d7e95b3dfc9a,,sports_ranking_finish_position,contradiction
economic_or_replay,market_exposure_limit,3496b04d1407bfa617b8d7e95b3dfc9a,,sports_ranking_finish_position,contradiction
economic_or_replay,market_exposure_limit,3496b04d1407bfa617b8d7e95b3dfc9a,,sports_ranking_finish_position,contradiction
economic_or_replay,market_exposure_limit,3496b04d1407bfa617b8d7e95b3dfc9a,,sports_ranking_finish_position,contradiction
economic_or_replay,market_exposure_limit,3496b04d1407bfa617b8d7e95b3dfc9a,,sports_ranking_finish_position,contradiction
economic_or_replay,market_exposure_limit,3496b04d1407bfa617b8d7e95b3dfc9a,,sports_ranking_finish_position,contradiction
economic_or_replay,market_exposure_limit,3496b04d1407bfa617b8d7e95b3dfc9a,,sports_ranking_finish_position,contradiction
economic_or_replay,market_exposure_limit,3496b04d1407bfa617b8d7e95b3dfc9a,,sports_ranking_finish_position,contradiction
economic_or_replay,market_exposure_limit,3496b04d1407bfa617b8d7e95b3dfc9a,,sports_ranking_finish_position,contradiction
economic_or_replay,market_exposure_limit,3496b04d1407bfa617b8d7e95b3dfc9a,,sports_ranking_finish_position,contradiction
economic_or_replay,market_exposure_limit,3496b04d1407bfa617b8d7e95b3dfc9a,,sports_ranking_finish_position,contradiction
economic_or_replay,market_exposure_limit,3496b04d1407bfa617b8d7e95b3dfc9a,,sports_ranking_finish_position,contradiction
economic_or_replay,market_exposure_limit,3496b04d1407bfa617b8d7e95b3dfc9a,,sports_ranking_finish_position,contradiction
economic_or_replay,market_exposure_limit,3496b04d1407bfa617b8d7e95b3dfc9a,,sports_ranking_finish_position,contradiction
economic_or_replay,market_exposure_limit,3496b04d1407bfa617b8d7e95b3dfc9a,,sports_ranking_finish_position,contradiction
economic_or_replay,market_exposure_limit,3496b04d1407bfa617b8d7e95b3dfc9a,,sports_ranking_finish_position,contradiction
economic_or_replay,market_exposure_limit,3496b04d1407bfa617b8d7e95b3dfc9a,,sports_ranking_finish_position,contradiction
economic_or_replay,market_exposure_limit,3496b04d1407bfa617b8d7e95b3dfc9a,,sports_ranking_finish_position,contradiction
economic_or_replay,market_exposure_limit,3496b04d1407bfa617b8d7e95b3dfc9a,,sports_ranking_finish_position,contradiction
economic_or_replay,market_exposure_limit,3496b04d1407bfa617b8d7e95b3dfc9a,,sports_ranking_finish_position,contradiction
economic_or_replay,market_exposure_limit,3496b04d1407bfa617b8d7e95b3dfc9a,,sports_ranking_finish_position,contradiction
economic_or_replay,market_exposure_limit,3496b04d1407bfa617b8d7e95b3dfc9a,,sports_ranking_finish_position,contradiction
economic_or_replay,market_exposure_limit,3496b04d1407bfa617b8d7e95b3dfc9a,,sports_ranking_finish_position,contradiction
economic_or_replay,market_exposure_limit,3496b04d1407bfa617b8d7e95b3dfc9a,,sports_ranking_finish_position,contradiction
economic_or_replay,market_exposure_limit,3496b04d1407bfa617b8d7e95b3dfc9a,,sports_ranking_finish_position,contradiction
economic_or_replay,market_exposure_limit,3496b04d1407bfa617b8d7e95b3dfc9a,,sports_ranking_finish_position,contradiction
economic_or_replay,market_exposure_limit,3496b04d1407bfa617b8d7e95b3dfc9a,,sports_ranking_finish_position,contradiction
economic_or_replay,market_exposure_limit,3496b04d1407bfa617b8d7e95b3dfc9a,,sports_ranking_finish_position,contradiction
economic_or_replay,market_exposure_limit,3496b04d1407bfa617b8d7e95b3dfc9a,,sports_ranking_finish_position,contradiction
economic_or_replay,market_exposure_limit,3496b04d1407bfa617b8d7e95b3dfc9a,,sports_ranking_finish_position,contradiction
economic_or_replay,market_exposure_limit,3496b04d1407bfa617b8d7e95b3dfc9a,,sports_ranking_finish_position,contradiction
economic_or_replay,market_exposure_limit,3496b04d1407bfa617b8d7e95b3dfc9a,,sports_ranking_finish_position,contradiction
economic_or_replay,market_exposure_limit,3496b04d1407bfa617b8d7e95b3dfc9a,,sports_ranking_finish_position,contradiction
economic_or_replay,market_exposure_limit,3496b04d1407bfa617b8d7e95b3dfc9a,,sports_ranking_finish_position,contradiction
economic_or_replay,market_exposure_limit,3496b04d1407bfa617b8d7e95b3dfc9a,,sports_ranking_finish_position,contradiction
economic_or_replay,market_exposure_limit,3496b04d1407bfa617b8d7e95b3dfc9a,,sports_ranking_finish_position,contradiction
economic_or_replay,market_exposure_limit,3496b04d1407bfa617b8d7e95b3dfc9a,,sports_ranking_finish_position,contradiction
economic_or_replay,market_exposure_limit,3496b04d1407bfa617b8d7e95b3dfc9a,,sports_ranking_finish_position,contradiction
economic_or_replay,market_exposure_limit,3496b04d1407bfa617b8d7e95b3dfc9a,,sports_ranking_finish_position,contradiction
economic_or_replay,market_exposure_limit,3496b04d1407bfa617b8d7e95b3dfc9a,,sports_ranking_finish_position,contradiction
economic_or_replay,market_exposure_limit,3496b04d1407bfa617b8d7e95b3dfc9a,,sports_ranking_finish_position,contradiction
economic_or_replay,market_exposure_limit,3496b04d1407bfa617b8d7e95b3dfc9a,,sports_ranking_finish_position,contradiction
economic_or_replay,market_exposure_limit,3496b04d1407bfa617b8d7e95b3dfc9a,,sports_ranking_finish_position,contradiction
economic_or_replay,market_exposure_limit,3496b04d1407bfa617b8d7e95b3dfc9a,,sports_ranking_finish_position,contradiction
economic_or_replay,market_exposure_limit,3496b04d1407bfa617b8d7e95b3dfc9a,,sports_ranking_finish_position,contradiction
economic_or_replay,market_exposure_limit,3496b04d1407bfa617b8d7e95b3dfc9a,,sports_ranking_finish_position,contradiction
economic_or_replay,market_exposure_limit,3496b04d1407bfa617b8d7e95b3dfc9a,,sports_ranking_finish_position,contradiction
economic_or_replay,market_exposure_limit,3496b04d1407bfa617b8d7e95b3dfc9a,,sports_ranking_finish_position,contradiction
economic_or_replay,market_exposure_limit,3496b04d1407bfa617b8d7e95b3dfc9a,,sports_ranking_finish_position,contradiction
economic_or_replay,market_exposure_limit,3496b04d1407bfa617b8d7e95b3dfc9a,,sports_ranking_finish_position,contradiction
economic_or_replay,market_exposure_limit,3496b04d1407bfa617b8d7e95b3dfc9a,,sports_ranking_finish_position,contradiction
economic_or_replay,market_exposure_limit,3496b04d1407bfa617b8d7e95b3dfc9a,,sports_ranking_finish_position,contradiction
economic_or_replay,market_exposure_limit,3496b04d1407bfa617b8d7e95b3dfc9a,,sports_ranking_finish_position,contradiction
economic_or_replay,market_exposure_limit,3496b04d1407bfa617b8d7e95b3dfc9a,,sports_ranking_finish_position,contradiction
economic_or_replay,market_exposure_limit,3496b04d1407bfa617b8d7e95b3dfc9a,,sports_ranking_finish_position,contradiction
economic_or_replay,market_exposure_limit,3496b04d1407bfa617b8d7e95b3dfc9a,,sports_ranking_finish_position,contradiction
economic_or_replay,market_exposure_limit,3496b04d1407bfa617b8d7e95b3dfc9a,,sports_ranking_finish_position,contradiction
economic_or_replay,market_exposure_limit,3496b04d1407bfa617b8d7e95b3dfc9a,,sports_ranking_finish_position,contradiction
economic_or_replay,market_exposure_limit,3496b04d1407bfa617b8d7e95b3dfc9a,,sports_ranking_finish_position,contradiction
economic_or_replay,market_exposure_limit,3496b04d1407bfa617b8d7e95b3dfc9a,,sports_ranking_finish_position,contradiction
economic_or_replay,market_exposure_limit,3496b04d1407bfa617b8d7e95b3dfc9a,,sports_ranking_finish_position,contradiction
economic_or_replay,market_exposure_limit,3496b04d1407bfa617b8d7e95b3dfc9a,,sports_ranking_finish_position,contradiction
economic_or_replay,market_exposure_limit,3496b04d1407bfa617b8d7e95b3dfc9a,,sports_ranking_finish_position,contradiction
economic_or_replay,market_exposure_limit,3496b04d1407bfa617b8d7e95b3dfc9a,,sports_ranking_finish_position,contradiction
economic_or_replay,market_exposure_limit,3496b04d1407bfa617b8d7e95b3dfc9a,,sports_ranking_finish_position,contradiction
economic_or_replay,market_exposure_limit,3496b04d1407bfa617b8d7e95b3dfc9a,,sports_ranking_finish_position,contradiction
economic_or_replay,market_exposure_limit,3496b04d1407bfa617b8d7e95b3dfc9a,,sports_ranking_finish_position,contradiction
economic_or_replay,market_exposure_limit,3496b04d1407bfa617b8d7e95b3dfc9a,,sports_ranking_finish_position,contradiction
economic_or_replay,market_exposure_limit,3496b04d1407bfa617b8d7e95b3dfc9a,,sports_ranking_finish_position,contradiction
economic_or_replay,market_exposure_limit,3496b04d1407bfa617b8d7e95b3dfc9a,,sports_ranking_finish_position,contradiction
economic_or_replay,market_exposure_limit,3496b04d1407bfa617b8d7e95b3dfc9a,,sports_ranking_finish_position,contradiction
economic_or_replay,market_exposure_limit,3496b04d1407bfa617b8d7e95b3dfc9a,,sports_ranking_finish_position,contradiction
economic_or_replay,market_exposure_limit,3496b04d1407bfa617b8d7e95b3dfc9a,,sports_ranking_finish_position,contradiction
economic_or_replay,market_exposure_limit,3496b04d1407bfa617b8d7e95b3dfc9a,,sports_ranking_finish_position,contradiction
economic_or_replay,market_exposure_limit,3496b04d1407bfa617b8d7e95b3dfc9a,,sports_ranking_finish_position,contradiction
economic_or_replay,market_exposure_limit,3496b04d1407bfa617b8d7e95b3dfc9a,,sports_ranking_finish_position,contradiction
economic_or_replay,market_exposure_limit,3496b04d1407bfa617b8d7e95b3dfc9a,,sports_ranking_finish_position,contradiction
economic_or_replay,market_exposure_limit,3496b04d1407bfa617b8d7e95b3dfc9a,,sports_ranking_finish_position,contradiction
economic_or_replay,market_exposure_limit,3496b04d1407bfa617b8d7e95b3dfc9a,,sports_ranking_finish_position,contradiction
economic_or_replay,market_exposure_limit,3496b04d1407bfa617b8d7e95b3dfc9a,,sports_ranking_finish_position,contradiction
economic_or_replay,market_exposure_limit,3496b04d1407bfa617b8d7e95b3dfc9a,,sports_ranking_finish_position,contradiction
economic_or_replay,market_exposure_limit,3496b04d1407bfa617b8d7e95b3dfc9a,,sports_ranking_finish_position,contradiction
economic_or_replay,market_exposure_limit,3496b04d1407bfa617b8d7e95b3dfc9a,,sports_ranking_finish_position,contradiction
economic_or_replay,market_exposure_limit,3496b04d1407bfa617b8d7e95b3dfc9a,,sports_ranking_finish_position,contradiction
economic_or_replay,market_exposure_limit,3496b04d1407bfa617b8d7e95b3dfc9a,,sports_ranking_finish_position,contradiction
economic_or_replay,market_exposure_limit,3496b04d1407bfa617b8d7e95b3dfc9a,,sports_ranking_finish_position,contradiction
economic_or_replay,market_exposure_limit,3496b04d1407bfa617b8d7e95b3dfc9a,,sports_ranking_finish_position,contradiction
economic_or_replay,market_exposure_limit,3496b04d1407bfa617b8d7e95b3dfc9a,,sports_ranking_finish_position,contradiction
economic_or_replay,market_exposure_limit,3496b04d1407bfa617b8d7e95b3dfc9a,,sports_ranking_finish_position,contradiction
economic_or_replay,market_exposure_limit,3496b04d1407bfa617b8d7e95b3dfc9a,,sports_ranking_finish_position,contradiction
economic_or_replay,market_exposure_limit,3496b04d1407bfa617b8d7e95b3dfc9a,,sports_ranking_finish_position,contradiction
economic_or_replay,market_exposure_limit,3496b04d1407bfa617b8d7e95b3dfc9a,,sports_ranking_finish_position,contradiction
economic_or_replay,market_exposure_limit,3496b04d1407bfa617b8d7e95b3dfc9a,,sports_ranking_finish_position,contradiction
economic_or_replay,market_exposure_limit,3496b04d1407bfa617b8d7e95b3dfc9a,,sports_ranking_finish_position,contradiction
economic_or_replay,market_exposure_limit,3496b04d1407bfa617b8d7e95b3dfc9a,,sports_ranking_finish_position,contradiction
economic_or_replay,market_exposure_limit,3496b04d1407bfa617b8d7e95b3dfc9a,,sports_ranking_finish_position,contradiction
economic_or_replay,market_exposure_limit,3496b04d1407bfa617b8d7e95b3dfc9a,,sports_ranking_finish_position,contradiction
economic_or_replay,market_exposure_limit,3496b04d1407bfa617b8d7e95b3dfc9a,,sports_ranking_finish_position,contradiction
economic_or_replay,market_exposure_limit,3496b04d1407bfa617b8d7e95b3dfc9a,,sports_ranking_finish_position,contradiction
economic_or_replay,market_exposure_limit,3496b04d1407bfa617b8d7e95b3dfc9a,,sports_ranking_finish_position,contradiction
economic_or_replay,market_exposure_limit,3496b04d1407bfa617b8d7e95b3dfc9a,,sports_ranking_finish_position,contradiction
economic_or_replay,market_exposure_limit,3496b04d1407bfa617b8d7e95b3dfc9a,,sports_ranking_finish_position,contradiction
economic_or_replay,market_exposure_limit,3496b04d1407bfa617b8d7e95b3dfc9a,,sports_ranking_finish_position,contradiction
economic_or_replay,market_exposure_limit,3496b04d1407bfa617b8d7e95b3dfc9a,,sports_ranking_finish_position,contradiction
economic_or_replay,market_exposure_limit,3496b04d1407bfa617b8d7e95b3dfc9a,,sports_ranking_finish_position,contradiction
economic_or_replay,market_exposure_limit,3496b04d1407bfa617b8d7e95b3dfc9a,,sports_ranking_finish_position,contradiction
economic_or_replay,market_exposure_limit,3496b04d1407bfa617b8d7e95b3dfc9a,,sports_ranking_finish_position,contradiction
economic_or_replay,market_exposure_limit,3496b04d1407bfa617b8d7e95b3dfc9a,,sports_ranking_finish_position,contradiction
economic_or_replay,market_exposure_limit,3496b04d1407bfa617b8d7e95b3dfc9a,,sports_ranking_finish_position,contradiction
economic_or_replay,market_exposure_limit,3496b04d1407bfa617b8d7e95b3dfc9a,,sports_ranking_finish_position,contradiction
economic_or_replay,market_exposure_limit,3496b04d1407bfa617b8d7e95b3dfc9a,,sports_ranking_finish_position,contradiction
economic_or_replay,market_exposure_limit,3496b04d1407bfa617b8d7e95b3dfc9a,,sports_ranking_finish_position,contradiction
economic_or_replay,market_exposure_limit,3496b04d1407bfa617b8d7e95b3dfc9a,,sports_ranking_finish_position,contradiction
economic_or_replay,market_exposure_limit,3496b04d1407bfa617b8d7e95b3dfc9a,,sports_ranking_finish_position,contradiction
economic_or_replay,market_exposure_limit,3496b04d1407bfa617b8d7e95b3dfc9a,,sports_ranking_finish_position,contradiction
economic_or_replay,market_exposure_limit,3496b04d1407bfa617b8d7e95b3dfc9a,,sports_ranking_finish_position,contradiction
economic_or_replay,market_exposure_limit,3496b04d1407bfa617b8d7e95b3dfc9a,,sports_ranking_finish_position,contradiction
economic_or_replay,market_exposure_limit,3496b04d1407bfa617b8d7e95b3dfc9a,,sports_ranking_finish_position,contradiction
economic_or_replay,market_exposure_limit,3496b04d1407bfa617b8d7e95b3dfc9a,,sports_ranking_finish_position,contradiction
economic_or_replay,market_exposure_limit,3496b04d1407bfa617b8d7e95b3dfc9a,,sports_ranking_finish_position,contradiction
economic_or_replay,market_exposure_limit,3496b04d1407bfa617b8d7e95b3dfc9a,,sports_ranking_finish_position,contradiction
economic_or_replay,market_exposure_limit,3496b04d1407bfa617b8d7e95b3dfc9a,,sports_ranking_finish_position,contradiction
economic_or_replay,market_exposure_limit,3496b04d1407bfa617b8d7e95b3dfc9a,,sports_ranking_finish_position,contradiction
economic_or_replay,market_exposure_limit,3496b04d1407bfa617b8d7e95b3dfc9a,,sports_ranking_finish_position,contradiction
economic_or_replay,market_exposure_limit,3496b04d1407bfa617b8d7e95b3dfc9a,,sports_ranking_finish_position,contradiction
economic_or_replay,market_exposure_limit,3496b04d1407bfa617b8d7e95b3dfc9a,,sports_ranking_finish_position,contradiction
economic_or_replay,market_exposure_limit,3496b04d1407bfa617b8d7e95b3dfc9a,,sports_ranking_finish_position,contradiction
economic_or_replay,market_exposure_limit,3496b04d1407bfa617b8d7e95b3dfc9a,,sports_ranking_finish_position,contradiction
economic_or_replay,market_exposure_limit,3496b04d1407bfa617b8d7e95b3dfc9a,,sports_ranking_finish_position,contradiction
economic_or_replay,market_exposure_limit,3496b04d1407bfa617b8d7e95b3dfc9a,,sports_ranking_finish_position,contradiction
economic_or_replay,market_exposure_limit,3496b04d1407bfa617b8d7e95b3dfc9a,,sports_ranking_finish_position,contradiction
economic_or_replay,market_exposure_limit,3496b04d1407bfa617b8d7e95b3dfc9a,,sports_ranking_finish_position,contradiction
economic_or_replay,market_exposure_limit,3496b04d1407bfa617b8d7e95b3dfc9a,,sports_ranking_finish_position,contradiction
economic_or_replay,market_exposure_limit,3496b04d1407bfa617b8d7e95b3dfc9a,,sports_ranking_finish_position,contradiction
economic_or_replay,market_exposure_limit,3496b04d1407bfa617b8d7e95b3dfc9a,,sports_ranking_finish_position,contradiction
economic_or_replay,market_exposure_limit,3496b04d1407bfa617b8d7e95b3dfc9a,,sports_ranking_finish_position,contradiction
economic_or_replay,market_exposure_limit,3496b04d1407bfa617b8d7e95b3dfc9a,,sports_ranking_finish_position,contradiction
economic_or_replay,market_exposure_limit,3496b04d1407bfa617b8d7e95b3dfc9a,,sports_ranking_finish_position,contradiction
economic_or_replay,market_exposure_limit,3496b04d1407bfa617b8d7e95b3dfc9a,,sports_ranking_finish_position,contradiction
economic_or_replay,market_exposure_limit,3496b04d1407bfa617b8d7e95b3dfc9a,,sports_ranking_finish_position,contradiction
economic_or_replay,market_exposure_limit,3496b04d1407bfa617b8d7e95b3dfc9a,,sports_ranking_finish_position,contradiction
economic_or_replay,market_exposure_limit,3496b04d1407bfa617b8d7e95b3dfc9a,,sports_ranking_finish_position,contradiction
economic_or_replay,market_exposure_limit,3496b04d1407bfa617b8d7e95b3dfc9a,,sports_ranking_finish_position,contradiction
economic_or_replay,market_exposure_limit,3496b04d1407bfa617b8d7e95b3dfc9a,,sports_ranking_finish_position,contradiction
economic_or_replay,market_exposure_limit,3496b04d1407bfa617b8d7e95b3dfc9a,,sports_ranking_finish_position,contradiction
economic_or_replay,market_exposure_limit,3496b04d1407bfa617b8d7e95b3dfc9a,,sports_ranking_finish_position,contradiction
economic_or_replay,market_exposure_limit,3496b04d1407bfa617b8d7e95b3dfc9a,,sports_ranking_finish_position,contradiction
economic_or_replay,market_exposure_limit,3496b04d1407bfa617b8d7e95b3dfc9a,,sports_ranking_finish_position,contradiction
economic_or_replay,market_exposure_limit,3496b04d1407bfa617b8d7e95b3dfc9a,,sports_ranking_finish_position,contradiction
economic_or_replay,market_exposure_limit,3496b04d1407bfa617b8d7e95b3dfc9a,,sports_ranking_finish_position,contradiction
economic_or_replay,market_exposure_limit,3496b04d1407bfa617b8d7e95b3dfc9a,,sports_ranking_finish_position,contradiction
economic_or_replay,market_exposure_limit,3496b04d1407bfa617b8d7e95b3dfc9a,,sports_ranking_finish_position,contradiction
economic_or_replay,market_exposure_limit,3496b04d1407bfa617b8d7e95b3dfc9a,,sports_ranking_finish_position,contradiction
economic_or_replay,market_exposure_limit,3496b04d1407bfa617b8d7e95b3dfc9a,,sports_ranking_finish_position,contradiction
economic_or_replay,market_exposure_limit,3496b04d1407bfa617b8d7e95b3dfc9a,,sports_ranking_finish_position,contradiction
economic_or_replay,market_exposure_limit,3496b04d1407bfa617b8d7e95b3dfc9a,,sports_ranking_finish_position,contradiction
economic_or_replay,market_exposure_limit,3496b04d1407bfa617b8d7e95b3dfc9a,,sports_ranking_finish_position,contradiction
economic_or_replay,market_exposure_limit,3496b04d1407bfa617b8d7e95b3dfc9a,,sports_ranking_finish_position,contradiction
economic_or_replay,market_exposure_limit,3496b04d1407bfa617b8d7e95b3dfc9a,,sports_ranking_finish_position,contradiction
economic_or_replay,market_exposure_limit,3496b04d1407bfa617b8d7e95b3dfc9a,,sports_ranking_finish_position,contradiction
economic_or_replay,market_exposure_limit,3496b04d1407bfa617b8d7e95b3dfc9a,,sports_ranking_finish_position,contradiction
economic_or_replay,market_exposure_limit,3496b04d1407bfa617b8d7e95b3dfc9a,,sports_ranking_finish_position,contradiction
economic_or_replay,market_exposure_limit,3496b04d1407bfa617b8d7e95b3dfc9a,,sports_ranking_finish_position,contradiction
economic_or_replay,market_exposure_limit,3496b04d1407bfa617b8d7e95b3dfc9a,,sports_ranking_finish_position,contradiction
economic_or_replay,market_exposure_limit,3496b04d1407bfa617b8d7e95b3dfc9a,,sports_ranking_finish_position,contradiction
economic_or_replay,market_exposure_limit,3496b04d1407bfa617b8d7e95b3dfc9a,,sports_ranking_finish_position,contradiction
economic_or_replay,market_exposure_limit,3496b04d1407bfa617b8d7e95b3dfc9a,,sports_ranking_finish_position,contradiction
economic_or_replay,market_exposure_limit,3496b04d1407bfa617b8d7e95b3dfc9a,,sports_ranking_finish_position,contradiction
economic_or_replay,market_exposure_limit,3496b04d1407bfa617b8d7e95b3dfc9a,,sports_ranking_finish_position,contradiction
economic_or_replay,market_exposure_limit,3496b04d1407bfa617b8d7e95b3dfc9a,,sports_ranking_finish_position,contradiction
economic_or_replay,market_exposure_limit,3496b04d1407bfa617b8d7e95b3dfc9a,,sports_ranking_finish_position,contradiction
economic_or_replay,market_exposure_limit,3496b04d1407bfa617b8d7e95b3dfc9a,,sports_ranking_finish_position,contradiction
economic_or_replay,market_exposure_limit,3496b04d1407bfa617b8d7e95b3dfc9a,,sports_ranking_finish_position,contradiction
economic_or_replay,market_exposure_limit,3496b04d1407bfa617b8d7e95b3dfc9a,,sports_ranking_finish_position,contradiction
economic_or_replay,market_exposure_limit,3496b04d1407bfa617b8d7e95b3dfc9a,,sports_ranking_finish_position,contradiction
economic_or_replay,market_exposure_limit,3496b04d1407bfa617b8d7e95b3dfc9a,,sports_ranking_finish_position,contradiction
economic_or_replay,market_exposure_limit,3496b04d1407bfa617b8d7e95b3dfc9a,,sports_ranking_finish_position,contradiction
economic_or_replay,market_exposure_limit,3496b04d1407bfa617b8d7e95b3dfc9a,,sports_ranking_finish_position,contradiction
economic_or_replay,market_exposure_limit,3496b04d1407bfa617b8d7e95b3dfc9a,,sports_ranking_finish_position,contradiction
economic_or_replay,market_exposure_limit,3496b04d1407bfa617b8d7e95b3dfc9a,,sports_ranking_finish_position,contradiction
economic_or_replay,market_exposure_limit,3496b04d1407bfa617b8d7e95b3dfc9a,,sports_ranking_finish_position,contradiction
economic_or_replay,market_exposure_limit,3496b04d1407bfa617b8d7e95b3dfc9a,,sports_ranking_finish_position,contradiction
economic_or_replay,market_exposure_limit,3496b04d1407bfa617b8d7e95b3dfc9a,,sports_ranking_finish_position,contradiction
economic_or_replay,market_exposure_limit,3496b04d1407bfa617b8d7e95b3dfc9a,,sports_ranking_finish_position,contradiction
economic_or_replay,market_exposure_limit,3496b04d1407bfa617b8d7e95b3dfc9a,,sports_ranking_finish_position,contradiction
economic_or_replay,market_exposure_limit,3496b04d1407bfa617b8d7e95b3dfc9a,,sports_ranking_finish_position,contradiction
economic_or_replay,market_exposure_limit,3496b04d1407bfa617b8d7e95b3dfc9a,,sports_ranking_finish_position,contradiction
economic_or_replay,market_exposure_limit,3496b04d1407bfa617b8d7e95b3dfc9a,,sports_ranking_finish_position,contradiction
economic_or_replay,market_exposure_limit,3496b04d1407bfa617b8d7e95b3dfc9a,,sports_ranking_finish_position,contradiction
economic_or_replay,market_exposure_limit,3496b04d1407bfa617b8d7e95b3dfc9a,,sports_ranking_finish_position,contradiction
economic_or_replay,market_exposure_limit,3496b04d1407bfa617b8d7e95b3dfc9a,,sports_ranking_finish_position,contradiction
economic_or_replay,market_exposure_limit,3496b04d1407bfa617b8d7e95b3dfc9a,,sports_ranking_finish_position,contradiction
economic_or_replay,market_exposure_limit,3496b04d1407bfa617b8d7e95b3dfc9a,,sports_ranking_finish_position,contradiction
economic_or_replay,market_exposure_limit,3496b04d1407bfa617b8d7e95b3dfc9a,,sports_ranking_finish_position,contradiction
economic_or_replay,market_exposure_limit,3496b04d1407bfa617b8d7e95b3dfc9a,,sports_ranking_finish_position,contradiction
economic_or_replay,market_exposure_limit,3496b04d1407bfa617b8d7e95b3dfc9a,,sports_ranking_finish_position,contradiction
economic_or_replay,market_exposure_limit,3496b04d1407bfa617b8d7e95b3dfc9a,,sports_ranking_finish_position,contradiction
economic_or_replay,market_exposure_limit,3496b04d1407bfa617b8d7e95b3dfc9a,,sports_ranking_finish_position,contradiction
economic_or_replay,market_exposure_limit,3496b04d1407bfa617b8d7e95b3dfc9a,,sports_ranking_finish_position,contradiction
economic_or_replay,market_exposure_limit,3496b04d1407bfa617b8d7e95b3dfc9a,,sports_ranking_finish_position,contradiction
economic_or_replay,market_exposure_limit,3496b04d1407bfa617b8d7e95b3dfc9a,,sports_ranking_finish_position,contradiction
economic_or_replay,market_exposure_limit,3496b04d1407bfa617b8d7e95b3dfc9a,,sports_ranking_finish_position,contradiction
economic_or_replay,market_exposure_limit,3496b04d1407bfa617b8d7e95b3dfc9a,,sports_ranking_finish_position,contradiction
economic_or_replay,market_exposure_limit,3496b04d1407bfa617b8d7e95b3dfc9a,,sports_ranking_finish_position,contradiction
economic_or_replay,market_exposure_limit,3496b04d1407bfa617b8d7e95b3dfc9a,,sports_ranking_finish_position,contradiction
economic_or_replay,market_exposure_limit,3496b04d1407bfa617b8d7e95b3dfc9a,,sports_ranking_finish_position,contradiction
economic_or_replay,market_exposure_limit,3496b04d1407bfa617b8d7e95b3dfc9a,,sports_ranking_finish_position,contradiction
economic_or_replay,market_exposure_limit,3496b04d1407bfa617b8d7e95b3dfc9a,,sports_ranking_finish_position,contradiction
economic_or_replay,market_exposure_limit,3496b04d1407bfa617b8d7e95b3dfc9a,,sports_ranking_finish_position,contradiction
economic_or_replay,market_exposure_limit,3496b04d1407bfa617b8d7e95b3dfc9a,,sports_ranking_finish_position,contradiction
economic_or_replay,market_exposure_limit,3496b04d1407bfa617b8d7e95b3dfc9a,,sports_ranking_finish_position,contradiction
economic_or_replay,market_exposure_limit,3496b04d1407bfa617b8d7e95b3dfc9a,,sports_ranking_finish_position,contradiction
economic_or_replay,market_exposure_limit,3496b04d1407bfa617b8d7e95b3dfc9a,,sports_ranking_finish_position,contradiction
economic_or_replay,market_exposure_limit,3496b04d1407bfa617b8d7e95b3dfc9a,,sports_ranking_finish_position,contradiction
economic_or_replay,market_exposure_limit,3496b04d1407bfa617b8d7e95b3dfc9a,,sports_ranking_finish_position,contradiction
economic_or_replay,market_exposure_limit,3496b04d1407bfa617b8d7e95b3dfc9a,,sports_ranking_finish_position,contradiction
economic_or_replay,market_exposure_limit,3496b04d1407bfa617b8d7e95b3dfc9a,,sports_ranking_finish_position,contradiction
economic_or_replay,market_exposure_limit,3496b04d1407bfa617b8d7e95b3dfc9a,,sports_ranking_finish_position,contradiction
economic_or_replay,market_exposure_limit,3496b04d1407bfa617b8d7e95b3dfc9a,,sports_ranking_finish_position,contradiction
economic_or_replay,market_exposure_limit,3496b04d1407bfa617b8d7e95b3dfc9a,,sports_ranking_finish_position,contradiction
economic_or_replay,market_exposure_limit,3496b04d1407bfa617b8d7e95b3dfc9a,,sports_ranking_finish_position,contradiction
economic_or_replay,market_exposure_limit,3496b04d1407bfa617b8d7e95b3dfc9a,,sports_ranking_finish_position,contradiction
economic_or_replay,market_exposure_limit,3496b04d1407bfa617b8d7e95b3dfc9a,,sports_ranking_finish_position,contradiction
economic_or_replay,market_exposure_limit,3496b04d1407bfa617b8d7e95b3dfc9a,,sports_ranking_finish_position,contradiction
economic_or_replay,market_exposure_limit,3496b04d1407bfa617b8d7e95b3dfc9a,,sports_ranking_finish_position,contradiction
economic_or_replay,market_exposure_limit,3496b04d1407bfa617b8d7e95b3dfc9a,,sports_ranking_finish_position,contradiction
economic_or_replay,market_exposure_limit,3496b04d1407bfa617b8d7e95b3dfc9a,,sports_ranking_finish_position,contradiction
economic_or_replay,market_exposure_limit,3496b04d1407bfa617b8d7e95b3dfc9a,,sports_ranking_finish_position,contradiction
economic_or_replay,market_exposure_limit,3496b04d1407bfa617b8d7e95b3dfc9a,,sports_ranking_finish_position,contradiction
economic_or_replay,market_exposure_limit,3496b04d1407bfa617b8d7e95b3dfc9a,,sports_ranking_finish_position,contradiction
economic_or_replay,market_exposure_limit,3496b04d1407bfa617b8d7e95b3dfc9a,,sports_ranking_finish_position,contradiction
economic_or_replay,market_exposure_limit,3496b04d1407bfa617b8d7e95b3dfc9a,,sports_ranking_finish_position,contradiction
economic_or_replay,market_exposure_limit,3496b04d1407bfa617b8d7e95b3dfc9a,,sports_ranking_finish_position,contradiction
economic_or_replay,market_exposure_limit,3496b04d1407bfa617b8d7e95b3dfc9a,,sports_ranking_finish_position,contradiction
economic_or_replay,market_exposure_limit,3496b04d1407bfa617b8d7e95b3dfc9a,,sports_ranking_finish_position,contradiction
economic_or_replay,market_exposure_limit,3496b04d1407bfa617b8d7e95b3dfc9a,,sports_ranking_finish_position,contradiction
economic_or_replay,market_exposure_limit,3496b04d1407bfa617b8d7e95b3dfc9a,,sports_ranking_finish_position,contradiction
economic_or_replay,market_exposure_limit,3496b04d1407bfa617b8d7e95b3dfc9a,,sports_ranking_finish_position,contradiction
economic_or_replay,market_exposure_limit,3496b04d1407bfa617b8d7e95b3dfc9a,,sports_ranking_finish_position,contradiction
economic_or_replay,market_exposure_limit,3496b04d1407bfa617b8d7e95b3dfc9a,,sports_ranking_finish_position,contradiction
economic_or_replay,market_exposure_limit,3496b04d1407bfa617b8d7e95b3dfc9a,,sports_ranking_finish_position,contradiction
economic_or_replay,market_exposure_limit,3496b04d1407bfa617b8d7e95b3dfc9a,,sports_ranking_finish_position,contradiction
economic_or_replay,market_exposure_limit,3496b04d1407bfa617b8d7e95b3dfc9a,,sports_ranking_finish_position,contradiction
economic_or_replay,market_exposure_limit,3496b04d1407bfa617b8d7e95b3dfc9a,,sports_ranking_finish_position,contradiction
economic_or_replay,market_exposure_limit,3496b04d1407bfa617b8d7e95b3dfc9a,,sports_ranking_finish_position,contradiction
economic_or_replay,market_exposure_limit,3496b04d1407bfa617b8d7e95b3dfc9a,,sports_ranking_finish_position,contradiction
economic_or_replay,market_exposure_limit,3496b04d1407bfa617b8d7e95b3dfc9a,,sports_ranking_finish_position,contradiction
economic_or_replay,market_exposure_limit,3496b04d1407bfa617b8d7e95b3dfc9a,,sports_ranking_finish_position,contradiction
economic_or_replay,market_exposure_limit,3496b04d1407bfa617b8d7e95b3dfc9a,,sports_ranking_finish_position,contradiction
economic_or_replay,market_exposure_limit,3496b04d1407bfa617b8d7e95b3dfc9a,,sports_ranking_finish_position,contradiction
economic_or_replay,market_exposure_limit,3496b04d1407bfa617b8d7e95b3dfc9a,,sports_ranking_finish_position,contradiction
economic_or_replay,market_exposure_limit,3496b04d1407bfa617b8d7e95b3dfc9a,,sports_ranking_finish_position,contradiction
economic_or_replay,market_exposure_limit,3496b04d1407bfa617b8d7e95b3dfc9a,,sports_ranking_finish_position,contradiction
economic_or_replay,market_exposure_limit,3496b04d1407bfa617b8d7e95b3dfc9a,,sports_ranking_finish_position,contradiction
economic_or_replay,market_exposure_limit,3496b04d1407bfa617b8d7e95b3dfc9a,,sports_ranking_finish_position,contradiction
economic_or_replay,market_exposure_limit,3496b04d1407bfa617b8d7e95b3dfc9a,,sports_ranking_finish_position,contradiction
economic_or_replay,market_exposure_limit,3496b04d1407bfa617b8d7e95b3dfc9a,,sports_ranking_finish_position,contradiction
economic_or_replay,market_exposure_limit,3496b04d1407bfa617b8d7e95b3dfc9a,,sports_ranking_finish_position,contradiction
economic_or_replay,market_exposure_limit,3496b04d1407bfa617b8d7e95b3dfc9a,,sports_ranking_finish_position,contradiction
economic_or_replay,market_exposure_limit,3496b04d1407bfa617b8d7e95b3dfc9a,,sports_ranking_finish_position,contradiction
economic_or_replay,market_exposure_limit,3496b04d1407bfa617b8d7e95b3dfc9a,,sports_ranking_finish_position,contradiction
economic_or_replay,market_exposure_limit,3496b04d1407bfa617b8d7e95b3dfc9a,,sports_ranking_finish_position,contradiction
economic_or_replay,market_exposure_limit,3496b04d1407bfa617b8d7e95b3dfc9a,,sports_ranking_finish_position,contradiction
economic_or_replay,market_exposure_limit,3496b04d1407bfa617b8d7e95b3dfc9a,,sports_ranking_finish_position,contradiction
economic_or_replay,market_exposure_limit,3496b04d1407bfa617b8d7e95b3dfc9a,,sports_ranking_finish_position,contradiction
economic_or_replay,market_exposure_limit,3496b04d1407bfa617b8d7e95b3dfc9a,,sports_ranking_finish_position,contradiction
economic_or_replay,market_exposure_limit,3496b04d1407bfa617b8d7e95b3dfc9a,,sports_ranking_finish_position,contradiction
economic_or_replay,market_exposure_limit,3496b04d1407bfa617b8d7e95b3dfc9a,,sports_ranking_finish_position,contradiction
economic_or_replay,market_exposure_limit,3496b04d1407bfa617b8d7e95b3dfc9a,,sports_ranking_finish_position,contradiction
economic_or_replay,market_exposure_limit,3496b04d1407bfa617b8d7e95b3dfc9a,,sports_ranking_finish_position,contradiction
economic_or_replay,market_exposure_limit,3496b04d1407bfa617b8d7e95b3dfc9a,,sports_ranking_finish_position,contradiction
economic_or_replay,market_exposure_limit,3496b04d1407bfa617b8d7e95b3dfc9a,,sports_ranking_finish_position,contradiction
economic_or_replay,market_exposure_limit,3496b04d1407bfa617b8d7e95b3dfc9a,,sports_ranking_finish_position,contradiction
economic_or_replay,market_exposure_limit,3496b04d1407bfa617b8d7e95b3dfc9a,,sports_ranking_finish_position,contradiction
economic_or_replay,market_exposure_limit,3496b04d1407bfa617b8d7e95b3dfc9a,,sports_ranking_finish_position,contradiction
economic_or_replay,market_exposure_limit,3496b04d1407bfa617b8d7e95b3dfc9a,,sports_ranking_finish_position,contradiction
economic_or_replay,market_exposure_limit,3496b04d1407bfa617b8d7e95b3dfc9a,,sports_ranking_finish_position,contradiction
economic_or_replay,market_exposure_limit,3496b04d1407bfa617b8d7e95b3dfc9a,,sports_ranking_finish_position,contradiction
economic_or_replay,market_exposure_limit,3496b04d1407bfa617b8d7e95b3dfc9a,,sports_ranking_finish_position,contradiction
economic_or_replay,market_exposure_limit,3496b04d1407bfa617b8d7e95b3dfc9a,,sports_ranking_finish_position,contradiction
economic_or_replay,market_exposure_limit,3496b04d1407bfa617b8d7e95b3dfc9a,,sports_ranking_finish_position,contradiction
economic_or_replay,market_exposure_limit,3496b04d1407bfa617b8d7e95b3dfc9a,,sports_ranking_finish_position,contradiction
economic_or_replay,market_exposure_limit,3496b04d1407bfa617b8d7e95b3dfc9a,,sports_ranking_finish_position,contradiction
economic_or_replay,market_exposure_limit,3496b04d1407bfa617b8d7e95b3dfc9a,,sports_ranking_finish_position,contradiction
economic_or_replay,market_exposure_limit,3496b04d1407bfa617b8d7e95b3dfc9a,,sports_ranking_finish_position,contradiction
economic_or_replay,market_exposure_limit,3496b04d1407bfa617b8d7e95b3dfc9a,,sports_ranking_finish_position,contradiction
economic_or_replay,market_exposure_limit,3496b04d1407bfa617b8d7e95b3dfc9a,,sports_ranking_finish_position,contradiction
economic_or_replay,market_exposure_limit,3496b04d1407bfa617b8d7e95b3dfc9a,,sports_ranking_finish_position,contradiction
economic_or_replay,market_exposure_limit,3496b04d1407bfa617b8d7e95b3dfc9a,,sports_ranking_finish_position,contradiction
economic_or_replay,market_exposure_limit,3496b04d1407bfa617b8d7e95b3dfc9a,,sports_ranking_finish_position,contradiction
economic_or_replay,market_exposure_limit,3496b04d1407bfa617b8d7e95b3dfc9a,,sports_ranking_finish_position,contradiction
economic_or_replay,market_exposure_limit,3496b04d1407bfa617b8d7e95b3dfc9a,,sports_ranking_finish_position,contradiction
economic_or_replay,market_exposure_limit,3496b04d1407bfa617b8d7e95b3dfc9a,,sports_ranking_finish_position,contradiction
economic_or_replay,market_exposure_limit,3496b04d1407bfa617b8d7e95b3dfc9a,,sports_ranking_finish_position,contradiction
economic_or_replay,market_exposure_limit,3496b04d1407bfa617b8d7e95b3dfc9a,,sports_ranking_finish_position,contradiction
economic_or_replay,market_exposure_limit,3496b04d1407bfa617b8d7e95b3dfc9a,,sports_ranking_finish_position,contradiction
economic_or_replay,market_exposure_limit,3496b04d1407bfa617b8d7e95b3dfc9a,,sports_ranking_finish_position,contradiction
economic_or_replay,market_exposure_limit,3496b04d1407bfa617b8d7e95b3dfc9a,,sports_ranking_finish_position,contradiction
economic_or_replay,market_exposure_limit,3496b04d1407bfa617b8d7e95b3dfc9a,,sports_ranking_finish_position,contradiction
economic_or_replay,market_exposure_limit,3496b04d1407bfa617b8d7e95b3dfc9a,,sports_ranking_finish_position,contradiction
economic_or_replay,market_exposure_limit,3496b04d1407bfa617b8d7e95b3dfc9a,,sports_ranking_finish_position,contradiction
economic_or_replay,market_exposure_limit,3496b04d1407bfa617b8d7e95b3dfc9a,,sports_ranking_finish_position,contradiction
economic_or_replay,market_exposure_limit,3496b04d1407bfa617b8d7e95b3dfc9a,,sports_ranking_finish_position,contradiction
economic_or_replay,market_exposure_limit,3496b04d1407bfa617b8d7e95b3dfc9a,,sports_ranking_finish_position,contradiction
economic_or_replay,market_exposure_limit,3496b04d1407bfa617b8d7e95b3dfc9a,,sports_ranking_finish_position,contradiction
economic_or_replay,market_exposure_limit,3496b04d1407bfa617b8d7e95b3dfc9a,,sports_ranking_finish_position,contradiction
economic_or_replay,market_exposure_limit,3496b04d1407bfa617b8d7e95b3dfc9a,,sports_ranking_finish_position,contradiction
economic_or_replay,market_exposure_limit,3496b04d1407bfa617b8d7e95b3dfc9a,,sports_ranking_finish_position,contradiction
economic_or_replay,market_exposure_limit,3496b04d1407bfa617b8d7e95b3dfc9a,,sports_ranking_finish_position,contradiction
economic_or_replay,market_exposure_limit,3496b04d1407bfa617b8d7e95b3dfc9a,,sports_ranking_finish_position,contradiction
economic_or_replay,market_exposure_limit,3496b04d1407bfa617b8d7e95b3dfc9a,,sports_ranking_finish_position,contradiction
economic_or_replay,market_exposure_limit,3496b04d1407bfa617b8d7e95b3dfc9a,,sports_ranking_finish_position,contradiction
economic_or_replay,market_exposure_limit,3496b04d1407bfa617b8d7e95b3dfc9a,,sports_ranking_finish_position,contradiction
economic_or_replay,market_exposure_limit,3496b04d1407bfa617b8d7e95b3dfc9a,,sports_ranking_finish_position,contradiction
economic_or_replay,market_exposure_limit,3496b04d1407bfa617b8d7e95b3dfc9a,,sports_ranking_finish_position,contradiction
economic_or_replay,market_exposure_limit,3496b04d1407bfa617b8d7e95b3dfc9a,,sports_ranking_finish_position,contradiction
economic_or_replay,market_exposure_limit,3496b04d1407bfa617b8d7e95b3dfc9a,,sports_ranking_finish_position,contradiction
economic_or_replay,market_exposure_limit,3496b04d1407bfa617b8d7e95b3dfc9a,,sports_ranking_finish_position,contradiction
economic_or_replay,market_exposure_limit,3496b04d1407bfa617b8d7e95b3dfc9a,,sports_ranking_finish_position,contradiction
economic_or_replay,market_exposure_limit,3496b04d1407bfa617b8d7e95b3dfc9a,,sports_ranking_finish_position,contradiction
economic_or_replay,market_exposure_limit,3496b04d1407bfa617b8d7e95b3dfc9a,,sports_ranking_finish_position,contradiction
economic_or_replay,market_exposure_limit,3496b04d1407bfa617b8d7e95b3dfc9a,,sports_ranking_finish_position,contradiction
economic_or_replay,market_exposure_limit,3496b04d1407bfa617b8d7e95b3dfc9a,,sports_ranking_finish_position,contradiction
economic_or_replay,market_exposure_limit,3496b04d1407bfa617b8d7e95b3dfc9a,,sports_ranking_finish_position,contradiction
economic_or_replay,market_exposure_limit,3496b04d1407bfa617b8d7e95b3dfc9a,,sports_ranking_finish_position,contradiction
economic_or_replay,market_exposure_limit,3496b04d1407bfa617b8d7e95b3dfc9a,,sports_ranking_finish_position,contradiction
economic_or_replay,market_exposure_limit,3496b04d1407bfa617b8d7e95b3dfc9a,,sports_ranking_finish_position,contradiction
economic_or_replay,market_exposure_limit,3496b04d1407bfa617b8d7e95b3dfc9a,,sports_ranking_finish_position,contradiction
economic_or_replay,market_exposure_limit,3496b04d1407bfa617b8d7e95b3dfc9a,,sports_ranking_finish_position,contradiction
economic_or_replay,market_exposure_limit,3496b04d1407bfa617b8d7e95b3dfc9a,,sports_ranking_finish_position,contradiction
economic_or_replay,market_exposure_limit,3496b04d1407bfa617b8d7e95b3dfc9a,,sports_ranking_finish_position,contradiction
economic_or_replay,market_exposure_limit,3496b04d1407bfa617b8d7e95b3dfc9a,,sports_ranking_finish_position,contradiction
economic_or_replay,market_exposure_limit,3496b04d1407bfa617b8d7e95b3dfc9a,,sports_ranking_finish_position,contradiction
economic_or_replay,market_exposure_limit,3496b04d1407bfa617b8d7e95b3dfc9a,,sports_ranking_finish_position,contradiction
economic_or_replay,market_exposure_limit,3496b04d1407bfa617b8d7e95b3dfc9a,,sports_ranking_finish_position,contradiction
economic_or_replay,market_exposure_limit,3496b04d1407bfa617b8d7e95b3dfc9a,,sports_ranking_finish_position,contradiction
economic_or_replay,market_exposure_limit,3496b04d1407bfa617b8d7e95b3dfc9a,,sports_ranking_finish_position,contradiction
economic_or_replay,market_exposure_limit,3496b04d1407bfa617b8d7e95b3dfc9a,,sports_ranking_finish_position,contradiction
economic_or_replay,market_exposure_limit,3496b04d1407bfa617b8d7e95b3dfc9a,,sports_ranking_finish_position,contradiction
economic_or_replay,market_exposure_limit,3496b04d1407bfa617b8d7e95b3dfc9a,,sports_ranking_finish_position,contradiction
economic_or_replay,market_exposure_limit,3496b04d1407bfa617b8d7e95b3dfc9a,,sports_ranking_finish_position,contradiction
economic_or_replay,market_exposure_limit,3496b04d1407bfa617b8d7e95b3dfc9a,,sports_ranking_finish_position,contradiction
economic_or_replay,market_exposure_limit,3496b04d1407bfa617b8d7e95b3dfc9a,,sports_ranking_finish_position,contradiction
economic_or_replay,market_exposure_limit,3496b04d1407bfa617b8d7e95b3dfc9a,,sports_ranking_finish_position,contradiction
economic_or_replay,market_exposure_limit,3496b04d1407bfa617b8d7e95b3dfc9a,,sports_ranking_finish_position,contradiction
economic_or_replay,market_exposure_limit,3496b04d1407bfa617b8d7e95b3dfc9a,,sports_ranking_finish_position,contradiction
economic_or_replay,market_exposure_limit,3496b04d1407bfa617b8d7e95b3dfc9a,,sports_ranking_finish_position,contradiction
economic_or_replay,market_exposure_limit,3496b04d1407bfa617b8d7e95b3dfc9a,,sports_ranking_finish_position,contradiction
economic_or_replay,market_exposure_limit,3496b04d1407bfa617b8d7e95b3dfc9a,,sports_ranking_finish_position,contradiction
economic_or_replay,market_exposure_limit,3496b04d1407bfa617b8d7e95b3dfc9a,,sports_ranking_finish_position,contradiction
economic_or_replay,market_exposure_limit,3496b04d1407bfa617b8d7e95b3dfc9a,,sports_ranking_finish_position,contradiction
economic_or_replay,market_exposure_limit,3496b04d1407bfa617b8d7e95b3dfc9a,,sports_ranking_finish_position,contradiction
economic_or_replay,market_exposure_limit,3496b04d1407bfa617b8d7e95b3dfc9a,,sports_ranking_finish_position,contradiction
economic_or_replay,market_exposure_limit,3496b04d1407bfa617b8d7e95b3dfc9a,,sports_ranking_finish_position,contradiction
economic_or_replay,market_exposure_limit,3496b04d1407bfa617b8d7e95b3dfc9a,,sports_ranking_finish_position,contradiction
economic_or_replay,market_exposure_limit,3496b04d1407bfa617b8d7e95b3dfc9a,,sports_ranking_finish_position,contradiction
economic_or_replay,market_exposure_limit,3496b04d1407bfa617b8d7e95b3dfc9a,,sports_ranking_finish_position,contradiction
economic_or_replay,market_exposure_limit,3496b04d1407bfa617b8d7e95b3dfc9a,,sports_ranking_finish_position,contradiction
economic_or_replay,market_exposure_limit,3496b04d1407bfa617b8d7e95b3dfc9a,,sports_ranking_finish_position,contradiction
economic_or_replay,market_exposure_limit,3496b04d1407bfa617b8d7e95b3dfc9a,,sports_ranking_finish_position,contradiction
economic_or_replay,market_exposure_limit,3496b04d1407bfa617b8d7e95b3dfc9a,,sports_ranking_finish_position,contradiction
economic_or_replay,market_exposure_limit,3496b04d1407bfa617b8d7e95b3dfc9a,,sports_ranking_finish_position,contradiction
economic_or_replay,market_exposure_limit,3496b04d1407bfa617b8d7e95b3dfc9a,,sports_ranking_finish_position,contradiction
economic_or_replay,market_exposure_limit,3496b04d1407bfa617b8d7e95b3dfc9a,,sports_ranking_finish_position,contradiction
economic_or_replay,market_exposure_limit,3496b04d1407bfa617b8d7e95b3dfc9a,,sports_ranking_finish_position,contradiction
economic_or_replay,market_exposure_limit,3496b04d1407bfa617b8d7e95b3dfc9a,,sports_ranking_finish_position,contradiction
economic_or_replay,market_exposure_limit,3496b04d1407bfa617b8d7e95b3dfc9a,,sports_ranking_finish_position,contradiction
economic_or_replay,market_exposure_limit,3496b04d1407bfa617b8d7e95b3dfc9a,,sports_ranking_finish_position,contradiction
economic_or_replay,market_exposure_limit,3496b04d1407bfa617b8d7e95b3dfc9a,,sports_ranking_finish_position,contradiction
economic_or_replay,market_exposure_limit,3496b04d1407bfa617b8d7e95b3dfc9a,,sports_ranking_finish_position,contradiction
economic_or_replay,market_exposure_limit,3496b04d1407bfa617b8d7e95b3dfc9a,,sports_ranking_finish_position,contradiction
economic_or_replay,market_exposure_limit,3496b04d1407bfa617b8d7e95b3dfc9a,,sports_ranking_finish_position,contradiction
economic_or_replay,market_exposure_limit,3496b04d1407bfa617b8d7e95b3dfc9a,,sports_ranking_finish_position,contradiction
economic_or_replay,market_exposure_limit,3496b04d1407bfa617b8d7e95b3dfc9a,,sports_ranking_finish_position,contradiction
economic_or_replay,market_exposure_limit,3496b04d1407bfa617b8d7e95b3dfc9a,,sports_ranking_finish_position,contradiction
economic_or_replay,market_exposure_limit,3496b04d1407bfa617b8d7e95b3dfc9a,,sports_ranking_finish_position,contradiction
economic_or_replay,market_exposure_limit,3496b04d1407bfa617b8d7e95b3dfc9a,,sports_ranking_finish_position,contradiction
economic_or_replay,market_exposure_limit,3496b04d1407bfa617b8d7e95b3dfc9a,,sports_ranking_finish_position,contradiction
economic_or_replay,market_exposure_limit,3496b04d1407bfa617b8d7e95b3dfc9a,,sports_ranking_finish_position,contradiction
economic_or_replay,market_exposure_limit,3496b04d1407bfa617b8d7e95b3dfc9a,,sports_ranking_finish_position,contradiction
economic_or_replay,market_exposure_limit,3496b04d1407bfa617b8d7e95b3dfc9a,,sports_ranking_finish_position,contradiction
economic_or_replay,market_exposure_limit,3496b04d1407bfa617b8d7e95b3dfc9a,,sports_ranking_finish_position,contradiction
economic_or_replay,market_exposure_limit,3496b04d1407bfa617b8d7e95b3dfc9a,,sports_ranking_finish_position,contradiction
economic_or_replay,market_exposure_limit,3496b04d1407bfa617b8d7e95b3dfc9a,,sports_ranking_finish_position,contradiction
economic_or_replay,market_exposure_limit,3496b04d1407bfa617b8d7e95b3dfc9a,,sports_ranking_finish_position,contradiction
economic_or_replay,market_exposure_limit,3496b04d1407bfa617b8d7e95b3dfc9a,,sports_ranking_finish_position,contradiction
economic_or_replay,market_exposure_limit,3496b04d1407bfa617b8d7e95b3dfc9a,,sports_ranking_finish_position,contradiction
economic_or_replay,market_exposure_limit,3496b04d1407bfa617b8d7e95b3dfc9a,,sports_ranking_finish_position,contradiction
economic_or_replay,market_exposure_limit,3496b04d1407bfa617b8d7e95b3dfc9a,,sports_ranking_finish_position,contradiction
economic_or_replay,market_exposure_limit,3496b04d1407bfa617b8d7e95b3dfc9a,,sports_ranking_finish_position,contradiction
economic_or_replay,market_exposure_limit,3496b04d1407bfa617b8d7e95b3dfc9a,,sports_ranking_finish_position,contradiction
economic_or_replay,market_exposure_limit,3496b04d1407bfa617b8d7e95b3dfc9a,,sports_ranking_finish_position,contradiction
economic_or_replay,market_exposure_limit,3496b04d1407bfa617b8d7e95b3dfc9a,,sports_ranking_finish_position,contradiction
economic_or_replay,market_exposure_limit,3496b04d1407bfa617b8d7e95b3dfc9a,,sports_ranking_finish_position,contradiction
economic_or_replay,market_exposure_limit,3496b04d1407bfa617b8d7e95b3dfc9a,,sports_ranking_finish_position,contradiction
economic_or_replay,market_exposure_limit,3496b04d1407bfa617b8d7e95b3dfc9a,,sports_ranking_finish_position,contradiction
economic_or_replay,market_exposure_limit,3496b04d1407bfa617b8d7e95b3dfc9a,,sports_ranking_finish_position,contradiction
economic_or_replay,market_exposure_limit,3496b04d1407bfa617b8d7e95b3dfc9a,,sports_ranking_finish_position,contradiction
economic_or_replay,market_exposure_limit,3496b04d1407bfa617b8d7e95b3dfc9a,,sports_ranking_finish_position,contradiction
economic_or_replay,market_exposure_limit,3496b04d1407bfa617b8d7e95b3dfc9a,,sports_ranking_finish_position,contradiction
economic_or_replay,market_exposure_limit,3496b04d1407bfa617b8d7e95b3dfc9a,,sports_ranking_finish_position,contradiction
economic_or_replay,market_exposure_limit,3496b04d1407bfa617b8d7e95b3dfc9a,,sports_ranking_finish_position,contradiction
economic_or_replay,market_exposure_limit,3496b04d1407bfa617b8d7e95b3dfc9a,,sports_ranking_finish_position,contradiction
economic_or_replay,market_exposure_limit,3496b04d1407bfa617b8d7e95b3dfc9a,,sports_ranking_finish_position,contradiction
economic_or_replay,market_exposure_limit,3496b04d1407bfa617b8d7e95b3dfc9a,,sports_ranking_finish_position,contradiction
economic_or_replay,market_exposure_limit,3496b04d1407bfa617b8d7e95b3dfc9a,,sports_ranking_finish_position,contradiction
economic_or_replay,market_exposure_limit,3496b04d1407bfa617b8d7e95b3dfc9a,,sports_ranking_finish_position,contradiction
economic_or_replay,market_exposure_limit,3496b04d1407bfa617b8d7e95b3dfc9a,,sports_ranking_finish_position,contradiction
economic_or_replay,market_exposure_limit,3496b04d1407bfa617b8d7e95b3dfc9a,,sports_ranking_finish_position,contradiction
economic_or_replay,market_exposure_limit,3496b04d1407bfa617b8d7e95b3dfc9a,,sports_ranking_finish_position,contradiction
economic_or_replay,market_exposure_limit,3496b04d1407bfa617b8d7e95b3dfc9a,,sports_ranking_finish_position,contradiction
economic_or_replay,market_exposure_limit,3496b04d1407bfa617b8d7e95b3dfc9a,,sports_ranking_finish_position,contradiction
economic_or_replay,market_exposure_limit,3496b04d1407bfa617b8d7e95b3dfc9a,,sports_ranking_finish_position,contradiction
economic_or_replay,market_exposure_limit,3496b04d1407bfa617b8d7e95b3dfc9a,,sports_ranking_finish_position,contradiction
economic_or_replay,market_exposure_limit,3496b04d1407bfa617b8d7e95b3dfc9a,,sports_ranking_finish_position,contradiction
economic_or_replay,market_exposure_limit,3496b04d1407bfa617b8d7e95b3dfc9a,,sports_ranking_finish_position,contradiction
economic_or_replay,market_exposure_limit,3496b04d1407bfa617b8d7e95b3dfc9a,,sports_ranking_finish_position,contradiction
economic_or_replay,market_exposure_limit,3496b04d1407bfa617b8d7e95b3dfc9a,,sports_ranking_finish_position,contradiction
economic_or_replay,market_exposure_limit,3496b04d1407bfa617b8d7e95b3dfc9a,,sports_ranking_finish_position,contradiction
economic_or_replay,market_exposure_limit,3496b04d1407bfa617b8d7e95b3dfc9a,,sports_ranking_finish_position,contradiction
economic_or_replay,market_exposure_limit,3496b04d1407bfa617b8d7e95b3dfc9a,,sports_ranking_finish_position,contradiction
economic_or_replay,market_exposure_limit,3496b04d1407bfa617b8d7e95b3dfc9a,,sports_ranking_finish_position,contradiction
economic_or_replay,market_exposure_limit,3496b04d1407bfa617b8d7e95b3dfc9a,,sports_ranking_finish_position,contradiction
economic_or_replay,market_exposure_limit,3496b04d1407bfa617b8d7e95b3dfc9a,,sports_ranking_finish_position,contradiction
economic_or_replay,market_exposure_limit,3496b04d1407bfa617b8d7e95b3dfc9a,,sports_ranking_finish_position,contradiction
economic_or_replay,market_exposure_limit,3496b04d1407bfa617b8d7e95b3dfc9a,,sports_ranking_finish_position,contradiction
economic_or_replay,market_exposure_limit,3496b04d1407bfa617b8d7e95b3dfc9a,,sports_ranking_finish_position,contradiction
economic_or_replay,market_exposure_limit,3496b04d1407bfa617b8d7e95b3dfc9a,,sports_ranking_finish_position,contradiction
economic_or_replay,market_exposure_limit,3496b04d1407bfa617b8d7e95b3dfc9a,,sports_ranking_finish_position,contradiction
economic_or_replay,market_exposure_limit,3496b04d1407bfa617b8d7e95b3dfc9a,,sports_ranking_finish_position,contradiction
economic_or_replay,market_exposure_limit,3496b04d1407bfa617b8d7e95b3dfc9a,,sports_ranking_finish_position,contradiction
economic_or_replay,market_exposure_limit,3496b04d1407bfa617b8d7e95b3dfc9a,,sports_ranking_finish_position,contradiction
economic_or_replay,market_exposure_limit,3496b04d1407bfa617b8d7e95b3dfc9a,,sports_ranking_finish_position,contradiction
economic_or_replay,market_exposure_limit,3496b04d1407bfa617b8d7e95b3dfc9a,,sports_ranking_finish_position,contradiction
economic_or_replay,market_exposure_limit,3496b04d1407bfa617b8d7e95b3dfc9a,,sports_ranking_finish_position,contradiction
economic_or_replay,market_exposure_limit,3496b04d1407bfa617b8d7e95b3dfc9a,,sports_ranking_finish_position,contradiction
economic_or_replay,market_exposure_limit,3496b04d1407bfa617b8d7e95b3dfc9a,,sports_ranking_finish_position,contradiction
economic_or_replay,market_exposure_limit,3496b04d1407bfa617b8d7e95b3dfc9a,,sports_ranking_finish_position,contradiction
economic_or_replay,market_exposure_limit,3496b04d1407bfa617b8d7e95b3dfc9a,,sports_ranking_finish_position,contradiction
economic_or_replay,market_exposure_limit,3496b04d1407bfa617b8d7e95b3dfc9a,,sports_ranking_finish_position,contradiction
economic_or_replay,market_exposure_limit,3496b04d1407bfa617b8d7e95b3dfc9a,,sports_ranking_finish_position,contradiction
economic_or_replay,market_exposure_limit,3496b04d1407bfa617b8d7e95b3dfc9a,,sports_ranking_finish_position,contradiction
economic_or_replay,market_exposure_limit,3496b04d1407bfa617b8d7e95b3dfc9a,,sports_ranking_finish_position,contradiction
economic_or_replay,market_exposure_limit,3496b04d1407bfa617b8d7e95b3dfc9a,,sports_ranking_finish_position,contradiction
economic_or_replay,market_exposure_limit,3496b04d1407bfa617b8d7e95b3dfc9a,,sports_ranking_finish_position,contradiction
economic_or_replay,market_exposure_limit,3496b04d1407bfa617b8d7e95b3dfc9a,,sports_ranking_finish_position,contradiction
economic_or_replay,market_exposure_limit,3496b04d1407bfa617b8d7e95b3dfc9a,,sports_ranking_finish_position,contradiction
economic_or_replay,market_exposure_limit,3496b04d1407bfa617b8d7e95b3dfc9a,,sports_ranking_finish_position,contradiction
economic_or_replay,market_exposure_limit,3496b04d1407bfa617b8d7e95b3dfc9a,,sports_ranking_finish_position,contradiction
economic_or_replay,market_exposure_limit,3496b04d1407bfa617b8d7e95b3dfc9a,,sports_ranking_finish_position,contradiction
economic_or_replay,market_exposure_limit,3496b04d1407bfa617b8d7e95b3dfc9a,,sports_ranking_finish_position,contradiction
economic_or_replay,market_exposure_limit,3496b04d1407bfa617b8d7e95b3dfc9a,,sports_ranking_finish_position,contradiction
economic_or_replay,market_exposure_limit,3496b04d1407bfa617b8d7e95b3dfc9a,,sports_ranking_finish_position,contradiction
economic_or_replay,market_exposure_limit,3496b04d1407bfa617b8d7e95b3dfc9a,,sports_ranking_finish_position,contradiction
economic_or_replay,market_exposure_limit,3496b04d1407bfa617b8d7e95b3dfc9a,,sports_ranking_finish_position,contradiction
economic_or_replay,market_exposure_limit,3496b04d1407bfa617b8d7e95b3dfc9a,,sports_ranking_finish_position,contradiction
economic_or_replay,market_exposure_limit,3496b04d1407bfa617b8d7e95b3dfc9a,,sports_ranking_finish_position,contradiction
economic_or_replay,market_exposure_limit,3496b04d1407bfa617b8d7e95b3dfc9a,,sports_ranking_finish_position,contradiction
economic_or_replay,market_exposure_limit,3496b04d1407bfa617b8d7e95b3dfc9a,,sports_ranking_finish_position,contradiction
economic_or_replay,market_exposure_limit,3496b04d1407bfa617b8d7e95b3dfc9a,,sports_ranking_finish_position,contradiction
economic_or_replay,market_exposure_limit,3496b04d1407bfa617b8d7e95b3dfc9a,,sports_ranking_finish_position,contradiction
economic_or_replay,market_exposure_limit,3496b04d1407bfa617b8d7e95b3dfc9a,,sports_ranking_finish_position,contradiction
economic_or_replay,market_exposure_limit,3496b04d1407bfa617b8d7e95b3dfc9a,,sports_ranking_finish_position,contradiction
economic_or_replay,market_exposure_limit,3496b04d1407bfa617b8d7e95b3dfc9a,,sports_ranking_finish_position,contradiction
economic_or_replay,market_exposure_limit,3496b04d1407bfa617b8d7e95b3dfc9a,,sports_ranking_finish_position,contradiction
economic_or_replay,market_exposure_limit,3496b04d1407bfa617b8d7e95b3dfc9a,,sports_ranking_finish_position,contradiction
economic_or_replay,market_exposure_limit,3496b04d1407bfa617b8d7e95b3dfc9a,,sports_ranking_finish_position,contradiction
economic_or_replay,market_exposure_limit,3496b04d1407bfa617b8d7e95b3dfc9a,,sports_ranking_finish_position,contradiction
economic_or_replay,market_exposure_limit,3496b04d1407bfa617b8d7e95b3dfc9a,,sports_ranking_finish_position,contradiction
economic_or_replay,market_exposure_limit,3496b04d1407bfa617b8d7e95b3dfc9a,,sports_ranking_finish_position,contradiction
economic_or_replay,market_exposure_limit,3496b04d1407bfa617b8d7e95b3dfc9a,,sports_ranking_finish_position,contradiction
economic_or_replay,market_exposure_limit,3496b04d1407bfa617b8d7e95b3dfc9a,,sports_ranking_finish_position,contradiction
economic_or_replay,market_exposure_limit,3496b04d1407bfa617b8d7e95b3dfc9a,,sports_ranking_finish_position,contradiction
economic_or_replay,market_exposure_limit,3496b04d1407bfa617b8d7e95b3dfc9a,,sports_ranking_finish_position,contradiction
economic_or_replay,market_exposure_limit,3496b04d1407bfa617b8d7e95b3dfc9a,,sports_ranking_finish_position,contradiction
economic_or_replay,market_exposure_limit,3496b04d1407bfa617b8d7e95b3dfc9a,,sports_ranking_finish_position,contradiction
economic_or_replay,market_exposure_limit,3496b04d1407bfa617b8d7e95b3dfc9a,,sports_ranking_finish_position,contradiction
economic_or_replay,market_exposure_limit,3496b04d1407bfa617b8d7e95b3dfc9a,,sports_ranking_finish_position,contradiction
economic_or_replay,market_exposure_limit,3496b04d1407bfa617b8d7e95b3dfc9a,,sports_ranking_finish_position,contradiction
economic_or_replay,market_exposure_limit,3496b04d1407bfa617b8d7e95b3dfc9a,,sports_ranking_finish_position,contradiction
economic_or_replay,market_exposure_limit,3496b04d1407bfa617b8d7e95b3dfc9a,,sports_ranking_finish_position,contradiction
economic_or_replay,market_exposure_limit,3496b04d1407bfa617b8d7e95b3dfc9a,,sports_ranking_finish_position,contradiction
economic_or_replay,market_exposure_limit,3496b04d1407bfa617b8d7e95b3dfc9a,,sports_ranking_finish_position,contradiction
economic_or_replay,market_exposure_limit,3496b04d1407bfa617b8d7e95b3dfc9a,,sports_ranking_finish_position,contradiction
economic_or_replay,market_exposure_limit,3496b04d1407bfa617b8d7e95b3dfc9a,,sports_ranking_finish_position,contradiction
economic_or_replay,market_exposure_limit,3496b04d1407bfa617b8d7e95b3dfc9a,,sports_ranking_finish_position,contradiction
economic_or_replay,market_exposure_limit,3496b04d1407bfa617b8d7e95b3dfc9a,,sports_ranking_finish_position,contradiction
economic_or_replay,market_exposure_limit,3496b04d1407bfa617b8d7e95b3dfc9a,,sports_ranking_finish_position,contradiction
economic_or_replay,market_exposure_limit,3496b04d1407bfa617b8d7e95b3dfc9a,,sports_ranking_finish_position,contradiction
economic_or_replay,market_exposure_limit,3496b04d1407bfa617b8d7e95b3dfc9a,,sports_ranking_finish_position,contradiction
economic_or_replay,market_exposure_limit,3496b04d1407bfa617b8d7e95b3dfc9a,,sports_ranking_finish_position,contradiction
economic_or_replay,market_exposure_limit,3496b04d1407bfa617b8d7e95b3dfc9a,,sports_ranking_finish_position,contradiction
economic_or_replay,market_exposure_limit,3496b04d1407bfa617b8d7e95b3dfc9a,,sports_ranking_finish_position,contradiction
economic_or_replay,market_exposure_limit,3496b04d1407bfa617b8d7e95b3dfc9a,,sports_ranking_finish_position,contradiction
economic_or_replay,market_exposure_limit,3496b04d1407bfa617b8d7e95b3dfc9a,,sports_ranking_finish_position,contradiction
economic_or_replay,market_exposure_limit,3496b04d1407bfa617b8d7e95b3dfc9a,,sports_ranking_finish_position,contradiction
economic_or_replay,market_exposure_limit,3496b04d1407bfa617b8d7e95b3dfc9a,,sports_ranking_finish_position,contradiction
economic_or_replay,market_exposure_limit,3496b04d1407bfa617b8d7e95b3dfc9a,,sports_ranking_finish_position,contradiction
economic_or_replay,market_exposure_limit,3496b04d1407bfa617b8d7e95b3dfc9a,,sports_ranking_finish_position,contradiction
economic_or_replay,market_exposure_limit,3496b04d1407bfa617b8d7e95b3dfc9a,,sports_ranking_finish_position,contradiction
economic_or_replay,market_exposure_limit,3496b04d1407bfa617b8d7e95b3dfc9a,,sports_ranking_finish_position,contradiction
economic_or_replay,market_exposure_limit,3496b04d1407bfa617b8d7e95b3dfc9a,,sports_ranking_finish_position,contradiction
economic_or_replay,market_exposure_limit,3496b04d1407bfa617b8d7e95b3dfc9a,,sports_ranking_finish_position,contradiction
economic_or_replay,market_exposure_limit,3496b04d1407bfa617b8d7e95b3dfc9a,,sports_ranking_finish_position,contradiction
economic_or_replay,market_exposure_limit,3496b04d1407bfa617b8d7e95b3dfc9a,,sports_ranking_finish_position,contradiction
economic_or_replay,market_exposure_limit,3496b04d1407bfa617b8d7e95b3dfc9a,,sports_ranking_finish_position,contradiction
economic_or_replay,market_exposure_limit,3496b04d1407bfa617b8d7e95b3dfc9a,,sports_ranking_finish_position,contradiction
economic_or_replay,market_exposure_limit,3496b04d1407bfa617b8d7e95b3dfc9a,,sports_ranking_finish_position,contradiction
economic_or_replay,market_exposure_limit,3496b04d1407bfa617b8d7e95b3dfc9a,,sports_ranking_finish_position,contradiction
economic_or_replay,market_exposure_limit,3496b04d1407bfa617b8d7e95b3dfc9a,,sports_ranking_finish_position,contradiction
economic_or_replay,market_exposure_limit,3496b04d1407bfa617b8d7e95b3dfc9a,,sports_ranking_finish_position,contradiction
economic_or_replay,market_exposure_limit,3496b04d1407bfa617b8d7e95b3dfc9a,,sports_ranking_finish_position,contradiction
economic_or_replay,market_exposure_limit,3496b04d1407bfa617b8d7e95b3dfc9a,,sports_ranking_finish_position,contradiction
economic_or_replay,market_exposure_limit,3496b04d1407bfa617b8d7e95b3dfc9a,,sports_ranking_finish_position,contradiction
economic_or_replay,market_exposure_limit,3496b04d1407bfa617b8d7e95b3dfc9a,,sports_ranking_finish_position,contradiction
economic_or_replay,market_exposure_limit,3496b04d1407bfa617b8d7e95b3dfc9a,,sports_ranking_finish_position,contradiction
economic_or_replay,market_exposure_limit,3496b04d1407bfa617b8d7e95b3dfc9a,,sports_ranking_finish_position,contradiction
economic_or_replay,market_exposure_limit,3496b04d1407bfa617b8d7e95b3dfc9a,,sports_ranking_finish_position,contradiction
economic_or_replay,market_exposure_limit,3496b04d1407bfa617b8d7e95b3dfc9a,,sports_ranking_finish_position,contradiction
economic_or_replay,market_exposure_limit,3496b04d1407bfa617b8d7e95b3dfc9a,,sports_ranking_finish_position,contradiction
economic_or_replay,market_exposure_limit,3496b04d1407bfa617b8d7e95b3dfc9a,,sports_ranking_finish_position,contradiction
economic_or_replay,market_exposure_limit,3496b04d1407bfa617b8d7e95b3dfc9a,,sports_ranking_finish_position,contradiction
economic_or_replay,market_exposure_limit,3496b04d1407bfa617b8d7e95b3dfc9a,,sports_ranking_finish_position,contradiction
economic_or_replay,market_exposure_limit,3496b04d1407bfa617b8d7e95b3dfc9a,,sports_ranking_finish_position,contradiction
economic_or_replay,market_exposure_limit,3496b04d1407bfa617b8d7e95b3dfc9a,,sports_ranking_finish_position,contradiction
economic_or_replay,market_exposure_limit,3496b04d1407bfa617b8d7e95b3dfc9a,,sports_ranking_finish_position,contradiction
economic_or_replay,market_exposure_limit,3496b04d1407bfa617b8d7e95b3dfc9a,,sports_ranking_finish_position,contradiction
economic_or_replay,market_exposure_limit,3496b04d1407bfa617b8d7e95b3dfc9a,,sports_ranking_finish_position,contradiction
economic_or_replay,market_exposure_limit,3496b04d1407bfa617b8d7e95b3dfc9a,,sports_ranking_finish_position,contradiction
economic_or_replay,market_exposure_limit,3496b04d1407bfa617b8d7e95b3dfc9a,,sports_ranking_finish_position,contradiction
economic_or_replay,market_exposure_limit,3496b04d1407bfa617b8d7e95b3dfc9a,,sports_ranking_finish_position,contradiction
economic_or_replay,market_exposure_limit,3496b04d1407bfa617b8d7e95b3dfc9a,,sports_ranking_finish_position,contradiction
economic_or_replay,market_exposure_limit,3496b04d1407bfa617b8d7e95b3dfc9a,,sports_ranking_finish_position,contradiction
economic_or_replay,market_exposure_limit,3496b04d1407bfa617b8d7e95b3dfc9a,,sports_ranking_finish_position,contradiction
economic_or_replay,market_exposure_limit,3496b04d1407bfa617b8d7e95b3dfc9a,,sports_ranking_finish_position,contradiction
economic_or_replay,market_exposure_limit,3496b04d1407bfa617b8d7e95b3dfc9a,,sports_ranking_finish_position,contradiction
economic_or_replay,market_exposure_limit,3496b04d1407bfa617b8d7e95b3dfc9a,,sports_ranking_finish_position,contradiction
economic_or_replay,market_exposure_limit,3496b04d1407bfa617b8d7e95b3dfc9a,,sports_ranking_finish_position,contradiction
economic_or_replay,market_exposure_limit,3496b04d1407bfa617b8d7e95b3dfc9a,,sports_ranking_finish_position,contradiction
economic_or_replay,market_exposure_limit,3496b04d1407bfa617b8d7e95b3dfc9a,,sports_ranking_finish_position,contradiction
economic_or_replay,market_exposure_limit,3496b04d1407bfa617b8d7e95b3dfc9a,,sports_ranking_finish_position,contradiction
economic_or_replay,market_exposure_limit,3496b04d1407bfa617b8d7e95b3dfc9a,,sports_ranking_finish_position,contradiction
economic_or_replay,market_exposure_limit,3496b04d1407bfa617b8d7e95b3dfc9a,,sports_ranking_finish_position,contradiction
economic_or_replay,market_exposure_limit,3496b04d1407bfa617b8d7e95b3dfc9a,,sports_ranking_finish_position,contradiction
economic_or_replay,market_exposure_limit,3496b04d1407bfa617b8d7e95b3dfc9a,,sports_ranking_finish_position,contradiction
economic_or_replay,market_exposure_limit,3496b04d1407bfa617b8d7e95b3dfc9a,,sports_ranking_finish_position,contradiction
economic_or_replay,market_exposure_limit,3496b04d1407bfa617b8d7e95b3dfc9a,,sports_ranking_finish_position,contradiction
economic_or_replay,market_exposure_limit,3496b04d1407bfa617b8d7e95b3dfc9a,,sports_ranking_finish_position,contradiction
economic_or_replay,market_exposure_limit,3496b04d1407bfa617b8d7e95b3dfc9a,,sports_ranking_finish_position,contradiction
economic_or_replay,market_exposure_limit,3496b04d1407bfa617b8d7e95b3dfc9a,,sports_ranking_finish_position,contradiction
economic_or_replay,market_exposure_limit,3496b04d1407bfa617b8d7e95b3dfc9a,,sports_ranking_finish_position,contradiction
economic_or_replay,market_exposure_limit,3496b04d1407bfa617b8d7e95b3dfc9a,,sports_ranking_finish_position,contradiction
economic_or_replay,market_exposure_limit,3496b04d1407bfa617b8d7e95b3dfc9a,,sports_ranking_finish_position,contradiction
economic_or_replay,market_exposure_limit,3496b04d1407bfa617b8d7e95b3dfc9a,,sports_ranking_finish_position,contradiction
economic_or_replay,market_exposure_limit,3496b04d1407bfa617b8d7e95b3dfc9a,,sports_ranking_finish_position,contradiction
economic_or_replay,market_exposure_limit,3496b04d1407bfa617b8d7e95b3dfc9a,,sports_ranking_finish_position,contradiction
economic_or_replay,market_exposure_limit,3496b04d1407bfa617b8d7e95b3dfc9a,,sports_ranking_finish_position,contradiction
economic_or_replay,market_exposure_limit,3496b04d1407bfa617b8d7e95b3dfc9a,,sports_ranking_finish_position,contradiction
economic_or_replay,market_exposure_limit,3496b04d1407bfa617b8d7e95b3dfc9a,,sports_ranking_finish_position,contradiction
economic_or_replay,market_exposure_limit,3496b04d1407bfa617b8d7e95b3dfc9a,,sports_ranking_finish_position,contradiction
economic_or_replay,market_exposure_limit,3496b04d1407bfa617b8d7e95b3dfc9a,,sports_ranking_finish_position,contradiction
economic_or_replay,market_exposure_limit,3496b04d1407bfa617b8d7e95b3dfc9a,,sports_ranking_finish_position,contradiction
economic_or_replay,market_exposure_limit,3496b04d1407bfa617b8d7e95b3dfc9a,,sports_ranking_finish_position,contradiction
economic_or_replay,market_exposure_limit,3496b04d1407bfa617b8d7e95b3dfc9a,,sports_ranking_finish_position,contradiction
economic_or_replay,market_exposure_limit,3496b04d1407bfa617b8d7e95b3dfc9a,,sports_ranking_finish_position,contradiction
economic_or_replay,market_exposure_limit,3496b04d1407bfa617b8d7e95b3dfc9a,,sports_ranking_finish_position,contradiction
economic_or_replay,market_exposure_limit,3496b04d1407bfa617b8d7e95b3dfc9a,,sports_ranking_finish_position,contradiction
economic_or_replay,market_exposure_limit,3496b04d1407bfa617b8d7e95b3dfc9a,,sports_ranking_finish_position,contradiction
economic_or_replay,market_exposure_limit,3496b04d1407bfa617b8d7e95b3dfc9a,,sports_ranking_finish_position,contradiction
economic_or_replay,market_exposure_limit,3496b04d1407bfa617b8d7e95b3dfc9a,,sports_ranking_finish_position,contradiction
economic_or_replay,market_exposure_limit,3496b04d1407bfa617b8d7e95b3dfc9a,,sports_ranking_finish_position,contradiction
economic_or_replay,market_exposure_limit,3496b04d1407bfa617b8d7e95b3dfc9a,,sports_ranking_finish_position,contradiction
economic_or_replay,market_exposure_limit,3496b04d1407bfa617b8d7e95b3dfc9a,,sports_ranking_finish_position,contradiction
economic_or_replay,market_exposure_limit,3496b04d1407bfa617b8d7e95b3dfc9a,,sports_ranking_finish_position,contradiction
economic_or_replay,market_exposure_limit,3496b04d1407bfa617b8d7e95b3dfc9a,,sports_ranking_finish_position,contradiction
economic_or_replay,market_exposure_limit,3496b04d1407bfa617b8d7e95b3dfc9a,,sports_ranking_finish_position,contradiction
economic_or_replay,market_exposure_limit,3496b04d1407bfa617b8d7e95b3dfc9a,,sports_ranking_finish_position,contradiction
economic_or_replay,market_exposure_limit,3496b04d1407bfa617b8d7e95b3dfc9a,,sports_ranking_finish_position,contradiction
economic_or_replay,market_exposure_limit,3496b04d1407bfa617b8d7e95b3dfc9a,,sports_ranking_finish_position,contradiction
economic_or_replay,market_exposure_limit,3496b04d1407bfa617b8d7e95b3dfc9a,,sports_ranking_finish_position,contradiction
economic_or_replay,market_exposure_limit,3496b04d1407bfa617b8d7e95b3dfc9a,,sports_ranking_finish_position,contradiction
economic_or_replay,market_exposure_limit,3496b04d1407bfa617b8d7e95b3dfc9a,,sports_ranking_finish_position,contradiction
economic_or_replay,market_exposure_limit,3496b04d1407bfa617b8d7e95b3dfc9a,,sports_ranking_finish_position,contradiction
economic_or_replay,market_exposure_limit,3496b04d1407bfa617b8d7e95b3dfc9a,,sports_ranking_finish_position,contradiction
economic_or_replay,market_exposure_limit,3496b04d1407bfa617b8d7e95b3dfc9a,,sports_ranking_finish_position,contradiction
economic_or_replay,market_exposure_limit,3496b04d1407bfa617b8d7e95b3dfc9a,,sports_ranking_finish_position,contradiction
economic_or_replay,market_exposure_limit,3496b04d1407bfa617b8d7e95b3dfc9a,,sports_ranking_finish_position,contradiction
economic_or_replay,market_exposure_limit,3496b04d1407bfa617b8d7e95b3dfc9a,,sports_ranking_finish_position,contradiction
economic_or_replay,market_exposure_limit,3496b04d1407bfa617b8d7e95b3dfc9a,,sports_ranking_finish_position,contradiction
economic_or_replay,market_exposure_limit,3496b04d1407bfa617b8d7e95b3dfc9a,,sports_ranking_finish_position,contradiction
economic_or_replay,market_exposure_limit,3496b04d1407bfa617b8d7e95b3dfc9a,,sports_ranking_finish_position,contradiction
economic_or_replay,market_exposure_limit,3496b04d1407bfa617b8d7e95b3dfc9a,,sports_ranking_finish_position,contradiction
economic_or_replay,market_exposure_limit,3496b04d1407bfa617b8d7e95b3dfc9a,,sports_ranking_finish_position,contradiction
economic_or_replay,market_exposure_limit,3496b04d1407bfa617b8d7e95b3dfc9a,,sports_ranking_finish_position,contradiction
economic_or_replay,market_exposure_limit,3496b04d1407bfa617b8d7e95b3dfc9a,,sports_ranking_finish_position,contradiction
economic_or_replay,market_exposure_limit,3496b04d1407bfa617b8d7e95b3dfc9a,,sports_ranking_finish_position,contradiction
economic_or_replay,market_exposure_limit,3496b04d1407bfa617b8d7e95b3dfc9a,,sports_ranking_finish_position,contradiction
economic_or_replay,market_exposure_limit,3496b04d1407bfa617b8d7e95b3dfc9a,,sports_ranking_finish_position,contradiction
economic_or_replay,market_exposure_limit,3496b04d1407bfa617b8d7e95b3dfc9a,,sports_ranking_finish_position,contradiction
economic_or_replay,market_exposure_limit,3496b04d1407bfa617b8d7e95b3dfc9a,,sports_ranking_finish_position,contradiction
economic_or_replay,market_exposure_limit,3496b04d1407bfa617b8d7e95b3dfc9a,,sports_ranking_finish_position,contradiction
economic_or_replay,market_exposure_limit,3496b04d1407bfa617b8d7e95b3dfc9a,,sports_ranking_finish_position,contradiction
economic_or_replay,market_exposure_limit,3496b04d1407bfa617b8d7e95b3dfc9a,,sports_ranking_finish_position,contradiction
economic_or_replay,market_exposure_limit,3496b04d1407bfa617b8d7e95b3dfc9a,,sports_ranking_finish_position,contradiction
economic_or_replay,market_exposure_limit,3496b04d1407bfa617b8d7e95b3dfc9a,,sports_ranking_finish_position,contradiction
economic_or_replay,market_exposure_limit,3496b04d1407bfa617b8d7e95b3dfc9a,,sports_ranking_finish_position,contradiction
economic_or_replay,market_exposure_limit,3496b04d1407bfa617b8d7e95b3dfc9a,,sports_ranking_finish_position,contradiction
economic_or_replay,market_exposure_limit,3496b04d1407bfa617b8d7e95b3dfc9a,,sports_ranking_finish_position,contradiction
economic_or_replay,market_exposure_limit,3496b04d1407bfa617b8d7e95b3dfc9a,,sports_ranking_finish_position,contradiction
economic_or_replay,market_exposure_limit,3496b04d1407bfa617b8d7e95b3dfc9a,,sports_ranking_finish_position,contradiction
economic_or_replay,market_exposure_limit,3496b04d1407bfa617b8d7e95b3dfc9a,,sports_ranking_finish_position,contradiction
economic_or_replay,market_exposure_limit,3496b04d1407bfa617b8d7e95b3dfc9a,,sports_ranking_finish_position,contradiction
economic_or_replay,market_exposure_limit,3496b04d1407bfa617b8d7e95b3dfc9a,,sports_ranking_finish_position,contradiction
economic_or_replay,market_exposure_limit,3496b04d1407bfa617b8d7e95b3dfc9a,,sports_ranking_finish_position,contradiction
economic_or_replay,market_exposure_limit,3496b04d1407bfa617b8d7e95b3dfc9a,,sports_ranking_finish_position,contradiction
economic_or_replay,market_exposure_limit,3496b04d1407bfa617b8d7e95b3dfc9a,,sports_ranking_finish_position,contradiction
economic_or_replay,market_exposure_limit,3496b04d1407bfa617b8d7e95b3dfc9a,,sports_ranking_finish_position,contradiction
economic_or_replay,market_exposure_limit,3496b04d1407bfa617b8d7e95b3dfc9a,,sports_ranking_finish_position,contradiction
economic_or_replay,market_exposure_limit,3496b04d1407bfa617b8d7e95b3dfc9a,,sports_ranking_finish_position,contradiction
economic_or_replay,market_exposure_limit,3496b04d1407bfa617b8d7e95b3dfc9a,,sports_ranking_finish_position,contradiction
economic_or_replay,market_exposure_limit,3496b04d1407bfa617b8d7e95b3dfc9a,,sports_ranking_finish_position,contradiction
economic_or_replay,market_exposure_limit,3496b04d1407bfa617b8d7e95b3dfc9a,,sports_ranking_finish_position,contradiction
economic_or_replay,market_exposure_limit,3496b04d1407bfa617b8d7e95b3dfc9a,,sports_ranking_finish_position,contradiction
economic_or_replay,market_exposure_limit,3496b04d1407bfa617b8d7e95b3dfc9a,,sports_ranking_finish_position,contradiction
economic_or_replay,market_exposure_limit,3496b04d1407bfa617b8d7e95b3dfc9a,,sports_ranking_finish_position,contradiction
economic_or_replay,market_exposure_limit,3496b04d1407bfa617b8d7e95b3dfc9a,,sports_ranking_finish_position,contradiction
economic_or_replay,market_exposure_limit,3496b04d1407bfa617b8d7e95b3dfc9a,,sports_ranking_finish_position,contradiction
economic_or_replay,market_exposure_limit,3496b04d1407bfa617b8d7e95b3dfc9a,,sports_ranking_finish_position,contradiction
economic_or_replay,market_exposure_limit,3496b04d1407bfa617b8d7e95b3dfc9a,,sports_ranking_finish_position,contradiction
economic_or_replay,market_exposure_limit,3496b04d1407bfa617b8d7e95b3dfc9a,,sports_ranking_finish_position,contradiction
economic_or_replay,market_exposure_limit,3496b04d1407bfa617b8d7e95b3dfc9a,,sports_ranking_finish_position,contradiction
economic_or_replay,market_exposure_limit,3496b04d1407bfa617b8d7e95b3dfc9a,,sports_ranking_finish_position,contradiction
economic_or_replay,market_exposure_limit,3496b04d1407bfa617b8d7e95b3dfc9a,,sports_ranking_finish_position,contradiction
economic_or_replay,market_exposure_limit,3496b04d1407bfa617b8d7e95b3dfc9a,,sports_ranking_finish_position,contradiction
economic_or_replay,market_exposure_limit,3496b04d1407bfa617b8d7e95b3dfc9a,,sports_ranking_finish_position,contradiction
economic_or_replay,market_exposure_limit,3496b04d1407bfa617b8d7e95b3dfc9a,,sports_ranking_finish_position,contradiction
economic_or_replay,market_exposure_limit,3496b04d1407bfa617b8d7e95b3dfc9a,,sports_ranking_finish_position,contradiction
economic_or_replay,market_exposure_limit,3496b04d1407bfa617b8d7e95b3dfc9a,,sports_ranking_finish_position,contradiction
economic_or_replay,market_exposure_limit,3496b04d1407bfa617b8d7e95b3dfc9a,,sports_ranking_finish_position,contradiction
economic_or_replay,market_exposure_limit,3496b04d1407bfa617b8d7e95b3dfc9a,,sports_ranking_finish_position,contradiction
economic_or_replay,market_exposure_limit,3496b04d1407bfa617b8d7e95b3dfc9a,,sports_ranking_finish_position,contradiction
economic_or_replay,market_exposure_limit,3496b04d1407bfa617b8d7e95b3dfc9a,,sports_ranking_finish_position,contradiction
economic_or_replay,market_exposure_limit,3496b04d1407bfa617b8d7e95b3dfc9a,,sports_ranking_finish_position,contradiction
economic_or_replay,market_exposure_limit,3496b04d1407bfa617b8d7e95b3dfc9a,,sports_ranking_finish_position,contradiction
economic_or_replay,market_exposure_limit,3496b04d1407bfa617b8d7e95b3dfc9a,,sports_ranking_finish_position,contradiction
economic_or_replay,market_exposure_limit,3496b04d1407bfa617b8d7e95b3dfc9a,,sports_ranking_finish_position,contradiction
economic_or_replay,market_exposure_limit,3496b04d1407bfa617b8d7e95b3dfc9a,,sports_ranking_finish_position,contradiction
economic_or_replay,market_exposure_limit,3496b04d1407bfa617b8d7e95b3dfc9a,,sports_ranking_finish_position,contradiction
economic_or_replay,market_exposure_limit,3496b04d1407bfa617b8d7e95b3dfc9a,,sports_ranking_finish_position,contradiction
economic_or_replay,market_exposure_limit,3496b04d1407bfa617b8d7e95b3dfc9a,,sports_ranking_finish_position,contradiction
economic_or_replay,market_exposure_limit,3496b04d1407bfa617b8d7e95b3dfc9a,,sports_ranking_finish_position,contradiction
economic_or_replay,market_exposure_limit,3496b04d1407bfa617b8d7e95b3dfc9a,,sports_ranking_finish_position,contradiction
economic_or_replay,market_exposure_limit,3496b04d1407bfa617b8d7e95b3dfc9a,,sports_ranking_finish_position,contradiction
economic_or_replay,market_exposure_limit,3496b04d1407bfa617b8d7e95b3dfc9a,,sports_ranking_finish_position,contradiction
economic_or_replay,market_exposure_limit,3496b04d1407bfa617b8d7e95b3dfc9a,,sports_ranking_finish_position,contradiction
economic_or_replay,market_exposure_limit,3496b04d1407bfa617b8d7e95b3dfc9a,,sports_ranking_finish_position,contradiction
economic_or_replay,market_exposure_limit,3496b04d1407bfa617b8d7e95b3dfc9a,,sports_ranking_finish_position,contradiction
economic_or_replay,market_exposure_limit,3496b04d1407bfa617b8d7e95b3dfc9a,,sports_ranking_finish_position,contradiction
economic_or_replay,market_exposure_limit,3496b04d1407bfa617b8d7e95b3dfc9a,,sports_ranking_finish_position,contradiction
economic_or_replay,market_exposure_limit,3496b04d1407bfa617b8d7e95b3dfc9a,,sports_ranking_finish_position,contradiction
economic_or_replay,market_exposure_limit,3496b04d1407bfa617b8d7e95b3dfc9a,,sports_ranking_finish_position,contradiction
economic_or_replay,market_exposure_limit,3496b04d1407bfa617b8d7e95b3dfc9a,,sports_ranking_finish_position,contradiction
economic_or_replay,market_exposure_limit,3496b04d1407bfa617b8d7e95b3dfc9a,,sports_ranking_finish_position,contradiction
economic_or_replay,market_exposure_limit,3496b04d1407bfa617b8d7e95b3dfc9a,,sports_ranking_finish_position,contradiction
economic_or_replay,market_exposure_limit,3496b04d1407bfa617b8d7e95b3dfc9a,,sports_ranking_finish_position,contradiction
economic_or_replay,market_exposure_limit,3496b04d1407bfa617b8d7e95b3dfc9a,,sports_ranking_finish_position,contradiction
economic_or_replay,market_exposure_limit,3496b04d1407bfa617b8d7e95b3dfc9a,,sports_ranking_finish_position,contradiction
economic_or_replay,market_exposure_limit,3496b04d1407bfa617b8d7e95b3dfc9a,,sports_ranking_finish_position,contradiction
economic_or_replay,market_exposure_limit,3496b04d1407bfa617b8d7e95b3dfc9a,,sports_ranking_finish_position,contradiction
economic_or_replay,market_exposure_limit,3496b04d1407bfa617b8d7e95b3dfc9a,,sports_ranking_finish_position,contradiction
economic_or_replay,market_exposure_limit,3496b04d1407bfa617b8d7e95b3dfc9a,,sports_ranking_finish_position,contradiction
economic_or_replay,market_exposure_limit,3496b04d1407bfa617b8d7e95b3dfc9a,,sports_ranking_finish_position,contradiction
economic_or_replay,market_exposure_limit,3496b04d1407bfa617b8d7e95b3dfc9a,,sports_ranking_finish_position,contradiction
economic_or_replay,market_exposure_limit,3496b04d1407bfa617b8d7e95b3dfc9a,,sports_ranking_finish_position,contradiction
economic_or_replay,market_exposure_limit,3496b04d1407bfa617b8d7e95b3dfc9a,,sports_ranking_finish_position,contradiction
economic_or_replay,market_exposure_limit,3496b04d1407bfa617b8d7e95b3dfc9a,,sports_ranking_finish_position,contradiction
economic_or_replay,market_exposure_limit,3496b04d1407bfa617b8d7e95b3dfc9a,,sports_ranking_finish_position,contradiction
economic_or_replay,market_exposure_limit,3496b04d1407bfa617b8d7e95b3dfc9a,,sports_ranking_finish_position,contradiction
economic_or_replay,market_exposure_limit,3496b04d1407bfa617b8d7e95b3dfc9a,,sports_ranking_finish_position,contradiction
economic_or_replay,market_exposure_limit,3496b04d1407bfa617b8d7e95b3dfc9a,,sports_ranking_finish_position,contradiction
economic_or_replay,market_exposure_limit,3496b04d1407bfa617b8d7e95b3dfc9a,,sports_ranking_finish_position,contradiction
economic_or_replay,market_exposure_limit,3496b04d1407bfa617b8d7e95b3dfc9a,,sports_ranking_finish_position,contradiction
economic_or_replay,market_exposure_limit,3496b04d1407bfa617b8d7e95b3dfc9a,,sports_ranking_finish_position,contradiction
economic_or_replay,market_exposure_limit,3496b04d1407bfa617b8d7e95b3dfc9a,,sports_ranking_finish_position,contradiction
economic_or_replay,market_exposure_limit,3496b04d1407bfa617b8d7e95b3dfc9a,,sports_ranking_finish_position,contradiction
economic_or_replay,market_exposure_limit,3496b04d1407bfa617b8d7e95b3dfc9a,,sports_ranking_finish_position,contradiction
economic_or_replay,market_exposure_limit,3496b04d1407bfa617b8d7e95b3dfc9a,,sports_ranking_finish_position,contradiction
economic_or_replay,market_exposure_limit,3496b04d1407bfa617b8d7e95b3dfc9a,,sports_ranking_finish_position,contradiction
economic_or_replay,market_exposure_limit,3496b04d1407bfa617b8d7e95b3dfc9a,,sports_ranking_finish_position,contradiction
economic_or_replay,market_exposure_limit,3496b04d1407bfa617b8d7e95b3dfc9a,,sports_ranking_finish_position,contradiction
economic_or_replay,market_exposure_limit,3496b04d1407bfa617b8d7e95b3dfc9a,,sports_ranking_finish_position,contradiction
economic_or_replay,market_exposure_limit,3496b04d1407bfa617b8d7e95b3dfc9a,,sports_ranking_finish_position,contradiction
economic_or_replay,market_exposure_limit,3496b04d1407bfa617b8d7e95b3dfc9a,,sports_ranking_finish_position,contradiction
economic_or_replay,market_exposure_limit,3496b04d1407bfa617b8d7e95b3dfc9a,,sports_ranking_finish_position,contradiction
economic_or_replay,market_exposure_limit,3496b04d1407bfa617b8d7e95b3dfc9a,,sports_ranking_finish_position,contradiction
economic_or_replay,market_exposure_limit,3496b04d1407bfa617b8d7e95b3dfc9a,,sports_ranking_finish_position,contradiction
economic_or_replay,market_exposure_limit,3496b04d1407bfa617b8d7e95b3dfc9a,,sports_ranking_finish_position,contradiction
economic_or_replay,market_exposure_limit,3496b04d1407bfa617b8d7e95b3dfc9a,,sports_ranking_finish_position,contradiction
economic_or_replay,market_exposure_limit,3496b04d1407bfa617b8d7e95b3dfc9a,,sports_ranking_finish_position,contradiction
economic_or_replay,market_exposure_limit,3496b04d1407bfa617b8d7e95b3dfc9a,,sports_ranking_finish_position,contradiction
economic_or_replay,market_exposure_limit,3496b04d1407bfa617b8d7e95b3dfc9a,,sports_ranking_finish_position,contradiction
economic_or_replay,market_exposure_limit,3496b04d1407bfa617b8d7e95b3dfc9a,,sports_ranking_finish_position,contradiction
economic_or_replay,market_exposure_limit,3496b04d1407bfa617b8d7e95b3dfc9a,,sports_ranking_finish_position,contradiction
economic_or_replay,market_exposure_limit,3496b04d1407bfa617b8d7e95b3dfc9a,,sports_ranking_finish_position,contradiction
economic_or_replay,market_exposure_limit,3496b04d1407bfa617b8d7e95b3dfc9a,,sports_ranking_finish_position,contradiction
economic_or_replay,market_exposure_limit,3496b04d1407bfa617b8d7e95b3dfc9a,,sports_ranking_finish_position,contradiction
economic_or_replay,market_exposure_limit,3496b04d1407bfa617b8d7e95b3dfc9a,,sports_ranking_finish_position,contradiction
economic_or_replay,market_exposure_limit,3496b04d1407bfa617b8d7e95b3dfc9a,,sports_ranking_finish_position,contradiction
economic_or_replay,market_exposure_limit,3496b04d1407bfa617b8d7e95b3dfc9a,,sports_ranking_finish_position,contradiction
economic_or_replay,market_exposure_limit,3496b04d1407bfa617b8d7e95b3dfc9a,,sports_ranking_finish_position,contradiction
economic_or_replay,market_exposure_limit,3496b04d1407bfa617b8d7e95b3dfc9a,,sports_ranking_finish_position,contradiction
economic_or_replay,market_exposure_limit,3496b04d1407bfa617b8d7e95b3dfc9a,,sports_ranking_finish_position,contradiction
economic_or_replay,market_exposure_limit,3496b04d1407bfa617b8d7e95b3dfc9a,,sports_ranking_finish_position,contradiction
economic_or_replay,market_exposure_limit,3496b04d1407bfa617b8d7e95b3dfc9a,,sports_ranking_finish_position,contradiction
economic_or_replay,market_exposure_limit,3496b04d1407bfa617b8d7e95b3dfc9a,,sports_ranking_finish_position,contradiction
economic_or_replay,market_exposure_limit,3496b04d1407bfa617b8d7e95b3dfc9a,,sports_ranking_finish_position,contradiction
economic_or_replay,market_exposure_limit,3496b04d1407bfa617b8d7e95b3dfc9a,,sports_ranking_finish_position,contradiction
economic_or_replay,market_exposure_limit,3496b04d1407bfa617b8d7e95b3dfc9a,,sports_ranking_finish_position,contradiction
economic_or_replay,market_exposure_limit,3496b04d1407bfa617b8d7e95b3dfc9a,,sports_ranking_finish_position,contradiction
economic_or_replay,market_exposure_limit,3496b04d1407bfa617b8d7e95b3dfc9a,,sports_ranking_finish_position,contradiction
economic_or_replay,market_exposure_limit,3496b04d1407bfa617b8d7e95b3dfc9a,,sports_ranking_finish_position,contradiction
economic_or_replay,market_exposure_limit,3496b04d1407bfa617b8d7e95b3dfc9a,,sports_ranking_finish_position,contradiction
economic_or_replay,market_exposure_limit,3496b04d1407bfa617b8d7e95b3dfc9a,,sports_ranking_finish_position,contradiction
economic_or_replay,market_exposure_limit,3496b04d1407bfa617b8d7e95b3dfc9a,,sports_ranking_finish_position,contradiction
economic_or_replay,market_exposure_limit,3496b04d1407bfa617b8d7e95b3dfc9a,,sports_ranking_finish_position,contradiction
economic_or_replay,market_exposure_limit,3496b04d1407bfa617b8d7e95b3dfc9a,,sports_ranking_finish_position,contradiction
economic_or_replay,market_exposure_limit,3496b04d1407bfa617b8d7e95b3dfc9a,,sports_ranking_finish_position,contradiction
economic_or_replay,market_exposure_limit,3496b04d1407bfa617b8d7e95b3dfc9a,,sports_ranking_finish_position,contradiction
economic_or_replay,market_exposure_limit,3496b04d1407bfa617b8d7e95b3dfc9a,,sports_ranking_finish_position,contradiction
economic_or_replay,market_exposure_limit,3496b04d1407bfa617b8d7e95b3dfc9a,,sports_ranking_finish_position,contradiction
economic_or_replay,market_exposure_limit,3496b04d1407bfa617b8d7e95b3dfc9a,,sports_ranking_finish_position,contradiction
economic_or_replay,market_exposure_limit,3496b04d1407bfa617b8d7e95b3dfc9a,,sports_ranking_finish_position,contradiction
economic_or_replay,market_exposure_limit,3496b04d1407bfa617b8d7e95b3dfc9a,,sports_ranking_finish_position,contradiction
economic_or_replay,market_exposure_limit,3496b04d1407bfa617b8d7e95b3dfc9a,,sports_ranking_finish_position,contradiction
economic_or_replay,market_exposure_limit,3496b04d1407bfa617b8d7e95b3dfc9a,,sports_ranking_finish_position,contradiction
economic_or_replay,market_exposure_limit,3496b04d1407bfa617b8d7e95b3dfc9a,,sports_ranking_finish_position,contradiction
economic_or_replay,market_exposure_limit,3496b04d1407bfa617b8d7e95b3dfc9a,,sports_ranking_finish_position,contradiction
economic_or_replay,market_exposure_limit,3496b04d1407bfa617b8d7e95b3dfc9a,,sports_ranking_finish_position,contradiction
economic_or_replay,market_exposure_limit,3496b04d1407bfa617b8d7e95b3dfc9a,,sports_ranking_finish_position,contradiction
economic_or_replay,market_exposure_limit,3496b04d1407bfa617b8d7e95b3dfc9a,,sports_ranking_finish_position,contradiction
economic_or_replay,market_exposure_limit,3496b04d1407bfa617b8d7e95b3dfc9a,,sports_ranking_finish_position,contradiction
economic_or_replay,market_exposure_limit,3496b04d1407bfa617b8d7e95b3dfc9a,,sports_ranking_finish_position,contradiction
economic_or_replay,market_exposure_limit,3496b04d1407bfa617b8d7e95b3dfc9a,,sports_ranking_finish_position,contradiction
economic_or_replay,market_exposure_limit,3496b04d1407bfa617b8d7e95b3dfc9a,,sports_ranking_finish_position,contradiction
economic_or_replay,market_exposure_limit,3496b04d1407bfa617b8d7e95b3dfc9a,,sports_ranking_finish_position,contradiction
economic_or_replay,market_exposure_limit,3496b04d1407bfa617b8d7e95b3dfc9a,,sports_ranking_finish_position,contradiction
economic_or_replay,market_exposure_limit,3496b04d1407bfa617b8d7e95b3dfc9a,,sports_ranking_finish_position,contradiction
economic_or_replay,market_exposure_limit,3496b04d1407bfa617b8d7e95b3dfc9a,,sports_ranking_finish_position,contradiction
economic_or_replay,market_exposure_limit,3496b04d1407bfa617b8d7e95b3dfc9a,,sports_ranking_finish_position,contradiction
economic_or_replay,market_exposure_limit,3496b04d1407bfa617b8d7e95b3dfc9a,,sports_ranking_finish_position,contradiction
economic_or_replay,market_exposure_limit,3496b04d1407bfa617b8d7e95b3dfc9a,,sports_ranking_finish_position,contradiction
economic_or_replay,market_exposure_limit,3496b04d1407bfa617b8d7e95b3dfc9a,,sports_ranking_finish_position,contradiction
economic_or_replay,market_exposure_limit,3496b04d1407bfa617b8d7e95b3dfc9a,,sports_ranking_finish_position,contradiction
economic_or_replay,market_exposure_limit,3496b04d1407bfa617b8d7e95b3dfc9a,,sports_ranking_finish_position,contradiction
economic_or_replay,market_exposure_limit,3496b04d1407bfa617b8d7e95b3dfc9a,,sports_ranking_finish_position,contradiction
economic_or_replay,market_exposure_limit,3496b04d1407bfa617b8d7e95b3dfc9a,,sports_ranking_finish_position,contradiction
economic_or_replay,market_exposure_limit,3496b04d1407bfa617b8d7e95b3dfc9a,,sports_ranking_finish_position,contradiction
economic_or_replay,market_exposure_limit,3496b04d1407bfa617b8d7e95b3dfc9a,,sports_ranking_finish_position,contradiction
economic_or_replay,market_exposure_limit,3496b04d1407bfa617b8d7e95b3dfc9a,,sports_ranking_finish_position,contradiction
economic_or_replay,market_exposure_limit,3496b04d1407bfa617b8d7e95b3dfc9a,,sports_ranking_finish_position,contradiction
economic_or_replay,market_exposure_limit,3496b04d1407bfa617b8d7e95b3dfc9a,,sports_ranking_finish_position,contradiction
economic_or_replay,market_exposure_limit,3496b04d1407bfa617b8d7e95b3dfc9a,,sports_ranking_finish_position,contradiction
economic_or_replay,market_exposure_limit,3496b04d1407bfa617b8d7e95b3dfc9a,,sports_ranking_finish_position,contradiction
economic_or_replay,market_exposure_limit,3496b04d1407bfa617b8d7e95b3dfc9a,,sports_ranking_finish_position,contradiction
economic_or_replay,market_exposure_limit,3496b04d1407bfa617b8d7e95b3dfc9a,,sports_ranking_finish_position,contradiction
economic_or_replay,market_exposure_limit,3496b04d1407bfa617b8d7e95b3dfc9a,,sports_ranking_finish_position,contradiction
economic_or_replay,market_exposure_limit,3496b04d1407bfa617b8d7e95b3dfc9a,,sports_ranking_finish_position,contradiction
economic_or_replay,market_exposure_limit,3496b04d1407bfa617b8d7e95b3dfc9a,,sports_ranking_finish_position,contradiction
economic_or_replay,market_exposure_limit,3496b04d1407bfa617b8d7e95b3dfc9a,,sports_ranking_finish_position,contradiction
economic_or_replay,market_exposure_limit,3496b04d1407bfa617b8d7e95b3dfc9a,,sports_ranking_finish_position,contradiction
economic_or_replay,market_exposure_limit,3496b04d1407bfa617b8d7e95b3dfc9a,,sports_ranking_finish_position,contradiction
economic_or_replay,market_exposure_limit,3496b04d1407bfa617b8d7e95b3dfc9a,,sports_ranking_finish_position,contradiction
economic_or_replay,market_exposure_limit,3496b04d1407bfa617b8d7e95b3dfc9a,,sports_ranking_finish_position,contradiction
economic_or_replay,market_exposure_limit,3496b04d1407bfa617b8d7e95b3dfc9a,,sports_ranking_finish_position,contradiction
economic_or_replay,market_exposure_limit,3496b04d1407bfa617b8d7e95b3dfc9a,,sports_ranking_finish_position,contradiction
economic_or_replay,market_exposure_limit,3496b04d1407bfa617b8d7e95b3dfc9a,,sports_ranking_finish_position,contradiction
economic_or_replay,market_exposure_limit,3496b04d1407bfa617b8d7e95b3dfc9a,,sports_ranking_finish_position,contradiction
economic_or_replay,market_exposure_limit,3496b04d1407bfa617b8d7e95b3dfc9a,,sports_ranking_finish_position,contradiction
economic_or_replay,market_exposure_limit,3496b04d1407bfa617b8d7e95b3dfc9a,,sports_ranking_finish_position,contradiction
economic_or_replay,market_exposure_limit,3496b04d1407bfa617b8d7e95b3dfc9a,,sports_ranking_finish_position,contradiction
economic_or_replay,market_exposure_limit,3496b04d1407bfa617b8d7e95b3dfc9a,,sports_ranking_finish_position,contradiction
economic_or_replay,market_exposure_limit,3496b04d1407bfa617b8d7e95b3dfc9a,,sports_ranking_finish_position,contradiction
economic_or_replay,market_exposure_limit,3496b04d1407bfa617b8d7e95b3dfc9a,,sports_ranking_finish_position,contradiction
economic_or_replay,market_exposure_limit,3496b04d1407bfa617b8d7e95b3dfc9a,,sports_ranking_finish_position,contradiction
economic_or_replay,market_exposure_limit,3496b04d1407bfa617b8d7e95b3dfc9a,,sports_ranking_finish_position,contradiction
economic_or_replay,market_exposure_limit,3496b04d1407bfa617b8d7e95b3dfc9a,,sports_ranking_finish_position,contradiction
economic_or_replay,market_exposure_limit,3496b04d1407bfa617b8d7e95b3dfc9a,,sports_ranking_finish_position,contradiction
economic_or_replay,market_exposure_limit,3496b04d1407bfa617b8d7e95b3dfc9a,,sports_ranking_finish_position,contradiction
economic_or_replay,market_exposure_limit,3496b04d1407bfa617b8d7e95b3dfc9a,,sports_ranking_finish_position,contradiction
economic_or_replay,market_exposure_limit,3496b04d1407bfa617b8d7e95b3dfc9a,,sports_ranking_finish_position,contradiction
economic_or_replay,market_exposure_limit,3496b04d1407bfa617b8d7e95b3dfc9a,,sports_ranking_finish_position,contradiction
economic_or_replay,market_exposure_limit,3496b04d1407bfa617b8d7e95b3dfc9a,,sports_ranking_finish_position,contradiction
economic_or_replay,market_exposure_limit,3496b04d1407bfa617b8d7e95b3dfc9a,,sports_ranking_finish_position,contradiction
economic_or_replay,market_exposure_limit,3496b04d1407bfa617b8d7e95b3dfc9a,,sports_ranking_finish_position,contradiction
economic_or_replay,market_exposure_limit,3496b04d1407bfa617b8d7e95b3dfc9a,,sports_ranking_finish_position,contradiction
economic_or_replay,market_exposure_limit,3496b04d1407bfa617b8d7e95b3dfc9a,,sports_ranking_finish_position,contradiction
economic_or_replay,market_exposure_limit,3496b04d1407bfa617b8d7e95b3dfc9a,,sports_ranking_finish_position,contradiction
economic_or_replay,market_exposure_limit,3496b04d1407bfa617b8d7e95b3dfc9a,,sports_ranking_finish_position,contradiction
economic_or_replay,market_exposure_limit,3496b04d1407bfa617b8d7e95b3dfc9a,,sports_ranking_finish_position,contradiction
economic_or_replay,market_exposure_limit,3496b04d1407bfa617b8d7e95b3dfc9a,,sports_ranking_finish_position,contradiction
economic_or_replay,market_exposure_limit,3496b04d1407bfa617b8d7e95b3dfc9a,,sports_ranking_finish_position,contradiction
economic_or_replay,market_exposure_limit,3496b04d1407bfa617b8d7e95b3dfc9a,,sports_ranking_finish_position,contradiction
economic_or_replay,market_exposure_limit,3496b04d1407bfa617b8d7e95b3dfc9a,,sports_ranking_finish_position,contradiction
economic_or_replay,market_exposure_limit,3496b04d1407bfa617b8d7e95b3dfc9a,,sports_ranking_finish_position,contradiction
economic_or_replay,market_exposure_limit,3496b04d1407bfa617b8d7e95b3dfc9a,,sports_ranking_finish_position,contradiction
economic_or_replay,market_exposure_limit,3496b04d1407bfa617b8d7e95b3dfc9a,,sports_ranking_finish_position,contradiction
economic_or_replay,market_exposure_limit,3496b04d1407bfa617b8d7e95b3dfc9a,,sports_ranking_finish_position,contradiction
economic_or_replay,market_exposure_limit,3496b04d1407bfa617b8d7e95b3dfc9a,,sports_ranking_finish_position,contradiction
economic_or_replay,market_exposure_limit,3496b04d1407bfa617b8d7e95b3dfc9a,,sports_ranking_finish_position,contradiction
economic_or_replay,market_exposure_limit,3496b04d1407bfa617b8d7e95b3dfc9a,,sports_ranking_finish_position,contradiction
economic_or_replay,market_exposure_limit,3496b04d1407bfa617b8d7e95b3dfc9a,,sports_ranking_finish_position,contradiction
economic_or_replay,market_exposure_limit,3496b04d1407bfa617b8d7e95b3dfc9a,,sports_ranking_finish_position,contradiction
economic_or_replay,market_exposure_limit,3496b04d1407bfa617b8d7e95b3dfc9a,,sports_ranking_finish_position,contradiction
economic_or_replay,market_exposure_limit,3496b04d1407bfa617b8d7e95b3dfc9a,,sports_ranking_finish_position,contradiction
economic_or_replay,market_exposure_limit,3496b04d1407bfa617b8d7e95b3dfc9a,,sports_ranking_finish_position,contradiction
economic_or_replay,market_exposure_limit,3496b04d1407bfa617b8d7e95b3dfc9a,,sports_ranking_finish_position,contradiction
economic_or_replay,market_exposure_limit,3496b04d1407bfa617b8d7e95b3dfc9a,,sports_ranking_finish_position,contradiction
economic_or_replay,market_exposure_limit,3496b04d1407bfa617b8d7e95b3dfc9a,,sports_ranking_finish_position,contradiction
economic_or_replay,market_exposure_limit,3496b04d1407bfa617b8d7e95b3dfc9a,,sports_ranking_finish_position,contradiction
economic_or_replay,market_exposure_limit,3496b04d1407bfa617b8d7e95b3dfc9a,,sports_ranking_finish_position,contradiction
economic_or_replay,market_exposure_limit,3496b04d1407bfa617b8d7e95b3dfc9a,,sports_ranking_finish_position,contradiction
economic_or_replay,market_exposure_limit,3496b04d1407bfa617b8d7e95b3dfc9a,,sports_ranking_finish_position,contradiction
economic_or_replay,market_exposure_limit,3496b04d1407bfa617b8d7e95b3dfc9a,,sports_ranking_finish_position,contradiction
economic_or_replay,market_exposure_limit,3496b04d1407bfa617b8d7e95b3dfc9a,,sports_ranking_finish_position,contradiction
economic_or_replay,market_exposure_limit,3496b04d1407bfa617b8d7e95b3dfc9a,,sports_ranking_finish_position,contradiction
economic_or_replay,market_exposure_limit,3496b04d1407bfa617b8d7e95b3dfc9a,,sports_ranking_finish_position,contradiction
economic_or_replay,market_exposure_limit,3496b04d1407bfa617b8d7e95b3dfc9a,,sports_ranking_finish_position,contradiction
economic_or_replay,market_exposure_limit,3496b04d1407bfa617b8d7e95b3dfc9a,,sports_ranking_finish_position,contradiction
economic_or_replay,market_exposure_limit,3496b04d1407bfa617b8d7e95b3dfc9a,,sports_ranking_finish_position,contradiction
economic_or_replay,market_exposure_limit,3496b04d1407bfa617b8d7e95b3dfc9a,,sports_ranking_finish_position,contradiction
economic_or_replay,market_exposure_limit,3496b04d1407bfa617b8d7e95b3dfc9a,,sports_ranking_finish_position,contradiction
economic_or_replay,market_exposure_limit,3496b04d1407bfa617b8d7e95b3dfc9a,,sports_ranking_finish_position,contradiction
economic_or_replay,market_exposure_limit,3496b04d1407bfa617b8d7e95b3dfc9a,,sports_ranking_finish_position,contradiction
economic_or_replay,market_exposure_limit,3496b04d1407bfa617b8d7e95b3dfc9a,,sports_ranking_finish_position,contradiction
economic_or_replay,market_exposure_limit,3496b04d1407bfa617b8d7e95b3dfc9a,,sports_ranking_finish_position,contradiction
economic_or_replay,market_exposure_limit,3496b04d1407bfa617b8d7e95b3dfc9a,,sports_ranking_finish_position,contradiction
economic_or_replay,market_exposure_limit,3496b04d1407bfa617b8d7e95b3dfc9a,,sports_ranking_finish_position,contradiction
economic_or_replay,market_exposure_limit,3496b04d1407bfa617b8d7e95b3dfc9a,,sports_ranking_finish_position,contradiction
economic_or_replay,market_exposure_limit,3496b04d1407bfa617b8d7e95b3dfc9a,,sports_ranking_finish_position,contradiction
economic_or_replay,market_exposure_limit,3496b04d1407bfa617b8d7e95b3dfc9a,,sports_ranking_finish_position,contradiction
economic_or_replay,market_exposure_limit,3496b04d1407bfa617b8d7e95b3dfc9a,,sports_ranking_finish_position,contradiction
economic_or_replay,market_exposure_limit,3496b04d1407bfa617b8d7e95b3dfc9a,,sports_ranking_finish_position,contradiction
economic_or_replay,market_exposure_limit,3496b04d1407bfa617b8d7e95b3dfc9a,,sports_ranking_finish_position,contradiction
economic_or_replay,market_exposure_limit,3496b04d1407bfa617b8d7e95b3dfc9a,,sports_ranking_finish_position,contradiction
economic_or_replay,market_exposure_limit,3496b04d1407bfa617b8d7e95b3dfc9a,,sports_ranking_finish_position,contradiction
economic_or_replay,market_exposure_limit,3496b04d1407bfa617b8d7e95b3dfc9a,,sports_ranking_finish_position,contradiction
economic_or_replay,market_exposure_limit,3496b04d1407bfa617b8d7e95b3dfc9a,,sports_ranking_finish_position,contradiction
economic_or_replay,market_exposure_limit,3496b04d1407bfa617b8d7e95b3dfc9a,,sports_ranking_finish_position,contradiction
economic_or_replay,market_exposure_limit,3496b04d1407bfa617b8d7e95b3dfc9a,,sports_ranking_finish_position,contradiction
economic_or_replay,market_exposure_limit,3496b04d1407bfa617b8d7e95b3dfc9a,,sports_ranking_finish_position,contradiction
economic_or_replay,market_exposure_limit,3496b04d1407bfa617b8d7e95b3dfc9a,,sports_ranking_finish_position,contradiction
economic_or_replay,market_exposure_limit,3496b04d1407bfa617b8d7e95b3dfc9a,,sports_ranking_finish_position,contradiction
economic_or_replay,market_exposure_limit,3496b04d1407bfa617b8d7e95b3dfc9a,,sports_ranking_finish_position,contradiction
economic_or_replay,market_exposure_limit,3496b04d1407bfa617b8d7e95b3dfc9a,,sports_ranking_finish_position,contradiction
economic_or_replay,market_exposure_limit,3496b04d1407bfa617b8d7e95b3dfc9a,,sports_ranking_finish_position,contradiction
economic_or_replay,market_exposure_limit,3496b04d1407bfa617b8d7e95b3dfc9a,,sports_ranking_finish_position,contradiction
economic_or_replay,market_exposure_limit,3496b04d1407bfa617b8d7e95b3dfc9a,,sports_ranking_finish_position,contradiction
economic_or_replay,market_exposure_limit,3496b04d1407bfa617b8d7e95b3dfc9a,,sports_ranking_finish_position,contradiction
economic_or_replay,market_exposure_limit,3496b04d1407bfa617b8d7e95b3dfc9a,,sports_ranking_finish_position,contradiction
economic_or_replay,market_exposure_limit,3496b04d1407bfa617b8d7e95b3dfc9a,,sports_ranking_finish_position,contradiction
economic_or_replay,market_exposure_limit,3496b04d1407bfa617b8d7e95b3dfc9a,,sports_ranking_finish_position,contradiction
economic_or_replay,market_exposure_limit,3496b04d1407bfa617b8d7e95b3dfc9a,,sports_ranking_finish_position,contradiction
economic_or_replay,market_exposure_limit,3496b04d1407bfa617b8d7e95b3dfc9a,,sports_ranking_finish_position,contradiction
economic_or_replay,market_exposure_limit,3496b04d1407bfa617b8d7e95b3dfc9a,,sports_ranking_finish_position,contradiction
economic_or_replay,market_exposure_limit,3496b04d1407bfa617b8d7e95b3dfc9a,,sports_ranking_finish_position,contradiction
economic_or_replay,market_exposure_limit,3496b04d1407bfa617b8d7e95b3dfc9a,,sports_ranking_finish_position,contradiction
economic_or_replay,market_exposure_limit,3496b04d1407bfa617b8d7e95b3dfc9a,,sports_ranking_finish_position,contradiction
economic_or_replay,market_exposure_limit,3496b04d1407bfa617b8d7e95b3dfc9a,,sports_ranking_finish_position,contradiction
economic_or_replay,market_exposure_limit,3496b04d1407bfa617b8d7e95b3dfc9a,,sports_ranking_finish_position,contradiction
economic_or_replay,market_exposure_limit,3496b04d1407bfa617b8d7e95b3dfc9a,,sports_ranking_finish_position,contradiction
economic_or_replay,market_exposure_limit,3496b04d1407bfa617b8d7e95b3dfc9a,,sports_ranking_finish_position,contradiction
economic_or_replay,market_exposure_limit,3496b04d1407bfa617b8d7e95b3dfc9a,,sports_ranking_finish_position,contradiction
economic_or_replay,market_exposure_limit,3496b04d1407bfa617b8d7e95b3dfc9a,,sports_ranking_finish_position,contradiction
economic_or_replay,market_exposure_limit,3496b04d1407bfa617b8d7e95b3dfc9a,,sports_ranking_finish_position,contradiction
economic_or_replay,market_exposure_limit,3496b04d1407bfa617b8d7e95b3dfc9a,,sports_ranking_finish_position,contradiction
economic_or_replay,market_exposure_limit,3496b04d1407bfa617b8d7e95b3dfc9a,,sports_ranking_finish_position,contradiction
economic_or_replay,market_exposure_limit,3496b04d1407bfa617b8d7e95b3dfc9a,,sports_ranking_finish_position,contradiction
economic_or_replay,market_exposure_limit,3496b04d1407bfa617b8d7e95b3dfc9a,,sports_ranking_finish_position,contradiction
economic_or_replay,market_exposure_limit,3496b04d1407bfa617b8d7e95b3dfc9a,,sports_ranking_finish_position,contradiction
economic_or_replay,market_exposure_limit,3496b04d1407bfa617b8d7e95b3dfc9a,,sports_ranking_finish_position,contradiction
economic_or_replay,market_exposure_limit,3496b04d1407bfa617b8d7e95b3dfc9a,,sports_ranking_finish_position,contradiction
economic_or_replay,market_exposure_limit,3496b04d1407bfa617b8d7e95b3dfc9a,,sports_ranking_finish_position,contradiction
economic_or_replay,market_exposure_limit,3496b04d1407bfa617b8d7e95b3dfc9a,,sports_ranking_finish_position,contradiction
economic_or_replay,market_exposure_limit,3496b04d1407bfa617b8d7e95b3dfc9a,,sports_ranking_finish_position,contradiction
economic_or_replay,market_exposure_limit,3496b04d1407bfa617b8d7e95b3dfc9a,,sports_ranking_finish_position,contradiction
economic_or_replay,market_exposure_limit,3496b04d1407bfa617b8d7e95b3dfc9a,,sports_ranking_finish_position,contradiction
economic_or_replay,market_exposure_limit,3496b04d1407bfa617b8d7e95b3dfc9a,,sports_ranking_finish_position,contradiction
economic_or_replay,market_exposure_limit,3496b04d1407bfa617b8d7e95b3dfc9a,,sports_ranking_finish_position,contradiction
economic_or_replay,market_exposure_limit,3496b04d1407bfa617b8d7e95b3dfc9a,,sports_ranking_finish_position,contradiction
economic_or_replay,market_exposure_limit,3496b04d1407bfa617b8d7e95b3dfc9a,,sports_ranking_finish_position,contradiction
economic_or_replay,market_exposure_limit,3496b04d1407bfa617b8d7e95b3dfc9a,,sports_ranking_finish_position,contradiction
economic_or_replay,market_exposure_limit,3496b04d1407bfa617b8d7e95b3dfc9a,,sports_ranking_finish_position,contradiction
economic_or_replay,market_exposure_limit,3496b04d1407bfa617b8d7e95b3dfc9a,,sports_ranking_finish_position,contradiction
economic_or_replay,market_exposure_limit,3496b04d1407bfa617b8d7e95b3dfc9a,,sports_ranking_finish_position,contradiction
economic_or_replay,market_exposure_limit,3496b04d1407bfa617b8d7e95b3dfc9a,,sports_ranking_finish_position,contradiction
economic_or_replay,market_exposure_limit,3496b04d1407bfa617b8d7e95b3dfc9a,,sports_ranking_finish_position,contradiction
economic_or_replay,market_exposure_limit,3496b04d1407bfa617b8d7e95b3dfc9a,,sports_ranking_finish_position,contradiction
economic_or_replay,market_exposure_limit,3496b04d1407bfa617b8d7e95b3dfc9a,,sports_ranking_finish_position,contradiction
economic_or_replay,market_exposure_limit,3496b04d1407bfa617b8d7e95b3dfc9a,,sports_ranking_finish_position,contradiction
economic_or_replay,market_exposure_limit,3496b04d1407bfa617b8d7e95b3dfc9a,,sports_ranking_finish_position,contradiction
economic_or_replay,market_exposure_limit,3496b04d1407bfa617b8d7e95b3dfc9a,,sports_ranking_finish_position,contradiction
economic_or_replay,market_exposure_limit,3496b04d1407bfa617b8d7e95b3dfc9a,,sports_ranking_finish_position,contradiction
economic_or_replay,market_exposure_limit,3496b04d1407bfa617b8d7e95b3dfc9a,,sports_ranking_finish_position,contradiction
economic_or_replay,market_exposure_limit,3496b04d1407bfa617b8d7e95b3dfc9a,,sports_ranking_finish_position,contradiction
economic_or_replay,market_exposure_limit,3496b04d1407bfa617b8d7e95b3dfc9a,,sports_ranking_finish_position,contradiction
economic_or_replay,market_exposure_limit,3496b04d1407bfa617b8d7e95b3dfc9a,,sports_ranking_finish_position,contradiction
economic_or_replay,market_exposure_limit,3496b04d1407bfa617b8d7e95b3dfc9a,,sports_ranking_finish_position,contradiction
economic_or_replay,market_exposure_limit,3496b04d1407bfa617b8d7e95b3dfc9a,,sports_ranking_finish_position,contradiction
economic_or_replay,market_exposure_limit,3496b04d1407bfa617b8d7e95b3dfc9a,,sports_ranking_finish_position,contradiction
economic_or_replay,market_exposure_limit,3496b04d1407bfa617b8d7e95b3dfc9a,,sports_ranking_finish_position,contradiction
economic_or_replay,market_exposure_limit,3496b04d1407bfa617b8d7e95b3dfc9a,,sports_ranking_finish_position,contradiction
economic_or_replay,market_exposure_limit,3496b04d1407bfa617b8d7e95b3dfc9a,,sports_ranking_finish_position,contradiction
economic_or_replay,market_exposure_limit,3496b04d1407bfa617b8d7e95b3dfc9a,,sports_ranking_finish_position,contradiction
economic_or_replay,market_exposure_limit,3496b04d1407bfa617b8d7e95b3dfc9a,,sports_ranking_finish_position,contradiction
economic_or_replay,market_exposure_limit,3496b04d1407bfa617b8d7e95b3dfc9a,,sports_ranking_finish_position,contradiction
economic_or_replay,market_exposure_limit,3496b04d1407bfa617b8d7e95b3dfc9a,,sports_ranking_finish_position,contradiction
economic_or_replay,market_exposure_limit,3496b04d1407bfa617b8d7e95b3dfc9a,,sports_ranking_finish_position,contradiction
economic_or_replay,market_exposure_limit,3496b04d1407bfa617b8d7e95b3dfc9a,,sports_ranking_finish_position,contradiction
economic_or_replay,market_exposure_limit,3496b04d1407bfa617b8d7e95b3dfc9a,,sports_ranking_finish_position,contradiction
economic_or_replay,market_exposure_limit,3496b04d1407bfa617b8d7e95b3dfc9a,,sports_ranking_finish_position,contradiction
economic_or_replay,market_exposure_limit,3496b04d1407bfa617b8d7e95b3dfc9a,,sports_ranking_finish_position,contradiction
economic_or_replay,market_exposure_limit,3496b04d1407bfa617b8d7e95b3dfc9a,,sports_ranking_finish_position,contradiction
economic_or_replay,market_exposure_limit,3496b04d1407bfa617b8d7e95b3dfc9a,,sports_ranking_finish_position,contradiction
economic_or_replay,market_exposure_limit,3496b04d1407bfa617b8d7e95b3dfc9a,,sports_ranking_finish_position,contradiction
economic_or_replay,market_exposure_limit,3496b04d1407bfa617b8d7e95b3dfc9a,,sports_ranking_finish_position,contradiction
economic_or_replay,market_exposure_limit,3496b04d1407bfa617b8d7e95b3dfc9a,,sports_ranking_finish_position,contradiction
economic_or_replay,market_exposure_limit,3496b04d1407bfa617b8d7e95b3dfc9a,,sports_ranking_finish_position,contradiction
economic_or_replay,market_exposure_limit,3496b04d1407bfa617b8d7e95b3dfc9a,,sports_ranking_finish_position,contradiction
economic_or_replay,market_exposure_limit,3496b04d1407bfa617b8d7e95b3dfc9a,,sports_ranking_finish_position,contradiction
economic_or_replay,market_exposure_limit,3496b04d1407bfa617b8d7e95b3dfc9a,,sports_ranking_finish_position,contradiction
economic_or_replay,market_exposure_limit,3496b04d1407bfa617b8d7e95b3dfc9a,,sports_ranking_finish_position,contradiction
economic_or_replay,market_exposure_limit,3496b04d1407bfa617b8d7e95b3dfc9a,,sports_ranking_finish_position,contradiction
economic_or_replay,market_exposure_limit,3496b04d1407bfa617b8d7e95b3dfc9a,,sports_ranking_finish_position,contradiction
economic_or_replay,market_exposure_limit,3496b04d1407bfa617b8d7e95b3dfc9a,,sports_ranking_finish_position,contradiction
economic_or_replay,market_exposure_limit,3496b04d1407bfa617b8d7e95b3dfc9a,,sports_ranking_finish_position,contradiction
economic_or_replay,market_exposure_limit,3496b04d1407bfa617b8d7e95b3dfc9a,,sports_ranking_finish_position,contradiction
economic_or_replay,market_exposure_limit,3496b04d1407bfa617b8d7e95b3dfc9a,,sports_ranking_finish_position,contradiction
economic_or_replay,market_exposure_limit,3496b04d1407bfa617b8d7e95b3dfc9a,,sports_ranking_finish_position,contradiction
economic_or_replay,market_exposure_limit,3496b04d1407bfa617b8d7e95b3dfc9a,,sports_ranking_finish_position,contradiction
economic_or_replay,market_exposure_limit,3496b04d1407bfa617b8d7e95b3dfc9a,,sports_ranking_finish_position,contradiction
economic_or_replay,market_exposure_limit,3496b04d1407bfa617b8d7e95b3dfc9a,,sports_ranking_finish_position,contradiction
economic_or_replay,market_exposure_limit,3496b04d1407bfa617b8d7e95b3dfc9a,,sports_ranking_finish_position,contradiction
economic_or_replay,market_exposure_limit,3496b04d1407bfa617b8d7e95b3dfc9a,,sports_ranking_finish_position,contradiction
economic_or_replay,market_exposure_limit,3496b04d1407bfa617b8d7e95b3dfc9a,,sports_ranking_finish_position,contradiction
economic_or_replay,market_exposure_limit,3496b04d1407bfa617b8d7e95b3dfc9a,,sports_ranking_finish_position,contradiction
economic_or_replay,market_exposure_limit,3496b04d1407bfa617b8d7e95b3dfc9a,,sports_ranking_finish_position,contradiction
economic_or_replay,market_exposure_limit,3496b04d1407bfa617b8d7e95b3dfc9a,,sports_ranking_finish_position,contradiction
economic_or_replay,market_exposure_limit,3496b04d1407bfa617b8d7e95b3dfc9a,,sports_ranking_finish_position,contradiction
economic_or_replay,market_exposure_limit,3496b04d1407bfa617b8d7e95b3dfc9a,,sports_ranking_finish_position,contradiction
economic_or_replay,market_exposure_limit,3496b04d1407bfa617b8d7e95b3dfc9a,,sports_ranking_finish_position,contradiction
economic_or_replay,market_exposure_limit,3496b04d1407bfa617b8d7e95b3dfc9a,,sports_ranking_finish_position,contradiction
economic_or_replay,market_exposure_limit,3496b04d1407bfa617b8d7e95b3dfc9a,,sports_ranking_finish_position,contradiction
economic_or_replay,market_exposure_limit,3496b04d1407bfa617b8d7e95b3dfc9a,,sports_ranking_finish_position,contradiction
economic_or_replay,market_exposure_limit,3496b04d1407bfa617b8d7e95b3dfc9a,,sports_ranking_finish_position,contradiction
economic_or_replay,market_exposure_limit,3496b04d1407bfa617b8d7e95b3dfc9a,,sports_ranking_finish_position,contradiction
economic_or_replay,market_exposure_limit,3496b04d1407bfa617b8d7e95b3dfc9a,,sports_ranking_finish_position,contradiction
economic_or_replay,market_exposure_limit,3496b04d1407bfa617b8d7e95b3dfc9a,,sports_ranking_finish_position,contradiction
economic_or_replay,market_exposure_limit,3496b04d1407bfa617b8d7e95b3dfc9a,,sports_ranking_finish_position,contradiction
economic_or_replay,market_exposure_limit,3496b04d1407bfa617b8d7e95b3dfc9a,,sports_ranking_finish_position,contradiction
economic_or_replay,market_exposure_limit,3496b04d1407bfa617b8d7e95b3dfc9a,,sports_ranking_finish_position,contradiction
economic_or_replay,market_exposure_limit,3496b04d1407bfa617b8d7e95b3dfc9a,,sports_ranking_finish_position,contradiction
economic_or_replay,market_exposure_limit,3496b04d1407bfa617b8d7e95b3dfc9a,,sports_ranking_finish_position,contradiction
economic_or_replay,market_exposure_limit,3496b04d1407bfa617b8d7e95b3dfc9a,,sports_ranking_finish_position,contradiction
economic_or_replay,market_exposure_limit,3496b04d1407bfa617b8d7e95b3dfc9a,,sports_ranking_finish_position,contradiction
economic_or_replay,market_exposure_limit,3496b04d1407bfa617b8d7e95b3dfc9a,,sports_ranking_finish_position,contradiction
economic_or_replay,market_exposure_limit,3496b04d1407bfa617b8d7e95b3dfc9a,,sports_ranking_finish_position,contradiction
economic_or_replay,market_exposure_limit,3496b04d1407bfa617b8d7e95b3dfc9a,,sports_ranking_finish_position,contradiction
economic_or_replay,market_exposure_limit,3496b04d1407bfa617b8d7e95b3dfc9a,,sports_ranking_finish_position,contradiction
economic_or_replay,market_exposure_limit,3496b04d1407bfa617b8d7e95b3dfc9a,,sports_ranking_finish_position,contradiction
economic_or_replay,market_exposure_limit,3496b04d1407bfa617b8d7e95b3dfc9a,,sports_ranking_finish_position,contradiction
economic_or_replay,market_exposure_limit,3496b04d1407bfa617b8d7e95b3dfc9a,,sports_ranking_finish_position,contradiction
economic_or_replay,market_exposure_limit,3496b04d1407bfa617b8d7e95b3dfc9a,,sports_ranking_finish_position,contradiction
economic_or_replay,market_exposure_limit,3496b04d1407bfa617b8d7e95b3dfc9a,,sports_ranking_finish_position,contradiction
economic_or_replay,market_exposure_limit,3496b04d1407bfa617b8d7e95b3dfc9a,,sports_ranking_finish_position,contradiction
economic_or_replay,market_exposure_limit,3496b04d1407bfa617b8d7e95b3dfc9a,,sports_ranking_finish_position,contradiction
economic_or_replay,market_exposure_limit,3496b04d1407bfa617b8d7e95b3dfc9a,,sports_ranking_finish_position,contradiction
economic_or_replay,market_exposure_limit,3496b04d1407bfa617b8d7e95b3dfc9a,,sports_ranking_finish_position,contradiction
economic_or_replay,market_exposure_limit,3496b04d1407bfa617b8d7e95b3dfc9a,,sports_ranking_finish_position,contradiction
economic_or_replay,market_exposure_limit,3496b04d1407bfa617b8d7e95b3dfc9a,,sports_ranking_finish_position,contradiction
economic_or_replay,market_exposure_limit,3496b04d1407bfa617b8d7e95b3dfc9a,,sports_ranking_finish_position,contradiction
economic_or_replay,market_exposure_limit,3496b04d1407bfa617b8d7e95b3dfc9a,,sports_ranking_finish_position,contradiction
economic_or_replay,market_exposure_limit,3496b04d1407bfa617b8d7e95b3dfc9a,,sports_ranking_finish_position,contradiction
economic_or_replay,market_exposure_limit,3496b04d1407bfa617b8d7e95b3dfc9a,,sports_ranking_finish_position,contradiction
economic_or_replay,market_exposure_limit,3496b04d1407bfa617b8d7e95b3dfc9a,,sports_ranking_finish_position,contradiction
economic_or_replay,market_exposure_limit,3496b04d1407bfa617b8d7e95b3dfc9a,,sports_ranking_finish_position,contradiction
economic_or_replay,market_exposure_limit,3496b04d1407bfa617b8d7e95b3dfc9a,,sports_ranking_finish_position,contradiction
economic_or_replay,market_exposure_limit,3496b04d1407bfa617b8d7e95b3dfc9a,,sports_ranking_finish_position,contradiction
economic_or_replay,market_exposure_limit,3496b04d1407bfa617b8d7e95b3dfc9a,,sports_ranking_finish_position,contradiction
economic_or_replay,market_exposure_limit,3496b04d1407bfa617b8d7e95b3dfc9a,,sports_ranking_finish_position,contradiction
economic_or_replay,market_exposure_limit,3496b04d1407bfa617b8d7e95b3dfc9a,,sports_ranking_finish_position,contradiction
economic_or_replay,market_exposure_limit,3496b04d1407bfa617b8d7e95b3dfc9a,,sports_ranking_finish_position,contradiction
economic_or_replay,market_exposure_limit,3496b04d1407bfa617b8d7e95b3dfc9a,,sports_ranking_finish_position,contradiction
economic_or_replay,market_exposure_limit,3496b04d1407bfa617b8d7e95b3dfc9a,,sports_ranking_finish_position,contradiction
economic_or_replay,market_exposure_limit,3496b04d1407bfa617b8d7e95b3dfc9a,,sports_ranking_finish_position,contradiction
economic_or_replay,market_exposure_limit,3496b04d1407bfa617b8d7e95b3dfc9a,,sports_ranking_finish_position,contradiction
economic_or_replay,market_exposure_limit,3496b04d1407bfa617b8d7e95b3dfc9a,,sports_ranking_finish_position,contradiction
economic_or_replay,market_exposure_limit,3496b04d1407bfa617b8d7e95b3dfc9a,,sports_ranking_finish_position,contradiction
economic_or_replay,market_exposure_limit,3496b04d1407bfa617b8d7e95b3dfc9a,,sports_ranking_finish_position,contradiction
economic_or_replay,market_exposure_limit,3496b04d1407bfa617b8d7e95b3dfc9a,,sports_ranking_finish_position,contradiction
economic_or_replay,market_exposure_limit,3496b04d1407bfa617b8d7e95b3dfc9a,,sports_ranking_finish_position,contradiction
economic_or_replay,market_exposure_limit,3496b04d1407bfa617b8d7e95b3dfc9a,,sports_ranking_finish_position,contradiction
economic_or_replay,market_exposure_limit,3496b04d1407bfa617b8d7e95b3dfc9a,,sports_ranking_finish_position,contradiction
economic_or_replay,market_exposure_limit,3496b04d1407bfa617b8d7e95b3dfc9a,,sports_ranking_finish_position,contradiction
economic_or_replay,market_exposure_limit,3496b04d1407bfa617b8d7e95b3dfc9a,,sports_ranking_finish_position,contradiction
economic_or_replay,market_exposure_limit,3496b04d1407bfa617b8d7e95b3dfc9a,,sports_ranking_finish_position,contradiction
economic_or_replay,market_exposure_limit,3496b04d1407bfa617b8d7e95b3dfc9a,,sports_ranking_finish_position,contradiction
economic_or_replay,market_exposure_limit,3496b04d1407bfa617b8d7e95b3dfc9a,,sports_ranking_finish_position,contradiction
economic_or_replay,market_exposure_limit,3496b04d1407bfa617b8d7e95b3dfc9a,,sports_ranking_finish_position,contradiction
economic_or_replay,market_exposure_limit,3496b04d1407bfa617b8d7e95b3dfc9a,,sports_ranking_finish_position,contradiction
economic_or_replay,market_exposure_limit,3496b04d1407bfa617b8d7e95b3dfc9a,,sports_ranking_finish_position,contradiction
economic_or_replay,market_exposure_limit,3496b04d1407bfa617b8d7e95b3dfc9a,,sports_ranking_finish_position,contradiction
economic_or_replay,market_exposure_limit,3496b04d1407bfa617b8d7e95b3dfc9a,,sports_ranking_finish_position,contradiction
economic_or_replay,market_exposure_limit,3496b04d1407bfa617b8d7e95b3dfc9a,,sports_ranking_finish_position,contradiction
economic_or_replay,market_exposure_limit,3496b04d1407bfa617b8d7e95b3dfc9a,,sports_ranking_finish_position,contradiction
economic_or_replay,market_exposure_limit,3496b04d1407bfa617b8d7e95b3dfc9a,,sports_ranking_finish_position,contradiction
economic_or_replay,market_exposure_limit,3496b04d1407bfa617b8d7e95b3dfc9a,,sports_ranking_finish_position,contradiction
economic_or_replay,market_exposure_limit,3496b04d1407bfa617b8d7e95b3dfc9a,,sports_ranking_finish_position,contradiction
economic_or_replay,market_exposure_limit,3496b04d1407bfa617b8d7e95b3dfc9a,,sports_ranking_finish_position,contradiction
economic_or_replay,market_exposure_limit,3496b04d1407bfa617b8d7e95b3dfc9a,,sports_ranking_finish_position,contradiction
economic_or_replay,market_exposure_limit,3496b04d1407bfa617b8d7e95b3dfc9a,,sports_ranking_finish_position,contradiction
economic_or_replay,market_exposure_limit,3496b04d1407bfa617b8d7e95b3dfc9a,,sports_ranking_finish_position,contradiction
economic_or_replay,market_exposure_limit,3496b04d1407bfa617b8d7e95b3dfc9a,,sports_ranking_finish_position,contradiction
economic_or_replay,market_exposure_limit,3496b04d1407bfa617b8d7e95b3dfc9a,,sports_ranking_finish_position,contradiction
economic_or_replay,market_exposure_limit,3496b04d1407bfa617b8d7e95b3dfc9a,,sports_ranking_finish_position,contradiction
economic_or_replay,market_exposure_limit,3496b04d1407bfa617b8d7e95b3dfc9a,,sports_ranking_finish_position,contradiction
economic_or_replay,market_exposure_limit,3496b04d1407bfa617b8d7e95b3dfc9a,,sports_ranking_finish_position,contradiction
economic_or_replay,market_exposure_limit,3496b04d1407bfa617b8d7e95b3dfc9a,,sports_ranking_finish_position,contradiction
economic_or_replay,market_exposure_limit,3496b04d1407bfa617b8d7e95b3dfc9a,,sports_ranking_finish_position,contradiction
economic_or_replay,market_exposure_limit,3496b04d1407bfa617b8d7e95b3dfc9a,,sports_ranking_finish_position,contradiction
economic_or_replay,market_exposure_limit,3496b04d1407bfa617b8d7e95b3dfc9a,,sports_ranking_finish_position,contradiction
economic_or_replay,market_exposure_limit,3496b04d1407bfa617b8d7e95b3dfc9a,,sports_ranking_finish_position,contradiction
economic_or_replay,market_exposure_limit,3496b04d1407bfa617b8d7e95b3dfc9a,,sports_ranking_finish_position,contradiction
economic_or_replay,market_exposure_limit,3496b04d1407bfa617b8d7e95b3dfc9a,,sports_ranking_finish_position,contradiction
economic_or_replay,market_exposure_limit,3496b04d1407bfa617b8d7e95b3dfc9a,,sports_ranking_finish_position,contradiction
economic_or_replay,market_exposure_limit,3496b04d1407bfa617b8d7e95b3dfc9a,,sports_ranking_finish_position,contradiction
economic_or_replay,market_exposure_limit,3496b04d1407bfa617b8d7e95b3dfc9a,,sports_ranking_finish_position,contradiction
economic_or_replay,market_exposure_limit,3496b04d1407bfa617b8d7e95b3dfc9a,,sports_ranking_finish_position,contradiction
economic_or_replay,market_exposure_limit,3496b04d1407bfa617b8d7e95b3dfc9a,,sports_ranking_finish_position,contradiction
economic_or_replay,market_exposure_limit,3496b04d1407bfa617b8d7e95b3dfc9a,,sports_ranking_finish_position,contradiction
economic_or_replay,market_exposure_limit,3496b04d1407bfa617b8d7e95b3dfc9a,,sports_ranking_finish_position,contradiction
economic_or_replay,market_exposure_limit,3496b04d1407bfa617b8d7e95b3dfc9a,,sports_ranking_finish_position,contradiction
economic_or_replay,market_exposure_limit,3496b04d1407bfa617b8d7e95b3dfc9a,,sports_ranking_finish_position,contradiction
economic_or_replay,market_exposure_limit,3496b04d1407bfa617b8d7e95b3dfc9a,,sports_ranking_finish_position,contradiction
economic_or_replay,market_exposure_limit,3496b04d1407bfa617b8d7e95b3dfc9a,,sports_ranking_finish_position,contradiction
economic_or_replay,market_exposure_limit,3496b04d1407bfa617b8d7e95b3dfc9a,,sports_ranking_finish_position,contradiction
economic_or_replay,market_exposure_limit,3496b04d1407bfa617b8d7e95b3dfc9a,,sports_ranking_finish_position,contradiction
economic_or_replay,market_exposure_limit,3496b04d1407bfa617b8d7e95b3dfc9a,,sports_ranking_finish_position,contradiction
economic_or_replay,market_exposure_limit,3496b04d1407bfa617b8d7e95b3dfc9a,,sports_ranking_finish_position,contradiction
economic_or_replay,market_exposure_limit,3496b04d1407bfa617b8d7e95b3dfc9a,,sports_ranking_finish_position,contradiction
economic_or_replay,market_exposure_limit,3496b04d1407bfa617b8d7e95b3dfc9a,,sports_ranking_finish_position,contradiction
economic_or_replay,market_exposure_limit,3496b04d1407bfa617b8d7e95b3dfc9a,,sports_ranking_finish_position,contradiction
economic_or_replay,market_exposure_limit,3496b04d1407bfa617b8d7e95b3dfc9a,,sports_ranking_finish_position,contradiction
economic_or_replay,market_exposure_limit,3496b04d1407bfa617b8d7e95b3dfc9a,,sports_ranking_finish_position,contradiction
economic_or_replay,market_exposure_limit,3496b04d1407bfa617b8d7e95b3dfc9a,,sports_ranking_finish_position,contradiction
economic_or_replay,market_exposure_limit,3496b04d1407bfa617b8d7e95b3dfc9a,,sports_ranking_finish_position,contradiction
economic_or_replay,market_exposure_limit,3496b04d1407bfa617b8d7e95b3dfc9a,,sports_ranking_finish_position,contradiction
economic_or_replay,market_exposure_limit,3496b04d1407bfa617b8d7e95b3dfc9a,,sports_ranking_finish_position,contradiction
economic_or_replay,market_exposure_limit,3496b04d1407bfa617b8d7e95b3dfc9a,,sports_ranking_finish_position,contradiction
economic_or_replay,market_exposure_limit,3496b04d1407bfa617b8d7e95b3dfc9a,,sports_ranking_finish_position,contradiction
economic_or_replay,market_exposure_limit,3496b04d1407bfa617b8d7e95b3dfc9a,,sports_ranking_finish_position,contradiction
economic_or_replay,market_exposure_limit,3496b04d1407bfa617b8d7e95b3dfc9a,,sports_ranking_finish_position,contradiction
economic_or_replay,market_exposure_limit,3496b04d1407bfa617b8d7e95b3dfc9a,,sports_ranking_finish_position,contradiction
economic_or_replay,market_exposure_limit,3496b04d1407bfa617b8d7e95b3dfc9a,,sports_ranking_finish_position,contradiction
economic_or_replay,market_exposure_limit,3496b04d1407bfa617b8d7e95b3dfc9a,,sports_ranking_finish_position,contradiction
economic_or_replay,market_exposure_limit,3496b04d1407bfa617b8d7e95b3dfc9a,,sports_ranking_finish_position,contradiction
economic_or_replay,market_exposure_limit,3496b04d1407bfa617b8d7e95b3dfc9a,,sports_ranking_finish_position,contradiction
economic_or_replay,market_exposure_limit,3496b04d1407bfa617b8d7e95b3dfc9a,,sports_ranking_finish_position,contradiction
economic_or_replay,market_exposure_limit,3496b04d1407bfa617b8d7e95b3dfc9a,,sports_ranking_finish_position,contradiction
economic_or_replay,market_exposure_limit,3496b04d1407bfa617b8d7e95b3dfc9a,,sports_ranking_finish_position,contradiction
economic_or_replay,market_exposure_limit,3496b04d1407bfa617b8d7e95b3dfc9a,,sports_ranking_finish_position,contradiction
economic_or_replay,market_exposure_limit,3496b04d1407bfa617b8d7e95b3dfc9a,,sports_ranking_finish_position,contradiction
economic_or_replay,market_exposure_limit,3496b04d1407bfa617b8d7e95b3dfc9a,,sports_ranking_finish_position,contradiction
economic_or_replay,market_exposure_limit,3496b04d1407bfa617b8d7e95b3dfc9a,,sports_ranking_finish_position,contradiction
economic_or_replay,market_exposure_limit,3496b04d1407bfa617b8d7e95b3dfc9a,,sports_ranking_finish_position,contradiction
economic_or_replay,market_exposure_limit,3496b04d1407bfa617b8d7e95b3dfc9a,,sports_ranking_finish_position,contradiction
economic_or_replay,market_exposure_limit,3496b04d1407bfa617b8d7e95b3dfc9a,,sports_ranking_finish_position,contradiction
economic_or_replay,market_exposure_limit,3496b04d1407bfa617b8d7e95b3dfc9a,,sports_ranking_finish_position,contradiction
economic_or_replay,market_exposure_limit,3496b04d1407bfa617b8d7e95b3dfc9a,,sports_ranking_finish_position,contradiction
economic_or_replay,market_exposure_limit,3496b04d1407bfa617b8d7e95b3dfc9a,,sports_ranking_finish_position,contradiction
economic_or_replay,market_exposure_limit,3496b04d1407bfa617b8d7e95b3dfc9a,,sports_ranking_finish_position,contradiction
economic_or_replay,market_exposure_limit,3496b04d1407bfa617b8d7e95b3dfc9a,,sports_ranking_finish_position,contradiction
economic_or_replay,market_exposure_limit,3496b04d1407bfa617b8d7e95b3dfc9a,,sports_ranking_finish_position,contradiction
economic_or_replay,market_exposure_limit,3496b04d1407bfa617b8d7e95b3dfc9a,,sports_ranking_finish_position,contradiction
economic_or_replay,market_exposure_limit,3496b04d1407bfa617b8d7e95b3dfc9a,,sports_ranking_finish_position,contradiction
economic_or_replay,market_exposure_limit,3496b04d1407bfa617b8d7e95b3dfc9a,,sports_ranking_finish_position,contradiction
economic_or_replay,market_exposure_limit,3496b04d1407bfa617b8d7e95b3dfc9a,,sports_ranking_finish_position,contradiction
economic_or_replay,market_exposure_limit,3496b04d1407bfa617b8d7e95b3dfc9a,,sports_ranking_finish_position,contradiction
economic_or_replay,market_exposure_limit,3496b04d1407bfa617b8d7e95b3dfc9a,,sports_ranking_finish_position,contradiction
economic_or_replay,market_exposure_limit,3496b04d1407bfa617b8d7e95b3dfc9a,,sports_ranking_finish_position,contradiction
economic_or_replay,market_exposure_limit,3496b04d1407bfa617b8d7e95b3dfc9a,,sports_ranking_finish_position,contradiction
economic_or_replay,market_exposure_limit,3496b04d1407bfa617b8d7e95b3dfc9a,,sports_ranking_finish_position,contradiction
economic_or_replay,market_exposure_limit,3496b04d1407bfa617b8d7e95b3dfc9a,,sports_ranking_finish_position,contradiction
economic_or_replay,market_exposure_limit,3496b04d1407bfa617b8d7e95b3dfc9a,,sports_ranking_finish_position,contradiction
economic_or_replay,market_exposure_limit,3496b04d1407bfa617b8d7e95b3dfc9a,,sports_ranking_finish_position,contradiction
economic_or_replay,market_exposure_limit,3496b04d1407bfa617b8d7e95b3dfc9a,,sports_ranking_finish_position,contradiction
economic_or_replay,market_exposure_limit,3496b04d1407bfa617b8d7e95b3dfc9a,,sports_ranking_finish_position,contradiction
economic_or_replay,market_exposure_limit,3496b04d1407bfa617b8d7e95b3dfc9a,,sports_ranking_finish_position,contradiction
economic_or_replay,market_exposure_limit,3496b04d1407bfa617b8d7e95b3dfc9a,,sports_ranking_finish_position,contradiction
economic_or_replay,market_exposure_limit,3496b04d1407bfa617b8d7e95b3dfc9a,,sports_ranking_finish_position,contradiction
economic_or_replay,market_exposure_limit,3496b04d1407bfa617b8d7e95b3dfc9a,,sports_ranking_finish_position,contradiction
economic_or_replay,market_exposure_limit,3496b04d1407bfa617b8d7e95b3dfc9a,,sports_ranking_finish_position,contradiction
economic_or_replay,market_exposure_limit,3496b04d1407bfa617b8d7e95b3dfc9a,,sports_ranking_finish_position,contradiction
economic_or_replay,market_exposure_limit,3496b04d1407bfa617b8d7e95b3dfc9a,,sports_ranking_finish_position,contradiction
economic_or_replay,market_exposure_limit,3496b04d1407bfa617b8d7e95b3dfc9a,,sports_ranking_finish_position,contradiction
economic_or_replay,market_exposure_limit,3496b04d1407bfa617b8d7e95b3dfc9a,,sports_ranking_finish_position,contradiction
economic_or_replay,market_exposure_limit,3496b04d1407bfa617b8d7e95b3dfc9a,,sports_ranking_finish_position,contradiction
economic_or_replay,market_exposure_limit,3496b04d1407bfa617b8d7e95b3dfc9a,,sports_ranking_finish_position,contradiction
economic_or_replay,market_exposure_limit,3496b04d1407bfa617b8d7e95b3dfc9a,,sports_ranking_finish_position,contradiction
economic_or_replay,market_exposure_limit,3496b04d1407bfa617b8d7e95b3dfc9a,,sports_ranking_finish_position,contradiction
economic_or_replay,market_exposure_limit,3496b04d1407bfa617b8d7e95b3dfc9a,,sports_ranking_finish_position,contradiction
economic_or_replay,market_exposure_limit,3496b04d1407bfa617b8d7e95b3dfc9a,,sports_ranking_finish_position,contradiction
economic_or_replay,market_exposure_limit,3496b04d1407bfa617b8d7e95b3dfc9a,,sports_ranking_finish_position,contradiction
economic_or_replay,market_exposure_limit,3496b04d1407bfa617b8d7e95b3dfc9a,,sports_ranking_finish_position,contradiction
economic_or_replay,market_exposure_limit,3496b04d1407bfa617b8d7e95b3dfc9a,,sports_ranking_finish_position,contradiction
economic_or_replay,market_exposure_limit,3496b04d1407bfa617b8d7e95b3dfc9a,,sports_ranking_finish_position,contradiction
economic_or_replay,market_exposure_limit,3496b04d1407bfa617b8d7e95b3dfc9a,,sports_ranking_finish_position,contradiction
economic_or_replay,market_exposure_limit,3496b04d1407bfa617b8d7e95b3dfc9a,,sports_ranking_finish_position,contradiction
economic_or_replay,market_exposure_limit,3496b04d1407bfa617b8d7e95b3dfc9a,,sports_ranking_finish_position,contradiction
economic_or_replay,market_exposure_limit,3496b04d1407bfa617b8d7e95b3dfc9a,,sports_ranking_finish_position,contradiction
economic_or_replay,market_exposure_limit,3496b04d1407bfa617b8d7e95b3dfc9a,,sports_ranking_finish_position,contradiction
economic_or_replay,market_exposure_limit,3496b04d1407bfa617b8d7e95b3dfc9a,,sports_ranking_finish_position,contradiction
economic_or_replay,market_exposure_limit,3496b04d1407bfa617b8d7e95b3dfc9a,,sports_ranking_finish_position,contradiction
economic_or_replay,market_exposure_limit,3496b04d1407bfa617b8d7e95b3dfc9a,,sports_ranking_finish_position,contradiction
economic_or_replay,market_exposure_limit,3496b04d1407bfa617b8d7e95b3dfc9a,,sports_ranking_finish_position,contradiction
economic_or_replay,market_exposure_limit,3496b04d1407bfa617b8d7e95b3dfc9a,,sports_ranking_finish_position,contradiction
economic_or_replay,market_exposure_limit,3496b04d1407bfa617b8d7e95b3dfc9a,,sports_ranking_finish_position,contradiction
economic_or_replay,market_exposure_limit,3496b04d1407bfa617b8d7e95b3dfc9a,,sports_ranking_finish_position,contradiction
economic_or_replay,market_exposure_limit,3496b04d1407bfa617b8d7e95b3dfc9a,,sports_ranking_finish_position,contradiction
economic_or_replay,market_exposure_limit,3496b04d1407bfa617b8d7e95b3dfc9a,,sports_ranking_finish_position,contradiction
economic_or_replay,market_exposure_limit,3496b04d1407bfa617b8d7e95b3dfc9a,,sports_ranking_finish_position,contradiction
economic_or_replay,market_exposure_limit,3496b04d1407bfa617b8d7e95b3dfc9a,,sports_ranking_finish_position,contradiction
economic_or_replay,market_exposure_limit,3496b04d1407bfa617b8d7e95b3dfc9a,,sports_ranking_finish_position,contradiction
economic_or_replay,market_exposure_limit,3496b04d1407bfa617b8d7e95b3dfc9a,,sports_ranking_finish_position,contradiction
economic_or_replay,market_exposure_limit,3496b04d1407bfa617b8d7e95b3dfc9a,,sports_ranking_finish_position,contradiction
economic_or_replay,market_exposure_limit,3496b04d1407bfa617b8d7e95b3dfc9a,,sports_ranking_finish_position,contradiction
economic_or_replay,market_exposure_limit,3496b04d1407bfa617b8d7e95b3dfc9a,,sports_ranking_finish_position,contradiction
economic_or_replay,market_exposure_limit,3496b04d1407bfa617b8d7e95b3dfc9a,,sports_ranking_finish_position,contradiction
economic_or_replay,market_exposure_limit,3496b04d1407bfa617b8d7e95b3dfc9a,,sports_ranking_finish_position,contradiction
economic_or_replay,market_exposure_limit,3496b04d1407bfa617b8d7e95b3dfc9a,,sports_ranking_finish_position,contradiction
economic_or_replay,market_exposure_limit,3496b04d1407bfa617b8d7e95b3dfc9a,,sports_ranking_finish_position,contradiction
economic_or_replay,market_exposure_limit,3496b04d1407bfa617b8d7e95b3dfc9a,,sports_ranking_finish_position,contradiction
economic_or_replay,market_exposure_limit,3496b04d1407bfa617b8d7e95b3dfc9a,,sports_ranking_finish_position,contradiction
economic_or_replay,market_exposure_limit,3496b04d1407bfa617b8d7e95b3dfc9a,,sports_ranking_finish_position,contradiction
economic_or_replay,market_exposure_limit,3496b04d1407bfa617b8d7e95b3dfc9a,,sports_ranking_finish_position,contradiction
economic_or_replay,market_exposure_limit,3496b04d1407bfa617b8d7e95b3dfc9a,,sports_ranking_finish_position,contradiction
economic_or_replay,market_exposure_limit,3496b04d1407bfa617b8d7e95b3dfc9a,,sports_ranking_finish_position,contradiction
economic_or_replay,market_exposure_limit,3496b04d1407bfa617b8d7e95b3dfc9a,,sports_ranking_finish_position,contradiction
economic_or_replay,market_exposure_limit,3496b04d1407bfa617b8d7e95b3dfc9a,,sports_ranking_finish_position,contradiction
economic_or_replay,market_exposure_limit,3496b04d1407bfa617b8d7e95b3dfc9a,,sports_ranking_finish_position,contradiction
economic_or_replay,market_exposure_limit,3496b04d1407bfa617b8d7e95b3dfc9a,,sports_ranking_finish_position,contradiction
economic_or_replay,market_exposure_limit,3496b04d1407bfa617b8d7e95b3dfc9a,,sports_ranking_finish_position,contradiction
economic_or_replay,market_exposure_limit,3496b04d1407bfa617b8d7e95b3dfc9a,,sports_ranking_finish_position,contradiction
economic_or_replay,market_exposure_limit,3496b04d1407bfa617b8d7e95b3dfc9a,,sports_ranking_finish_position,contradiction
economic_or_replay,market_exposure_limit,3496b04d1407bfa617b8d7e95b3dfc9a,,sports_ranking_finish_position,contradiction
economic_or_replay,market_exposure_limit,3496b04d1407bfa617b8d7e95b3dfc9a,,sports_ranking_finish_position,contradiction
economic_or_replay,market_exposure_limit,3496b04d1407bfa617b8d7e95b3dfc9a,,sports_ranking_finish_position,contradiction
economic_or_replay,market_exposure_limit,3496b04d1407bfa617b8d7e95b3dfc9a,,sports_ranking_finish_position,contradiction
economic_or_replay,market_exposure_limit,3496b04d1407bfa617b8d7e95b3dfc9a,,sports_ranking_finish_position,contradiction
economic_or_replay,market_exposure_limit,3496b04d1407bfa617b8d7e95b3dfc9a,,sports_ranking_finish_position,contradiction
economic_or_replay,market_exposure_limit,3496b04d1407bfa617b8d7e95b3dfc9a,,sports_ranking_finish_position,contradiction
economic_or_replay,market_exposure_limit,3496b04d1407bfa617b8d7e95b3dfc9a,,sports_ranking_finish_position,contradiction
economic_or_replay,market_exposure_limit,3496b04d1407bfa617b8d7e95b3dfc9a,,sports_ranking_finish_position,contradiction
economic_or_replay,market_exposure_limit,3496b04d1407bfa617b8d7e95b3dfc9a,,sports_ranking_finish_position,contradiction
economic_or_replay,market_exposure_limit,3496b04d1407bfa617b8d7e95b3dfc9a,,sports_ranking_finish_position,contradiction
economic_or_replay,market_exposure_limit,3496b04d1407bfa617b8d7e95b3dfc9a,,sports_ranking_finish_position,contradiction
economic_or_replay,market_exposure_limit,3496b04d1407bfa617b8d7e95b3dfc9a,,sports_ranking_finish_position,contradiction
economic_or_replay,market_exposure_limit,3496b04d1407bfa617b8d7e95b3dfc9a,,sports_ranking_finish_position,contradiction
economic_or_replay,market_exposure_limit,3496b04d1407bfa617b8d7e95b3dfc9a,,sports_ranking_finish_position,contradiction
economic_or_replay,market_exposure_limit,3496b04d1407bfa617b8d7e95b3dfc9a,,sports_ranking_finish_position,contradiction
economic_or_replay,market_exposure_limit,3496b04d1407bfa617b8d7e95b3dfc9a,,sports_ranking_finish_position,contradiction
economic_or_replay,market_exposure_limit,3496b04d1407bfa617b8d7e95b3dfc9a,,sports_ranking_finish_position,contradiction
economic_or_replay,market_exposure_limit,3496b04d1407bfa617b8d7e95b3dfc9a,,sports_ranking_finish_position,contradiction
economic_or_replay,market_exposure_limit,3496b04d1407bfa617b8d7e95b3dfc9a,,sports_ranking_finish_position,contradiction
economic_or_replay,market_exposure_limit,3496b04d1407bfa617b8d7e95b3dfc9a,,sports_ranking_finish_position,contradiction
economic_or_replay,market_exposure_limit,3496b04d1407bfa617b8d7e95b3dfc9a,,sports_ranking_finish_position,contradiction
economic_or_replay,market_exposure_limit,3496b04d1407bfa617b8d7e95b3dfc9a,,sports_ranking_finish_position,contradiction
economic_or_replay,market_exposure_limit,3496b04d1407bfa617b8d7e95b3dfc9a,,sports_ranking_finish_position,contradiction
economic_or_replay,market_exposure_limit,3496b04d1407bfa617b8d7e95b3dfc9a,,sports_ranking_finish_position,contradiction
economic_or_replay,market_exposure_limit,3496b04d1407bfa617b8d7e95b3dfc9a,,sports_ranking_finish_position,contradiction
economic_or_replay,market_exposure_limit,3496b04d1407bfa617b8d7e95b3dfc9a,,sports_ranking_finish_position,contradiction
economic_or_replay,market_exposure_limit,3496b04d1407bfa617b8d7e95b3dfc9a,,sports_ranking_finish_position,contradiction
economic_or_replay,market_exposure_limit,3496b04d1407bfa617b8d7e95b3dfc9a,,sports_ranking_finish_position,contradiction
economic_or_replay,market_exposure_limit,3496b04d1407bfa617b8d7e95b3dfc9a,,sports_ranking_finish_position,contradiction
economic_or_replay,market_exposure_limit,3496b04d1407bfa617b8d7e95b3dfc9a,,sports_ranking_finish_position,contradiction
economic_or_replay,market_exposure_limit,3496b04d1407bfa617b8d7e95b3dfc9a,,sports_ranking_finish_position,contradiction
economic_or_replay,market_exposure_limit,3496b04d1407bfa617b8d7e95b3dfc9a,,sports_ranking_finish_position,contradiction
economic_or_replay,market_exposure_limit,3496b04d1407bfa617b8d7e95b3dfc9a,,sports_ranking_finish_position,contradiction
economic_or_replay,market_exposure_limit,3496b04d1407bfa617b8d7e95b3dfc9a,,sports_ranking_finish_position,contradiction
economic_or_replay,market_exposure_limit,3496b04d1407bfa617b8d7e95b3dfc9a,,sports_ranking_finish_position,contradiction
economic_or_replay,market_exposure_limit,3496b04d1407bfa617b8d7e95b3dfc9a,,sports_ranking_finish_position,contradiction
economic_or_replay,market_exposure_limit,3496b04d1407bfa617b8d7e95b3dfc9a,,sports_ranking_finish_position,contradiction
economic_or_replay,market_exposure_limit,3496b04d1407bfa617b8d7e95b3dfc9a,,sports_ranking_finish_position,contradiction
economic_or_replay,market_exposure_limit,3496b04d1407bfa617b8d7e95b3dfc9a,,sports_ranking_finish_position,contradiction
economic_or_replay,market_exposure_limit,3496b04d1407bfa617b8d7e95b3dfc9a,,sports_ranking_finish_position,contradiction
economic_or_replay,market_exposure_limit,3496b04d1407bfa617b8d7e95b3dfc9a,,sports_ranking_finish_position,contradiction
economic_or_replay,market_exposure_limit,3496b04d1407bfa617b8d7e95b3dfc9a,,sports_ranking_finish_position,contradiction
economic_or_replay,market_exposure_limit,3496b04d1407bfa617b8d7e95b3dfc9a,,sports_ranking_finish_position,contradiction
economic_or_replay,market_exposure_limit,3496b04d1407bfa617b8d7e95b3dfc9a,,sports_ranking_finish_position,contradiction
economic_or_replay,market_exposure_limit,3496b04d1407bfa617b8d7e95b3dfc9a,,sports_ranking_finish_position,contradiction
economic_or_replay,market_exposure_limit,3496b04d1407bfa617b8d7e95b3dfc9a,,sports_ranking_finish_position,contradiction
economic_or_replay,market_exposure_limit,3496b04d1407bfa617b8d7e95b3dfc9a,,sports_ranking_finish_position,contradiction
economic_or_replay,market_exposure_limit,3496b04d1407bfa617b8d7e95b3dfc9a,,sports_ranking_finish_position,contradiction
economic_or_replay,market_exposure_limit,3496b04d1407bfa617b8d7e95b3dfc9a,,sports_ranking_finish_position,contradiction
economic_or_replay,market_exposure_limit,3496b04d1407bfa617b8d7e95b3dfc9a,,sports_ranking_finish_position,contradiction
economic_or_replay,market_exposure_limit,3496b04d1407bfa617b8d7e95b3dfc9a,,sports_ranking_finish_position,contradiction
economic_or_replay,market_exposure_limit,3496b04d1407bfa617b8d7e95b3dfc9a,,sports_ranking_finish_position,contradiction
economic_or_replay,market_exposure_limit,3496b04d1407bfa617b8d7e95b3dfc9a,,sports_ranking_finish_position,contradiction
economic_or_replay,market_exposure_limit,3496b04d1407bfa617b8d7e95b3dfc9a,,sports_ranking_finish_position,contradiction
economic_or_replay,market_exposure_limit,3496b04d1407bfa617b8d7e95b3dfc9a,,sports_ranking_finish_position,contradiction
economic_or_replay,market_exposure_limit,3496b04d1407bfa617b8d7e95b3dfc9a,,sports_ranking_finish_position,contradiction
economic_or_replay,market_exposure_limit,3496b04d1407bfa617b8d7e95b3dfc9a,,sports_ranking_finish_position,contradiction
economic_or_replay,market_exposure_limit,3496b04d1407bfa617b8d7e95b3dfc9a,,sports_ranking_finish_position,contradiction
economic_or_replay,market_exposure_limit,3496b04d1407bfa617b8d7e95b3dfc9a,,sports_ranking_finish_position,contradiction
economic_or_replay,market_exposure_limit,3496b04d1407bfa617b8d7e95b3dfc9a,,sports_ranking_finish_position,contradiction
economic_or_replay,market_exposure_limit,3496b04d1407bfa617b8d7e95b3dfc9a,,sports_ranking_finish_position,contradiction
economic_or_replay,market_exposure_limit,3496b04d1407bfa617b8d7e95b3dfc9a,,sports_ranking_finish_position,contradiction
economic_or_replay,market_exposure_limit,3496b04d1407bfa617b8d7e95b3dfc9a,,sports_ranking_finish_position,contradiction
economic_or_replay,market_exposure_limit,3496b04d1407bfa617b8d7e95b3dfc9a,,sports_ranking_finish_position,contradiction
economic_or_replay,market_exposure_limit,3496b04d1407bfa617b8d7e95b3dfc9a,,sports_ranking_finish_position,contradiction
economic_or_replay,market_exposure_limit,3496b04d1407bfa617b8d7e95b3dfc9a,,sports_ranking_finish_position,contradiction
economic_or_replay,market_exposure_limit,3496b04d1407bfa617b8d7e95b3dfc9a,,sports_ranking_finish_position,contradiction
economic_or_replay,market_exposure_limit,3496b04d1407bfa617b8d7e95b3dfc9a,,sports_ranking_finish_position,contradiction
economic_or_replay,market_exposure_limit,3496b04d1407bfa617b8d7e95b3dfc9a,,sports_ranking_finish_position,contradiction
economic_or_replay,market_exposure_limit,3496b04d1407bfa617b8d7e95b3dfc9a,,sports_ranking_finish_position,contradiction
economic_or_replay,market_exposure_limit,3496b04d1407bfa617b8d7e95b3dfc9a,,sports_ranking_finish_position,contradiction
economic_or_replay,market_exposure_limit,3496b04d1407bfa617b8d7e95b3dfc9a,,sports_ranking_finish_position,contradiction
economic_or_replay,market_exposure_limit,3496b04d1407bfa617b8d7e95b3dfc9a,,sports_ranking_finish_position,contradiction
economic_or_replay,market_exposure_limit,3496b04d1407bfa617b8d7e95b3dfc9a,,sports_ranking_finish_position,contradiction
economic_or_replay,market_exposure_limit,3496b04d1407bfa617b8d7e95b3dfc9a,,sports_ranking_finish_position,contradiction
economic_or_replay,market_exposure_limit,3496b04d1407bfa617b8d7e95b3dfc9a,,sports_ranking_finish_position,contradiction
economic_or_replay,market_exposure_limit,3496b04d1407bfa617b8d7e95b3dfc9a,,sports_ranking_finish_position,contradiction
economic_or_replay,market_exposure_limit,3496b04d1407bfa617b8d7e95b3dfc9a,,sports_ranking_finish_position,contradiction
economic_or_replay,market_exposure_limit,3496b04d1407bfa617b8d7e95b3dfc9a,,sports_ranking_finish_position,contradiction
economic_or_replay,market_exposure_limit,3496b04d1407bfa617b8d7e95b3dfc9a,,sports_ranking_finish_position,contradiction
economic_or_replay,market_exposure_limit,3496b04d1407bfa617b8d7e95b3dfc9a,,sports_ranking_finish_position,contradiction
economic_or_replay,market_exposure_limit,3496b04d1407bfa617b8d7e95b3dfc9a,,sports_ranking_finish_position,contradiction
economic_or_replay,market_exposure_limit,3496b04d1407bfa617b8d7e95b3dfc9a,,sports_ranking_finish_position,contradiction
economic_or_replay,market_exposure_limit,3496b04d1407bfa617b8d7e95b3dfc9a,,sports_ranking_finish_position,contradiction
economic_or_replay,market_exposure_limit,3496b04d1407bfa617b8d7e95b3dfc9a,,sports_ranking_finish_position,contradiction
economic_or_replay,market_exposure_limit,3496b04d1407bfa617b8d7e95b3dfc9a,,sports_ranking_finish_position,contradiction
economic_or_replay,market_exposure_limit,3496b04d1407bfa617b8d7e95b3dfc9a,,sports_ranking_finish_position,contradiction
economic_or_replay,market_exposure_limit,3496b04d1407bfa617b8d7e95b3dfc9a,,sports_ranking_finish_position,contradiction
economic_or_replay,market_exposure_limit,3496b04d1407bfa617b8d7e95b3dfc9a,,sports_ranking_finish_position,contradiction
economic_or_replay,market_exposure_limit,3496b04d1407bfa617b8d7e95b3dfc9a,,sports_ranking_finish_position,contradiction
economic_or_replay,market_exposure_limit,3496b04d1407bfa617b8d7e95b3dfc9a,,sports_ranking_finish_position,contradiction
economic_or_replay,market_exposure_limit,3496b04d1407bfa617b8d7e95b3dfc9a,,sports_ranking_finish_position,contradiction
economic_or_replay,market_exposure_limit,3496b04d1407bfa617b8d7e95b3dfc9a,,sports_ranking_finish_position,contradiction
economic_or_replay,market_exposure_limit,3496b04d1407bfa617b8d7e95b3dfc9a,,sports_ranking_finish_position,contradiction
economic_or_replay,market_exposure_limit,3496b04d1407bfa617b8d7e95b3dfc9a,,sports_ranking_finish_position,contradiction
economic_or_replay,market_exposure_limit,3496b04d1407bfa617b8d7e95b3dfc9a,,sports_ranking_finish_position,contradiction
economic_or_replay,market_exposure_limit,3496b04d1407bfa617b8d7e95b3dfc9a,,sports_ranking_finish_position,contradiction
economic_or_replay,market_exposure_limit,3496b04d1407bfa617b8d7e95b3dfc9a,,sports_ranking_finish_position,contradiction
economic_or_replay,market_exposure_limit,3496b04d1407bfa617b8d7e95b3dfc9a,,sports_ranking_finish_position,contradiction
economic_or_replay,market_exposure_limit,3496b04d1407bfa617b8d7e95b3dfc9a,,sports_ranking_finish_position,contradiction
economic_or_replay,market_exposure_limit,3496b04d1407bfa617b8d7e95b3dfc9a,,sports_ranking_finish_position,contradiction
economic_or_replay,market_exposure_limit,3496b04d1407bfa617b8d7e95b3dfc9a,,sports_ranking_finish_position,contradiction
economic_or_replay,market_exposure_limit,3496b04d1407bfa617b8d7e95b3dfc9a,,sports_ranking_finish_position,contradiction
economic_or_replay,market_exposure_limit,3496b04d1407bfa617b8d7e95b3dfc9a,,sports_ranking_finish_position,contradiction
economic_or_replay,market_exposure_limit,3496b04d1407bfa617b8d7e95b3dfc9a,,sports_ranking_finish_position,contradiction
economic_or_replay,market_exposure_limit,3496b04d1407bfa617b8d7e95b3dfc9a,,sports_ranking_finish_position,contradiction
economic_or_replay,market_exposure_limit,3496b04d1407bfa617b8d7e95b3dfc9a,,sports_ranking_finish_position,contradiction
economic_or_replay,market_exposure_limit,3496b04d1407bfa617b8d7e95b3dfc9a,,sports_ranking_finish_position,contradiction
economic_or_replay,market_exposure_limit,3496b04d1407bfa617b8d7e95b3dfc9a,,sports_ranking_finish_position,contradiction
economic_or_replay,market_exposure_limit,3496b04d1407bfa617b8d7e95b3dfc9a,,sports_ranking_finish_position,contradiction
economic_or_replay,market_exposure_limit,3496b04d1407bfa617b8d7e95b3dfc9a,,sports_ranking_finish_position,contradiction
economic_or_replay,market_exposure_limit,3496b04d1407bfa617b8d7e95b3dfc9a,,sports_ranking_finish_position,contradiction
economic_or_replay,market_exposure_limit,3496b04d1407bfa617b8d7e95b3dfc9a,,sports_ranking_finish_position,contradiction
economic_or_replay,market_exposure_limit,3496b04d1407bfa617b8d7e95b3dfc9a,,sports_ranking_finish_position,contradiction
economic_or_replay,market_exposure_limit,3496b04d1407bfa617b8d7e95b3dfc9a,,sports_ranking_finish_position,contradiction
economic_or_replay,market_exposure_limit,3496b04d1407bfa617b8d7e95b3dfc9a,,sports_ranking_finish_position,contradiction
economic_or_replay,market_exposure_limit,3496b04d1407bfa617b8d7e95b3dfc9a,,sports_ranking_finish_position,contradiction
economic_or_replay,market_exposure_limit,3496b04d1407bfa617b8d7e95b3dfc9a,,sports_ranking_finish_position,contradiction
economic_or_replay,market_exposure_limit,3496b04d1407bfa617b8d7e95b3dfc9a,,sports_ranking_finish_position,contradiction
economic_or_replay,market_exposure_limit,3496b04d1407bfa617b8d7e95b3dfc9a,,sports_ranking_finish_position,contradiction
economic_or_replay,market_exposure_limit,3496b04d1407bfa617b8d7e95b3dfc9a,,sports_ranking_finish_position,contradiction
economic_or_replay,market_exposure_limit,3496b04d1407bfa617b8d7e95b3dfc9a,,sports_ranking_finish_position,contradiction
economic_or_replay,market_exposure_limit,3496b04d1407bfa617b8d7e95b3dfc9a,,sports_ranking_finish_position,contradiction
economic_or_replay,market_exposure_limit,3496b04d1407bfa617b8d7e95b3dfc9a,,sports_ranking_finish_position,contradiction
economic_or_replay,market_exposure_limit,3496b04d1407bfa617b8d7e95b3dfc9a,,sports_ranking_finish_position,contradiction
economic_or_replay,market_exposure_limit,3496b04d1407bfa617b8d7e95b3dfc9a,,sports_ranking_finish_position,contradiction
economic_or_replay,market_exposure_limit,3496b04d1407bfa617b8d7e95b3dfc9a,,sports_ranking_finish_position,contradiction
economic_or_replay,market_exposure_limit,3496b04d1407bfa617b8d7e95b3dfc9a,,sports_ranking_finish_position,contradiction
economic_or_replay,market_exposure_limit,3496b04d1407bfa617b8d7e95b3dfc9a,,sports_ranking_finish_position,contradiction
economic_or_replay,market_exposure_limit,3496b04d1407bfa617b8d7e95b3dfc9a,,sports_ranking_finish_position,contradiction
economic_or_replay,market_exposure_limit,3496b04d1407bfa617b8d7e95b3dfc9a,,sports_ranking_finish_position,contradiction
economic_or_replay,market_exposure_limit,3496b04d1407bfa617b8d7e95b3dfc9a,,sports_ranking_finish_position,contradiction
economic_or_replay,market_exposure_limit,3496b04d1407bfa617b8d7e95b3dfc9a,,sports_ranking_finish_position,contradiction
economic_or_replay,market_exposure_limit,3496b04d1407bfa617b8d7e95b3dfc9a,,sports_ranking_finish_position,contradiction
economic_or_replay,market_exposure_limit,3496b04d1407bfa617b8d7e95b3dfc9a,,sports_ranking_finish_position,contradiction
economic_or_replay,market_exposure_limit,3496b04d1407bfa617b8d7e95b3dfc9a,,sports_ranking_finish_position,contradiction
economic_or_replay,market_exposure_limit,3496b04d1407bfa617b8d7e95b3dfc9a,,sports_ranking_finish_position,contradiction
economic_or_replay,market_exposure_limit,3496b04d1407bfa617b8d7e95b3dfc9a,,sports_ranking_finish_position,contradiction
economic_or_replay,market_exposure_limit,3496b04d1407bfa617b8d7e95b3dfc9a,,sports_ranking_finish_position,contradiction
economic_or_replay,market_exposure_limit,3496b04d1407bfa617b8d7e95b3dfc9a,,sports_ranking_finish_position,contradiction
economic_or_replay,market_exposure_limit,3496b04d1407bfa617b8d7e95b3dfc9a,,sports_ranking_finish_position,contradiction
economic_or_replay,market_exposure_limit,3496b04d1407bfa617b8d7e95b3dfc9a,,sports_ranking_finish_position,contradiction
economic_or_replay,market_exposure_limit,3496b04d1407bfa617b8d7e95b3dfc9a,,sports_ranking_finish_position,contradiction
economic_or_replay,market_exposure_limit,3496b04d1407bfa617b8d7e95b3dfc9a,,sports_ranking_finish_position,contradiction
economic_or_replay,market_exposure_limit,3496b04d1407bfa617b8d7e95b3dfc9a,,sports_ranking_finish_position,contradiction
economic_or_replay,market_exposure_limit,3496b04d1407bfa617b8d7e95b3dfc9a,,sports_ranking_finish_position,contradiction
economic_or_replay,market_exposure_limit,3496b04d1407bfa617b8d7e95b3dfc9a,,sports_ranking_finish_position,contradiction
economic_or_replay,market_exposure_limit,3496b04d1407bfa617b8d7e95b3dfc9a,,sports_ranking_finish_position,contradiction
economic_or_replay,market_exposure_limit,3496b04d1407bfa617b8d7e95b3dfc9a,,sports_ranking_finish_position,contradiction
economic_or_replay,market_exposure_limit,3496b04d1407bfa617b8d7e95b3dfc9a,,sports_ranking_finish_position,contradiction
economic_or_replay,market_exposure_limit,3496b04d1407bfa617b8d7e95b3dfc9a,,sports_ranking_finish_position,contradiction
economic_or_replay,market_exposure_limit,3496b04d1407bfa617b8d7e95b3dfc9a,,sports_ranking_finish_position,contradiction
economic_or_replay,market_exposure_limit,3496b04d1407bfa617b8d7e95b3dfc9a,,sports_ranking_finish_position,contradiction
economic_or_replay,market_exposure_limit,3496b04d1407bfa617b8d7e95b3dfc9a,,sports_ranking_finish_position,contradiction
economic_or_replay,market_exposure_limit,3496b04d1407bfa617b8d7e95b3dfc9a,,sports_ranking_finish_position,contradiction
economic_or_replay,market_exposure_limit,3496b04d1407bfa617b8d7e95b3dfc9a,,sports_ranking_finish_position,contradiction
economic_or_replay,market_exposure_limit,3496b04d1407bfa617b8d7e95b3dfc9a,,sports_ranking_finish_position,contradiction
economic_or_replay,market_exposure_limit,3496b04d1407bfa617b8d7e95b3dfc9a,,sports_ranking_finish_position,contradiction
economic_or_replay,market_exposure_limit,3496b04d1407bfa617b8d7e95b3dfc9a,,sports_ranking_finish_position,contradiction
economic_or_replay,market_exposure_limit,3496b04d1407bfa617b8d7e95b3dfc9a,,sports_ranking_finish_position,contradiction
economic_or_replay,market_exposure_limit,3496b04d1407bfa617b8d7e95b3dfc9a,,sports_ranking_finish_position,contradiction
economic_or_replay,market_exposure_limit,3496b04d1407bfa617b8d7e95b3dfc9a,,sports_ranking_finish_position,contradiction
economic_or_replay,market_exposure_limit,3496b04d1407bfa617b8d7e95b3dfc9a,,sports_ranking_finish_position,contradiction
economic_or_replay,market_exposure_limit,3496b04d1407bfa617b8d7e95b3dfc9a,,sports_ranking_finish_position,contradiction
economic_or_replay,market_exposure_limit,3496b04d1407bfa617b8d7e95b3dfc9a,,sports_ranking_finish_position,contradiction
economic_or_replay,market_exposure_limit,3496b04d1407bfa617b8d7e95b3dfc9a,,sports_ranking_finish_position,contradiction
economic_or_replay,market_exposure_limit,3496b04d1407bfa617b8d7e95b3dfc9a,,sports_ranking_finish_position,contradiction
economic_or_replay,market_exposure_limit,3496b04d1407bfa617b8d7e95b3dfc9a,,sports_ranking_finish_position,contradiction
economic_or_replay,market_exposure_limit,3496b04d1407bfa617b8d7e95b3dfc9a,,sports_ranking_finish_position,contradiction
economic_or_replay,market_exposure_limit,3496b04d1407bfa617b8d7e95b3dfc9a,,sports_ranking_finish_position,contradiction
economic_or_replay,market_exposure_limit,3496b04d1407bfa617b8d7e95b3dfc9a,,sports_ranking_finish_position,contradiction
economic_or_replay,market_exposure_limit,3496b04d1407bfa617b8d7e95b3dfc9a,,sports_ranking_finish_position,contradiction
economic_or_replay,market_exposure_limit,3496b04d1407bfa617b8d7e95b3dfc9a,,sports_ranking_finish_position,contradiction
economic_or_replay,market_exposure_limit,3496b04d1407bfa617b8d7e95b3dfc9a,,sports_ranking_finish_position,contradiction
economic_or_replay,market_exposure_limit,3496b04d1407bfa617b8d7e95b3dfc9a,,sports_ranking_finish_position,contradiction
economic_or_replay,market_exposure_limit,3496b04d1407bfa617b8d7e95b3dfc9a,,sports_ranking_finish_position,contradiction
economic_or_replay,market_exposure_limit,3496b04d1407bfa617b8d7e95b3dfc9a,,sports_ranking_finish_position,contradiction
economic_or_replay,market_exposure_limit,3496b04d1407bfa617b8d7e95b3dfc9a,,sports_ranking_finish_position,contradiction
economic_or_replay,market_exposure_limit,3496b04d1407bfa617b8d7e95b3dfc9a,,sports_ranking_finish_position,contradiction
economic_or_replay,market_exposure_limit,3496b04d1407bfa617b8d7e95b3dfc9a,,sports_ranking_finish_position,contradiction
economic_or_replay,market_exposure_limit,3496b04d1407bfa617b8d7e95b3dfc9a,,sports_ranking_finish_position,contradiction
economic_or_replay,market_exposure_limit,3496b04d1407bfa617b8d7e95b3dfc9a,,sports_ranking_finish_position,contradiction
economic_or_replay,market_exposure_limit,3496b04d1407bfa617b8d7e95b3dfc9a,,sports_ranking_finish_position,contradiction
economic_or_replay,market_exposure_limit,3496b04d1407bfa617b8d7e95b3dfc9a,,sports_ranking_finish_position,contradiction
economic_or_replay,market_exposure_limit,3496b04d1407bfa617b8d7e95b3dfc9a,,sports_ranking_finish_position,contradiction
economic_or_replay,market_exposure_limit,3496b04d1407bfa617b8d7e95b3dfc9a,,sports_ranking_finish_position,contradiction
economic_or_replay,market_exposure_limit,3496b04d1407bfa617b8d7e95b3dfc9a,,sports_ranking_finish_position,contradiction
economic_or_replay,market_exposure_limit,3496b04d1407bfa617b8d7e95b3dfc9a,,sports_ranking_finish_position,contradiction
economic_or_replay,market_exposure_limit,3496b04d1407bfa617b8d7e95b3dfc9a,,sports_ranking_finish_position,contradiction
economic_or_replay,market_exposure_limit,3496b04d1407bfa617b8d7e95b3dfc9a,,sports_ranking_finish_position,contradiction
economic_or_replay,market_exposure_limit,3496b04d1407bfa617b8d7e95b3dfc9a,,sports_ranking_finish_position,contradiction
economic_or_replay,market_exposure_limit,3496b04d1407bfa617b8d7e95b3dfc9a,,sports_ranking_finish_position,contradiction
economic_or_replay,market_exposure_limit,3496b04d1407bfa617b8d7e95b3dfc9a,,sports_ranking_finish_position,contradiction
economic_or_replay,market_exposure_limit,3496b04d1407bfa617b8d7e95b3dfc9a,,sports_ranking_finish_position,contradiction
economic_or_replay,market_exposure_limit,3496b04d1407bfa617b8d7e95b3dfc9a,,sports_ranking_finish_position,contradiction
economic_or_replay,market_exposure_limit,3496b04d1407bfa617b8d7e95b3dfc9a,,sports_ranking_finish_position,contradiction
economic_or_replay,market_exposure_limit,3496b04d1407bfa617b8d7e95b3dfc9a,,sports_ranking_finish_position,contradiction
economic_or_replay,market_exposure_limit,3496b04d1407bfa617b8d7e95b3dfc9a,,sports_ranking_finish_position,contradiction
economic_or_replay,market_exposure_limit,3496b04d1407bfa617b8d7e95b3dfc9a,,sports_ranking_finish_position,contradiction
economic_or_replay,market_exposure_limit,3496b04d1407bfa617b8d7e95b3dfc9a,,sports_ranking_finish_position,contradiction
economic_or_replay,market_exposure_limit,3496b04d1407bfa617b8d7e95b3dfc9a,,sports_ranking_finish_position,contradiction
economic_or_replay,market_exposure_limit,3496b04d1407bfa617b8d7e95b3dfc9a,,sports_ranking_finish_position,contradiction
economic_or_replay,market_exposure_limit,3496b04d1407bfa617b8d7e95b3dfc9a,,sports_ranking_finish_position,contradiction
economic_or_replay,market_exposure_limit,3496b04d1407bfa617b8d7e95b3dfc9a,,sports_ranking_finish_position,contradiction
economic_or_replay,market_exposure_limit,3496b04d1407bfa617b8d7e95b3dfc9a,,sports_ranking_finish_position,contradiction
economic_or_replay,market_exposure_limit,3496b04d1407bfa617b8d7e95b3dfc9a,,sports_ranking_finish_position,contradiction
economic_or_replay,market_exposure_limit,3496b04d1407bfa617b8d7e95b3dfc9a,,sports_ranking_finish_position,contradiction
economic_or_replay,market_exposure_limit,3496b04d1407bfa617b8d7e95b3dfc9a,,sports_ranking_finish_position,contradiction
economic_or_replay,market_exposure_limit,3496b04d1407bfa617b8d7e95b3dfc9a,,sports_ranking_finish_position,contradiction
economic_or_replay,market_exposure_limit,3496b04d1407bfa617b8d7e95b3dfc9a,,sports_ranking_finish_position,contradiction
economic_or_replay,market_exposure_limit,3496b04d1407bfa617b8d7e95b3dfc9a,,sports_ranking_finish_position,contradiction
economic_or_replay,market_exposure_limit,3496b04d1407bfa617b8d7e95b3dfc9a,,sports_ranking_finish_position,contradiction
economic_or_replay,market_exposure_limit,3496b04d1407bfa617b8d7e95b3dfc9a,,sports_ranking_finish_position,contradiction
economic_or_replay,market_exposure_limit,3496b04d1407bfa617b8d7e95b3dfc9a,,sports_ranking_finish_position,contradiction
economic_or_replay,market_exposure_limit,3496b04d1407bfa617b8d7e95b3dfc9a,,sports_ranking_finish_position,contradiction
economic_or_replay,market_exposure_limit,3496b04d1407bfa617b8d7e95b3dfc9a,,sports_ranking_finish_position,contradiction
economic_or_replay,market_exposure_limit,3496b04d1407bfa617b8d7e95b3dfc9a,,sports_ranking_finish_position,contradiction
economic_or_replay,market_exposure_limit,3496b04d1407bfa617b8d7e95b3dfc9a,,sports_ranking_finish_position,contradiction
economic_or_replay,market_exposure_limit,3496b04d1407bfa617b8d7e95b3dfc9a,,sports_ranking_finish_position,contradiction
economic_or_replay,market_exposure_limit,3496b04d1407bfa617b8d7e95b3dfc9a,,sports_ranking_finish_position,contradiction
economic_or_replay,market_exposure_limit,3496b04d1407bfa617b8d7e95b3dfc9a,,sports_ranking_finish_position,contradiction
economic_or_replay,market_exposure_limit,3496b04d1407bfa617b8d7e95b3dfc9a,,sports_ranking_finish_position,contradiction
economic_or_replay,market_exposure_limit,3496b04d1407bfa617b8d7e95b3dfc9a,,sports_ranking_finish_position,contradiction
economic_or_replay,market_exposure_limit,3496b04d1407bfa617b8d7e95b3dfc9a,,sports_ranking_finish_position,contradiction
economic_or_replay,market_exposure_limit,3496b04d1407bfa617b8d7e95b3dfc9a,,sports_ranking_finish_position,contradiction
economic_or_replay,market_exposure_limit,3496b04d1407bfa617b8d7e95b3dfc9a,,sports_ranking_finish_position,contradiction
economic_or_replay,market_exposure_limit,3496b04d1407bfa617b8d7e95b3dfc9a,,sports_ranking_finish_position,contradiction
economic_or_replay,market_exposure_limit,3496b04d1407bfa617b8d7e95b3dfc9a,,sports_ranking_finish_position,contradiction
economic_or_replay,market_exposure_limit,3496b04d1407bfa617b8d7e95b3dfc9a,,sports_ranking_finish_position,contradiction
economic_or_replay,market_exposure_limit,3496b04d1407bfa617b8d7e95b3dfc9a,,sports_ranking_finish_position,contradiction
economic_or_replay,market_exposure_limit,3496b04d1407bfa617b8d7e95b3dfc9a,,sports_ranking_finish_position,contradiction
economic_or_replay,market_exposure_limit,3496b04d1407bfa617b8d7e95b3dfc9a,,sports_ranking_finish_position,contradiction
economic_or_replay,market_exposure_limit,3496b04d1407bfa617b8d7e95b3dfc9a,,sports_ranking_finish_position,contradiction
economic_or_replay,market_exposure_limit,3496b04d1407bfa617b8d7e95b3dfc9a,,sports_ranking_finish_position,contradiction
economic_or_replay,market_exposure_limit,3496b04d1407bfa617b8d7e95b3dfc9a,,sports_ranking_finish_position,contradiction
economic_or_replay,market_exposure_limit,3496b04d1407bfa617b8d7e95b3dfc9a,,sports_ranking_finish_position,contradiction
economic_or_replay,market_exposure_limit,3496b04d1407bfa617b8d7e95b3dfc9a,,sports_ranking_finish_position,contradiction
economic_or_replay,market_exposure_limit,3496b04d1407bfa617b8d7e95b3dfc9a,,sports_ranking_finish_position,contradiction
economic_or_replay,market_exposure_limit,3496b04d1407bfa617b8d7e95b3dfc9a,,sports_ranking_finish_position,contradiction
economic_or_replay,market_exposure_limit,3496b04d1407bfa617b8d7e95b3dfc9a,,sports_ranking_finish_position,contradiction
economic_or_replay,market_exposure_limit,3496b04d1407bfa617b8d7e95b3dfc9a,,sports_ranking_finish_position,contradiction
economic_or_replay,market_exposure_limit,3496b04d1407bfa617b8d7e95b3dfc9a,,sports_ranking_finish_position,contradiction
economic_or_replay,market_exposure_limit,3496b04d1407bfa617b8d7e95b3dfc9a,,sports_ranking_finish_position,contradiction
economic_or_replay,market_exposure_limit,3496b04d1407bfa617b8d7e95b3dfc9a,,sports_ranking_finish_position,contradiction
economic_or_replay,market_exposure_limit,3496b04d1407bfa617b8d7e95b3dfc9a,,sports_ranking_finish_position,contradiction
economic_or_replay,market_exposure_limit,3496b04d1407bfa617b8d7e95b3dfc9a,,sports_ranking_finish_position,contradiction
economic_or_replay,market_exposure_limit,3496b04d1407bfa617b8d7e95b3dfc9a,,sports_ranking_finish_position,contradiction
economic_or_replay,market_exposure_limit,3496b04d1407bfa617b8d7e95b3dfc9a,,sports_ranking_finish_position,contradiction
economic_or_replay,market_exposure_limit,3496b04d1407bfa617b8d7e95b3dfc9a,,sports_ranking_finish_position,contradiction
economic_or_replay,market_exposure_limit,3496b04d1407bfa617b8d7e95b3dfc9a,,sports_ranking_finish_position,contradiction
economic_or_replay,market_exposure_limit,3496b04d1407bfa617b8d7e95b3dfc9a,,sports_ranking_finish_position,contradiction
economic_or_replay,market_exposure_limit,3496b04d1407bfa617b8d7e95b3dfc9a,,sports_ranking_finish_position,contradiction
economic_or_replay,market_exposure_limit,3496b04d1407bfa617b8d7e95b3dfc9a,,sports_ranking_finish_position,contradiction
economic_or_replay,market_exposure_limit,3496b04d1407bfa617b8d7e95b3dfc9a,,sports_ranking_finish_position,contradiction
economic_or_replay,market_exposure_limit,3496b04d1407bfa617b8d7e95b3dfc9a,,sports_ranking_finish_position,contradiction
economic_or_replay,market_exposure_limit,3496b04d1407bfa617b8d7e95b3dfc9a,,sports_ranking_finish_position,contradiction
economic_or_replay,market_exposure_limit,3496b04d1407bfa617b8d7e95b3dfc9a,,sports_ranking_finish_position,contradiction
economic_or_replay,market_exposure_limit,3496b04d1407bfa617b8d7e95b3dfc9a,,sports_ranking_finish_position,contradiction
economic_or_replay,market_exposure_limit,3496b04d1407bfa617b8d7e95b3dfc9a,,sports_ranking_finish_position,contradiction
economic_or_replay,market_exposure_limit,3496b04d1407bfa617b8d7e95b3dfc9a,,sports_ranking_finish_position,contradiction
economic_or_replay,market_exposure_limit,3496b04d1407bfa617b8d7e95b3dfc9a,,sports_ranking_finish_position,contradiction
economic_or_replay,market_exposure_limit,3496b04d1407bfa617b8d7e95b3dfc9a,,sports_ranking_finish_position,contradiction
economic_or_replay,market_exposure_limit,3496b04d1407bfa617b8d7e95b3dfc9a,,sports_ranking_finish_position,contradiction
economic_or_replay,market_exposure_limit,3496b04d1407bfa617b8d7e95b3dfc9a,,sports_ranking_finish_position,contradiction
economic_or_replay,market_exposure_limit,3496b04d1407bfa617b8d7e95b3dfc9a,,sports_ranking_finish_position,contradiction
economic_or_replay,market_exposure_limit,3496b04d1407bfa617b8d7e95b3dfc9a,,sports_ranking_finish_position,contradiction
economic_or_replay,market_exposure_limit,3496b04d1407bfa617b8d7e95b3dfc9a,,sports_ranking_finish_position,contradiction
economic_or_replay,market_exposure_limit,3496b04d1407bfa617b8d7e95b3dfc9a,,sports_ranking_finish_position,contradiction
economic_or_replay,market_exposure_limit,3496b04d1407bfa617b8d7e95b3dfc9a,,sports_ranking_finish_position,contradiction
economic_or_replay,market_exposure_limit,3496b04d1407bfa617b8d7e95b3dfc9a,,sports_ranking_finish_position,contradiction
economic_or_replay,market_exposure_limit,3496b04d1407bfa617b8d7e95b3dfc9a,,sports_ranking_finish_position,contradiction
economic_or_replay,market_exposure_limit,3496b04d1407bfa617b8d7e95b3dfc9a,,sports_ranking_finish_position,contradiction
economic_or_replay,market_exposure_limit,3496b04d1407bfa617b8d7e95b3dfc9a,,sports_ranking_finish_position,contradiction
economic_or_replay,market_exposure_limit,3496b04d1407bfa617b8d7e95b3dfc9a,,sports_ranking_finish_position,contradiction
economic_or_replay,market_exposure_limit,3496b04d1407bfa617b8d7e95b3dfc9a,,sports_ranking_finish_position,contradiction
economic_or_replay,market_exposure_limit,3496b04d1407bfa617b8d7e95b3dfc9a,,sports_ranking_finish_position,contradiction
economic_or_replay,market_exposure_limit,3496b04d1407bfa617b8d7e95b3dfc9a,,sports_ranking_finish_position,contradiction
economic_or_replay,market_exposure_limit,3496b04d1407bfa617b8d7e95b3dfc9a,,sports_ranking_finish_position,contradiction
economic_or_replay,market_exposure_limit,3496b04d1407bfa617b8d7e95b3dfc9a,,sports_ranking_finish_position,contradiction
economic_or_replay,market_exposure_limit,3496b04d1407bfa617b8d7e95b3dfc9a,,sports_ranking_finish_position,contradiction
economic_or_replay,market_exposure_limit,3496b04d1407bfa617b8d7e95b3dfc9a,,sports_ranking_finish_position,contradiction
economic_or_replay,market_exposure_limit,3496b04d1407bfa617b8d7e95b3dfc9a,,sports_ranking_finish_position,contradiction
economic_or_replay,market_exposure_limit,3496b04d1407bfa617b8d7e95b3dfc9a,,sports_ranking_finish_position,contradiction
economic_or_replay,market_exposure_limit,3496b04d1407bfa617b8d7e95b3dfc9a,,sports_ranking_finish_position,contradiction
economic_or_replay,market_exposure_limit,3496b04d1407bfa617b8d7e95b3dfc9a,,sports_ranking_finish_position,contradiction
economic_or_replay,market_exposure_limit,3496b04d1407bfa617b8d7e95b3dfc9a,,sports_ranking_finish_position,contradiction
economic_or_replay,market_exposure_limit,3496b04d1407bfa617b8d7e95b3dfc9a,,sports_ranking_finish_position,contradiction
economic_or_replay,market_exposure_limit,3496b04d1407bfa617b8d7e95b3dfc9a,,sports_ranking_finish_position,contradiction
economic_or_replay,market_exposure_limit,3496b04d1407bfa617b8d7e95b3dfc9a,,sports_ranking_finish_position,contradiction
economic_or_replay,market_exposure_limit,3496b04d1407bfa617b8d7e95b3dfc9a,,sports_ranking_finish_position,contradiction
economic_or_replay,market_exposure_limit,3496b04d1407bfa617b8d7e95b3dfc9a,,sports_ranking_finish_position,contradiction
economic_or_replay,market_exposure_limit,3496b04d1407bfa617b8d7e95b3dfc9a,,sports_ranking_finish_position,contradiction
economic_or_replay,market_exposure_limit,3496b04d1407bfa617b8d7e95b3dfc9a,,sports_ranking_finish_position,contradiction
economic_or_replay,market_exposure_limit,3496b04d1407bfa617b8d7e95b3dfc9a,,sports_ranking_finish_position,contradiction
economic_or_replay,market_exposure_limit,3496b04d1407bfa617b8d7e95b3dfc9a,,sports_ranking_finish_position,contradiction
economic_or_replay,market_exposure_limit,3496b04d1407bfa617b8d7e95b3dfc9a,,sports_ranking_finish_position,contradiction
economic_or_replay,market_exposure_limit,3496b04d1407bfa617b8d7e95b3dfc9a,,sports_ranking_finish_position,contradiction
economic_or_replay,market_exposure_limit,3496b04d1407bfa617b8d7e95b3dfc9a,,sports_ranking_finish_position,contradiction
economic_or_replay,market_exposure_limit,3496b04d1407bfa617b8d7e95b3dfc9a,,sports_ranking_finish_position,contradiction
economic_or_replay,market_exposure_limit,3496b04d1407bfa617b8d7e95b3dfc9a,,sports_ranking_finish_position,contradiction
economic_or_replay,market_exposure_limit,3496b04d1407bfa617b8d7e95b3dfc9a,,sports_ranking_finish_position,contradiction
economic_or_replay,market_exposure_limit,3496b04d1407bfa617b8d7e95b3dfc9a,,sports_ranking_finish_position,contradiction
economic_or_replay,market_exposure_limit,3496b04d1407bfa617b8d7e95b3dfc9a,,sports_ranking_finish_position,contradiction
economic_or_replay,market_exposure_limit,3496b04d1407bfa617b8d7e95b3dfc9a,,sports_ranking_finish_position,contradiction
economic_or_replay,market_exposure_limit,3496b04d1407bfa617b8d7e95b3dfc9a,,sports_ranking_finish_position,contradiction
economic_or_replay,market_exposure_limit,3496b04d1407bfa617b8d7e95b3dfc9a,,sports_ranking_finish_position,contradiction
economic_or_replay,market_exposure_limit,3496b04d1407bfa617b8d7e95b3dfc9a,,sports_ranking_finish_position,contradiction
economic_or_replay,market_exposure_limit,3496b04d1407bfa617b8d7e95b3dfc9a,,sports_ranking_finish_position,contradiction
economic_or_replay,market_exposure_limit,3496b04d1407bfa617b8d7e95b3dfc9a,,sports_ranking_finish_position,contradiction
economic_or_replay,market_exposure_limit,3496b04d1407bfa617b8d7e95b3dfc9a,,sports_ranking_finish_position,contradiction
economic_or_replay,market_exposure_limit,3496b04d1407bfa617b8d7e95b3dfc9a,,sports_ranking_finish_position,contradiction
economic_or_replay,market_exposure_limit,3496b04d1407bfa617b8d7e95b3dfc9a,,sports_ranking_finish_position,contradiction
economic_or_replay,market_exposure_limit,3496b04d1407bfa617b8d7e95b3dfc9a,,sports_ranking_finish_position,contradiction
economic_or_replay,market_exposure_limit,3496b04d1407bfa617b8d7e95b3dfc9a,,sports_ranking_finish_position,contradiction
economic_or_replay,market_exposure_limit,3496b04d1407bfa617b8d7e95b3dfc9a,,sports_ranking_finish_position,contradiction
economic_or_replay,market_exposure_limit,3496b04d1407bfa617b8d7e95b3dfc9a,,sports_ranking_finish_position,contradiction
economic_or_replay,market_exposure_limit,3496b04d1407bfa617b8d7e95b3dfc9a,,sports_ranking_finish_position,contradiction
economic_or_replay,market_exposure_limit,3496b04d1407bfa617b8d7e95b3dfc9a,,sports_ranking_finish_position,contradiction
economic_or_replay,market_exposure_limit,3496b04d1407bfa617b8d7e95b3dfc9a,,sports_ranking_finish_position,contradiction
economic_or_replay,market_exposure_limit,3496b04d1407bfa617b8d7e95b3dfc9a,,sports_ranking_finish_position,contradiction
economic_or_replay,market_exposure_limit,3496b04d1407bfa617b8d7e95b3dfc9a,,sports_ranking_finish_position,contradiction
economic_or_replay,market_exposure_limit,3496b04d1407bfa617b8d7e95b3dfc9a,,sports_ranking_finish_position,contradiction
economic_or_replay,market_exposure_limit,3496b04d1407bfa617b8d7e95b3dfc9a,,sports_ranking_finish_position,contradiction
economic_or_replay,market_exposure_limit,3496b04d1407bfa617b8d7e95b3dfc9a,,sports_ranking_finish_position,contradiction
economic_or_replay,market_exposure_limit,3496b04d1407bfa617b8d7e95b3dfc9a,,sports_ranking_finish_position,contradiction
economic_or_replay,market_exposure_limit,3496b04d1407bfa617b8d7e95b3dfc9a,,sports_ranking_finish_position,contradiction
economic_or_replay,market_exposure_limit,3496b04d1407bfa617b8d7e95b3dfc9a,,sports_ranking_finish_position,contradiction
economic_or_replay,market_exposure_limit,3496b04d1407bfa617b8d7e95b3dfc9a,,sports_ranking_finish_position,contradiction
economic_or_replay,market_exposure_limit,3496b04d1407bfa617b8d7e95b3dfc9a,,sports_ranking_finish_position,contradiction
economic_or_replay,market_exposure_limit,3496b04d1407bfa617b8d7e95b3dfc9a,,sports_ranking_finish_position,contradiction
economic_or_replay,market_exposure_limit,3496b04d1407bfa617b8d7e95b3dfc9a,,sports_ranking_finish_position,contradiction
economic_or_replay,market_exposure_limit,3496b04d1407bfa617b8d7e95b3dfc9a,,sports_ranking_finish_position,contradiction
economic_or_replay,market_exposure_limit,3496b04d1407bfa617b8d7e95b3dfc9a,,sports_ranking_finish_position,contradiction
economic_or_replay,market_exposure_limit,3496b04d1407bfa617b8d7e95b3dfc9a,,sports_ranking_finish_position,contradiction
economic_or_replay,market_exposure_limit,3496b04d1407bfa617b8d7e95b3dfc9a,,sports_ranking_finish_position,contradiction
economic_or_replay,market_exposure_limit,3496b04d1407bfa617b8d7e95b3dfc9a,,sports_ranking_finish_position,contradiction
economic_or_replay,market_exposure_limit,3496b04d1407bfa617b8d7e95b3dfc9a,,sports_ranking_finish_position,contradiction
economic_or_replay,market_exposure_limit,3496b04d1407bfa617b8d7e95b3dfc9a,,sports_ranking_finish_position,contradiction
economic_or_replay,market_exposure_limit,3496b04d1407bfa617b8d7e95b3dfc9a,,sports_ranking_finish_position,contradiction
economic_or_replay,market_exposure_limit,3496b04d1407bfa617b8d7e95b3dfc9a,,sports_ranking_finish_position,contradiction
economic_or_replay,market_exposure_limit,3496b04d1407bfa617b8d7e95b3dfc9a,,sports_ranking_finish_position,contradiction
economic_or_replay,market_exposure_limit,3496b04d1407bfa617b8d7e95b3dfc9a,,sports_ranking_finish_position,contradiction
economic_or_replay,market_exposure_limit,3496b04d1407bfa617b8d7e95b3dfc9a,,sports_ranking_finish_position,contradiction
economic_or_replay,market_exposure_limit,3496b04d1407bfa617b8d7e95b3dfc9a,,sports_ranking_finish_position,contradiction
economic_or_replay,market_exposure_limit,3496b04d1407bfa617b8d7e95b3dfc9a,,sports_ranking_finish_position,contradiction
economic_or_replay,market_exposure_limit,3496b04d1407bfa617b8d7e95b3dfc9a,,sports_ranking_finish_position,contradiction
economic_or_replay,market_exposure_limit,3496b04d1407bfa617b8d7e95b3dfc9a,,sports_ranking_finish_position,contradiction
economic_or_replay,market_exposure_limit,3496b04d1407bfa617b8d7e95b3dfc9a,,sports_ranking_finish_position,contradiction
economic_or_replay,market_exposure_limit,3496b04d1407bfa617b8d7e95b3dfc9a,,sports_ranking_finish_position,contradiction
economic_or_replay,market_exposure_limit,3496b04d1407bfa617b8d7e95b3dfc9a,,sports_ranking_finish_position,contradiction
economic_or_replay,market_exposure_limit,3496b04d1407bfa617b8d7e95b3dfc9a,,sports_ranking_finish_position,contradiction
economic_or_replay,market_exposure_limit,3496b04d1407bfa617b8d7e95b3dfc9a,,sports_ranking_finish_position,contradiction
economic_or_replay,market_exposure_limit,3496b04d1407bfa617b8d7e95b3dfc9a,,sports_ranking_finish_position,contradiction
economic_or_replay,market_exposure_limit,3496b04d1407bfa617b8d7e95b3dfc9a,,sports_ranking_finish_position,contradiction
economic_or_replay,market_exposure_limit,3496b04d1407bfa617b8d7e95b3dfc9a,,sports_ranking_finish_position,contradiction
economic_or_replay,market_exposure_limit,3496b04d1407bfa617b8d7e95b3dfc9a,,sports_ranking_finish_position,contradiction
economic_or_replay,market_exposure_limit,3496b04d1407bfa617b8d7e95b3dfc9a,,sports_ranking_finish_position,contradiction
economic_or_replay,market_exposure_limit,3496b04d1407bfa617b8d7e95b3dfc9a,,sports_ranking_finish_position,contradiction
economic_or_replay,market_exposure_limit,3496b04d1407bfa617b8d7e95b3dfc9a,,sports_ranking_finish_position,contradiction
economic_or_replay,market_exposure_limit,3496b04d1407bfa617b8d7e95b3dfc9a,,sports_ranking_finish_position,contradiction
economic_or_replay,market_exposure_limit,3496b04d1407bfa617b8d7e95b3dfc9a,,sports_ranking_finish_position,contradiction
economic_or_replay,market_exposure_limit,3496b04d1407bfa617b8d7e95b3dfc9a,,sports_ranking_finish_position,contradiction
economic_or_replay,market_exposure_limit,3496b04d1407bfa617b8d7e95b3dfc9a,,sports_ranking_finish_position,contradiction
economic_or_replay,market_exposure_limit,3496b04d1407bfa617b8d7e95b3dfc9a,,sports_ranking_finish_position,contradiction
economic_or_replay,market_exposure_limit,3496b04d1407bfa617b8d7e95b3dfc9a,,sports_ranking_finish_position,contradiction
economic_or_replay,market_exposure_limit,3496b04d1407bfa617b8d7e95b3dfc9a,,sports_ranking_finish_position,contradiction
economic_or_replay,market_exposure_limit,3496b04d1407bfa617b8d7e95b3dfc9a,,sports_ranking_finish_position,contradiction
economic_or_replay,market_exposure_limit,3496b04d1407bfa617b8d7e95b3dfc9a,,sports_ranking_finish_position,contradiction
economic_or_replay,market_exposure_limit,3496b04d1407bfa617b8d7e95b3dfc9a,,sports_ranking_finish_position,contradiction
economic_or_replay,market_exposure_limit,3496b04d1407bfa617b8d7e95b3dfc9a,,sports_ranking_finish_position,contradiction
economic_or_replay,market_exposure_limit,3496b04d1407bfa617b8d7e95b3dfc9a,,sports_ranking_finish_position,contradiction
economic_or_replay,market_exposure_limit,3496b04d1407bfa617b8d7e95b3dfc9a,,sports_ranking_finish_position,contradiction
economic_or_replay,market_exposure_limit,3496b04d1407bfa617b8d7e95b3dfc9a,,sports_ranking_finish_position,contradiction
economic_or_replay,market_exposure_limit,3496b04d1407bfa617b8d7e95b3dfc9a,,sports_ranking_finish_position,contradiction
economic_or_replay,market_exposure_limit,3496b04d1407bfa617b8d7e95b3dfc9a,,sports_ranking_finish_position,contradiction
economic_or_replay,market_exposure_limit,3496b04d1407bfa617b8d7e95b3dfc9a,,sports_ranking_finish_position,contradiction
economic_or_replay,market_exposure_limit,3496b04d1407bfa617b8d7e95b3dfc9a,,sports_ranking_finish_position,contradiction
economic_or_replay,market_exposure_limit,3496b04d1407bfa617b8d7e95b3dfc9a,,sports_ranking_finish_position,contradiction
economic_or_replay,market_exposure_limit,3496b04d1407bfa617b8d7e95b3dfc9a,,sports_ranking_finish_position,contradiction
economic_or_replay,market_exposure_limit,3496b04d1407bfa617b8d7e95b3dfc9a,,sports_ranking_finish_position,contradiction
economic_or_replay,market_exposure_limit,3496b04d1407bfa617b8d7e95b3dfc9a,,sports_ranking_finish_position,contradiction
economic_or_replay,market_exposure_limit,3496b04d1407bfa617b8d7e95b3dfc9a,,sports_ranking_finish_position,contradiction
economic_or_replay,market_exposure_limit,3496b04d1407bfa617b8d7e95b3dfc9a,,sports_ranking_finish_position,contradiction
economic_or_replay,market_exposure_limit,3496b04d1407bfa617b8d7e95b3dfc9a,,sports_ranking_finish_position,contradiction
economic_or_replay,market_exposure_limit,3496b04d1407bfa617b8d7e95b3dfc9a,,sports_ranking_finish_position,contradiction
economic_or_replay,market_exposure_limit,3496b04d1407bfa617b8d7e95b3dfc9a,,sports_ranking_finish_position,contradiction
economic_or_replay,market_exposure_limit,3496b04d1407bfa617b8d7e95b3dfc9a,,sports_ranking_finish_position,contradiction
economic_or_replay,market_exposure_limit,3496b04d1407bfa617b8d7e95b3dfc9a,,sports_ranking_finish_position,contradiction
economic_or_replay,market_exposure_limit,3496b04d1407bfa617b8d7e95b3dfc9a,,sports_ranking_finish_position,contradiction
economic_or_replay,market_exposure_limit,3496b04d1407bfa617b8d7e95b3dfc9a,,sports_ranking_finish_position,contradiction
economic_or_replay,market_exposure_limit,3496b04d1407bfa617b8d7e95b3dfc9a,,sports_ranking_finish_position,contradiction
economic_or_replay,market_exposure_limit,3496b04d1407bfa617b8d7e95b3dfc9a,,sports_ranking_finish_position,contradiction
economic_or_replay,market_exposure_limit,3496b04d1407bfa617b8d7e95b3dfc9a,,sports_ranking_finish_position,contradiction
economic_or_replay,market_exposure_limit,3496b04d1407bfa617b8d7e95b3dfc9a,,sports_ranking_finish_position,contradiction
economic_or_replay,market_exposure_limit,3496b04d1407bfa617b8d7e95b3dfc9a,,sports_ranking_finish_position,contradiction
economic_or_replay,market_exposure_limit,3496b04d1407bfa617b8d7e95b3dfc9a,,sports_ranking_finish_position,contradiction
economic_or_replay,market_exposure_limit,3496b04d1407bfa617b8d7e95b3dfc9a,,sports_ranking_finish_position,contradiction
economic_or_replay,market_exposure_limit,3496b04d1407bfa617b8d7e95b3dfc9a,,sports_ranking_finish_position,contradiction
economic_or_replay,market_exposure_limit,3496b04d1407bfa617b8d7e95b3dfc9a,,sports_ranking_finish_position,contradiction
economic_or_replay,market_exposure_limit,3496b04d1407bfa617b8d7e95b3dfc9a,,sports_ranking_finish_position,contradiction
economic_or_replay,market_exposure_limit,3496b04d1407bfa617b8d7e95b3dfc9a,,sports_ranking_finish_position,contradiction
economic_or_replay,market_exposure_limit,3496b04d1407bfa617b8d7e95b3dfc9a,,sports_ranking_finish_position,contradiction
economic_or_replay,market_exposure_limit,3496b04d1407bfa617b8d7e95b3dfc9a,,sports_ranking_finish_position,contradiction
economic_or_replay,market_exposure_limit,3496b04d1407bfa617b8d7e95b3dfc9a,,sports_ranking_finish_position,contradiction
economic_or_replay,market_exposure_limit,3496b04d1407bfa617b8d7e95b3dfc9a,,sports_ranking_finish_position,contradiction
economic_or_replay,market_exposure_limit,3496b04d1407bfa617b8d7e95b3dfc9a,,sports_ranking_finish_position,contradiction
economic_or_replay,market_exposure_limit,3496b04d1407bfa617b8d7e95b3dfc9a,,sports_ranking_finish_position,contradiction
economic_or_replay,market_exposure_limit,3496b04d1407bfa617b8d7e95b3dfc9a,,sports_ranking_finish_position,contradiction
economic_or_replay,market_exposure_limit,3496b04d1407bfa617b8d7e95b3dfc9a,,sports_ranking_finish_position,contradiction
economic_or_replay,market_exposure_limit,3496b04d1407bfa617b8d7e95b3dfc9a,,sports_ranking_finish_position,contradiction
economic_or_replay,market_exposure_limit,3496b04d1407bfa617b8d7e95b3dfc9a,,sports_ranking_finish_position,contradiction
economic_or_replay,market_exposure_limit,3496b04d1407bfa617b8d7e95b3dfc9a,,sports_ranking_finish_position,contradiction
economic_or_replay,market_exposure_limit,3496b04d1407bfa617b8d7e95b3dfc9a,,sports_ranking_finish_position,contradiction
economic_or_replay,market_exposure_limit,3496b04d1407bfa617b8d7e95b3dfc9a,,sports_ranking_finish_position,contradiction
economic_or_replay,market_exposure_limit,3496b04d1407bfa617b8d7e95b3dfc9a,,sports_ranking_finish_position,contradiction
economic_or_replay,market_exposure_limit,3496b04d1407bfa617b8d7e95b3dfc9a,,sports_ranking_finish_position,contradiction
economic_or_replay,market_exposure_limit,3496b04d1407bfa617b8d7e95b3dfc9a,,sports_ranking_finish_position,contradiction
economic_or_replay,market_exposure_limit,3496b04d1407bfa617b8d7e95b3dfc9a,,sports_ranking_finish_position,contradiction
economic_or_replay,market_exposure_limit,3496b04d1407bfa617b8d7e95b3dfc9a,,sports_ranking_finish_position,contradiction
economic_or_replay,market_exposure_limit,3496b04d1407bfa617b8d7e95b3dfc9a,,sports_ranking_finish_position,contradiction
economic_or_replay,market_exposure_limit,3496b04d1407bfa617b8d7e95b3dfc9a,,sports_ranking_finish_position,contradiction
economic_or_replay,market_exposure_limit,3496b04d1407bfa617b8d7e95b3dfc9a,,sports_ranking_finish_position,contradiction
economic_or_replay,market_exposure_limit,3496b04d1407bfa617b8d7e95b3dfc9a,,sports_ranking_finish_position,contradiction
economic_or_replay,market_exposure_limit,3496b04d1407bfa617b8d7e95b3dfc9a,,sports_ranking_finish_position,contradiction
economic_or_replay,market_exposure_limit,3496b04d1407bfa617b8d7e95b3dfc9a,,sports_ranking_finish_position,contradiction
economic_or_replay,market_exposure_limit,3496b04d1407bfa617b8d7e95b3dfc9a,,sports_ranking_finish_position,contradiction
economic_or_replay,market_exposure_limit,3496b04d1407bfa617b8d7e95b3dfc9a,,sports_ranking_finish_position,contradiction
economic_or_replay,market_exposure_limit,3496b04d1407bfa617b8d7e95b3dfc9a,,sports_ranking_finish_position,contradiction
economic_or_replay,market_exposure_limit,3496b04d1407bfa617b8d7e95b3dfc9a,,sports_ranking_finish_position,contradiction
economic_or_replay,market_exposure_limit,3496b04d1407bfa617b8d7e95b3dfc9a,,sports_ranking_finish_position,contradiction
economic_or_replay,market_exposure_limit,3496b04d1407bfa617b8d7e95b3dfc9a,,sports_ranking_finish_position,contradiction
economic_or_replay,market_exposure_limit,3496b04d1407bfa617b8d7e95b3dfc9a,,sports_ranking_finish_position,contradiction
economic_or_replay,market_exposure_limit,3496b04d1407bfa617b8d7e95b3dfc9a,,sports_ranking_finish_position,contradiction
economic_or_replay,market_exposure_limit,3496b04d1407bfa617b8d7e95b3dfc9a,,sports_ranking_finish_position,contradiction
economic_or_replay,market_exposure_limit,3496b04d1407bfa617b8d7e95b3dfc9a,,sports_ranking_finish_position,contradiction
economic_or_replay,market_exposure_limit,3496b04d1407bfa617b8d7e95b3dfc9a,,sports_ranking_finish_position,contradiction
economic_or_replay,market_exposure_limit,3496b04d1407bfa617b8d7e95b3dfc9a,,sports_ranking_finish_position,contradiction
economic_or_replay,market_exposure_limit,3496b04d1407bfa617b8d7e95b3dfc9a,,sports_ranking_finish_position,contradiction
economic_or_replay,market_exposure_limit,3496b04d1407bfa617b8d7e95b3dfc9a,,sports_ranking_finish_position,contradiction
economic_or_replay,market_exposure_limit,3496b04d1407bfa617b8d7e95b3dfc9a,,sports_ranking_finish_position,contradiction
economic_or_replay,market_exposure_limit,3496b04d1407bfa617b8d7e95b3dfc9a,,sports_ranking_finish_position,contradiction
economic_or_replay,market_exposure_limit,3496b04d1407bfa617b8d7e95b3dfc9a,,sports_ranking_finish_position,contradiction
economic_or_replay,market_exposure_limit,3496b04d1407bfa617b8d7e95b3dfc9a,,sports_ranking_finish_position,contradiction
economic_or_replay,market_exposure_limit,3496b04d1407bfa617b8d7e95b3dfc9a,,sports_ranking_finish_position,contradiction
economic_or_replay,market_exposure_limit,3496b04d1407bfa617b8d7e95b3dfc9a,,sports_ranking_finish_position,contradiction
economic_or_replay,market_exposure_limit,3496b04d1407bfa617b8d7e95b3dfc9a,,sports_ranking_finish_position,contradiction
economic_or_replay,market_exposure_limit,3496b04d1407bfa617b8d7e95b3dfc9a,,sports_ranking_finish_position,contradiction
economic_or_replay,market_exposure_limit,3496b04d1407bfa617b8d7e95b3dfc9a,,sports_ranking_finish_position,contradiction
economic_or_replay,market_exposure_limit,3496b04d1407bfa617b8d7e95b3dfc9a,,sports_ranking_finish_position,contradiction
economic_or_replay,market_exposure_limit,3496b04d1407bfa617b8d7e95b3dfc9a,,sports_ranking_finish_position,contradiction
economic_or_replay,market_exposure_limit,3496b04d1407bfa617b8d7e95b3dfc9a,,sports_ranking_finish_position,contradiction
economic_or_replay,market_exposure_limit,3496b04d1407bfa617b8d7e95b3dfc9a,,sports_ranking_finish_position,contradiction
economic_or_replay,market_exposure_limit,3496b04d1407bfa617b8d7e95b3dfc9a,,sports_ranking_finish_position,contradiction
economic_or_replay,market_exposure_limit,3496b04d1407bfa617b8d7e95b3dfc9a,,sports_ranking_finish_position,contradiction
economic_or_replay,market_exposure_limit,3496b04d1407bfa617b8d7e95b3dfc9a,,sports_ranking_finish_position,contradiction
economic_or_replay,market_exposure_limit,3496b04d1407bfa617b8d7e95b3dfc9a,,sports_ranking_finish_position,contradiction
economic_or_replay,market_exposure_limit,3496b04d1407bfa617b8d7e95b3dfc9a,,sports_ranking_finish_position,contradiction
economic_or_replay,market_exposure_limit,3496b04d1407bfa617b8d7e95b3dfc9a,,sports_ranking_finish_position,contradiction
economic_or_replay,market_exposure_limit,3496b04d1407bfa617b8d7e95b3dfc9a,,sports_ranking_finish_position,contradiction
economic_or_replay,market_exposure_limit,3496b04d1407bfa617b8d7e95b3dfc9a,,sports_ranking_finish_position,contradiction
economic_or_replay,market_exposure_limit,3496b04d1407bfa617b8d7e95b3dfc9a,,sports_ranking_finish_position,contradiction
economic_or_replay,market_exposure_limit,3496b04d1407bfa617b8d7e95b3dfc9a,,sports_ranking_finish_position,contradiction
economic_or_replay,market_exposure_limit,3496b04d1407bfa617b8d7e95b3dfc9a,,sports_ranking_finish_position,contradiction
economic_or_replay,market_exposure_limit,3496b04d1407bfa617b8d7e95b3dfc9a,,sports_ranking_finish_position,contradiction
economic_or_replay,market_exposure_limit,3496b04d1407bfa617b8d7e95b3dfc9a,,sports_ranking_finish_position,contradiction
economic_or_replay,market_exposure_limit,3496b04d1407bfa617b8d7e95b3dfc9a,,sports_ranking_finish_position,contradiction
economic_or_replay,market_exposure_limit,3496b04d1407bfa617b8d7e95b3dfc9a,,sports_ranking_finish_position,contradiction
economic_or_replay,market_exposure_limit,3496b04d1407bfa617b8d7e95b3dfc9a,,sports_ranking_finish_position,contradiction
economic_or_replay,market_exposure_limit,3496b04d1407bfa617b8d7e95b3dfc9a,,sports_ranking_finish_position,contradiction
economic_or_replay,market_exposure_limit,3496b04d1407bfa617b8d7e95b3dfc9a,,sports_ranking_finish_position,contradiction
economic_or_replay,market_exposure_limit,3496b04d1407bfa617b8d7e95b3dfc9a,,sports_ranking_finish_position,contradiction
economic_or_replay,market_exposure_limit,3496b04d1407bfa617b8d7e95b3dfc9a,,sports_ranking_finish_position,contradiction
economic_or_replay,market_exposure_limit,3496b04d1407bfa617b8d7e95b3dfc9a,,sports_ranking_finish_position,contradiction
economic_or_replay,market_exposure_limit,3496b04d1407bfa617b8d7e95b3dfc9a,,sports_ranking_finish_position,contradiction
economic_or_replay,market_exposure_limit,3496b04d1407bfa617b8d7e95b3dfc9a,,sports_ranking_finish_position,contradiction
economic_or_replay,market_exposure_limit,3496b04d1407bfa617b8d7e95b3dfc9a,,sports_ranking_finish_position,contradiction
economic_or_replay,market_exposure_limit,3496b04d1407bfa617b8d7e95b3dfc9a,,sports_ranking_finish_position,contradiction
economic_or_replay,market_exposure_limit,3496b04d1407bfa617b8d7e95b3dfc9a,,sports_ranking_finish_position,contradiction
economic_or_replay,market_exposure_limit,3496b04d1407bfa617b8d7e95b3dfc9a,,sports_ranking_finish_position,contradiction
confidence_gate,relationship_confidence_below_threshold,00a6e2c12c1e4d0c465b3910f01ed516,,sports_title_competition_mutual_exclusion,nesting
confidence_gate,relationship_confidence_below_threshold,026d3a8b562b2cd4f1a2b7d05a3a282b,,sports_title_competition_mutual_exclusion,nesting
confidence_gate,relationship_confidence_below_threshold,02d060a7c96535f5cc90d8bc29e4376f,,sports_title_competition_mutual_exclusion,nesting
confidence_gate,relationship_confidence_below_threshold,032ea93e250161e3f72a5aadc5ee7492,,sports_title_competition_mutual_exclusion,nesting
confidence_gate,relationship_confidence_below_threshold,0409c5684357b59e8c7c61e0e4154cab,,sports_title_competition_mutual_exclusion,nesting
confidence_gate,relationship_confidence_below_threshold,052e2f1d1b88951129cf96c4892d54f5,,sports_title_competition_mutual_exclusion,nesting
confidence_gate,relationship_confidence_below_threshold,05d1018c84ba511750ae4e33518bb7b8,,sports_title_competition_mutual_exclusion,nesting
confidence_gate,relationship_confidence_below_threshold,05f1c8e00519e825c80a8c0e77d8033a,,sports_title_competition_mutual_exclusion,nesting
confidence_gate,relationship_confidence_below_threshold,0626c9bdf02e2c4ae3e0ed9999dcdef2,,sports_title_competition_mutual_exclusion,nesting
confidence_gate,relationship_confidence_below_threshold,06b422e93b27094abc0b4f13cd761191,,sports_title_competition_mutual_exclusion,nesting
confidence_gate,relationship_confidence_below_threshold,07c22c69dea4ed588b24b20a075578ed,,sports_title_competition_mutual_exclusion,nesting
confidence_gate,relationship_confidence_below_threshold,07c4886f762206a36b9500747e946fbe,,sports_title_competition_mutual_exclusion,nesting
confidence_gate,relationship_confidence_below_threshold,0854b544c56f9367e7f402964c7ab13a,,sports_title_competition_mutual_exclusion,nesting
confidence_gate,relationship_confidence_below_threshold,099ea9559245721fb081c4a245c91742,,sports_title_competition_mutual_exclusion,nesting
confidence_gate,relationship_confidence_below_threshold,09bd4767a08946b36d47f8b8ea37e1af,,sports_title_competition_mutual_exclusion,nesting
confidence_gate,relationship_confidence_below_threshold,09efe27c49ff925476fee8cad4aaa9dd,,sports_title_competition_mutual_exclusion,nesting
confidence_gate,relationship_confidence_below_threshold,0a80f7ca94a8f4cd0bdb8d84fba160db,,sports_title_competition_mutual_exclusion,nesting
confidence_gate,relationship_confidence_below_threshold,0af1c965958b2e5541b4fe67982d73ef,,sports_title_competition_mutual_exclusion,nesting
confidence_gate,relationship_confidence_below_threshold,0bf051b457ec5a2ea969f30dbd0220bc,,sports_title_competition_mutual_exclusion,nesting
confidence_gate,relationship_confidence_below_threshold,0d7f6ee8bb60e44920829b277e2c718a,,sports_title_competition_mutual_exclusion,nesting
confidence_gate,relationship_confidence_below_threshold,0dc3041edb748f71d7ecd6bb5f2c531f,,sports_title_competition_mutual_exclusion,nesting
confidence_gate,relationship_confidence_below_threshold,0e5392208cd47f5d6414b309a33ff865,,sports_title_competition_mutual_exclusion,nesting
confidence_gate,relationship_confidence_below_threshold,0e6c4fc58ffe2873c5c03d572cce9ccb,,sports_title_competition_mutual_exclusion,nesting
confidence_gate,relationship_confidence_below_threshold,0ec026bd2f2848f14f90bc5d50229312,,sports_title_competition_mutual_exclusion,nesting
confidence_gate,relationship_confidence_below_threshold,0fd0ab654f813664c494ef55084e88dd,,sports_title_competition_mutual_exclusion,nesting
confidence_gate,relationship_confidence_below_threshold,10d633618910459de8a1cd1c3410ae68,,sports_title_competition_mutual_exclusion,nesting
confidence_gate,relationship_confidence_below_threshold,10e86351175c81ce1c27214d6b3f9f50,,sports_title_competition_mutual_exclusion,nesting
confidence_gate,relationship_confidence_below_threshold,1129780aaea39f8db19aba88ce508919,,sports_title_competition_mutual_exclusion,nesting
confidence_gate,relationship_confidence_below_threshold,116cfa8464e56abf748fd331de5f3177,,sports_title_competition_mutual_exclusion,nesting
confidence_gate,relationship_confidence_below_threshold,1237c98723f8393692d81437bf3a1aed,,sports_title_competition_mutual_exclusion,nesting
confidence_gate,relationship_confidence_below_threshold,128699519a5174f12503800f403752fb,,sports_title_competition_mutual_exclusion,nesting
confidence_gate,relationship_confidence_below_threshold,1334bcf716973d9709d881c5de8bb35d,,sports_title_competition_mutual_exclusion,nesting
confidence_gate,relationship_confidence_below_threshold,135fc56cd68282b5fc0499aa7dc8c760,,sports_title_competition_mutual_exclusion,nesting
confidence_gate,relationship_confidence_below_threshold,146998021898ee85902927b52db0d246,,sports_title_competition_mutual_exclusion,nesting
confidence_gate,relationship_confidence_below_threshold,151a0f7469295f4d640141562c4100c9,,sports_title_competition_mutual_exclusion,nesting
confidence_gate,relationship_confidence_below_threshold,1530984aa95b54c313d6e1e3f4d962d9,,sports_title_competition_mutual_exclusion,nesting
confidence_gate,relationship_confidence_below_threshold,1573ceb06ea44c705cb19054c4c3cbf1,,sports_title_competition_mutual_exclusion,nesting
confidence_gate,relationship_confidence_below_threshold,15bee5ae22e77403ca962f9981cb1ddc,,sports_title_competition_mutual_exclusion,nesting
confidence_gate,relationship_confidence_below_threshold,163f64c5b4289bc8c047cca7c14e8947,,sports_title_competition_mutual_exclusion,nesting
confidence_gate,relationship_confidence_below_threshold,172c5c73bfc9e1e98ee20565c03e58b2,,sports_title_competition_mutual_exclusion,nesting
confidence_gate,relationship_confidence_below_threshold,18b55ad4cebefa251b404d70e98abb2d,,sports_title_competition_mutual_exclusion,nesting
confidence_gate,relationship_confidence_below_threshold,19583b905de78aa54b7e5a859ced9c85,,sports_title_competition_mutual_exclusion,nesting
confidence_gate,relationship_confidence_below_threshold,19ab0f02fcf12c29e53140d14a26d90f,,sports_title_competition_mutual_exclusion,nesting
confidence_gate,relationship_confidence_below_threshold,1a4e9c6f7262a58ab14f92fa31a10ab7,,sports_title_competition_mutual_exclusion,nesting
confidence_gate,relationship_confidence_below_threshold,1c0533358f71374c1c5c79eb2c229bf8,,sports_title_competition_mutual_exclusion,nesting
confidence_gate,relationship_confidence_below_threshold,1c1cae8f7969b29c89ada9bfc97e7a58,,sports_title_competition_mutual_exclusion,nesting
confidence_gate,relationship_confidence_below_threshold,1c895ed503cf746159cc7b6d218af92d,,sports_title_competition_mutual_exclusion,nesting
confidence_gate,relationship_confidence_below_threshold,1f73334df631504e91ddaf244f4a98f8,,sports_title_competition_mutual_exclusion,nesting
confidence_gate,relationship_confidence_below_threshold,1f9bd0015d94ccc1f96259f7ba475b94,,sports_title_competition_mutual_exclusion,nesting
confidence_gate,relationship_confidence_below_threshold,1fd00c14f1ea13d925df12b2b5f178b7,,sports_title_competition_mutual_exclusion,nesting
confidence_gate,relationship_confidence_below_threshold,202abc3f62fc08a8a02d2323275aeaf8,,sports_title_competition_mutual_exclusion,nesting
confidence_gate,relationship_confidence_below_threshold,2035f9db32ec40170aa7d3f783803715,,sports_title_competition_mutual_exclusion,nesting
confidence_gate,relationship_confidence_below_threshold,2048fbb957b09882c85f83f098e7e7f9,,sports_title_competition_mutual_exclusion,nesting
confidence_gate,relationship_confidence_below_threshold,208dce38d0997f7947758e695a6bfd3d,,sports_title_competition_mutual_exclusion,nesting
confidence_gate,relationship_confidence_below_threshold,2179a80db68cb942ef036c718846497d,,sports_title_competition_mutual_exclusion,nesting
confidence_gate,relationship_confidence_below_threshold,22096e7ae7587d6578de9f81a5ba1ca5,,sports_title_competition_mutual_exclusion,nesting
confidence_gate,relationship_confidence_below_threshold,221b0e5e891b170e5882ed8fc5008116,,sports_title_competition_mutual_exclusion,nesting
confidence_gate,relationship_confidence_below_threshold,2292257ed2ce861f531ae29d4ba2196c,,sports_title_competition_mutual_exclusion,nesting
confidence_gate,relationship_confidence_below_threshold,22e4c91d1222372bf5061428a5e95b3f,,sports_title_competition_mutual_exclusion,nesting
confidence_gate,relationship_confidence_below_threshold,231218a5eae6e2377b400bff593866a2,,sports_title_competition_mutual_exclusion,nesting
confidence_gate,relationship_confidence_below_threshold,24013ffba531fcdf75dcba5c0becb309,,sports_title_competition_mutual_exclusion,nesting
confidence_gate,relationship_confidence_below_threshold,2594a1da12e4f1d2c271901902e428e8,,sports_title_competition_mutual_exclusion,nesting
confidence_gate,relationship_confidence_below_threshold,2648bb5f460e2cac4f911a6001392316,,sports_title_competition_mutual_exclusion,nesting
confidence_gate,relationship_confidence_below_threshold,26941369a2e81051841b76eb20ab80d7,,sports_title_competition_mutual_exclusion,nesting
confidence_gate,relationship_confidence_below_threshold,274d7a6075e2cef9aeaef85a9370acfb,,sports_title_competition_mutual_exclusion,nesting
confidence_gate,relationship_confidence_below_threshold,281a3b4f7bb1cb793b6a7727a71585f8,,sports_title_competition_mutual_exclusion,nesting
confidence_gate,relationship_confidence_below_threshold,28371185bf71d68d1b8245b88145ec48,,sports_title_competition_mutual_exclusion,nesting
confidence_gate,relationship_confidence_below_threshold,28b4ce9e9817c474dff9c23baa98aa5f,,sports_title_competition_mutual_exclusion,nesting
confidence_gate,relationship_confidence_below_threshold,29890bdd08c8d7d1ac95c25188a30d3c,,sports_title_competition_mutual_exclusion,nesting
confidence_gate,relationship_confidence_below_threshold,2989e0647b028fa69c280edd43138797,,sports_title_competition_mutual_exclusion,nesting
confidence_gate,relationship_confidence_below_threshold,2a4ed36a9ba489cbf90c626df466f4e7,,sports_title_competition_mutual_exclusion,nesting
confidence_gate,relationship_confidence_below_threshold,2a84a44cc9ead93a6290f2fba59f0df1,,sports_title_competition_mutual_exclusion,nesting
confidence_gate,relationship_confidence_below_threshold,2b91decdf705a26456f02ef5b3565090,,sports_title_competition_mutual_exclusion,nesting
confidence_gate,relationship_confidence_below_threshold,2bbb410085474bca9e2b54d6b6252bdd,,sports_title_competition_mutual_exclusion,nesting
confidence_gate,relationship_confidence_below_threshold,2ce7bc63090f88409372125c4c9ba8dd,,sports_title_competition_mutual_exclusion,nesting
confidence_gate,relationship_confidence_below_threshold,2d2c1af050878e88c372fc2c1e32beb0,,sports_title_competition_mutual_exclusion,nesting
confidence_gate,relationship_confidence_below_threshold,2d5c1194ea13bd3c58bb8e30f64b6f30,,sports_title_competition_mutual_exclusion,nesting
confidence_gate,relationship_confidence_below_threshold,2eed0450ce6d26c8f2065cfb6856104a,,sports_title_competition_mutual_exclusion,nesting
confidence_gate,relationship_confidence_below_threshold,2efe6be394dfc9eee997d7dee5a2ae6b,,sports_title_competition_mutual_exclusion,nesting
confidence_gate,relationship_confidence_below_threshold,2f5670cff8c9bc6045b1591be385cf83,,sports_title_competition_mutual_exclusion,nesting
confidence_gate,relationship_confidence_below_threshold,2ffb54a4e168d59403a21c2aa0e29c6b,,sports_title_competition_mutual_exclusion,nesting
confidence_gate,relationship_confidence_below_threshold,3014ec85a02b9025617c2b66e2959fa2,,sports_title_competition_mutual_exclusion,nesting
confidence_gate,relationship_confidence_below_threshold,30ac2524355e80ecfbea7de41c61473f,,sports_title_competition_mutual_exclusion,nesting
confidence_gate,relationship_confidence_below_threshold,315d8b63047e473cc79e02de7eae0c8f,,sports_title_competition_mutual_exclusion,nesting
confidence_gate,relationship_confidence_below_threshold,3178155f60f11a7124a077b062e77f10,,sports_title_competition_mutual_exclusion,nesting
confidence_gate,relationship_confidence_below_threshold,33ef13374f011efefd74edb8f42dea12,,sports_title_competition_mutual_exclusion,nesting
confidence_gate,relationship_confidence_below_threshold,3444a6f194de3559da5c68500cc33da1,,sports_title_competition_mutual_exclusion,nesting
confidence_gate,relationship_confidence_below_threshold,34e06c932641e8ca10b0b300617528a0,,sports_title_competition_mutual_exclusion,nesting
confidence_gate,relationship_confidence_below_threshold,353edb304b057cc72c96ca2e7368d060,,sports_title_competition_mutual_exclusion,nesting
confidence_gate,relationship_confidence_below_threshold,362788439e85c7f6d351470fde9cd017,,sports_title_competition_mutual_exclusion,nesting
confidence_gate,relationship_confidence_below_threshold,36b5cbd36ac00d1c4067643f6e3264d8,,sports_title_competition_mutual_exclusion,nesting
confidence_gate,relationship_confidence_below_threshold,383280d5c7acaf283442fbe96addce5f,,sports_title_competition_mutual_exclusion,nesting
confidence_gate,relationship_confidence_below_threshold,3a1d8ad34faedfe0ea3f1a562df09697,,sports_title_competition_mutual_exclusion,nesting
confidence_gate,relationship_confidence_below_threshold,3acd80ebb618c485155b3c3f21894a74,,sports_title_competition_mutual_exclusion,nesting
confidence_gate,relationship_confidence_below_threshold,3adf75b62876ac573bb9aa6ce380e402,,sports_title_competition_mutual_exclusion,nesting
confidence_gate,relationship_confidence_below_threshold,3b694bc2bdce7aa92adb6ba6fc6fb73e,,sports_title_competition_mutual_exclusion,nesting
confidence_gate,relationship_confidence_below_threshold,3bff47b353d56812aeef99a64c36d4bd,,sports_title_competition_mutual_exclusion,nesting
confidence_gate,relationship_confidence_below_threshold,3cfe3bcc2dde4e158a813f046c08f9b1,,sports_title_competition_mutual_exclusion,nesting
confidence_gate,relationship_confidence_below_threshold,3d98932fceca2b282ab442c8fbc87f65,,sports_title_competition_mutual_exclusion,nesting
confidence_gate,relationship_confidence_below_threshold,3f564b87d443c7809277c9038d9d19c6,,sports_title_competition_mutual_exclusion,nesting
confidence_gate,relationship_confidence_below_threshold,3f8681f37eab9b29ec8b5830f42e306c,,sports_title_competition_mutual_exclusion,nesting
confidence_gate,relationship_confidence_below_threshold,3f94ce1bf4c117b67dea9aa26793e523,,sports_title_competition_mutual_exclusion,nesting
confidence_gate,relationship_confidence_below_threshold,41aa089b8f9512e11e2ee8050dd2b41d,,sports_title_competition_mutual_exclusion,nesting
confidence_gate,relationship_confidence_below_threshold,423deb393416f6e4237660707bb1b853,,sports_title_competition_mutual_exclusion,nesting
confidence_gate,relationship_confidence_below_threshold,4248947c147596f16d58dfb25d647038,,sports_title_competition_mutual_exclusion,nesting
confidence_gate,relationship_confidence_below_threshold,4259b672cd07697f92ed5ccf55766677,,sports_title_competition_mutual_exclusion,nesting
confidence_gate,relationship_confidence_below_threshold,44a2b5c3548b4f53f9b5701f6f6577d9,,sports_title_competition_mutual_exclusion,nesting
confidence_gate,relationship_confidence_below_threshold,44f4c63b8e33ba45270ebe3564be0acb,,sports_title_competition_mutual_exclusion,nesting
confidence_gate,relationship_confidence_below_threshold,4653c35a7dbedce50325c13e2c3f7ef5,,sports_title_competition_mutual_exclusion,nesting
confidence_gate,relationship_confidence_below_threshold,48884b215e18965f90498a39470ae0d3,,sports_title_competition_mutual_exclusion,nesting
confidence_gate,relationship_confidence_below_threshold,48a52d4d69d40ea661d0e7bcc7985db6,,sports_title_competition_mutual_exclusion,nesting
confidence_gate,relationship_confidence_below_threshold,4a96eb09127e8c85c355ad486463d3af,,sports_title_competition_mutual_exclusion,nesting
confidence_gate,relationship_confidence_below_threshold,4c70d75a96d2c5a954c0950c73ad8014,,sports_title_competition_mutual_exclusion,nesting
confidence_gate,relationship_confidence_below_threshold,4cd045276b0cbbccaf2bac7b4fd4082d,,sports_title_competition_mutual_exclusion,nesting
confidence_gate,relationship_confidence_below_threshold,4d357ed1668e482dfd08e125f319e370,,sports_title_competition_mutual_exclusion,nesting
confidence_gate,relationship_confidence_below_threshold,4e04659142b850d98d9af7cbb91272ac,,sports_title_competition_mutual_exclusion,nesting
confidence_gate,relationship_confidence_below_threshold,4e3025ec896899f665f5f8c1a814bb73,,sports_title_competition_mutual_exclusion,nesting
confidence_gate,relationship_confidence_below_threshold,4ee60a2d4acfe9117011c162a40fb6d0,,sports_title_competition_mutual_exclusion,nesting
confidence_gate,relationship_confidence_below_threshold,4f2e5e247ce7f3c14cd8f5adf81c3a0b,,sports_title_competition_mutual_exclusion,nesting
confidence_gate,relationship_confidence_below_threshold,50f9593ef8a17a7d519dce592e69d876,,sports_title_competition_mutual_exclusion,nesting
confidence_gate,relationship_confidence_below_threshold,533267e6a7c2fd1dd9c06415e2043575,,sports_title_competition_mutual_exclusion,nesting
confidence_gate,relationship_confidence_below_threshold,53731ec8d71fc9b8e57e4e57c5676fde,,sports_title_competition_mutual_exclusion,nesting
confidence_gate,relationship_confidence_below_threshold,5380049f3ce80a7d78d48896daea2a41,,sports_title_competition_mutual_exclusion,nesting
confidence_gate,relationship_confidence_below_threshold,565f5b38c600d14aa9ef6a5b96560203,,sports_title_competition_mutual_exclusion,nesting
confidence_gate,relationship_confidence_below_threshold,56ff612c21637e865a8147561635cd4e,,sports_title_competition_mutual_exclusion,nesting
confidence_gate,relationship_confidence_below_threshold,57481071784f914a517bffec9504f04f,,sports_title_competition_mutual_exclusion,nesting
confidence_gate,relationship_confidence_below_threshold,576062e251c8756ab62fa6ebdf805689,,sports_title_competition_mutual_exclusion,nesting
confidence_gate,relationship_confidence_below_threshold,57bc87f8987febf810f20edbc2d43d21,,sports_title_competition_mutual_exclusion,nesting
confidence_gate,relationship_confidence_below_threshold,57e013a64fa00ae41fd73790111c1e1a,,sports_title_competition_mutual_exclusion,nesting
confidence_gate,relationship_confidence_below_threshold,58af8fc4d57cce34dffedf733b56feb2,,sports_title_competition_mutual_exclusion,nesting
confidence_gate,relationship_confidence_below_threshold,58c5a7ccfd2f2cf926bf12dcf1553909,,sports_title_competition_mutual_exclusion,nesting
confidence_gate,relationship_confidence_below_threshold,5a0b8c52f7a27f312928185914d1a38a,,sports_title_competition_mutual_exclusion,nesting
confidence_gate,relationship_confidence_below_threshold,5a5ad4faafa304dcf855e404620c5d74,,sports_title_competition_mutual_exclusion,nesting
confidence_gate,relationship_confidence_below_threshold,5a67fb0888b416171a1387cadd56edb9,,sports_title_competition_mutual_exclusion,nesting
confidence_gate,relationship_confidence_below_threshold,5a9ad33a4215f2712345beea15a98d23,,sports_title_competition_mutual_exclusion,nesting
confidence_gate,relationship_confidence_below_threshold,5b1bebe1274b2e52ef2eb70084ea10da,,sports_title_competition_mutual_exclusion,nesting
confidence_gate,relationship_confidence_below_threshold,5b9b5f5dfda7c01c4c660adddf5a8a4d,,sports_title_competition_mutual_exclusion,nesting
confidence_gate,relationship_confidence_below_threshold,5bba50ed5b1c0a4a6f55ef126ef5f72f,,sports_title_competition_mutual_exclusion,nesting
confidence_gate,relationship_confidence_below_threshold,5be8c5e72810a355b3c8ae906cb1a91b,,sports_title_competition_mutual_exclusion,nesting
confidence_gate,relationship_confidence_below_threshold,5c131924fb65d062e0af850381ca16a0,,sports_title_competition_mutual_exclusion,nesting
confidence_gate,relationship_confidence_below_threshold,5c93ac7763eb2a2f2fd31e5827abdee4,,sports_title_competition_mutual_exclusion,nesting
confidence_gate,relationship_confidence_below_threshold,5e2264aa358fefd6a6fb33c255d58973,,sports_title_competition_mutual_exclusion,nesting
confidence_gate,relationship_confidence_below_threshold,5f2413262ce28f72a2a0140c5e28e918,,sports_title_competition_mutual_exclusion,nesting
confidence_gate,relationship_confidence_below_threshold,5f563fe9b3f30ef2bcbff9d8d60934c3,,sports_title_competition_mutual_exclusion,nesting
confidence_gate,relationship_confidence_below_threshold,600f59b46d12c8c7906b3418a50f8084,,sports_title_competition_mutual_exclusion,nesting
confidence_gate,relationship_confidence_below_threshold,6109e72f08206855c5289ff6fe2134a2,,sports_title_competition_mutual_exclusion,nesting
confidence_gate,relationship_confidence_below_threshold,613f085bb5da12d6450a41d3e3345d3f,,sports_title_competition_mutual_exclusion,nesting
confidence_gate,relationship_confidence_below_threshold,61c1077e3ed2fcad73ff327a5de08946,,sports_title_competition_mutual_exclusion,nesting
confidence_gate,relationship_confidence_below_threshold,622d9375a9d3d1832fd93d751488f473,,sports_title_competition_mutual_exclusion,nesting
confidence_gate,relationship_confidence_below_threshold,625f50f78494dea11f3288b085511786,,sports_title_competition_mutual_exclusion,nesting
confidence_gate,relationship_confidence_below_threshold,62c7bff6472a80276a8b6655fd124599,,sports_title_competition_mutual_exclusion,nesting
confidence_gate,relationship_confidence_below_threshold,62f3edbeb3c02c2c1a48d847d5ffca58,,sports_title_competition_mutual_exclusion,nesting
confidence_gate,relationship_confidence_below_threshold,633d853fcf4e7e8f0336e2fdf936d155,,sports_title_competition_mutual_exclusion,nesting
confidence_gate,relationship_confidence_below_threshold,635a62a6bdf558afaae900d5b6e9c1d2,,sports_title_competition_mutual_exclusion,nesting
confidence_gate,relationship_confidence_below_threshold,659b918e21699d9be841775d057a6c7c,,sports_title_competition_mutual_exclusion,nesting
confidence_gate,relationship_confidence_below_threshold,6662c87e80ec77e15d1327d679fba8ab,,sports_title_competition_mutual_exclusion,nesting
confidence_gate,relationship_confidence_below_threshold,67b35f612dc6884450aed992c4a1bcff,,sports_title_competition_mutual_exclusion,nesting
confidence_gate,relationship_confidence_below_threshold,69ba1b4b2e4631d9a46882a110ed85cb,,sports_title_competition_mutual_exclusion,nesting
confidence_gate,relationship_confidence_below_threshold,69ef0fb48d5c0b96f3905c9bfe5b7385,,sports_title_competition_mutual_exclusion,nesting
confidence_gate,relationship_confidence_below_threshold,6a5273b9012228b2f51b0a10e025c8dc,,sports_title_competition_mutual_exclusion,nesting
confidence_gate,relationship_confidence_below_threshold,6a73c20c0f2d8a5545a43b1a01bd76f5,,sports_title_competition_mutual_exclusion,nesting
confidence_gate,relationship_confidence_below_threshold,6ab05f6b9365bd2e8daa352b76f140aa,,sports_title_competition_mutual_exclusion,nesting
confidence_gate,relationship_confidence_below_threshold,6c486fe84874bfe7d611fceed4c14ac8,,sports_title_competition_mutual_exclusion,nesting
confidence_gate,relationship_confidence_below_threshold,6cc39b504ce09ce2f7c567814e6ca40d,,sports_title_competition_mutual_exclusion,nesting
confidence_gate,relationship_confidence_below_threshold,6d15f497df9050b97b1d810ece2d4ce2,,sports_title_competition_mutual_exclusion,nesting
confidence_gate,relationship_confidence_below_threshold,6d2a597379f3f89ab7e874a1fc0a83a7,,sports_title_competition_mutual_exclusion,nesting
confidence_gate,relationship_confidence_below_threshold,6df2b6d61cea51ee81dfc73a09fea7e4,,sports_title_competition_mutual_exclusion,nesting
confidence_gate,relationship_confidence_below_threshold,6f38d037ffff919a2ebd9d159e1ce6c2,,sports_title_competition_mutual_exclusion,nesting
confidence_gate,relationship_confidence_below_threshold,7056290510cb72e000b3bebdc28344af,,sports_title_competition_mutual_exclusion,nesting
confidence_gate,relationship_confidence_below_threshold,709d244dcbf867719afdc4873e395068,,sports_title_competition_mutual_exclusion,nesting
confidence_gate,relationship_confidence_below_threshold,71446940a8e5ccbc9348ef973cfbb9b7,,sports_title_competition_mutual_exclusion,nesting
confidence_gate,relationship_confidence_below_threshold,7150200feb4f438b1e8764aee01dba3f,,sports_title_competition_mutual_exclusion,nesting
confidence_gate,relationship_confidence_below_threshold,7290eb8ba40d8bff71c84a583ba0c6c2,,sports_title_competition_mutual_exclusion,nesting
confidence_gate,relationship_confidence_below_threshold,730d0626d964ef839b9904569172c1ae,,sports_title_competition_mutual_exclusion,nesting
confidence_gate,relationship_confidence_below_threshold,731b43e4838c4e30762459f561aa6941,,sports_title_competition_mutual_exclusion,nesting
confidence_gate,relationship_confidence_below_threshold,731b9896814ab117e702954b244ffe70,,sports_title_competition_mutual_exclusion,nesting
confidence_gate,relationship_confidence_below_threshold,73847fee06516a8fce1f07ba3577dc67,,sports_title_competition_mutual_exclusion,nesting
confidence_gate,relationship_confidence_below_threshold,747925e435b05916e5b999dea3c21f90,,sports_title_competition_mutual_exclusion,nesting
confidence_gate,relationship_confidence_below_threshold,74a031d7b572f4d882854ef4af9ccc2e,,sports_title_competition_mutual_exclusion,nesting
confidence_gate,relationship_confidence_below_threshold,74fd4d502db5e29985d9b248f7ea0311,,sports_title_competition_mutual_exclusion,nesting
confidence_gate,relationship_confidence_below_threshold,7693f7f84350061a2be5547e34b7cbd6,,sports_title_competition_mutual_exclusion,nesting
confidence_gate,relationship_confidence_below_threshold,77377d2d6ae2286e7956a0244a9bc407,,sports_title_competition_mutual_exclusion,nesting
confidence_gate,relationship_confidence_below_threshold,77e1c4444e9a09f1e1f6e45671082c32,,sports_title_competition_mutual_exclusion,nesting
confidence_gate,relationship_confidence_below_threshold,79130c4268f9a7277d9a007ee3b610b1,,sports_title_competition_mutual_exclusion,nesting
confidence_gate,relationship_confidence_below_threshold,799a6bcbb20ca14926de2952e5290743,,sports_title_competition_mutual_exclusion,nesting
confidence_gate,relationship_confidence_below_threshold,7be769caaea362b1292efeac7f32b884,,sports_title_competition_mutual_exclusion,nesting
confidence_gate,relationship_confidence_below_threshold,7c3bcfcdbd8f3f08240a6980a02c0a68,,sports_title_competition_mutual_exclusion,nesting
confidence_gate,relationship_confidence_below_threshold,7c8acae10e14b28c789090a0059f5030,,sports_title_competition_mutual_exclusion,nesting
confidence_gate,relationship_confidence_below_threshold,7d352cf722bfbed9dd0100f0e18cf819,,sports_title_competition_mutual_exclusion,nesting
confidence_gate,relationship_confidence_below_threshold,7d52b66b58dcfe5032494fdf02ab2aab,,sports_title_competition_mutual_exclusion,nesting
confidence_gate,relationship_confidence_below_threshold,7d78f8b477dccd20c684cd1291939c9d,,sports_title_competition_mutual_exclusion,nesting
confidence_gate,relationship_confidence_below_threshold,7de9b949ce8d21d332d8a9e73d259a73,,sports_title_competition_mutual_exclusion,nesting
confidence_gate,relationship_confidence_below_threshold,7e68efb2d67e87929692014fd8f071f4,,sports_title_competition_mutual_exclusion,nesting
confidence_gate,relationship_confidence_below_threshold,7e8079f4d8909af6054ed5e09cb97f47,,sports_title_competition_mutual_exclusion,nesting
confidence_gate,relationship_confidence_below_threshold,7ef0a78ceacd753e1a335142c512b10f,,sports_title_competition_mutual_exclusion,nesting
confidence_gate,relationship_confidence_below_threshold,7f531e4b55c849cf9191a4373fadfeba,,sports_title_competition_mutual_exclusion,nesting
confidence_gate,relationship_confidence_below_threshold,7f82a3836cc152c5f4cf4279afd166ac,,sports_title_competition_mutual_exclusion,nesting
confidence_gate,relationship_confidence_below_threshold,7f858a436cc64ece913998f1b60bf929,,sports_title_competition_mutual_exclusion,nesting
confidence_gate,relationship_confidence_below_threshold,7ff149dc6c4867efab23b2c29cacdd47,,sports_title_competition_mutual_exclusion,nesting
confidence_gate,relationship_confidence_below_threshold,8107457edb48c84562d9035ab14ccaa5,,sports_title_competition_mutual_exclusion,nesting
confidence_gate,relationship_confidence_below_threshold,817692d51d82e61aafc2d6760a30ee9e,,sports_title_competition_mutual_exclusion,nesting
confidence_gate,relationship_confidence_below_threshold,83942854afa707819a76b661926e3783,,sports_title_competition_mutual_exclusion,nesting
confidence_gate,relationship_confidence_below_threshold,839add6bc057b869f36c365cfe464e13,,sports_title_competition_mutual_exclusion,nesting
confidence_gate,relationship_confidence_below_threshold,8454c28301d718dff576b389b01324ab,,sports_title_competition_mutual_exclusion,nesting
confidence_gate,relationship_confidence_below_threshold,8483e3379257fb0002da81342fefa7f8,,sports_title_competition_mutual_exclusion,nesting
confidence_gate,relationship_confidence_below_threshold,8519481dcddc7595934b20ad7e80f982,,sports_title_competition_mutual_exclusion,nesting
confidence_gate,relationship_confidence_below_threshold,85a20ae91ef93633976042dc017f3604,,sports_title_competition_mutual_exclusion,nesting
confidence_gate,relationship_confidence_below_threshold,869f7836119bfcdbf22b55db26f9dafa,,sports_title_competition_mutual_exclusion,nesting
confidence_gate,relationship_confidence_below_threshold,8735b496868882923a6e63cca4b89e55,,sports_title_competition_mutual_exclusion,nesting
confidence_gate,relationship_confidence_below_threshold,87450718c4f75792c76d6dce843d028a,,sports_title_competition_mutual_exclusion,nesting
confidence_gate,relationship_confidence_below_threshold,8819c35a400b99290ab44f15281c204a,,sports_title_competition_mutual_exclusion,nesting
confidence_gate,relationship_confidence_below_threshold,8830aaf241a734a4745c93f3014e3b43,,sports_title_competition_mutual_exclusion,nesting
confidence_gate,relationship_confidence_below_threshold,88e53d92eb4216593437bb1ebbec5cc6,,sports_title_competition_mutual_exclusion,nesting
confidence_gate,relationship_confidence_below_threshold,88f483f7488dcb1ca3d614ce7aedb857,,sports_title_competition_mutual_exclusion,nesting
confidence_gate,relationship_confidence_below_threshold,891a1d54bf2d7e4728a1ffea9f8bfe47,,sports_title_competition_mutual_exclusion,nesting
confidence_gate,relationship_confidence_below_threshold,895d023140f9d57cca085a3da601ffd3,,sports_title_competition_mutual_exclusion,nesting
confidence_gate,relationship_confidence_below_threshold,899a94de1b24cb39a6d3c88ee846cf41,,sports_title_competition_mutual_exclusion,nesting
confidence_gate,relationship_confidence_below_threshold,8b1049cdff71aaf9ded232fcd1f3bde8,,sports_title_competition_mutual_exclusion,nesting
confidence_gate,relationship_confidence_below_threshold,8b8a1482d774866703e620e7e94bbf87,,sports_title_competition_mutual_exclusion,nesting
confidence_gate,relationship_confidence_below_threshold,8bfb12465693117de0e865288dcdfc2b,,sports_title_competition_mutual_exclusion,nesting
confidence_gate,relationship_confidence_below_threshold,8d724c5bfd007c7cd5ad003b7dc34da0,,sports_title_competition_mutual_exclusion,nesting
confidence_gate,relationship_confidence_below_threshold,8eab238e278664325a4de3c9877205c2,,sports_title_competition_mutual_exclusion,nesting
confidence_gate,relationship_confidence_below_threshold,8ef2955fd69343327a10ebc9dd3a3803,,sports_title_competition_mutual_exclusion,nesting
confidence_gate,relationship_confidence_below_threshold,8f3b0e6071365d485e833b3a1477ccd4,,sports_title_competition_mutual_exclusion,nesting
confidence_gate,relationship_confidence_below_threshold,8f9ff0aa381319be346fe08e14fee0f4,,sports_title_competition_mutual_exclusion,nesting
confidence_gate,relationship_confidence_below_threshold,8fd9b50004322ef93258481d2a520740,,sports_title_competition_mutual_exclusion,nesting
confidence_gate,relationship_confidence_below_threshold,9067f1daff83c9a09a7a23c727d15ac6,,sports_title_competition_mutual_exclusion,nesting
confidence_gate,relationship_confidence_below_threshold,9073f4bac81dc745f2a5b2a9159378e1,,sports_title_competition_mutual_exclusion,nesting
confidence_gate,relationship_confidence_below_threshold,907ddae70e7f5660d2d83e173038c201,,sports_title_competition_mutual_exclusion,nesting
confidence_gate,relationship_confidence_below_threshold,917970dfe294282ead026b03e207b5a0,,sports_title_competition_mutual_exclusion,nesting
confidence_gate,relationship_confidence_below_threshold,91da3bf4e618958e00a5c67d4a936a35,,sports_title_competition_mutual_exclusion,nesting
confidence_gate,relationship_confidence_below_threshold,9284b37ad080c942113e241f58515c6b,,sports_title_competition_mutual_exclusion,nesting
confidence_gate,relationship_confidence_below_threshold,9317c0dc13635256d3ea9a3f8d5c0d23,,sports_title_competition_mutual_exclusion,nesting
confidence_gate,relationship_confidence_below_threshold,943bb88282a5f5b063bc286acd7447af,,sports_title_competition_mutual_exclusion,nesting
confidence_gate,relationship_confidence_below_threshold,95176cf4632addeaded3805c34b5e875,,sports_title_competition_mutual_exclusion,nesting
confidence_gate,relationship_confidence_below_threshold,95362958d4a2d00decd142a139cbf94e,,sports_title_competition_mutual_exclusion,nesting
confidence_gate,relationship_confidence_below_threshold,9555dd27d3b55efa710a3ce1287aba04,,sports_title_competition_mutual_exclusion,nesting
confidence_gate,relationship_confidence_below_threshold,9639599d1d0a5f7b380c7f907ae33d6b,,sports_title_competition_mutual_exclusion,nesting
confidence_gate,relationship_confidence_below_threshold,96d16050187b91e1ec33032c9a8b07e0,,sports_title_competition_mutual_exclusion,nesting
confidence_gate,relationship_confidence_below_threshold,96e15d5ce10f6d1123b8746557a534b0,,sports_title_competition_mutual_exclusion,nesting
confidence_gate,relationship_confidence_below_threshold,96e993566942607b66c6dd8ea68db0a3,,sports_title_competition_mutual_exclusion,nesting
confidence_gate,relationship_confidence_below_threshold,97304bbd125106d84ce4f9b290b2e41b,,sports_title_competition_mutual_exclusion,nesting
confidence_gate,relationship_confidence_below_threshold,97b61fa72d98fc9b28b07b7fd84a56b4,,sports_title_competition_mutual_exclusion,nesting
confidence_gate,relationship_confidence_below_threshold,98819edfb358d5cc480813b6adcf9927,,sports_title_competition_mutual_exclusion,nesting
confidence_gate,relationship_confidence_below_threshold,98a2f9101a587e1be813c5cf7c7a7bdd,,sports_title_competition_mutual_exclusion,nesting
confidence_gate,relationship_confidence_below_threshold,9a3ab32aec6496e1d91355b3d1f75410,,sports_title_competition_mutual_exclusion,nesting
confidence_gate,relationship_confidence_below_threshold,9a3d73658f48ef7eaca61786eb6bfc93,,sports_title_competition_mutual_exclusion,nesting
confidence_gate,relationship_confidence_below_threshold,9b40927b6bb6b1e51d929d683b979bc5,,sports_title_competition_mutual_exclusion,nesting
confidence_gate,relationship_confidence_below_threshold,9e48439e26dd28074a07f84d0696be9a,,sports_title_competition_mutual_exclusion,nesting
confidence_gate,relationship_confidence_below_threshold,9e6c05fa8198bb2967e6db04fac847e1,,sports_title_competition_mutual_exclusion,nesting
confidence_gate,relationship_confidence_below_threshold,9ebe5554f332c70e29494d82188bafb3,,sports_title_competition_mutual_exclusion,nesting
confidence_gate,relationship_confidence_below_threshold,9fe8e9833031f7e4e9ebae3a6eb06270,,sports_title_competition_mutual_exclusion,nesting
confidence_gate,relationship_confidence_below_threshold,a0b0282167ae90ab2f550160227d1fae,,sports_title_competition_mutual_exclusion,nesting
confidence_gate,relationship_confidence_below_threshold,a24664145950428399a4cfcf11541f39,,sports_title_competition_mutual_exclusion,nesting
confidence_gate,relationship_confidence_below_threshold,a2f7d96778ea509a27f296adb65a8274,,sports_title_competition_mutual_exclusion,nesting
confidence_gate,relationship_confidence_below_threshold,a384e85ed11280527da1912cc8aa9095,,sports_title_competition_mutual_exclusion,nesting
confidence_gate,relationship_confidence_below_threshold,a3b7062420de77823165d2c9c15551d0,,sports_title_competition_mutual_exclusion,nesting
confidence_gate,relationship_confidence_below_threshold,a571c8c0b9d32df2ff395962098fd8a9,,sports_title_competition_mutual_exclusion,nesting
confidence_gate,relationship_confidence_below_threshold,a5d982f39acfd9c3799629eb46a7356e,,sports_title_competition_mutual_exclusion,nesting
confidence_gate,relationship_confidence_below_threshold,a6685f2cc4479c855e0106056403a369,,sports_title_competition_mutual_exclusion,nesting
confidence_gate,relationship_confidence_below_threshold,a69f8b0ae7a3a85441d9a23c4c6e1919,,sports_title_competition_mutual_exclusion,nesting
confidence_gate,relationship_confidence_below_threshold,a7033a75b3b5be836ff46847429f139f,,sports_title_competition_mutual_exclusion,nesting
confidence_gate,relationship_confidence_below_threshold,a70d31be00738b0837d2a97e20608ba1,,sports_title_competition_mutual_exclusion,nesting
confidence_gate,relationship_confidence_below_threshold,a79ab1f6f5922bde957078e590a06bd2,,sports_title_competition_mutual_exclusion,nesting
confidence_gate,relationship_confidence_below_threshold,a8b1287afbcaf861a76fdd262b0877bb,,sports_title_competition_mutual_exclusion,nesting
confidence_gate,relationship_confidence_below_threshold,a93651794b890932570c4e5f29cca491,,sports_title_competition_mutual_exclusion,nesting
confidence_gate,relationship_confidence_below_threshold,a95665c7d0a1e4f622b6191ca504b9cd,,sports_title_competition_mutual_exclusion,nesting
confidence_gate,relationship_confidence_below_threshold,a9ce9db1becd7b5517db9d6abf300721,,sports_title_competition_mutual_exclusion,nesting
confidence_gate,relationship_confidence_below_threshold,aa0bb1d7e0b9ee2cb4f45e53025d3b29,,sports_title_competition_mutual_exclusion,nesting
confidence_gate,relationship_confidence_below_threshold,aa5840cde950cd2acab8a1c1f9ce7545,,sports_title_competition_mutual_exclusion,nesting
confidence_gate,relationship_confidence_below_threshold,aa591eacb995849ed10b47074b9692fc,,sports_title_competition_mutual_exclusion,nesting
confidence_gate,relationship_confidence_below_threshold,ab0667ab010c960cb4bb81f59100fa92,,sports_title_competition_mutual_exclusion,nesting
confidence_gate,relationship_confidence_below_threshold,ab42a2d02c1d5eba5d5d2a6d1987584d,,sports_title_competition_mutual_exclusion,nesting
confidence_gate,relationship_confidence_below_threshold,ac96acc3d5bcb5b589a4131bd05c9c09,,sports_title_competition_mutual_exclusion,nesting
confidence_gate,relationship_confidence_below_threshold,ad354c6b0d74fc0bfd38b45ea7f56736,,sports_title_competition_mutual_exclusion,nesting
confidence_gate,relationship_confidence_below_threshold,adb311cbd8d80c1b38278b5871169f99,,sports_title_competition_mutual_exclusion,nesting
confidence_gate,relationship_confidence_below_threshold,ae42417666db0c9ccd607b96c8b5a410,,sports_title_competition_mutual_exclusion,nesting
confidence_gate,relationship_confidence_below_threshold,aee0dd9767e39762b080f77f8826107d,,sports_title_competition_mutual_exclusion,nesting
confidence_gate,relationship_confidence_below_threshold,b015ac0ee55947064bb8f6c74ccf1c0f,,sports_title_competition_mutual_exclusion,nesting
confidence_gate,relationship_confidence_below_threshold,b01f1b35b2b9bf93a2eab29aed4805fa,,sports_title_competition_mutual_exclusion,nesting
confidence_gate,relationship_confidence_below_threshold,b09fa725235dbd56c8e8d4e75953678b,,sports_title_competition_mutual_exclusion,nesting
confidence_gate,relationship_confidence_below_threshold,b0d311a6d901c5467aa81b6e15ca278f,,sports_title_competition_mutual_exclusion,nesting
confidence_gate,relationship_confidence_below_threshold,b1146af45aa7c18ae6609dea0bd2219f,,sports_title_competition_mutual_exclusion,nesting
confidence_gate,relationship_confidence_below_threshold,b1291915c15d85b344f4f86334834b0f,,sports_title_competition_mutual_exclusion,nesting
confidence_gate,relationship_confidence_below_threshold,b132b1743399854bfdc0437d44c1b825,,sports_title_competition_mutual_exclusion,nesting
confidence_gate,relationship_confidence_below_threshold,b35591b1b87e6df553448487946d0e09,,sports_title_competition_mutual_exclusion,nesting
confidence_gate,relationship_confidence_below_threshold,b420160a78ae381839c1f4b96ff6533f,,sports_title_competition_mutual_exclusion,nesting
confidence_gate,relationship_confidence_below_threshold,b4292c3d6d84c42d0e33f435e1ba9937,,sports_title_competition_mutual_exclusion,nesting
confidence_gate,relationship_confidence_below_threshold,b49328dff2afc583b9126e2e62a4bd1a,,sports_title_competition_mutual_exclusion,nesting
confidence_gate,relationship_confidence_below_threshold,b49da75c0ec3f39da7520aac569f4005,,sports_title_competition_mutual_exclusion,nesting
confidence_gate,relationship_confidence_below_threshold,b4b32817b9b6f81681a162d0d306e484,,sports_title_competition_mutual_exclusion,nesting
confidence_gate,relationship_confidence_below_threshold,b597274c97e8c07aa1f6f2946a0b9fad,,sports_title_competition_mutual_exclusion,nesting
confidence_gate,relationship_confidence_below_threshold,b68f20ca9791ee6c226973a0c98fbdcc,,sports_title_competition_mutual_exclusion,nesting
confidence_gate,relationship_confidence_below_threshold,b8a470ab8d10248441585f5a1ff50cfd,,sports_title_competition_mutual_exclusion,nesting
confidence_gate,relationship_confidence_below_threshold,b93791a0e4de21f9f88b88b51c712016,,sports_title_competition_mutual_exclusion,nesting
confidence_gate,relationship_confidence_below_threshold,ba4d9da2b2badbc3a638ad09f943f1af,,sports_title_competition_mutual_exclusion,nesting
confidence_gate,relationship_confidence_below_threshold,ba662ff3c11e2fd13686a2be95058d45,,sports_title_competition_mutual_exclusion,nesting
confidence_gate,relationship_confidence_below_threshold,bb17f9c3028689dfcc90c141312f5429,,sports_title_competition_mutual_exclusion,nesting
confidence_gate,relationship_confidence_below_threshold,bcb3ea2745d9bb95e31b9ac31af08e77,,sports_title_competition_mutual_exclusion,nesting
confidence_gate,relationship_confidence_below_threshold,bcc48f493191d88e3145d418246a23fb,,sports_title_competition_mutual_exclusion,nesting
confidence_gate,relationship_confidence_below_threshold,bcde84d22b066f09ca033d54894b44a4,,sports_title_competition_mutual_exclusion,nesting
confidence_gate,relationship_confidence_below_threshold,bdbdf16a51f70883f6ca4c613b113963,,sports_title_competition_mutual_exclusion,nesting
confidence_gate,relationship_confidence_below_threshold,bdc824b96f6ab4e8f62232ced2649791,,sports_title_competition_mutual_exclusion,nesting
confidence_gate,relationship_confidence_below_threshold,be79b54561b58c976dff6b9329142d44,,sports_title_competition_mutual_exclusion,nesting
confidence_gate,relationship_confidence_below_threshold,bec88cc5b8f2b9fa7a1d93965a11b06c,,sports_title_competition_mutual_exclusion,nesting
confidence_gate,relationship_confidence_below_threshold,bee6c6c966d73492488de77dfa56df2c,,sports_title_competition_mutual_exclusion,nesting
confidence_gate,relationship_confidence_below_threshold,c080c0970186bc78c0726bf32a162b5c,,sports_title_competition_mutual_exclusion,nesting
confidence_gate,relationship_confidence_below_threshold,c0bb1620689a8c8a76be37e9a4c41485,,sports_title_competition_mutual_exclusion,nesting
confidence_gate,relationship_confidence_below_threshold,c0bf108bb2ab0eef5ee2c870d283681d,,sports_title_competition_mutual_exclusion,nesting
confidence_gate,relationship_confidence_below_threshold,c205ae9ec28225aa5dd2950124146ee3,,sports_title_competition_mutual_exclusion,nesting
confidence_gate,relationship_confidence_below_threshold,c2519498eb8281c0fb57e1f9dc4f436e,,sports_title_competition_mutual_exclusion,nesting
confidence_gate,relationship_confidence_below_threshold,c29258f9e03b6fc5f4acc605fd7d6667,,sports_title_competition_mutual_exclusion,nesting
confidence_gate,relationship_confidence_below_threshold,c37d48e0be3ddf7c34dfb99a8e5cd4c9,,sports_title_competition_mutual_exclusion,nesting
confidence_gate,relationship_confidence_below_threshold,c388bc86f1a4f2df0a067b976115cd9d,,sports_title_competition_mutual_exclusion,nesting
confidence_gate,relationship_confidence_below_threshold,c4a296699c7210aa4ed6271f5861c10d,,sports_title_competition_mutual_exclusion,nesting
confidence_gate,relationship_confidence_below_threshold,c4b20104317f89915df58ac765936519,,sports_title_competition_mutual_exclusion,nesting
confidence_gate,relationship_confidence_below_threshold,c538db4277339ed6b8f04a43db3fa834,,sports_title_competition_mutual_exclusion,nesting
confidence_gate,relationship_confidence_below_threshold,c5fae1be458b39a4f10016aa203efa35,,sports_title_competition_mutual_exclusion,nesting
confidence_gate,relationship_confidence_below_threshold,c6b4e78137e6f93045e90b967735ff7e,,sports_title_competition_mutual_exclusion,nesting
confidence_gate,relationship_confidence_below_threshold,c736edf1f3ddf820c28d7a9e85b3aa0d,,sports_title_competition_mutual_exclusion,nesting
confidence_gate,relationship_confidence_below_threshold,c76d60c22254dc87c40eb45f958fa62e,,sports_title_competition_mutual_exclusion,nesting
confidence_gate,relationship_confidence_below_threshold,caf56ca891259f29f6351ca7ad2e7e30,,sports_title_competition_mutual_exclusion,nesting
confidence_gate,relationship_confidence_below_threshold,cbe1d608c5a40efcf4aedb4f64a26fda,,sports_title_competition_mutual_exclusion,nesting
confidence_gate,relationship_confidence_below_threshold,cc7ffe725e15749d0aa367900f4ee323,,sports_title_competition_mutual_exclusion,nesting
confidence_gate,relationship_confidence_below_threshold,ccf9e0cec5c6e85acf9d87c75ac5117a,,sports_title_competition_mutual_exclusion,nesting
confidence_gate,relationship_confidence_below_threshold,ce56df67592b82f19788d5470683286b,,sports_title_competition_mutual_exclusion,nesting
confidence_gate,relationship_confidence_below_threshold,d02809ed9c4aec41f509a144a809613f,,sports_title_competition_mutual_exclusion,nesting
confidence_gate,relationship_confidence_below_threshold,d0d1fd7c7ef4e783235c335860a19464,,sports_title_competition_mutual_exclusion,nesting
confidence_gate,relationship_confidence_below_threshold,d0f2aa34a0ab915d48357f34ae6cea27,,sports_title_competition_mutual_exclusion,nesting
confidence_gate,relationship_confidence_below_threshold,d1316374955b579a0d83a73a38c53baa,,sports_title_competition_mutual_exclusion,nesting
confidence_gate,relationship_confidence_below_threshold,d18c595fe99216dd38b53cc1f3268505,,sports_title_competition_mutual_exclusion,nesting
confidence_gate,relationship_confidence_below_threshold,d213afd3c7af01e60edab176ab8374b5,,sports_title_competition_mutual_exclusion,nesting
confidence_gate,relationship_confidence_below_threshold,d384cf64247f9a53e2ce4266cb592090,,sports_title_competition_mutual_exclusion,nesting
confidence_gate,relationship_confidence_below_threshold,d3fda5da92ef2d2b35160952dd4b4e54,,sports_title_competition_mutual_exclusion,nesting
confidence_gate,relationship_confidence_below_threshold,d412aa994d0d858be1b977c079190981,,sports_title_competition_mutual_exclusion,nesting
confidence_gate,relationship_confidence_below_threshold,d415ef8ca82505f6c955973685038876,,sports_title_competition_mutual_exclusion,nesting
confidence_gate,relationship_confidence_below_threshold,d41c1a4c78dba33035a0ff440cf9fc9a,,sports_title_competition_mutual_exclusion,nesting
confidence_gate,relationship_confidence_below_threshold,d47eaa87e039c349b85b23241197e7ee,,sports_title_competition_mutual_exclusion,nesting
confidence_gate,relationship_confidence_below_threshold,d5080f1fa39ef4592e9094f822b7154d,,sports_title_competition_mutual_exclusion,nesting
confidence_gate,relationship_confidence_below_threshold,d5223f66c26d6856b1e7218da2fafe6b,,sports_title_competition_mutual_exclusion,nesting
confidence_gate,relationship_confidence_below_threshold,d5b22f757e8d3b6da5fb0db39cf2d370,,sports_title_competition_mutual_exclusion,nesting
confidence_gate,relationship_confidence_below_threshold,d5dcf79ec7a196cc0e7942fa0bcc61fb,,sports_title_competition_mutual_exclusion,nesting
confidence_gate,relationship_confidence_below_threshold,d75e88c054e9f402df9227360760c0ab,,sports_title_competition_mutual_exclusion,nesting
confidence_gate,relationship_confidence_below_threshold,d76c5f11f79c2e62ca5156d03b42429a,,sports_title_competition_mutual_exclusion,nesting
confidence_gate,relationship_confidence_below_threshold,d79b2b44c704edf5a249e1e70030c582,,sports_title_competition_mutual_exclusion,nesting
confidence_gate,relationship_confidence_below_threshold,d90fd53f057f839cb32e463ac1e9600a,,sports_title_competition_mutual_exclusion,nesting
confidence_gate,relationship_confidence_below_threshold,d975f7be8c5cda1fc931410b46400ba2,,sports_title_competition_mutual_exclusion,nesting
confidence_gate,relationship_confidence_below_threshold,d9de9d4464fe4dc688aa2fd22aad4834,,sports_title_competition_mutual_exclusion,nesting
confidence_gate,relationship_confidence_below_threshold,da0f57031f97ed79ca5ff6a7ae61c5f5,,sports_title_competition_mutual_exclusion,nesting
confidence_gate,relationship_confidence_below_threshold,da6077fbfbc9e01e5023a0dea18f1f1b,,sports_title_competition_mutual_exclusion,nesting
confidence_gate,relationship_confidence_below_threshold,da66be6ebd3c0f11722e2fc501158b07,,sports_title_competition_mutual_exclusion,nesting
confidence_gate,relationship_confidence_below_threshold,db17e6733c1ddb3644da1eb48ca4446a,,sports_title_competition_mutual_exclusion,nesting
confidence_gate,relationship_confidence_below_threshold,dbd491449b28e0a73dcd8992c66b3731,,sports_title_competition_mutual_exclusion,nesting
confidence_gate,relationship_confidence_below_threshold,dc10a27e6c9acc7d8e856139bd9b46ce,,sports_title_competition_mutual_exclusion,nesting
confidence_gate,relationship_confidence_below_threshold,dce09fa1d04863ac6c4d9dfdaa2176cf,,sports_title_competition_mutual_exclusion,nesting
confidence_gate,relationship_confidence_below_threshold,dd488a43a0b15424146ae10626387e6a,,sports_title_competition_mutual_exclusion,nesting
confidence_gate,relationship_confidence_below_threshold,de664483f134a3fb6612638e4648b3ac,,sports_title_competition_mutual_exclusion,nesting
confidence_gate,relationship_confidence_below_threshold,df79749c521da15ed2ad39e7f0e89728,,sports_title_competition_mutual_exclusion,nesting
confidence_gate,relationship_confidence_below_threshold,dff6fb6fe90825a66ca1a843e4d1e674,,sports_title_competition_mutual_exclusion,nesting
confidence_gate,relationship_confidence_below_threshold,e077864e742c99f8a47b1d650826f076,,sports_title_competition_mutual_exclusion,nesting
confidence_gate,relationship_confidence_below_threshold,e0c1ef3f93c78f052a123bf190319579,,sports_title_competition_mutual_exclusion,nesting
confidence_gate,relationship_confidence_below_threshold,e300fff14eb5bd62ea91b8f55d4c67f2,,sports_title_competition_mutual_exclusion,nesting
confidence_gate,relationship_confidence_below_threshold,e331e130c6ba28ecdfe8b91790fedf0c,,sports_title_competition_mutual_exclusion,nesting
confidence_gate,relationship_confidence_below_threshold,e3639ed739aa546f4f38406c5b0dd402,,sports_title_competition_mutual_exclusion,nesting
confidence_gate,relationship_confidence_below_threshold,e3c202bbdcff63a95ef279a914f017d5,,sports_title_competition_mutual_exclusion,nesting
confidence_gate,relationship_confidence_below_threshold,e412de3017afac0c095cc0f0bec290da,,sports_title_competition_mutual_exclusion,nesting
confidence_gate,relationship_confidence_below_threshold,e447de7626920198792ce25ec72d4978,,sports_title_competition_mutual_exclusion,nesting
confidence_gate,relationship_confidence_below_threshold,e46c557e265d9b720e8d322bdfabc201,,sports_title_competition_mutual_exclusion,nesting
confidence_gate,relationship_confidence_below_threshold,e495d0d28ed076ee914e7819d3420373,,sports_title_competition_mutual_exclusion,nesting
confidence_gate,relationship_confidence_below_threshold,e510d4c8c9f0cae1f8d54c396bb31bcf,,sports_title_competition_mutual_exclusion,nesting
confidence_gate,relationship_confidence_below_threshold,e5ccbf9d61bb15b48306f208245640a6,,sports_title_competition_mutual_exclusion,nesting
confidence_gate,relationship_confidence_below_threshold,e657b16e180a036f52902c0b20279c8e,,sports_title_competition_mutual_exclusion,nesting
confidence_gate,relationship_confidence_below_threshold,e67dde584107f1b0003fc974a9f4666e,,sports_title_competition_mutual_exclusion,nesting
confidence_gate,relationship_confidence_below_threshold,e6d1ef0cbf7693d8e172fc2c6ac6ae38,,sports_title_competition_mutual_exclusion,nesting
confidence_gate,relationship_confidence_below_threshold,e7422b5a29518675ea68a227def2efd0,,sports_title_competition_mutual_exclusion,nesting
confidence_gate,relationship_confidence_below_threshold,e75f8a574e96a514110ac7e693857cf4,,sports_title_competition_mutual_exclusion,nesting
confidence_gate,relationship_confidence_below_threshold,e867ccec671969a85ef1db66e07f89e3,,sports_title_competition_mutual_exclusion,nesting
confidence_gate,relationship_confidence_below_threshold,e871a3a9e07ccaf0dfb1e4a4fd6173a9,,sports_title_competition_mutual_exclusion,nesting
confidence_gate,relationship_confidence_below_threshold,e8be458f2001d039c112b889ea5d00bb,,sports_title_competition_mutual_exclusion,nesting
confidence_gate,relationship_confidence_below_threshold,e9449c6b04556df9f5d341c838f4cfed,,sports_title_competition_mutual_exclusion,nesting
confidence_gate,relationship_confidence_below_threshold,ea45224f18c1c3e104f1d4b15518e0a3,,sports_title_competition_mutual_exclusion,nesting
confidence_gate,relationship_confidence_below_threshold,eaac639f5af48b6aa7cc1bde590e250f,,sports_title_competition_mutual_exclusion,nesting
confidence_gate,relationship_confidence_below_threshold,eab4075696cbd3cc1204b8269a7beeac,,sports_title_competition_mutual_exclusion,nesting
confidence_gate,relationship_confidence_below_threshold,eac0d8572d3699168aee7cc866a9ae89,,sports_title_competition_mutual_exclusion,nesting
confidence_gate,relationship_confidence_below_threshold,ebf504cf9869a526042cade0a7bf6af3,,sports_title_competition_mutual_exclusion,nesting
confidence_gate,relationship_confidence_below_threshold,ebfce5a24a9c723ccd5011bf8a6c7b97,,sports_title_competition_mutual_exclusion,nesting
confidence_gate,relationship_confidence_below_threshold,ec9403630a763bede0ee84a8fd46c25e,,sports_title_competition_mutual_exclusion,nesting
confidence_gate,relationship_confidence_below_threshold,ec99ab9dc7668810dfcc3cc11c88ab9d,,sports_title_competition_mutual_exclusion,nesting
confidence_gate,relationship_confidence_below_threshold,eceb81248c34043ab816c2411af5f4a5,,sports_title_competition_mutual_exclusion,nesting
confidence_gate,relationship_confidence_below_threshold,ed0baf6d791d02c72f50f2bf0e165cc2,,sports_title_competition_mutual_exclusion,nesting
confidence_gate,relationship_confidence_below_threshold,ed79211da62498b061b03a4e07371700,,sports_title_competition_mutual_exclusion,nesting
confidence_gate,relationship_confidence_below_threshold,ed8ca38f98ebb8c59a5106d0b92962b2,,sports_title_competition_mutual_exclusion,nesting
confidence_gate,relationship_confidence_below_threshold,edc7b702c1406e3efc984652b3ff4c32,,sports_title_competition_mutual_exclusion,nesting
confidence_gate,relationship_confidence_below_threshold,edc8703c015c9abba4d11177835b9984,,sports_title_competition_mutual_exclusion,nesting
confidence_gate,relationship_confidence_below_threshold,edd14b914cb53b5248cc4893e8333c7c,,sports_title_competition_mutual_exclusion,nesting
confidence_gate,relationship_confidence_below_threshold,edd711cc756ad18bad05550175dc9a0d,,sports_title_competition_mutual_exclusion,nesting
confidence_gate,relationship_confidence_below_threshold,ee32c7e2dd82a6116107af9c41648228,,sports_title_competition_mutual_exclusion,nesting
confidence_gate,relationship_confidence_below_threshold,ee4996afaf31a27f46b9f767dfc28734,,sports_title_competition_mutual_exclusion,nesting
confidence_gate,relationship_confidence_below_threshold,ef0ac8ce2549b5a39ac12f3323be7263,,sports_title_competition_mutual_exclusion,nesting
confidence_gate,relationship_confidence_below_threshold,ef34bbd02af8659856244b3c7e2f6aed,,sports_title_competition_mutual_exclusion,nesting
confidence_gate,relationship_confidence_below_threshold,efbc3ced1ab7347f56e7a18addb1ad49,,sports_title_competition_mutual_exclusion,nesting
confidence_gate,relationship_confidence_below_threshold,f0a51fa40986dadd1c87346f96921773,,sports_title_competition_mutual_exclusion,nesting
confidence_gate,relationship_confidence_below_threshold,f0adb6347a8a975d331a3f25962ac861,,sports_title_competition_mutual_exclusion,nesting
confidence_gate,relationship_confidence_below_threshold,f0e06b6bd668d810f8f93a65a49afdd9,,sports_title_competition_mutual_exclusion,nesting
confidence_gate,relationship_confidence_below_threshold,f212dbcb6e95f41f622ac5bae5596bec,,sports_title_competition_mutual_exclusion,nesting
confidence_gate,relationship_confidence_below_threshold,f22045c439fdb264d0838c1182fc9b55,,sports_title_competition_mutual_exclusion,nesting
confidence_gate,relationship_confidence_below_threshold,f32b682e01b58b33bf6608084cf6776e,,sports_title_competition_mutual_exclusion,nesting
confidence_gate,relationship_confidence_below_threshold,f37e95bc48ce2fe240a5a286b4e040e0,,sports_title_competition_mutual_exclusion,nesting
confidence_gate,relationship_confidence_below_threshold,f3ab57f8fee8897b5b3c86c34c00c113,,sports_title_competition_mutual_exclusion,nesting
confidence_gate,relationship_confidence_below_threshold,f448f5e8df0818d9592acdf920ad207c,,sports_title_competition_mutual_exclusion,nesting
confidence_gate,relationship_confidence_below_threshold,f491d9b2b75bf6945934d0647eb07e6f,,sports_title_competition_mutual_exclusion,nesting
confidence_gate,relationship_confidence_below_threshold,f4f21f1e1de069467a1633bbc1f8a298,,sports_title_competition_mutual_exclusion,nesting
confidence_gate,relationship_confidence_below_threshold,f53cbb63d8072f775612fd80f162712f,,sports_title_competition_mutual_exclusion,nesting
confidence_gate,relationship_confidence_below_threshold,f5716c17d24aa192035563249c6be4fe,,sports_title_competition_mutual_exclusion,nesting
confidence_gate,relationship_confidence_below_threshold,f78deab4aa6eb99b3466e41b80629e99,,sports_title_competition_mutual_exclusion,nesting
confidence_gate,relationship_confidence_below_threshold,f7c35491b5e62c38be1c282e24f92fe4,,sports_title_competition_mutual_exclusion,nesting
confidence_gate,relationship_confidence_below_threshold,f845369f003700eeaef7dfa2bb2d0ed0,,sports_title_competition_mutual_exclusion,nesting
confidence_gate,relationship_confidence_below_threshold,fa2525daf2f9452a843cb172ea0bcadf,,sports_title_competition_mutual_exclusion,nesting
confidence_gate,relationship_confidence_below_threshold,fb0bbcd00b9c25183badf347dcf564f9,,sports_title_competition_mutual_exclusion,nesting
confidence_gate,relationship_confidence_below_threshold,fb93285228945708a3482d5a4630a451,,sports_title_competition_mutual_exclusion,nesting
confidence_gate,relationship_confidence_below_threshold,fd005f0d1dce084e9c1ba31b95787b2c,,sports_title_competition_mutual_exclusion,nesting
confidence_gate,relationship_confidence_below_threshold,fd2bb703b42759a77fa6abafb49e8461,,sports_title_competition_mutual_exclusion,nesting
confidence_gate,relationship_confidence_below_threshold,fda768339a90e7d92b87ffac31ea4bdb,,sports_title_competition_mutual_exclusion,nesting
confidence_gate,relationship_confidence_below_threshold,fdc3fe4593930ccc3a4b21a9082851e3,,sports_title_competition_mutual_exclusion,nesting
confidence_gate,relationship_confidence_below_threshold,fe4932f62055727426fe5208241c3265,,sports_title_competition_mutual_exclusion,nesting
confidence_gate,relationship_confidence_below_threshold,fe50eacafa0c434d8ae13e93e2dec266,,sports_title_competition_mutual_exclusion,nesting
