space_id,space_name,domain,space_attribution_status,strategy_families_available,market_count,relationship_count,strict_relationship_count,exploratory_relationship_count,diagnostic_only_relationship_count,price_history_coverage_pct,aligned_tick_count,gross_violation_count,net_violation_count,accepted_trade_count,raw_fill_count,unique_violation_window_count,independent_violation_windows,distinct_relationships_traded,distinct_bundles_traded,simulated_pnl,average_trade_return_pct,median_trade_return_pct,total_trade_cost,total_return_pct,max_drawdown,total_slippage,avg_edge,median_edge,best_edge,worst_trade_pnl,best_trade_pnl,primary_blocker,secondary_blocker,suspicious_flag_count,accepted_trade_suspicious_flag_count,completeness_status,known_total_candidates,dominant_relationship_share_of_pnl,space_grade,recommended_next_action,dominant_trade_share_of_pnl,gross_opportunity_rows,integrity_warning,net_opportunity_rows,raw_replay_fills
2026_us_presidential_election_candidate_winner,2026_us_presidential_election_candidate_winner,,outcome_space,pairwise_mutual_exclusion,0,272,0,241,0,1.0,0,11,11,11,22,1,1,1,0,6.599999999999998,0.05999999999999999,0.06,110.0,0.059999999999999984,0.0,0.5500000000000002,0.05999999999999999,0.06,0.07,0.3,0.3,infrastructure,,0,0,unknown,,1.0,F_OVERFIT_ONE_OFF,Do not optimise — single-relationship PnL is statistically unreliable.,0.0,11,,11,22
sports_championship_conference_progression,sports_championship_conference_progression,,context_space,nesting,0,0,0,0,0,0.0,0,483,97,52,104,34,34,3,0,5.980000000000009,0.0115,0.0015,520.0,0.011500000000000017,0.0,2.5999999999999948,0.0115,0.0015,0.04,0.0025,0.15,economic_or_replay,,0,0,unknown,,0.944816053511704,UNGRADED,Insufficient evidence to grade — run a backtest on this space.,0.0,483,,97,104
llm_hyp_540881_559651_temporal_ordering_pair,llm_hyp_540881_559651_temporal_ordering_pair,,outcome_space,hypothesis_research,0,1,0,1,0,1.0,0,84,84,20,40,1,1,1,0,2.6,0.013000000000000001,0.005,200.0,0.013000000000000001,0.0,1.0000000000000004,0.013000000000000001,0.005,0.04,0.025,0.125,economic_or_replay,,0,0,unknown,,1.0,F_OVERFIT_ONE_OFF,Do not optimise — single-relationship PnL is statistically unreliable.,0.0,84,,84,40
unknown_year_us_presidential_election_candidate_winner,unknown_year_us_presidential_election_candidate_winner,,outcome_space,pairwise_mutual_exclusion,0,81,0,81,0,0.9,0,60,50,20,40,2,2,1,0,2.000000000000001,0.01,0.01,200.0,0.010000000000000004,0.0,1.0000000000000004,0.01,0.01,0.025,0.05,0.05,economic_or_replay,,0,0,unknown,,1.0,F_OVERFIT_ONE_OFF,Do not optimise — single-relationship PnL is statistically unreliable.,0.0,60,,50,40
sports_ranking_finish_position,sports_ranking_finish_position,,context_space,nesting,0,0,0,0,0,0.0,0,217,191,20,40,1,1,1,0,0.0,0.0,0.0,200.0,0.0,0.0,1.0000000000000004,0.0,0.0,0.03,0.0,0.0,economic_or_replay,,0,0,unknown,,0.0,UNGRADED,Insufficient evidence to grade — run a backtest on this space.,0.0,217,,191,40
2020_us_presidential_election_candidate_winner,2020_us_presidential_election_candidate_winner,,outcome_space,pairwise_mutual_exclusion,0,6,0,6,0,0.0,0,0,0,0,0,0,0,0,0,0.0,0.0,0.0,0.0,0.0,0.0,0.0,0.0,0.0,0.0,0.0,0.0,,,0,0,unknown,,0.0,C_INFRASTRUCTURE_BLOCKED,"Backfill price history for markets in this space, then run alignment and a backtest.",0.0,0,,0,0
2022_republicans_presidential_nomination,2022_republicans_presidential_nomination,,outcome_space,pairwise_mutual_exclusion,0,1,0,1,0,0.0,0,0,0,0,0,0,0,0,0,0.0,0.0,0.0,0.0,0.0,0.0,0.0,0.0,0.0,0.0,0.0,0.0,,,0,0,unknown,,0.0,C_INFRASTRUCTURE_BLOCKED,"Backfill price history for markets in this space, then run alignment and a backtest.",0.0,0,,0,0
2022_us_presidential_election_candidate_winner,2022_us_presidential_election_candidate_winner,,outcome_space,pairwise_mutual_exclusion,0,1,0,1,0,0.0,0,0,0,0,0,0,0,0,0,0.0,0.0,0.0,0.0,0.0,0.0,0.0,0.0,0.0,0.0,0.0,0.0,,,0,0,unknown,,0.0,C_INFRASTRUCTURE_BLOCKED,"Backfill price history for markets in this space, then run alignment and a backtest.",0.0,0,,0,0
2025_us_presidential_election_candidate_winner,2025_us_presidential_election_candidate_winner,,outcome_space,pairwise_mutual_exclusion,0,66,0,66,0,0.0,0,0,0,0,0,0,0,0,0,0.0,0.0,0.0,0.0,0.0,0.0,0.0,0.0,0.0,0.0,0.0,0.0,infrastructure,,0,0,unknown,,0.0,C_INFRASTRUCTURE_BLOCKED,"Backfill price history for markets in this space, then run alignment and a backtest.",0.0,0,,0,0
2026_colombian_presidential_election_candidate_winner,2026_colombian_presidential_election_candidate_winner,,outcome_space,none;pairwise_mutual_exclusion,0,235,0,161,5,1.0,0,0,0,0,0,0,0,0,0,0.0,0.0,0.0,0.0,0.0,0.0,0.0,0.0,0.0,0.0,0.0,0.0,,,0,0,unknown,,0.0,E_INVALID_OR_AUDIT_RISK,Repair taxonomy/templates — space is dominated by diagnostic-only relationships.,0.0,0,,0,0
2026_colombian_presidential_election_first_round,2026_colombian_presidential_election_first_round,,outcome_space,none;pairwise_mutual_exclusion,0,317,0,101,139,1.0,0,0,0,0,0,0,0,0,0,0.0,0.0,0.0,0.0,0.0,0.0,0.0,0.0,0.0,0.0,0.0,0.0,,,0,0,unknown,,0.0,E_INVALID_OR_AUDIT_RISK,Repair taxonomy/templates — space is dominated by diagnostic-only relationships.,0.0,0,,0,0
2026_korea_dp_win_the_2026_south_korean_local_elections_presidential_election_party_winner,2026_korea_dp_win_the_2026_south_korean_local_elections_presidential_election_party_winner,,outcome_space,none,0,3,0,0,3,1.0,0,0,0,0,0,0,0,0,0,0.0,0.0,0.0,0.0,0.0,0.0,0.0,0.0,0.0,0.0,0.0,0.0,,,0,0,unknown,,0.0,E_INVALID_OR_AUDIT_RISK,Repair taxonomy/templates — space is dominated by diagnostic-only relationships.,0.0,0,,0,0
2026_local_government_elections_in_the_2026_taiwan_local_elections_presidential_election,2026_local_government_elections_in_the_2026_taiwan_local_elections_presidential_election,,outcome_space,none,0,2,0,0,0,1.0,0,0,0,0,0,0,0,0,0,0.0,0.0,0.0,0.0,0.0,0.0,0.0,0.0,0.0,0.0,0.0,0.0,,,0,0,unknown,,0.0,D_VALID_BUT_STRATEGICALLY_WEAK,Low priority — relationships exist and have price coverage but no signal observed.,0.0,0,,0,0
2026_local_government_elections_in_the_2026_taiwan_local_elections_presidential_election_candidate_winner,2026_local_government_elections_in_the_2026_taiwan_local_elections_presidential_election_candidate_winner,,outcome_space,pairwise_mutual_exclusion,0,2,0,1,0,1.0,0,0,0,0,0,0,0,0,0,0.0,0.0,0.0,0.0,0.0,0.0,0.0,0.0,0.0,0.0,0.0,0.0,,,0,0,unknown,,0.0,D_VALID_BUT_STRATEGICALLY_WEAK,Low priority — relationships exist and have price coverage but no signal observed.,0.0,0,,0,0
2026_nhl_stanley_cup,2026_nhl_stanley_cup,,outcome_space,pairwise_mutual_exclusion,0,28,0,18,0,1.0,0,0,0,0,0,0,0,0,0,0.0,0.0,0.0,0.0,0.0,0.0,0.0,0.0,0.0,0.0,0.0,0.0,,,0,0,unknown,,0.0,D_VALID_BUT_STRATEGICALLY_WEAK,Low priority — relationships exist and have price coverage but no signal observed.,0.0,0,,0,0
2026_will_aaron_ford_win_the_2026_nevada_governor_democratic_primary_election_presidential_election_candidate_winner,2026_will_aaron_ford_win_the_2026_nevada_governor_democratic_primary_election_presidential_election_candidate_winner,,outcome_space,none,0,1,0,0,1,1.0,0,0,0,0,0,0,0,0,0,0.0,0.0,0.0,0.0,0.0,0.0,0.0,0.0,0.0,0.0,0.0,0.0,,,0,0,unknown,,0.0,E_INVALID_OR_AUDIT_RISK,Repair taxonomy/templates — space is dominated by diagnostic-only relationships.,0.0,0,,0,0
2026_will_adam_crum_win_the_2026_alaska_governor_election_presidential_election_candidate_winner,2026_will_adam_crum_win_the_2026_alaska_governor_election_presidential_election_candidate_winner,,outcome_space,none,0,48,0,0,48,1.0,0,0,0,0,0,0,0,0,0,0.0,0.0,0.0,0.0,0.0,0.0,0.0,0.0,0.0,0.0,0.0,0.0,,,0,0,unknown,,0.0,E_INVALID_OR_AUDIT_RISK,Repair taxonomy/templates — space is dominated by diagnostic-only relationships.,0.0,0,,0,0
2026_will_adam_miller_win_the_2026_los_angeles_mayoral_election_presidential_election_candidate_winner,2026_will_adam_miller_win_the_2026_los_angeles_mayoral_election_presidential_election_candidate_winner,,outcome_space,none,0,35,0,0,35,1.0,0,0,0,0,0,0,0,0,0,0.0,0.0,0.0,0.0,0.0,0.0,0.0,0.0,0.0,0.0,0.0,0.0,,,0,0,unknown,,0.0,E_INVALID_OR_AUDIT_RISK,Repair taxonomy/templates — space is dominated by diagnostic-only relationships.,0.0,0,,0,0
2026_will_afd_win_the_most_seats_in_the_2026_berlin_state_elections_presidential_election_candidate_winner,2026_will_afd_win_the_most_seats_in_the_2026_berlin_state_elections_presidential_election_candidate_winner,,outcome_space,none,0,6,0,0,6,1.0,0,0,0,0,0,0,0,0,0,0.0,0.0,0.0,0.0,0.0,0.0,0.0,0.0,0.0,0.0,0.0,0.0,,,0,0,unknown,,0.0,E_INVALID_OR_AUDIT_RISK,Repair taxonomy/templates — space is dominated by diagnostic-only relationships.,0.0,0,,0,0
2026_will_ahn_cheol_soo_win_the_2026_gyeonggi_province_gubernatorial_election_presidential_election_candidate_winner,2026_will_ahn_cheol_soo_win_the_2026_gyeonggi_province_gubernatorial_election_presidential_election_candidate_winner,,outcome_space,none,0,21,0,0,21,1.0,0,0,0,0,0,0,0,0,0,0.0,0.0,0.0,0.0,0.0,0.0,0.0,0.0,0.0,0.0,0.0,0.0,,,0,0,unknown,,0.0,E_INVALID_OR_AUDIT_RISK,Repair taxonomy/templates — space is dominated by diagnostic-only relationships.,0.0,0,,0,0
2026_will_ahn_cheol_soo_win_the_2026_seoul_mayoral_election_presidential_election_candidate_winner,2026_will_ahn_cheol_soo_win_the_2026_seoul_mayoral_election_presidential_election_candidate_winner,,outcome_space,none,0,31,0,0,31,1.0,0,0,0,0,0,0,0,0,0,0.0,0.0,0.0,0.0,0.0,0.0,0.0,0.0,0.0,0.0,0.0,0.0,,,0,0,unknown,,0.0,E_INVALID_OR_AUDIT_RISK,Repair taxonomy/templates — space is dominated by diagnostic-only relationships.,0.0,0,,0,0
2026_will_alex_padilla_win_the_california_governor_election_in_2026_presidential_election_candidate_winner,2026_will_alex_padilla_win_the_california_governor_election_in_2026_presidential_election_candidate_winner,,outcome_space,none,0,21,0,0,21,1.0,0,0,0,0,0,0,0,0,0,0.0,0.0,0.0,0.0,0.0,0.0,0.0,0.0,0.0,0.0,0.0,0.0,,,0,0,unknown,,0.0,E_INVALID_OR_AUDIT_RISK,Repair taxonomy/templates — space is dominated by diagnostic-only relationships.,0.0,0,,0,0
2026_will_andy_biggs_win_the_2026_arizona_governor_republican_primary_election_presidential_election_candidate_winner,2026_will_andy_biggs_win_the_2026_arizona_governor_republican_primary_election_presidential_election_candidate_winner,,outcome_space,none,0,2,0,0,2,1.0,0,0,0,0,0,0,0,0,0,0.0,0.0,0.0,0.0,0.0,0.0,0.0,0.0,0.0,0.0,0.0,0.0,,,0,0,unknown,,0.0,E_INVALID_OR_AUDIT_RISK,Repair taxonomy/templates — space is dominated by diagnostic-only relationships.,0.0,0,,0,0
2026_will_antonio_villaraigosa_win_the_california_governor_election_in_2026_presidential_election_candidate_winner,2026_will_antonio_villaraigosa_win_the_california_governor_election_in_2026_presidential_election_candidate_winner,,outcome_space,none,0,20,0,0,20,0.9523809523809523,0,0,0,0,0,0,0,0,0,0.0,0.0,0.0,0.0,0.0,0.0,0.0,0.0,0.0,0.0,0.0,0.0,,,0,0,unknown,,0.0,E_INVALID_OR_AUDIT_RISK,Repair taxonomy/templates — space is dominated by diagnostic-only relationships.,0.0,0,,0,0
2026_will_arya_azma_win_the_2026_oklahoma_governor_democratic_primary_election_presidential_election_candidate_winner,2026_will_arya_azma_win_the_2026_oklahoma_governor_democratic_primary_election_presidential_election_candidate_winner,,outcome_space,none,0,1,0,0,1,1.0,0,0,0,0,0,0,0,0,0,0.0,0.0,0.0,0.0,0.0,0.0,0.0,0.0,0.0,0.0,0.0,0.0,,,0,0,unknown,,0.0,E_INVALID_OR_AUDIT_RISK,Repair taxonomy/templates — space is dominated by diagnostic-only relationships.,0.0,0,,0,0
2026_will_asaad_alnajjar_win_the_2026_los_angeles_mayoral_election_presidential_election_candidate_winner,2026_will_asaad_alnajjar_win_the_2026_los_angeles_mayoral_election_presidential_election_candidate_winner,,outcome_space,none,0,43,0,0,43,1.0,0,0,0,0,0,0,0,0,0,0.0,0.0,0.0,0.0,0.0,0.0,0.0,0.0,0.0,0.0,0.0,0.0,,,0,0,unknown,,0.0,E_INVALID_OR_AUDIT_RISK,Repair taxonomy/templates — space is dominated by diagnostic-only relationships.,0.0,0,,0,0
2026_will_austin_beutner_win_the_2026_los_angeles_mayoral_election_presidential_election_candidate_winner,2026_will_austin_beutner_win_the_2026_los_angeles_mayoral_election_presidential_election_candidate_winner,,outcome_space,none,0,40,0,0,40,1.0,0,0,0,0,0,0,0,0,0,0.0,0.0,0.0,0.0,0.0,0.0,0.0,0.0,0.0,0.0,0.0,0.0,,,0,0,unknown,,0.0,E_INVALID_OR_AUDIT_RISK,Repair taxonomy/templates — space is dominated by diagnostic-only relationships.,0.0,0,,0,0
2026_will_bae_june_young_win_the_2026_incheon_mayoral_election_presidential_election_candidate_winner,2026_will_bae_june_young_win_the_2026_incheon_mayoral_election_presidential_election_candidate_winner,,outcome_space,none,0,6,0,0,6,1.0,0,0,0,0,0,0,0,0,0,0.0,0.0,0.0,0.0,0.0,0.0,0.0,0.0,0.0,0.0,0.0,0.0,,,0,0,unknown,,0.0,E_INVALID_OR_AUDIT_RISK,Repair taxonomy/templates — space is dominated by diagnostic-only relationships.,0.0,0,,0,0
2026_will_barbara_kirkmeyer_win_the_2026_colorado_governor_republican_primary_election_presidential_election_candidate_winner,2026_will_barbara_kirkmeyer_win_the_2026_colorado_governor_republican_primary_election_presidential_election_candidate_winner,,outcome_space,none,0,10,0,0,10,1.0,0,0,0,0,0,0,0,0,0,0.0,0.0,0.0,0.0,0.0,0.0,0.0,0.0,0.0,0.0,0.0,0.0,,,0,0,unknown,,0.0,E_INVALID_OR_AUDIT_RISK,Repair taxonomy/templates — space is dominated by diagnostic-only relationships.,0.0,0,,0,0
2026_will_belinda_robertson_win_the_2026_new_mexico_governor_republican_primary_election_presidential_election_candidate_winner,2026_will_belinda_robertson_win_the_2026_new_mexico_governor_republican_primary_election_presidential_election_candidate_winner,,outcome_space,none,0,6,0,0,6,1.0,0,0,0,0,0,0,0,0,0,0.0,0.0,0.0,0.0,0.0,0.0,0.0,0.0,0.0,0.0,0.0,0.0,,,0,0,unknown,,0.0,E_INVALID_OR_AUDIT_RISK,Repair taxonomy/templates — space is dominated by diagnostic-only relationships.,0.0,0,,0,0
2026_will_bernadette_wilson_win_the_2026_alaska_governor_election_presidential_election_candidate_winner,2026_will_bernadette_wilson_win_the_2026_alaska_governor_election_presidential_election_candidate_winner,,outcome_space,none,0,41,0,0,41,1.0,0,0,0,0,0,0,0,0,0,0.0,0.0,0.0,0.0,0.0,0.0,0.0,0.0,0.0,0.0,0.0,0.0,,,0,0,unknown,,0.0,E_INVALID_OR_AUDIT_RISK,Repair taxonomy/templates — space is dominated by diagnostic-only relationships.,0.0,0,,0,0
2026_will_betsy_mccaughey_win_the_2026_connecticut_governor_republican_primary_election_presidential_election_candidate_winner,2026_will_betsy_mccaughey_win_the_2026_connecticut_governor_republican_primary_election_presidential_election_candidate_winner,,outcome_space,none,0,1,0,0,1,1.0,0,0,0,0,0,0,0,0,0,0.0,0.0,0.0,0.0,0.0,0.0,0.0,0.0,0.0,0.0,0.0,0.0,,,0,0,unknown,,0.0,E_INVALID_OR_AUDIT_RISK,Repair taxonomy/templates — space is dominated by diagnostic-only relationships.,0.0,0,,0,0
2026_will_betsy_mccaughey_win_the_2026_new_york_governor_republican_primary_election_presidential_election_candidate_winner,2026_will_betsy_mccaughey_win_the_2026_new_york_governor_republican_primary_election_presidential_election_candidate_winner,,outcome_space,none,0,2,0,0,2,1.0,0,0,0,0,0,0,0,0,0,0.0,0.0,0.0,0.0,0.0,0.0,0.0,0.0,0.0,0.0,0.0,0.0,,,0,0,unknown,,0.0,E_INVALID_OR_AUDIT_RISK,Repair taxonomy/templates — space is dominated by diagnostic-only relationships.,0.0,0,,0,0
2026_will_betty_yee_win_the_california_governor_election_in_2026_presidential_election_candidate_winner,2026_will_betty_yee_win_the_california_governor_election_in_2026_presidential_election_candidate_winner,,outcome_space,none,0,15,0,0,15,0.9375,0,0,0,0,0,0,0,0,0,0.0,0.0,0.0,0.0,0.0,0.0,0.0,0.0,0.0,0.0,0.0,0.0,,,0,0,unknown,,0.0,E_INVALID_OR_AUDIT_RISK,Repair taxonomy/templates — space is dominated by diagnostic-only relationships.,0.0,0,,0,0
2026_will_bob_brinkerhoff_win_the_2026_colorado_governor_republican_primary_election_presidential_election_candidate_winner,2026_will_bob_brinkerhoff_win_the_2026_colorado_governor_republican_primary_election_presidential_election_candidate_winner,,outcome_space,none,0,2,0,0,2,1.0,0,0,0,0,0,0,0,0,0,0.0,0.0,0.0,0.0,0.0,0.0,0.0,0.0,0.0,0.0,0.0,0.0,,,0,0,unknown,,0.0,E_INVALID_OR_AUDIT_RISK,Repair taxonomy/templates — space is dominated by diagnostic-only relationships.,0.0,0,,0,0
2026_will_brad_raffensperger_win_the_2026_georgia_governor_republican_primary_election_presidential_election_candidate_winner,2026_will_brad_raffensperger_win_the_2026_georgia_governor_republican_primary_election_presidential_election_candidate_winner,,outcome_space,none,0,4,0,0,4,1.0,0,0,0,0,0,0,0,0,0,0.0,0.0,0.0,0.0,0.0,0.0,0.0,0.0,0.0,0.0,0.0,0.0,,,0,0,unknown,,0.0,E_INVALID_OR_AUDIT_RISK,Repair taxonomy/templates — space is dominated by diagnostic-only relationships.,0.0,0,,0,0
2026_will_brian_cillessen_win_the_2026_new_mexico_governor_republican_primary_election_presidential_election_candidate_winner,2026_will_brian_cillessen_win_the_2026_new_mexico_governor_republican_primary_election_presidential_election_candidate_winner,,outcome_space,none,0,7,0,0,7,1.0,0,0,0,0,0,0,0,0,0,0.0,0.0,0.0,0.0,0.0,0.0,0.0,0.0,0.0,0.0,0.0,0.0,,,0,0,unknown,,0.0,E_INVALID_OR_AUDIT_RISK,Repair taxonomy/templates — space is dominated by diagnostic-only relationships.,0.0,0,,0,0
2026_will_bruce_walden_win_the_2026_alaska_governor_election_presidential_election_candidate_winner,2026_will_bruce_walden_win_the_2026_alaska_governor_election_presidential_election_candidate_winner,,outcome_space,none,0,35,0,0,35,1.0,0,0,0,0,0,0,0,0,0,0.0,0.0,0.0,0.0,0.0,0.0,0.0,0.0,0.0,0.0,0.0,0.0,,,0,0,unknown,,0.0,E_INVALID_OR_AUDIT_RISK,Repair taxonomy/templates — space is dominated by diagnostic-only relationships.,0.0,0,,0,0
2026_will_brycen_garrison_win_the_2026_colorado_governor_republican_primary_election_presidential_election_candidate_winner,2026_will_brycen_garrison_win_the_2026_colorado_governor_republican_primary_election_presidential_election_candidate_winner,,outcome_space,none,0,3,0,0,3,1.0,0,0,0,0,0,0,0,0,0,0.0,0.0,0.0,0.0,0.0,0.0,0.0,0.0,0.0,0.0,0.0,0.0,,,0,0,unknown,,0.0,E_INVALID_OR_AUDIT_RISK,Repair taxonomy/templates — space is dominated by diagnostic-only relationships.,0.0,0,,0,0
2026_will_burt_jones_win_the_2026_georgia_governor_republican_primary_election_presidential_election_candidate_winner,2026_will_burt_jones_win_the_2026_georgia_governor_republican_primary_election_presidential_election_candidate_winner,,outcome_space,none,0,5,0,0,5,1.0,0,0,0,0,0,0,0,0,0,0.0,0.0,0.0,0.0,0.0,0.0,0.0,0.0,0.0,0.0,0.0,0.0,,,0,0,unknown,,0.0,E_INVALID_OR_AUDIT_RISK,Repair taxonomy/templates — space is dominated by diagnostic-only relationships.,0.0,0,,0,0
2026_will_butch_ware_win_the_california_governor_election_in_2026_presidential_election_candidate_winner,2026_will_butch_ware_win_the_california_governor_election_in_2026_presidential_election_candidate_winner,,outcome_space,none,0,16,0,0,16,0.9411764705882353,0,0,0,0,0,0,0,0,0,0.0,0.0,0.0,0.0,0.0,0.0,0.0,0.0,0.0,0.0,0.0,0.0,,,0,0,unknown,,0.0,E_INVALID_OR_AUDIT_RISK,Repair taxonomy/templates — space is dominated by diagnostic-only relationships.,0.0,0,,0,0
2026_will_caleb_kintz_win_the_2026_oregon_governor_republican_primary_election_presidential_election_candidate_winner,2026_will_caleb_kintz_win_the_2026_oregon_governor_republican_primary_election_presidential_election_candidate_winner,,outcome_space,none,0,2,0,0,2,1.0,0,0,0,0,0,0,0,0,0,0.0,0.0,0.0,0.0,0.0,0.0,0.0,0.0,0.0,0.0,0.0,0.0,,,0,0,unknown,,0.0,E_INVALID_OR_AUDIT_RISK,Repair taxonomy/templates — space is dominated by diagnostic-only relationships.,0.0,0,,0,0
2026_will_cdu_win_the_most_seats_in_the_2026_berlin_state_elections_presidential_election_candidate_winner,2026_will_cdu_win_the_most_seats_in_the_2026_berlin_state_elections_presidential_election_candidate_winner,,outcome_space,none,0,7,0,0,7,1.0,0,0,0,0,0,0,0,0,0,0.0,0.0,0.0,0.0,0.0,0.0,0.0,0.0,0.0,0.0,0.0,0.0,,,0,0,unknown,,0.0,E_INVALID_OR_AUDIT_RISK,Repair taxonomy/templates — space is dominated by diagnostic-only relationships.,0.0,0,,0,0
2026_will_chad_bianco_win_the_california_governor_election_in_2026_presidential_election_candidate_winner,2026_will_chad_bianco_win_the_california_governor_election_in_2026_presidential_election_candidate_winner,,outcome_space,none,0,12,0,0,12,0.9230769230769231,0,0,0,0,0,0,0,0,0,0.0,0.0,0.0,0.0,0.0,0.0,0.0,0.0,0.0,0.0,0.0,0.0,,,0,0,unknown,,0.0,E_INVALID_OR_AUDIT_RISK,Repair taxonomy/templates — space is dominated by diagnostic-only relationships.,0.0,0,,0,0
2026_will_chael_sonnen_win_the_2026_oregon_governor_republican_primary_election_presidential_election_candidate_winner,2026_will_chael_sonnen_win_the_2026_oregon_governor_republican_primary_election_presidential_election_candidate_winner,,outcome_space,none,0,5,0,0,5,1.0,0,0,0,0,0,0,0,0,0,0.0,0.0,0.0,0.0,0.0,0.0,0.0,0.0,0.0,0.0,0.0,0.0,,,0,0,unknown,,0.0,E_INVALID_OR_AUDIT_RISK,Repair taxonomy/templates — space is dominated by diagnostic-only relationships.,0.0,0,,0,0
2026_will_charles_mccall_win_the_2026_oklahoma_governor_republican_primary_election_presidential_election_candidate_winner,2026_will_charles_mccall_win_the_2026_oklahoma_governor_republican_primary_election_presidential_election_candidate_winner,,outcome_space,none,0,3,0,0,3,1.0,0,0,0,0,0,0,0,0,0,0.0,0.0,0.0,0.0,0.0,0.0,0.0,0.0,0.0,0.0,0.0,0.0,,,0,0,unknown,,0.0,E_INVALID_OR_AUDIT_RISK,Repair taxonomy/templates — space is dominated by diagnostic-only relationships.,0.0,0,,0,0
2026_will_chip_keating_win_the_2026_oklahoma_governor_republican_primary_election_presidential_election_candidate_winner,2026_will_chip_keating_win_the_2026_oklahoma_governor_republican_primary_election_presidential_election_candidate_winner,,outcome_space,none,0,6,0,0,6,1.0,0,0,0,0,0,0,0,0,0,0.0,0.0,0.0,0.0,0.0,0.0,0.0,0.0,0.0,0.0,0.0,0.0,,,0,0,unknown,,0.0,E_INVALID_OR_AUDIT_RISK,Repair taxonomy/templates — space is dominated by diagnostic-only relationships.,0.0,0,,0,0
2026_will_cho_eun_hee_win_the_2026_seoul_mayoral_election_presidential_election_candidate_winner,2026_will_cho_eun_hee_win_the_2026_seoul_mayoral_election_presidential_election_candidate_winner,,outcome_space,none,0,32,0,0,32,1.0,0,0,0,0,0,0,0,0,0,0.0,0.0,0.0,0.0,0.0,0.0,0.0,0.0,0.0,0.0,0.0,0.0,,,0,0,unknown,,0.0,E_INVALID_OR_AUDIT_RISK,Repair taxonomy/templates — space is dominated by diagnostic-only relationships.,0.0,0,,0,0
2026_will_cho_eung_chun_win_the_2026_gyeonggi_province_gubernatorial_election_presidential_election_candidate_winner,2026_will_cho_eung_chun_win_the_2026_gyeonggi_province_gubernatorial_election_presidential_election_candidate_winner,,outcome_space,none,0,19,0,0,19,1.0,0,0,0,0,0,0,0,0,0,0.0,0.0,0.0,0.0,0.0,0.0,0.0,0.0,0.0,0.0,0.0,0.0,,,0,0,unknown,,0.0,E_INVALID_OR_AUDIT_RISK,Repair taxonomy/templates — space is dominated by diagnostic-only relationships.,0.0,0,,0,0
2026_will_cho_gil_hyeong_win_the_2026_chungcheongbuk_province_gubernatorial_election_presidential_election_candidate_winner,2026_will_cho_gil_hyeong_win_the_2026_chungcheongbuk_province_gubernatorial_election_presidential_election_candidate_winner,,outcome_space,none,0,7,0,0,7,1.0,0,0,0,0,0,0,0,0,0,0.0,0.0,0.0,0.0,0.0,0.0,0.0,0.0,0.0,0.0,0.0,0.0,,,0,0,unknown,,0.0,E_INVALID_OR_AUDIT_RISK,Repair taxonomy/templates — space is dominated by diagnostic-only relationships.,0.0,0,,0,0
2026_will_cho_kuk_win_the_2026_busan_mayoral_election_presidential_election_candidate_winner,2026_will_cho_kuk_win_the_2026_busan_mayoral_election_presidential_election_candidate_winner,,outcome_space,none,0,9,0,0,9,1.0,0,0,0,0,0,0,0,0,0,0.0,0.0,0.0,0.0,0.0,0.0,0.0,0.0,0.0,0.0,0.0,0.0,,,0,0,unknown,,0.0,E_INVALID_OR_AUDIT_RISK,Repair taxonomy/templates — space is dominated by diagnostic-only relationships.,0.0,0,,0,0
2026_will_cho_kuk_win_the_2026_seoul_mayoral_election_presidential_election_candidate_winner,2026_will_cho_kuk_win_the_2026_seoul_mayoral_election_presidential_election_candidate_winner,,outcome_space,none,0,22,0,0,22,1.0,0,0,0,0,0,0,0,0,0,0.0,0.0,0.0,0.0,0.0,0.0,0.0,0.0,0.0,0.0,0.0,0.0,,,0,0,unknown,,0.0,E_INVALID_OR_AUDIT_RISK,Repair taxonomy/templates — space is dominated by diagnostic-only relationships.,0.0,0,,0,0
2026_will_cho_kyoung_tae_win_the_2026_busan_mayoral_election_presidential_election_candidate_winner,2026_will_cho_kyoung_tae_win_the_2026_busan_mayoral_election_presidential_election_candidate_winner,,outcome_space,none,0,18,0,0,18,1.0,0,0,0,0,0,0,0,0,0,0.0,0.0,0.0,0.0,0.0,0.0,0.0,0.0,0.0,0.0,0.0,0.0,,,0,0,unknown,,0.0,E_INVALID_OR_AUDIT_RISK,Repair taxonomy/templates — space is dominated by diagnostic-only relationships.,0.0,0,,0,0
2026_will_choi_in_ho_win_the_2026_busan_mayoral_election_presidential_election_candidate_winner,2026_will_choi_in_ho_win_the_2026_busan_mayoral_election_presidential_election_candidate_winner,,outcome_space,none,0,14,0,0,14,1.0,0,0,0,0,0,0,0,0,0,0.0,0.0,0.0,0.0,0.0,0.0,0.0,0.0,0.0,0.0,0.0,0.0,,,0,0,unknown,,0.0,E_INVALID_OR_AUDIT_RISK,Repair taxonomy/templates — space is dominated by diagnostic-only relationships.,0.0,0,,0,0
2026_will_chong_won_oh_win_the_2026_seoul_mayoral_election_presidential_election_candidate_winner,2026_will_chong_won_oh_win_the_2026_seoul_mayoral_election_presidential_election_candidate_winner,,outcome_space,none,0,26,0,0,26,1.0,0,0,0,0,0,0,0,0,0,0.0,0.0,0.0,0.0,0.0,0.0,0.0,0.0,0.0,0.0,0.0,0.0,,,0,0,unknown,,0.0,E_INVALID_OR_AUDIT_RISK,Repair taxonomy/templates — space is dominated by diagnostic-only relationships.,0.0,0,,0,0
2026_will_choo_mi_ae_win_the_2026_gyeonggi_province_gubernatorial_election_presidential_election_candidate_winner,2026_will_choo_mi_ae_win_the_2026_gyeonggi_province_gubernatorial_election_presidential_election_candidate_winner,,outcome_space,none,0,31,0,0,31,1.0,0,0,0,0,0,0,0,0,0,0.0,0.0,0.0,0.0,0.0,0.0,0.0,0.0,0.0,0.0,0.0,0.0,,,0,0,unknown,,0.0,E_INVALID_OR_AUDIT_RISK,Repair taxonomy/templates — space is dominated by diagnostic-only relationships.,0.0,0,,0,0
2026_will_chris_carr_win_the_2026_georgia_governor_republican_primary_election_presidential_election_candidate_winner,2026_will_chris_carr_win_the_2026_georgia_governor_republican_primary_election_presidential_election_candidate_winner,,outcome_space,none,0,7,0,0,7,1.0,0,0,0,0,0,0,0,0,0,0.0,0.0,0.0,0.0,0.0,0.0,0.0,0.0,0.0,0.0,0.0,0.0,,,0,0,unknown,,0.0,E_INVALID_OR_AUDIT_RISK,Repair taxonomy/templates — space is dominated by diagnostic-only relationships.,0.0,0,,0,0
2026_will_chris_dudley_win_the_2026_oregon_governor_republican_primary_election_presidential_election_candidate_winner,2026_will_chris_dudley_win_the_2026_oregon_governor_republican_primary_election_presidential_election_candidate_winner,,outcome_space,none,0,6,0,0,6,1.0,0,0,0,0,0,0,0,0,0,0.0,0.0,0.0,0.0,0.0,0.0,0.0,0.0,0.0,0.0,0.0,0.0,,,0,0,unknown,,0.0,E_INVALID_OR_AUDIT_RISK,Repair taxonomy/templates — space is dominated by diagnostic-only relationships.,0.0,0,,0,0
2026_will_christine_drazan_win_the_2026_oregon_governor_republican_primary_election_presidential_election_candidate_winner,2026_will_christine_drazan_win_the_2026_oregon_governor_republican_primary_election_presidential_election_candidate_winner,,outcome_space,none,0,8,0,0,8,1.0,0,0,0,0,0,0,0,0,0,0.0,0.0,0.0,0.0,0.0,0.0,0.0,0.0,0.0,0.0,0.0,0.0,,,0,0,unknown,,0.0,E_INVALID_OR_AUDIT_RISK,Repair taxonomy/templates — space is dominated by diagnostic-only relationships.,0.0,0,,0,0
2026_will_chun_jae_soo_win_the_2026_busan_mayoral_election_presidential_election_candidate_winner,2026_will_chun_jae_soo_win_the_2026_busan_mayoral_election_presidential_election_candidate_winner,,outcome_space,none,0,13,0,0,13,1.0,0,0,0,0,0,0,0,0,0,0.0,0.0,0.0,0.0,0.0,0.0,0.0,0.0,0.0,0.0,0.0,0.0,,,0,0,unknown,,0.0,E_INVALID_OR_AUDIT_RISK,Repair taxonomy/templates — space is dominated by diagnostic-only relationships.,0.0,0,,0,0
2026_will_chung_il_young_win_the_2026_incheon_mayoral_election_presidential_election_candidate_winner,2026_will_chung_il_young_win_the_2026_incheon_mayoral_election_presidential_election_candidate_winner,,outcome_space,none,0,2,0,0,2,1.0,0,0,0,0,0,0,0,0,0,0.0,0.0,0.0,0.0,0.0,0.0,0.0,0.0,0.0,0.0,0.0,0.0,,,0,0,unknown,,0.0,E_INVALID_OR_AUDIT_RISK,Repair taxonomy/templates — space is dominated by diagnostic-only relationships.,0.0,0,,0,0
2026_will_chung_jin_suk_win_the_2026_chungcheongnam_province_gubernatorial_election_presidential_election_candidate_winner,2026_will_chung_jin_suk_win_the_2026_chungcheongnam_province_gubernatorial_election_presidential_election_candidate_winner,,outcome_space,none,0,16,0,0,16,1.0,0,0,0,0,0,0,0,0,0,0.0,0.0,0.0,0.0,0.0,0.0,0.0,0.0,0.0,0.0,0.0,0.0,,,0,0,unknown,,0.0,E_INVALID_OR_AUDIT_RISK,Repair taxonomy/templates — space is dominated by diagnostic-only relationships.,0.0,0,,0,0
2026_will_clark_dean_win_the_2026_georgia_governor_republican_primary_election_presidential_election_candidate_winner,2026_will_clark_dean_win_the_2026_georgia_governor_republican_primary_election_presidential_election_candidate_winner,,outcome_space,none,0,6,0,0,6,1.0,0,0,0,0,0,0,0,0,0,0.0,0.0,0.0,0.0,0.0,0.0,0.0,0.0,0.0,0.0,0.0,0.0,,,0,0,unknown,,0.0,E_INVALID_OR_AUDIT_RISK,Repair taxonomy/templates — space is dominated by diagnostic-only relationships.,0.0,0,,0,0
2026_will_click_bishop_win_the_2026_alaska_governor_election_presidential_election_candidate_winner,2026_will_click_bishop_win_the_2026_alaska_governor_election_presidential_election_candidate_winner,,outcome_space,none,0,50,0,0,50,1.0,0,0,0,0,0,0,0,0,0,0.0,0.0,0.0,0.0,0.0,0.0,0.0,0.0,0.0,0.0,0.0,0.0,,,0,0,unknown,,0.0,E_INVALID_OR_AUDIT_RISK,Repair taxonomy/templates — space is dominated by diagnostic-only relationships.,0.0,0,,0,0
2026_will_coalition_avenir_qu_bec_win_the_most_seats_in_the_2026_quebec_general_election_presidential_election_candidate_winner,2026_will_coalition_avenir_qu_bec_win_the_most_seats_in_the_2026_quebec_general_election_presidential_election_candidate_winner,,outcome_space,none,0,5,0,0,5,1.0,0,0,0,0,0,0,0,0,0,0.0,0.0,0.0,0.0,0.0,0.0,0.0,0.0,0.0,0.0,0.0,0.0,,,0,0,unknown,,0.0,E_INVALID_OR_AUDIT_RISK,Repair taxonomy/templates — space is dominated by diagnostic-only relationships.,0.0,0,,0,0
2026_will_cyndi_munson_win_the_2026_oklahoma_governor_democratic_primary_election_presidential_election_candidate_winner,2026_will_cyndi_munson_win_the_2026_oklahoma_governor_democratic_primary_election_presidential_election_candidate_winner,,outcome_space,none,0,2,0,0,2,1.0,0,0,0,0,0,0,0,0,0,0.0,0.0,0.0,0.0,0.0,0.0,0.0,0.0,0.0,0.0,0.0,0.0,,,0,0,unknown,,0.0,E_INVALID_OR_AUDIT_RISK,Repair taxonomy/templates — space is dominated by diagnostic-only relationships.,0.0,0,,0,0
2026_will_daniel_mercuri_win_the_california_governor_election_in_2026_presidential_election_candidate_winner,2026_will_daniel_mercuri_win_the_california_governor_election_in_2026_presidential_election_candidate_winner,,outcome_space,none,0,10,0,0,10,0.9090909090909091,0,0,0,0,0,0,0,0,0,0.0,0.0,0.0,0.0,0.0,0.0,0.0,0.0,0.0,0.0,0.0,0.0,,,0,0,unknown,,0.0,E_INVALID_OR_AUDIT_RISK,Repair taxonomy/templates — space is dominated by diagnostic-only relationships.,0.0,0,,0,0
2026_will_daniel_thomas_win_the_2026_colorado_governor_republican_primary_election_presidential_election_candidate_winner,2026_will_daniel_thomas_win_the_2026_colorado_governor_republican_primary_election_presidential_election_candidate_winner,,outcome_space,none,0,1,0,0,1,1.0,0,0,0,0,0,0,0,0,0,0.0,0.0,0.0,0.0,0.0,0.0,0.0,0.0,0.0,0.0,0.0,0.0,,,0,0,unknown,,0.0,E_INVALID_OR_AUDIT_RISK,Repair taxonomy/templates — space is dominated by diagnostic-only relationships.,0.0,0,,0,0
2026_will_danielle_bethell_win_the_2026_oregon_governor_republican_primary_election_presidential_election_candidate_winner,2026_will_danielle_bethell_win_the_2026_oregon_governor_republican_primary_election_presidential_election_candidate_winner,,outcome_space,none,0,10,0,0,10,1.0,0,0,0,0,0,0,0,0,0,0.0,0.0,0.0,0.0,0.0,0.0,0.0,0.0,0.0,0.0,0.0,0.0,,,0,0,unknown,,0.0,E_INVALID_OR_AUDIT_RISK,Repair taxonomy/templates — space is dominated by diagnostic-only relationships.,0.0,0,,0,0
2026_will_david_bronson_win_the_2026_alaska_governor_election_presidential_election_candidate_winner,2026_will_david_bronson_win_the_2026_alaska_governor_election_presidential_election_candidate_winner,,outcome_space,none,0,49,0,0,49,1.0,0,0,0,0,0,0,0,0,0,0.0,0.0,0.0,0.0,0.0,0.0,0.0,0.0,0.0,0.0,0.0,0.0,,,0,0,unknown,,0.0,E_INVALID_OR_AUDIT_RISK,Repair taxonomy/templates — space is dominated by diagnostic-only relationships.,0.0,0,,0,0
2026_will_david_hughes_win_the_2026_colorado_governor_democratic_primary_election_presidential_election_candidate_winner,2026_will_david_hughes_win_the_2026_colorado_governor_democratic_primary_election_presidential_election_candidate_winner,,outcome_space,none,0,1,0,0,1,1.0,0,0,0,0,0,0,0,0,0,0.0,0.0,0.0,0.0,0.0,0.0,0.0,0.0,0.0,0.0,0.0,0.0,,,0,0,unknown,,0.0,E_INVALID_OR_AUDIT_RISK,Repair taxonomy/templates — space is dominated by diagnostic-only relationships.,0.0,0,,0,0
2026_will_david_medina_win_the_2026_oregon_governor_republican_primary_election_presidential_election_candidate_winner,2026_will_david_medina_win_the_2026_oregon_governor_republican_primary_election_presidential_election_candidate_winner,,outcome_space,none,0,3,0,0,3,1.0,0,0,0,0,0,0,0,0,0,0.0,0.0,0.0,0.0,0.0,0.0,0.0,0.0,0.0,0.0,0.0,0.0,,,0,0,unknown,,0.0,E_INVALID_OR_AUDIT_RISK,Repair taxonomy/templates — space is dominated by diagnostic-only relationships.,0.0,0,,0,0
2026_will_david_schweikert_win_the_2026_arizona_governor_republican_primary_election_presidential_election_candidate_winner,2026_will_david_schweikert_win_the_2026_arizona_governor_republican_primary_election_presidential_election_candidate_winner,,outcome_space,none,0,1,0,0,1,1.0,0,0,0,0,0,0,0,0,0,0.0,0.0,0.0,0.0,0.0,0.0,0.0,0.0,0.0,0.0,0.0,0.0,,,0,0,unknown,,0.0,E_INVALID_OR_AUDIT_RISK,Repair taxonomy/templates — space is dominated by diagnostic-only relationships.,0.0,0,,0,0
2026_will_david_tulley_win_the_2026_new_york_governor_republican_primary_election_presidential_election_candidate_winner,2026_will_david_tulley_win_the_2026_new_york_governor_republican_primary_election_presidential_election_candidate_winner,,outcome_space,none,0,2,0,0,2,1.0,0,0,0,0,0,0,0,0,0,0.0,0.0,0.0,0.0,0.0,0.0,0.0,0.0,0.0,0.0,0.0,0.0,,,0,0,unknown,,0.0,E_INVALID_OR_AUDIT_RISK,Repair taxonomy/templates — space is dominated by diagnostic-only relationships.,0.0,0,,0,0
2026_will_deaglan_mceachern_win_the_2026_new_hampshire_governor_democratic_primary_election_presidential_election_candidate_winner,2026_will_deaglan_mceachern_win_the_2026_new_hampshire_governor_democratic_primary_election_presidential_election_candidate_winner,,outcome_space,none,0,2,0,0,2,1.0,0,0,0,0,0,0,0,0,0,0.0,0.0,0.0,0.0,0.0,0.0,0.0,0.0,0.0,0.0,0.0,0.0,,,0,0,unknown,,0.0,E_INVALID_OR_AUDIT_RISK,Repair taxonomy/templates — space is dominated by diagnostic-only relationships.,0.0,0,,0,0
2026_will_deb_haaland_win_the_2026_new_mexico_governor_democratic_primary_election_presidential_election_candidate_winner,2026_will_deb_haaland_win_the_2026_new_mexico_governor_democratic_primary_election_presidential_election_candidate_winner,,outcome_space,none,0,1,0,0,1,1.0,0,0,0,0,0,0,0,0,0,0.0,0.0,0.0,0.0,0.0,0.0,0.0,0.0,0.0,0.0,0.0,0.0,,,0,0,unknown,,0.0,E_INVALID_OR_AUDIT_RISK,Repair taxonomy/templates — space is dominated by diagnostic-only relationships.,0.0,0,,0,0
2026_will_do_jong_hwan_win_the_2026_chungcheongbuk_province_gubernatorial_election_presidential_election_candidate_winner,2026_will_do_jong_hwan_win_the_2026_chungcheongbuk_province_gubernatorial_election_presidential_election_candidate_winner,,outcome_space,none,0,1,0,0,1,1.0,0,0,0,0,0,0,0,0,0,0.0,0.0,0.0,0.0,0.0,0.0,0.0,0.0,0.0,0.0,0.0,0.0,,,0,0,unknown,,0.0,E_INVALID_OR_AUDIT_RISK,Repair taxonomy/templates — space is dominated by diagnostic-only relationships.,0.0,0,,0,0
2026_will_donovan_fenton_win_the_2026_new_hampshire_governor_democratic_primary_election_presidential_election_candidate_winner,2026_will_donovan_fenton_win_the_2026_new_hampshire_governor_democratic_primary_election_presidential_election_candidate_winner,,outcome_space,none,0,1,0,0,1,1.0,0,0,0,0,0,0,0,0,0,0.0,0.0,0.0,0.0,0.0,0.0,0.0,0.0,0.0,0.0,0.0,0.0,,,0,0,unknown,,0.0,E_INVALID_OR_AUDIT_RISK,Repair taxonomy/templates — space is dominated by diagnostic-only relationships.,0.0,0,,0,0
2026_will_doug_jones_win_the_2026_alabama_governor_democratic_primary_election_presidential_election_candidate_winner,2026_will_doug_jones_win_the_2026_alabama_governor_democratic_primary_election_presidential_election_candidate_winner,,outcome_space,none,0,1,0,0,1,1.0,0,0,0,0,0,0,0,0,0,0.0,0.0,0.0,0.0,0.0,0.0,0.0,0.0,0.0,0.0,0.0,0.0,,,0,0,unknown,,0.0,E_INVALID_OR_AUDIT_RISK,Repair taxonomy/templates — space is dominated by diagnostic-only relationships.,0.0,0,,0,0
2026_will_duke_rodriguez_win_the_2026_new_mexico_governor_republican_primary_election_presidential_election_candidate_winner,2026_will_duke_rodriguez_win_the_2026_new_mexico_governor_republican_primary_election_presidential_election_candidate_winner,,outcome_space,none,0,5,0,0,5,1.0,0,0,0,0,0,0,0,0,0,0.0,0.0,0.0,0.0,0.0,0.0,0.0,0.0,0.0,0.0,0.0,0.0,,,0,0,unknown,,0.0,E_INVALID_OR_AUDIT_RISK,Repair taxonomy/templates — space is dominated by diagnostic-only relationships.,0.0,0,,0,0
2026_will_ed_diehl_win_the_2026_oregon_governor_republican_primary_election_presidential_election_candidate_winner,2026_will_ed_diehl_win_the_2026_oregon_governor_republican_primary_election_presidential_election_candidate_winner,,outcome_space,none,0,4,0,0,4,1.0,0,0,0,0,0,0,0,0,0,0.0,0.0,0.0,0.0,0.0,0.0,0.0,0.0,0.0,0.0,0.0,0.0,,,0,0,unknown,,0.0,E_INVALID_OR_AUDIT_RISK,Repair taxonomy/templates — space is dominated by diagnostic-only relationships.,0.0,0,,0,0
2026_will_edna_devries_win_the_2026_alaska_governor_election_presidential_election_candidate_winner,2026_will_edna_devries_win_the_2026_alaska_governor_election_presidential_election_candidate_winner,,outcome_space,none,0,46,0,0,46,1.0,0,0,0,0,0,0,0,0,0,0.0,0.0,0.0,0.0,0.0,0.0,0.0,0.0,0.0,0.0,0.0,0.0,,,0,0,unknown,,0.0,E_INVALID_OR_AUDIT_RISK,Repair taxonomy/templates — space is dominated by diagnostic-only relationships.,0.0,0,,0,0
2026_will_eleni_kounalakis_win_the_california_governor_election_in_2026_presidential_election_candidate_winner,2026_will_eleni_kounalakis_win_the_california_governor_election_in_2026_presidential_election_candidate_winner,,outcome_space,none,0,10,0,0,10,1.0,0,0,0,0,0,0,0,0,0,0.0,0.0,0.0,0.0,0.0,0.0,0.0,0.0,0.0,0.0,0.0,0.0,,,0,0,unknown,,0.0,E_INVALID_OR_AUDIT_RISK,Repair taxonomy/templates — space is dominated by diagnostic-only relationships.,0.0,0,,0,0
2026_will_elise_stefanik_win_the_2026_new_york_governor_republican_primary_election_presidential_election_candidate_winner,2026_will_elise_stefanik_win_the_2026_new_york_governor_republican_primary_election_presidential_election_candidate_winner,,outcome_space,none,0,4,0,0,4,1.0,0,0,0,0,0,0,0,0,0,0.0,0.0,0.0,0.0,0.0,0.0,0.0,0.0,0.0,0.0,0.0,0.0,,,0,0,unknown,,0.0,E_INVALID_OR_AUDIT_RISK,Repair taxonomy/templates — space is dominated by diagnostic-only relationships.,0.0,0,,0,0
2026_will_eric_swalwell_win_the_california_governor_election_in_2026_presidential_election_candidate_winner,2026_will_eric_swalwell_win_the_california_governor_election_in_2026_presidential_election_candidate_winner,,outcome_space,none,0,5,0,0,5,0.8333333333333334,0,0,0,0,0,0,0,0,0,0.0,0.0,0.0,0.0,0.0,0.0,0.0,0.0,0.0,0.0,0.0,0.0,,,0,0,unknown,,0.0,E_INVALID_OR_AUDIT_RISK,Repair taxonomy/templates — space is dominated by diagnostic-only relationships.,0.0,0,,0,0
2026_will_erin_stewart_win_the_2026_connecticut_governor_republican_primary_election_presidential_election_candidate_winner,2026_will_erin_stewart_win_the_2026_connecticut_governor_republican_primary_election_presidential_election_candidate_winner,,outcome_space,none,0,4,0,0,4,1.0,0,0,0,0,0,0,0,0,0,0.0,0.0,0.0,0.0,0.0,0.0,0.0,0.0,0.0,0.0,0.0,0.0,,,0,0,unknown,,0.0,E_INVALID_OR_AUDIT_RISK,Repair taxonomy/templates — space is dominated by diagnostic-only relationships.,0.0,0,,0,0
2026_will_fdp_win_the_most_seats_in_the_2026_berlin_state_elections_presidential_election_candidate_winner,2026_will_fdp_win_the_most_seats_in_the_2026_berlin_state_elections_presidential_election_candidate_winner,,outcome_space,none,0,3,0,0,3,1.0,0,0,0,0,0,0,0,0,0,0.0,0.0,0.0,0.0,0.0,0.0,0.0,0.0,0.0,0.0,0.0,0.0,,,0,0,unknown,,0.0,E_INVALID_OR_AUDIT_RISK,Repair taxonomy/templates — space is dominated by diagnostic-only relationships.,0.0,0,,0,0
2026_will_fw_win_the_most_seats_in_the_2026_berlin_state_elections_presidential_election_candidate_winner,2026_will_fw_win_the_most_seats_in_the_2026_berlin_state_elections_presidential_election_candidate_winner,,outcome_space,none,0,1,0,0,1,1.0,0,0,0,0,0,0,0,0,0,0.0,0.0,0.0,0.0,0.0,0.0,0.0,0.0,0.0,0.0,0.0,0.0,,,0,0,unknown,,0.0,E_INVALID_OR_AUDIT_RISK,Repair taxonomy/templates — space is dominated by diagnostic-only relationships.,0.0,0,,0,0
2026_will_genter_drummond_win_the_2026_oklahoma_governor_republican_primary_election_presidential_election_candidate_winner,2026_will_genter_drummond_win_the_2026_oklahoma_governor_republican_primary_election_presidential_election_candidate_winner,,outcome_space,none,0,7,0,0,7,1.0,0,0,0,0,0,0,0,0,0,0.0,0.0,0.0,0.0,0.0,0.0,0.0,0.0,0.0,0.0,0.0,0.0,,,0,0,unknown,,0.0,E_INVALID_OR_AUDIT_RISK,Repair taxonomy/templates — space is dominated by diagnostic-only relationships.,0.0,0,,0,0
2026_will_gina_viola_win_the_2026_los_angeles_mayoral_election_presidential_election_candidate_winner,2026_will_gina_viola_win_the_2026_los_angeles_mayoral_election_presidential_election_candidate_winner,,outcome_space,none,0,42,0,0,42,1.0,0,0,0,0,0,0,0,0,0,0.0,0.0,0.0,0.0,0.0,0.0,0.0,0.0,0.0,0.0,0.0,0.0,,,0,0,unknown,,0.0,E_INVALID_OR_AUDIT_RISK,Repair taxonomy/templates — space is dominated by diagnostic-only relationships.,0.0,0,,0,0
2026_will_gr_ne_win_the_most_seats_in_the_2026_berlin_state_elections_presidential_election_candidate_winner,2026_will_gr_ne_win_the_most_seats_in_the_2026_berlin_state_elections_presidential_election_candidate_winner,,outcome_space,none,0,5,0,0,5,1.0,0,0,0,0,0,0,0,0,0,0.0,0.0,0.0,0.0,0.0,0.0,0.0,0.0,0.0,0.0,0.0,0.0,,,0,0,unknown,,0.0,E_INVALID_OR_AUDIT_RISK,Repair taxonomy/templates — space is dominated by diagnostic-only relationships.,0.0,0,,0,0
2026_will_greg_hull_win_the_2026_new_mexico_governor_republican_primary_election_presidential_election_candidate_winner,2026_will_greg_hull_win_the_2026_new_mexico_governor_republican_primary_election_presidential_election_candidate_winner,,outcome_space,none,0,9,0,0,9,1.0,0,0,0,0,0,0,0,0,0,0.0,0.0,0.0,0.0,0.0,0.0,0.0,0.0,0.0,0.0,0.0,0.0,,,0,0,unknown,,0.0,E_INVALID_OR_AUDIT_RISK,Repair taxonomy/templates — space is dominated by diagnostic-only relationships.,0.0,0,,0,0
2026_will_greg_lopez_win_the_2026_colorado_governor_republican_primary_election_presidential_election_candidate_winner,2026_will_greg_lopez_win_the_2026_colorado_governor_republican_primary_election_presidential_election_candidate_winner,,outcome_space,none,0,9,0,0,9,1.0,0,0,0,0,0,0,0,0,0,0.0,0.0,0.0,0.0,0.0,0.0,0.0,0.0,0.0,0.0,0.0,0.0,,,0,0,unknown,,0.0,E_INVALID_OR_AUDIT_RISK,Repair taxonomy/templates — space is dominated by diagnostic-only relationships.,0.0,0,,0,0
2026_will_gregg_kirkpatrick_win_the_2026_georgia_governor_republican_primary_election_presidential_election_candidate_winner,2026_will_gregg_kirkpatrick_win_the_2026_georgia_governor_republican_primary_election_presidential_election_candidate_winner,,outcome_space,none,0,2,0,0,2,1.0,0,0,0,0,0,0,0,0,0,0.0,0.0,0.0,0.0,0.0,0.0,0.0,0.0,0.0,0.0,0.0,0.0,,,0,0,unknown,,0.0,E_INVALID_OR_AUDIT_RISK,Repair taxonomy/templates — space is dominated by diagnostic-only relationships.,0.0,0,,0,0
2026_will_han_dong_hoon_win_the_2026_gyeonggi_province_gubernatorial_election_presidential_election_candidate_winner,2026_will_han_dong_hoon_win_the_2026_gyeonggi_province_gubernatorial_election_presidential_election_candidate_winner,,outcome_space,none,0,24,0,0,24,1.0,0,0,0,0,0,0,0,0,0,0.0,0.0,0.0,0.0,0.0,0.0,0.0,0.0,0.0,0.0,0.0,0.0,,,0,0,unknown,,0.0,E_INVALID_OR_AUDIT_RISK,Repair taxonomy/templates — space is dominated by diagnostic-only relationships.,0.0,0,,0,0
2026_will_han_dong_hoon_win_the_2026_seoul_mayoral_election_presidential_election_candidate_winner,2026_will_han_dong_hoon_win_the_2026_seoul_mayoral_election_presidential_election_candidate_winner,,outcome_space,none,0,32,0,0,32,1.0,0,0,0,0,0,0,0,0,0,0.0,0.0,0.0,0.0,0.0,0.0,0.0,0.0,0.0,0.0,0.0,0.0,,,0,0,unknown,,0.0,E_INVALID_OR_AUDIT_RISK,Repair taxonomy/templates — space is dominated by diagnostic-only relationships.,0.0,0,,0,0
2026_will_han_jun_ho_win_the_2026_gyeonggi_province_gubernatorial_election_presidential_election_candidate_winner,2026_will_han_jun_ho_win_the_2026_gyeonggi_province_gubernatorial_election_presidential_election_candidate_winner,,outcome_space,none,0,29,0,0,29,1.0,0,0,0,0,0,0,0,0,0,0.0,0.0,0.0,0.0,0.0,0.0,0.0,0.0,0.0,0.0,0.0,0.0,,,0,0,unknown,,0.0,E_INVALID_OR_AUDIT_RISK,Repair taxonomy/templates — space is dominated by diagnostic-only relationships.,0.0,0,,0,0
2026_will_hank_kroll_win_the_2026_alaska_governor_election_presidential_election_candidate_winner,2026_will_hank_kroll_win_the_2026_alaska_governor_election_presidential_election_candidate_winner,,outcome_space,none,0,36,0,0,36,1.0,0,0,0,0,0,0,0,0,0,0.0,0.0,0.0,0.0,0.0,0.0,0.0,0.0,0.0,0.0,0.0,0.0,,,0,0,unknown,,0.0,E_INVALID_OR_AUDIT_RISK,Repair taxonomy/templates — space is dominated by diagnostic-only relationships.,0.0,0,,0,0
2026_will_hong_ihk_pyo_win_the_2026_seoul_mayoral_election_presidential_election_candidate_winner,2026_will_hong_ihk_pyo_win_the_2026_seoul_mayoral_election_presidential_election_candidate_winner,,outcome_space,none,0,24,0,0,24,1.0,0,0,0,0,0,0,0,0,0,0.0,0.0,0.0,0.0,0.0,0.0,0.0,0.0,0.0,0.0,0.0,0.0,,,0,0,unknown,,0.0,E_INVALID_OR_AUDIT_RISK,Repair taxonomy/templates — space is dominated by diagnostic-only relationships.,0.0,0,,0,0
2026_will_hong_soon_heon_win_the_2026_busan_mayoral_election_presidential_election_candidate_winner,2026_will_hong_soon_heon_win_the_2026_busan_mayoral_election_presidential_election_candidate_winner,,outcome_space,none,0,10,0,0,10,1.0,0,0,0,0,0,0,0,0,0,0.0,0.0,0.0,0.0,0.0,0.0,0.0,0.0,0.0,0.0,0.0,0.0,,,0,0,unknown,,0.0,E_INVALID_OR_AUDIT_RISK,Repair taxonomy/templates — space is dominated by diagnostic-only relationships.,0.0,0,,0,0
2026_will_ja_mel_brown_win_the_2026_alabama_governor_democratic_primary_election_presidential_election_candidate_winner,2026_will_ja_mel_brown_win_the_2026_alabama_governor_democratic_primary_election_presidential_election_candidate_winner,,outcome_space,none,0,3,0,0,3,1.0,0,0,0,0,0,0,0,0,0,0.0,0.0,0.0,0.0,0.0,0.0,0.0,0.0,0.0,0.0,0.0,0.0,,,0,0,unknown,,0.0,E_INVALID_OR_AUDIT_RISK,Repair taxonomy/templates — space is dominated by diagnostic-only relationships.,0.0,0,,0,0
2026_will_jake_merrick_win_the_2026_oklahoma_governor_republican_primary_election_presidential_election_candidate_winner,2026_will_jake_merrick_win_the_2026_oklahoma_governor_republican_primary_election_presidential_election_candidate_winner,,outcome_space,none,0,2,0,0,2,1.0,0,0,0,0,0,0,0,0,0,0.0,0.0,0.0,0.0,0.0,0.0,0.0,0.0,0.0,0.0,0.0,0.0,,,0,0,unknown,,0.0,E_INVALID_OR_AUDIT_RISK,Repair taxonomy/templates — space is dominated by diagnostic-only relationships.,0.0,0,,0,0
2026_will_james_parkin_win_the_2026_alaska_governor_election_presidential_election_candidate_winner,2026_will_james_parkin_win_the_2026_alaska_governor_election_presidential_election_candidate_winner,,outcome_space,none,0,43,0,0,43,1.0,0,0,0,0,0,0,0,0,0,0.0,0.0,0.0,0.0,0.0,0.0,0.0,0.0,0.0,0.0,0.0,0.0,,,0,0,unknown,,0.0,E_INVALID_OR_AUDIT_RISK,Repair taxonomy/templates — space is dominated by diagnostic-only relationships.,0.0,0,,0,0
2026_will_jason_clark_win_the_2026_colorado_governor_republican_primary_election_presidential_election_candidate_winner,2026_will_jason_clark_win_the_2026_colorado_governor_republican_primary_election_presidential_election_candidate_winner,,outcome_space,none,0,12,0,0,12,1.0,0,0,0,0,0,0,0,0,0,0.0,0.0,0.0,0.0,0.0,0.0,0.0,0.0,0.0,0.0,0.0,0.0,,,0,0,unknown,,0.0,E_INVALID_OR_AUDIT_RISK,Repair taxonomy/templates — space is dominated by diagnostic-only relationships.,0.0,0,,0,0
2026_will_jason_mikesell_win_the_2026_colorado_governor_republican_primary_election_presidential_election_candidate_winner,2026_will_jason_mikesell_win_the_2026_colorado_governor_republican_primary_election_presidential_election_candidate_winner,,outcome_space,none,0,6,0,0,6,1.0,0,0,0,0,0,0,0,0,0,0.0,0.0,0.0,0.0,0.0,0.0,0.0,0.0,0.0,0.0,0.0,0.0,,,0,0,unknown,,0.0,E_INVALID_OR_AUDIT_RISK,Repair taxonomy/templates — space is dominated by diagnostic-only relationships.,0.0,0,,0,0
2026_will_jeon_hyun_heui_win_the_2026_seoul_mayoral_election_presidential_election_candidate_winner,2026_will_jeon_hyun_heui_win_the_2026_seoul_mayoral_election_presidential_election_candidate_winner,,outcome_space,none,0,23,0,0,23,1.0,0,0,0,0,0,0,0,0,0,0.0,0.0,0.0,0.0,0.0,0.0,0.0,0.0,0.0,0.0,0.0,0.0,,,0,0,unknown,,0.0,E_INVALID_OR_AUDIT_RISK,Repair taxonomy/templates — space is dominated by diagnostic-only relationships.,0.0,0,,0,0
2026_will_john_kiper_win_the_2026_new_hampshire_governor_democratic_primary_election_presidential_election_candidate_winner,2026_will_john_kiper_win_the_2026_new_hampshire_governor_democratic_primary_election_presidential_election_candidate_winner,,outcome_space,none,0,4,0,0,4,1.0,0,0,0,0,0,0,0,0,0,0.0,0.0,0.0,0.0,0.0,0.0,0.0,0.0,0.0,0.0,0.0,0.0,,,0,0,unknown,,0.0,E_INVALID_OR_AUDIT_RISK,Repair taxonomy/templates — space is dominated by diagnostic-only relationships.,0.0,0,,0,0
2026_will_john_sanchez_win_the_2026_new_mexico_governor_republican_primary_election_presidential_election_candidate_winner,2026_will_john_sanchez_win_the_2026_new_mexico_governor_republican_primary_election_presidential_election_candidate_winner,,outcome_space,none,0,1,0,0,1,1.0,0,0,0,0,0,0,0,0,0,0.0,0.0,0.0,0.0,0.0,0.0,0.0,0.0,0.0,0.0,0.0,0.0,,,0,0,unknown,,0.0,E_INVALID_OR_AUDIT_RISK,Repair taxonomy/templates — space is dominated by diagnostic-only relationships.,0.0,0,,0,0
2026_will_jon_gray_ginsberg_win_the_2026_colorado_governor_republican_primary_election_presidential_election_candidate_winner,2026_will_jon_gray_ginsberg_win_the_2026_colorado_governor_republican_primary_election_presidential_election_candidate_winner,,outcome_space,none,0,4,0,0,4,1.0,0,0,0,0,0,0,0,0,0,0.0,0.0,0.0,0.0,0.0,0.0,0.0,0.0,0.0,0.0,0.0,0.0,,,0,0,unknown,,0.0,E_INVALID_OR_AUDIT_RISK,Repair taxonomy/templates — space is dominated by diagnostic-only relationships.,0.0,0,,0,0
2026_will_jonathan_kreiss_tomkins_win_the_2026_alaska_governor_election_presidential_election_candidate_winner,2026_will_jonathan_kreiss_tomkins_win_the_2026_alaska_governor_election_presidential_election_candidate_winner,,outcome_space,none,0,37,0,0,37,1.0,0,0,0,0,0,0,0,0,0,0.0,0.0,0.0,0.0,0.0,0.0,0.0,0.0,0.0,0.0,0.0,0.0,,,0,0,unknown,,0.0,E_INVALID_OR_AUDIT_RISK,Repair taxonomy/templates — space is dominated by diagnostic-only relationships.,0.0,0,,0,0
2026_will_josh_elliott_win_the_2026_connecticut_governor_democratic_primary_election_presidential_election_candidate_winner,2026_will_josh_elliott_win_the_2026_connecticut_governor_democratic_primary_election_presidential_election_candidate_winner,,outcome_space,none,0,1,0,0,1,1.0,0,0,0,0,0,0,0,0,0,0.0,0.0,0.0,0.0,0.0,0.0,0.0,0.0,0.0,0.0,0.0,0.0,,,0,0,unknown,,0.0,E_INVALID_OR_AUDIT_RISK,Repair taxonomy/templates — space is dominated by diagnostic-only relationships.,0.0,0,,0,0
2026_will_joshua_griffin_win_the_2026_colorado_governor_republican_primary_election_presidential_election_candidate_winner,2026_will_joshua_griffin_win_the_2026_colorado_governor_republican_primary_election_presidential_election_candidate_winner,,outcome_space,none,0,11,0,0,11,1.0,0,0,0,0,0,0,0,0,0,0.0,0.0,0.0,0.0,0.0,0.0,0.0,0.0,0.0,0.0,0.0,0.0,,,0,0,unknown,,0.0,E_INVALID_OR_AUDIT_RISK,Repair taxonomy/templates — space is dominated by diagnostic-only relationships.,0.0,0,,0,0
2026_will_judith_nakamura_win_the_2026_new_mexico_governor_republican_primary_election_presidential_election_candidate_winner,2026_will_judith_nakamura_win_the_2026_new_mexico_governor_republican_primary_election_presidential_election_candidate_winner,,outcome_space,none,0,3,0,0,3,1.0,0,0,0,0,0,0,0,0,0,0.0,0.0,0.0,0.0,0.0,0.0,0.0,0.0,0.0,0.0,0.0,0.0,,,0,0,unknown,,0.0,E_INVALID_OR_AUDIT_RISK,Repair taxonomy/templates — space is dominated by diagnostic-only relationships.,0.0,0,,0,0
2026_will_kamala_harris_win_the_california_governor_election_in_2026_presidential_election_candidate_winner,2026_will_kamala_harris_win_the_california_governor_election_in_2026_presidential_election_candidate_winner,,outcome_space,none,0,3,0,0,3,1.0,0,0,0,0,0,0,0,0,0,0.0,0.0,0.0,0.0,0.0,0.0,0.0,0.0,0.0,0.0,0.0,0.0,,,0,0,unknown,,0.0,E_INVALID_OR_AUDIT_RISK,Repair taxonomy/templates — space is dominated by diagnostic-only relationships.,0.0,0,,0,0
2026_will_kang_hoon_sik_win_the_2026_chungcheongnam_province_gubernatorial_election_presidential_election_candidate_winner,2026_will_kang_hoon_sik_win_the_2026_chungcheongnam_province_gubernatorial_election_presidential_election_candidate_winner,,outcome_space,none,0,10,0,0,10,1.0,0,0,0,0,0,0,0,0,0,0.0,0.0,0.0,0.0,0.0,0.0,0.0,0.0,0.0,0.0,0.0,0.0,,,0,0,unknown,,0.0,E_INVALID_OR_AUDIT_RISK,Repair taxonomy/templates — space is dominated by diagnostic-only relationships.,0.0,0,,0,0
2026_will_kang_hoon_sik_win_the_2026_seoul_mayoral_election_presidential_election_candidate_winner,2026_will_kang_hoon_sik_win_the_2026_seoul_mayoral_election_presidential_election_candidate_winner,,outcome_space,none,0,22,0,0,22,1.0,0,0,0,0,0,0,0,0,0,0.0,0.0,0.0,0.0,0.0,0.0,0.0,0.0,0.0,0.0,0.0,0.0,,,0,0,unknown,,0.0,E_INVALID_OR_AUDIT_RISK,Repair taxonomy/templates — space is dominated by diagnostic-only relationships.,0.0,0,,0,0
2026_will_kang_seung_kyu_win_the_2026_chungcheongnam_province_gubernatorial_election_presidential_election_candidate_winner,2026_will_kang_seung_kyu_win_the_2026_chungcheongnam_province_gubernatorial_election_presidential_election_candidate_winner,,outcome_space,none,0,14,0,0,14,1.0,0,0,0,0,0,0,0,0,0,0.0,0.0,0.0,0.0,0.0,0.0,0.0,0.0,0.0,0.0,0.0,0.0,,,0,0,unknown,,0.0,E_INVALID_OR_AUDIT_RISK,Repair taxonomy/templates — space is dominated by diagnostic-only relationships.,0.0,0,,0,0
2026_will_karen_bass_win_the_2026_los_angeles_mayoral_election_presidential_election_candidate_winner,2026_will_karen_bass_win_the_2026_los_angeles_mayoral_election_presidential_election_candidate_winner,,outcome_space,none,0,45,0,0,45,1.0,0,0,0,0,0,0,0,0,0,0.0,0.0,0.0,0.0,0.0,0.0,0.0,0.0,0.0,0.0,0.0,0.0,,,0,0,unknown,,0.0,E_INVALID_OR_AUDIT_RISK,Repair taxonomy/templates — space is dominated by diagnostic-only relationships.,0.0,0,,0,0
2026_will_katie_porter_win_the_california_governor_election_in_2026_presidential_election_candidate_winner,2026_will_katie_porter_win_the_california_governor_election_in_2026_presidential_election_candidate_winner,,outcome_space,none,0,21,0,0,21,0.9545454545454546,0,0,0,0,0,0,0,0,0,0.0,0.0,0.0,0.0,0.0,0.0,0.0,0.0,0.0,0.0,0.0,0.0,,,0,0,unknown,,0.0,E_INVALID_OR_AUDIT_RISK,Repair taxonomy/templates — space is dominated by diagnostic-only relationships.,0.0,0,,0,0
2026_will_kelly_ayotte_win_the_2026_new_hampshire_governor_republican_primary_election_presidential_election_candidate_winner,2026_will_kelly_ayotte_win_the_2026_new_hampshire_governor_republican_primary_election_presidential_election_candidate_winner,,outcome_space,none,0,1,0,0,1,1.0,0,0,0,0,0,0,0,0,0,0.0,0.0,0.0,0.0,0.0,0.0,0.0,0.0,0.0,0.0,0.0,0.0,,,0,0,unknown,,0.0,E_INVALID_OR_AUDIT_RISK,Repair taxonomy/templates — space is dominated by diagnostic-only relationships.,0.0,0,,0,0
2026_will_ken_mcfeeters_win_the_2026_alabama_governor_republican_primary_election_presidential_election_candidate_winner,2026_will_ken_mcfeeters_win_the_2026_alabama_governor_republican_primary_election_presidential_election_candidate_winner,,outcome_space,none,0,1,0,0,1,1.0,0,0,0,0,0,0,0,0,0,0.0,0.0,0.0,0.0,0.0,0.0,0.0,0.0,0.0,0.0,0.0,0.0,,,0,0,unknown,,0.0,E_INVALID_OR_AUDIT_RISK,Repair taxonomy/templates — space is dominated by diagnostic-only relationships.,0.0,0,,0,0
2026_will_ken_yasger_win_the_2026_georgia_governor_republican_primary_election_presidential_election_candidate_winner,2026_will_ken_yasger_win_the_2026_georgia_governor_republican_primary_election_presidential_election_candidate_winner,,outcome_space,none,0,3,0,0,3,1.0,0,0,0,0,0,0,0,0,0,0.0,0.0,0.0,0.0,0.0,0.0,0.0,0.0,0.0,0.0,0.0,0.0,,,0,0,unknown,,0.0,E_INVALID_OR_AUDIT_RISK,Repair taxonomy/templates — space is dominated by diagnostic-only relationships.,0.0,0,,0,0
2026_will_kim_byeong_ju_win_the_2026_gyeonggi_province_gubernatorial_election_presidential_election_candidate_winner,2026_will_kim_byeong_ju_win_the_2026_gyeonggi_province_gubernatorial_election_presidential_election_candidate_winner,,outcome_space,none,0,32,0,0,32,1.0,0,0,0,0,0,0,0,0,0,0.0,0.0,0.0,0.0,0.0,0.0,0.0,0.0,0.0,0.0,0.0,0.0,,,0,0,unknown,,0.0,E_INVALID_OR_AUDIT_RISK,Repair taxonomy/templates — space is dominated by diagnostic-only relationships.,0.0,0,,0,0
2026_will_kim_do_eup_win_the_2026_busan_mayoral_election_presidential_election_candidate_winner,2026_will_kim_do_eup_win_the_2026_busan_mayoral_election_presidential_election_candidate_winner,,outcome_space,none,0,19,0,0,19,1.0,0,0,0,0,0,0,0,0,0,0.0,0.0,0.0,0.0,0.0,0.0,0.0,0.0,0.0,0.0,0.0,0.0,,,0,0,unknown,,0.0,E_INVALID_OR_AUDIT_RISK,Repair taxonomy/templates — space is dominated by diagnostic-only relationships.,0.0,0,,0,0
2026_will_kim_do_kyun_win_the_2026_gangwon_province_gubernatorial_election_presidential_election_candidate_winner,2026_will_kim_do_kyun_win_the_2026_gangwon_province_gubernatorial_election_presidential_election_candidate_winner,,outcome_space,none,0,36,0,0,36,0.10810810810810811,0,0,0,0,0,0,0,0,0,0.0,0.0,0.0,0.0,0.0,0.0,0.0,0.0,0.0,0.0,0.0,0.0,,,0,0,unknown,,0.0,E_INVALID_OR_AUDIT_RISK,Repair taxonomy/templates — space is dominated by diagnostic-only relationships.,0.0,0,,0,0
2026_will_kim_dong_yeon_win_the_2026_gyeonggi_province_gubernatorial_election_presidential_election_candidate_winner,2026_will_kim_dong_yeon_win_the_2026_gyeonggi_province_gubernatorial_election_presidential_election_candidate_winner,,outcome_space,none,0,33,0,0,33,1.0,0,0,0,0,0,0,0,0,0,0.0,0.0,0.0,0.0,0.0,0.0,0.0,0.0,0.0,0.0,0.0,0.0,,,0,0,unknown,,0.0,E_INVALID_OR_AUDIT_RISK,Repair taxonomy/templates — space is dominated by diagnostic-only relationships.,0.0,0,,0,0
2026_will_kim_eun_hye_win_the_2026_gyeonggi_province_gubernatorial_election_presidential_election_candidate_winner,2026_will_kim_eun_hye_win_the_2026_gyeonggi_province_gubernatorial_election_presidential_election_candidate_winner,,outcome_space,none,0,26,0,0,26,1.0,0,0,0,0,0,0,0,0,0,0.0,0.0,0.0,0.0,0.0,0.0,0.0,0.0,0.0,0.0,0.0,0.0,,,0,0,unknown,,0.0,E_INVALID_OR_AUDIT_RISK,Repair taxonomy/templates — space is dominated by diagnostic-only relationships.,0.0,0,,0,0
2026_will_kim_jin_tae_win_the_2026_gangwon_province_gubernatorial_election_presidential_election_candidate_winner,2026_will_kim_jin_tae_win_the_2026_gangwon_province_gubernatorial_election_presidential_election_candidate_winner,,outcome_space,none,0,6,0,0,6,1.0,0,0,0,0,0,0,0,0,0,0.0,0.0,0.0,0.0,0.0,0.0,0.0,0.0,0.0,0.0,0.0,0.0,,,0,0,unknown,,0.0,E_INVALID_OR_AUDIT_RISK,Repair taxonomy/templates — space is dominated by diagnostic-only relationships.,0.0,0,,0,0
2026_will_kim_moon_soo_win_the_2026_gyeonggi_province_gubernatorial_election_presidential_election_candidate_winner,2026_will_kim_moon_soo_win_the_2026_gyeonggi_province_gubernatorial_election_presidential_election_candidate_winner,,outcome_space,none,0,24,0,0,24,1.0,0,0,0,0,0,0,0,0,0,0.0,0.0,0.0,0.0,0.0,0.0,0.0,0.0,0.0,0.0,0.0,0.0,,,0,0,unknown,,0.0,E_INVALID_OR_AUDIT_RISK,Repair taxonomy/templates — space is dominated by diagnostic-only relationships.,0.0,0,,0,0
2026_will_kim_tae_heum_win_the_2026_chungcheongnam_province_gubernatorial_election_presidential_election_candidate_winner,2026_will_kim_tae_heum_win_the_2026_chungcheongnam_province_gubernatorial_election_presidential_election_candidate_winner,,outcome_space,none,0,17,0,0,17,1.0,0,0,0,0,0,0,0,0,0,0.0,0.0,0.0,0.0,0.0,0.0,0.0,0.0,0.0,0.0,0.0,0.0,,,0,0,unknown,,0.0,E_INVALID_OR_AUDIT_RISK,Repair taxonomy/templates — space is dominated by diagnostic-only relationships.,0.0,0,,0,0
2026_will_kim_wan_seop_win_the_2026_gangwon_province_gubernatorial_election_presidential_election_candidate_winner,2026_will_kim_wan_seop_win_the_2026_gangwon_province_gubernatorial_election_presidential_election_candidate_winner,,outcome_space,none,0,40,0,0,40,0.1951219512195122,0,0,0,0,0,0,0,0,0,0.0,0.0,0.0,0.0,0.0,0.0,0.0,0.0,0.0,0.0,0.0,0.0,,,0,0,unknown,,0.0,E_INVALID_OR_AUDIT_RISK,Repair taxonomy/templates — space is dominated by diagnostic-only relationships.,0.0,0,,0,0
2026_will_kim_young_choon_win_the_2026_busan_mayoral_election_presidential_election_candidate_winner,2026_will_kim_young_choon_win_the_2026_busan_mayoral_election_presidential_election_candidate_winner,,outcome_space,none,0,11,0,0,11,1.0,0,0,0,0,0,0,0,0,0,0.0,0.0,0.0,0.0,0.0,0.0,0.0,0.0,0.0,0.0,0.0,0.0,,,0,0,unknown,,0.0,E_INVALID_OR_AUDIT_RISK,Repair taxonomy/templates — space is dominated by diagnostic-only relationships.,0.0,0,,0,0
2026_will_kim_young_hwan_win_the_2026_chungcheongbuk_province_gubernatorial_election_presidential_election_candidate_winner,2026_will_kim_young_hwan_win_the_2026_chungcheongbuk_province_gubernatorial_election_presidential_election_candidate_winner,,outcome_space,none,0,8,0,0,8,1.0,0,0,0,0,0,0,0,0,0,0.0,0.0,0.0,0.0,0.0,0.0,0.0,0.0,0.0,0.0,0.0,0.0,,,0,0,unknown,,0.0,E_INVALID_OR_AUDIT_RISK,Repair taxonomy/templates — space is dominated by diagnostic-only relationships.,0.0,0,,0,0
2026_will_kweon_seong_dong_win_the_2026_gangwon_province_gubernatorial_election_presidential_election_candidate_winner,2026_will_kweon_seong_dong_win_the_2026_gangwon_province_gubernatorial_election_presidential_election_candidate_winner,,outcome_space,none,0,38,0,0,38,0.15384615384615385,0,0,0,0,0,0,0,0,0,0.0,0.0,0.0,0.0,0.0,0.0,0.0,0.0,0.0,0.0,0.0,0.0,,,0,0,unknown,,0.0,E_INVALID_OR_AUDIT_RISK,Repair taxonomy/templates — space is dominated by diagnostic-only relationships.,0.0,0,,0,0
2026_will_kyle_duyck_win_the_2026_oregon_governor_republican_primary_election_presidential_election_candidate_winner,2026_will_kyle_duyck_win_the_2026_oregon_governor_republican_primary_election_presidential_election_candidate_winner,,outcome_space,none,0,9,0,0,9,1.0,0,0,0,0,0,0,0,0,0,0.0,0.0,0.0,0.0,0.0,0.0,0.0,0.0,0.0,0.0,0.0,0.0,,,0,0,unknown,,0.0,E_INVALID_OR_AUDIT_RISK,Repair taxonomy/templates — space is dominated by diagnostic-only relationships.,0.0,0,,0,0
2026_will_kyle_langford_win_the_california_governor_election_in_2026_presidential_election_candidate_winner,2026_will_kyle_langford_win_the_california_governor_election_in_2026_presidential_election_candidate_winner,,outcome_space,none,0,13,0,0,13,0.9285714285714286,0,0,0,0,0,0,0,0,0,0.0,0.0,0.0,0.0,0.0,0.0,0.0,0.0,0.0,0.0,0.0,0.0,,,0,0,unknown,,0.0,E_INVALID_OR_AUDIT_RISK,Repair taxonomy/templates — space is dominated by diagnostic-only relationships.,0.0,0,,0,0
2026_will_lee_chul_gyu_win_the_2026_gangwon_province_gubernatorial_election_presidential_election_candidate_winner,2026_will_lee_chul_gyu_win_the_2026_gangwon_province_gubernatorial_election_presidential_election_candidate_winner,,outcome_space,none,0,39,0,0,39,0.175,0,0,0,0,0,0,0,0,0,0.0,0.0,0.0,0.0,0.0,0.0,0.0,0.0,0.0,0.0,0.0,0.0,,,0,0,unknown,,0.0,E_INVALID_OR_AUDIT_RISK,Repair taxonomy/templates — space is dominated by diagnostic-only relationships.,0.0,0,,0,0
2026_will_lee_hak_jae_win_the_2026_incheon_mayoral_election_presidential_election_candidate_winner,2026_will_lee_hak_jae_win_the_2026_incheon_mayoral_election_presidential_election_candidate_winner,,outcome_space,none,0,5,0,0,5,1.0,0,0,0,0,0,0,0,0,0,0.0,0.0,0.0,0.0,0.0,0.0,0.0,0.0,0.0,0.0,0.0,0.0,,,0,0,unknown,,0.0,E_INVALID_OR_AUDIT_RISK,Repair taxonomy/templates — space is dominated by diagnostic-only relationships.,0.0,0,,0,0
2026_will_lee_jae_sung_win_the_2026_busan_mayoral_election_presidential_election_candidate_winner,2026_will_lee_jae_sung_win_the_2026_busan_mayoral_election_presidential_election_candidate_winner,,outcome_space,none,0,12,0,0,12,1.0,0,0,0,0,0,0,0,0,0,0.0,0.0,0.0,0.0,0.0,0.0,0.0,0.0,0.0,0.0,0.0,0.0,,,0,0,unknown,,0.0,E_INVALID_OR_AUDIT_RISK,Repair taxonomy/templates — space is dominated by diagnostic-only relationships.,0.0,0,,0,0
2026_will_lee_jong_bae_win_the_2026_chungcheongbuk_province_gubernatorial_election_presidential_election_candidate_winner,2026_will_lee_jong_bae_win_the_2026_chungcheongbuk_province_gubernatorial_election_presidential_election_candidate_winner,,outcome_space,none,0,6,0,0,6,1.0,0,0,0,0,0,0,0,0,0,0.0,0.0,0.0,0.0,0.0,0.0,0.0,0.0,0.0,0.0,0.0,0.0,,,0,0,unknown,,0.0,E_INVALID_OR_AUDIT_RISK,Repair taxonomy/templates — space is dominated by diagnostic-only relationships.,0.0,0,,0,0
2026_will_lee_jun_seok_win_the_2026_gyeonggi_province_gubernatorial_election_presidential_election_candidate_winner,2026_will_lee_jun_seok_win_the_2026_gyeonggi_province_gubernatorial_election_presidential_election_candidate_winner,,outcome_space,none,0,21,0,0,21,1.0,0,0,0,0,0,0,0,0,0,0.0,0.0,0.0,0.0,0.0,0.0,0.0,0.0,0.0,0.0,0.0,0.0,,,0,0,unknown,,0.0,E_INVALID_OR_AUDIT_RISK,Repair taxonomy/templates — space is dominated by diagnostic-only relationships.,0.0,0,,0,0
2026_will_lee_kwang_jae_win_the_2026_gangwon_province_gubernatorial_election_presidential_election_candidate_winner,2026_will_lee_kwang_jae_win_the_2026_gangwon_province_gubernatorial_election_presidential_election_candidate_winner,,outcome_space,none,0,35,0,0,35,0.08333333333333333,0,0,0,0,0,0,0,0,0,0.0,0.0,0.0,0.0,0.0,0.0,0.0,0.0,0.0,0.0,0.0,0.0,,,0,0,unknown,,0.0,E_INVALID_OR_AUDIT_RISK,Repair taxonomy/templates — space is dominated by diagnostic-only relationships.,0.0,0,,0,0
2026_will_lee_un_ju_win_the_2026_gyeonggi_province_gubernatorial_election_presidential_election_candidate_winner,2026_will_lee_un_ju_win_the_2026_gyeonggi_province_gubernatorial_election_presidential_election_candidate_winner,,outcome_space,none,0,28,0,0,28,1.0,0,0,0,0,0,0,0,0,0,0.0,0.0,0.0,0.0,0.0,0.0,0.0,0.0,0.0,0.0,0.0,0.0,,,0,0,unknown,,0.0,E_INVALID_OR_AUDIT_RISK,Repair taxonomy/templates — space is dominated by diagnostic-only relationships.,0.0,0,,0,0
2026_will_leisa_mitchell_haynes_win_the_2026_oklahoma_governor_republican_primary_election_presidential_election_candidate_winner,2026_will_leisa_mitchell_haynes_win_the_2026_oklahoma_governor_republican_primary_election_presidential_election_candidate_winner,,outcome_space,none,0,5,0,0,5,1.0,0,0,0,0,0,0,0,0,0,0.0,0.0,0.0,0.0,0.0,0.0,0.0,0.0,0.0,0.0,0.0,0.0,,,0,0,unknown,,0.0,E_INVALID_OR_AUDIT_RISK,Repair taxonomy/templates — space is dominated by diagnostic-only relationships.,0.0,0,,0,0
2026_will_leland_olinger_ii_win_the_2026_georgia_governor_republican_primary_election_presidential_election_candidate_winner,2026_will_leland_olinger_ii_win_the_2026_georgia_governor_republican_primary_election_presidential_election_candidate_winner,,outcome_space,none,0,1,0,0,1,1.0,0,0,0,0,0,0,0,0,0,0.0,0.0,0.0,0.0,0.0,0.0,0.0,0.0,0.0,0.0,0.0,0.0,,,0,0,unknown,,0.0,E_INVALID_OR_AUDIT_RISK,Repair taxonomy/templates — space is dominated by diagnostic-only relationships.,0.0,0,,0,0
2026_will_leo_zacky_win_the_california_governor_election_in_2026_presidential_election_candidate_winner,2026_will_leo_zacky_win_the_california_governor_election_in_2026_presidential_election_candidate_winner,,outcome_space,none,0,7,0,0,7,0.875,0,0,0,0,0,0,0,0,0,0.0,0.0,0.0,0.0,0.0,0.0,0.0,0.0,0.0,0.0,0.0,0.0,,,0,0,unknown,,0.0,E_INVALID_OR_AUDIT_RISK,Repair taxonomy/templates — space is dominated by diagnostic-only relationships.,0.0,0,,0,0
2026_will_lindsey_horvath_win_the_2026_los_angeles_mayoral_election_presidential_election_candidate_winner,2026_will_lindsey_horvath_win_the_2026_los_angeles_mayoral_election_presidential_election_candidate_winner,,outcome_space,none,0,39,0,0,39,1.0,0,0,0,0,0,0,0,0,0,0.0,0.0,0.0,0.0,0.0,0.0,0.0,0.0,0.0,0.0,0.0,0.0,,,0,0,unknown,,0.0,E_INVALID_OR_AUDIT_RISK,Repair taxonomy/templates — space is dominated by diagnostic-only relationships.,0.0,0,,0,0
2026_will_linke_win_the_most_seats_in_the_2026_berlin_state_elections_presidential_election_candidate_winner,2026_will_linke_win_the_most_seats_in_the_2026_berlin_state_elections_presidential_election_candidate_winner,,outcome_space,none,0,2,0,0,2,1.0,0,0,0,0,0,0,0,0,0,0.0,0.0,0.0,0.0,0.0,0.0,0.0,0.0,0.0,0.0,0.0,0.0,,,0,0,unknown,,0.0,E_INVALID_OR_AUDIT_RISK,Repair taxonomy/templates — space is dominated by diagnostic-only relationships.,0.0,0,,0,0
2026_will_lisa_murkowski_win_the_2026_alaska_governor_election_presidential_election_candidate_winner,2026_will_lisa_murkowski_win_the_2026_alaska_governor_election_presidential_election_candidate_winner,,outcome_space,none,0,40,0,0,40,1.0,0,0,0,0,0,0,0,0,0,0.0,0.0,0.0,0.0,0.0,0.0,0.0,0.0,0.0,0.0,0.0,0.0,,,0,0,unknown,,0.0,E_INVALID_OR_AUDIT_RISK,Repair taxonomy/templates — space is dominated by diagnostic-only relationships.,0.0,0,,0,0
2026_will_mark_baisley_win_the_2026_colorado_governor_republican_primary_election_presidential_election_candidate_winner,2026_will_mark_baisley_win_the_2026_colorado_governor_republican_primary_election_presidential_election_candidate_winner,,outcome_space,none,0,14,0,0,14,1.0,0,0,0,0,0,0,0,0,0,0.0,0.0,0.0,0.0,0.0,0.0,0.0,0.0,0.0,0.0,0.0,0.0,,,0,0,unknown,,0.0,E_INVALID_OR_AUDIT_RISK,Repair taxonomy/templates — space is dominated by diagnostic-only relationships.,0.0,0,,0,0
2026_will_mark_murphy_win_the_2026_new_mexico_governor_republican_primary_election_presidential_election_candidate_winner,2026_will_mark_murphy_win_the_2026_new_mexico_governor_republican_primary_election_presidential_election_candidate_winner,,outcome_space,none,0,4,0,0,4,1.0,0,0,0,0,0,0,0,0,0,0.0,0.0,0.0,0.0,0.0,0.0,0.0,0.0,0.0,0.0,0.0,0.0,,,0,0,unknown,,0.0,E_INVALID_OR_AUDIT_RISK,Repair taxonomy/templates — space is dominated by diagnostic-only relationships.,0.0,0,,0,0
2026_will_mary_peltola_win_the_2026_alaska_governor_election_presidential_election_candidate_winner,2026_will_mary_peltola_win_the_2026_alaska_governor_election_presidential_election_candidate_winner,,outcome_space,none,0,38,0,0,38,1.0,0,0,0,0,0,0,0,0,0,0.0,0.0,0.0,0.0,0.0,0.0,0.0,0.0,0.0,0.0,0.0,0.0,,,0,0,unknown,,0.0,E_INVALID_OR_AUDIT_RISK,Repair taxonomy/templates — space is dominated by diagnostic-only relationships.,0.0,0,,0,0
2026_will_matt_claman_win_the_2026_alaska_governor_election_presidential_election_candidate_winner,2026_will_matt_claman_win_the_2026_alaska_governor_election_presidential_election_candidate_winner,,outcome_space,none,0,34,0,0,34,1.0,0,0,0,0,0,0,0,0,0,0.0,0.0,0.0,0.0,0.0,0.0,0.0,0.0,0.0,0.0,0.0,0.0,,,0,0,unknown,,0.0,E_INVALID_OR_AUDIT_RISK,Repair taxonomy/templates — space is dominated by diagnostic-only relationships.,0.0,0,,0,0
2026_will_matt_heilala_win_the_2026_alaska_governor_election_presidential_election_candidate_winner,2026_will_matt_heilala_win_the_2026_alaska_governor_election_presidential_election_candidate_winner,,outcome_space,none,0,45,0,0,45,1.0,0,0,0,0,0,0,0,0,0,0.0,0.0,0.0,0.0,0.0,0.0,0.0,0.0,0.0,0.0,0.0,0.0,,,0,0,unknown,,0.0,E_INVALID_OR_AUDIT_RISK,Repair taxonomy/templates — space is dominated by diagnostic-only relationships.,0.0,0,,0,0
2026_will_matt_mahan_win_the_california_governor_election_in_2026_presidential_election_candidate_winner,2026_will_matt_mahan_win_the_california_governor_election_in_2026_presidential_election_candidate_winner,,outcome_space,none,0,1,0,0,1,1.0,0,0,0,0,0,0,0,0,0,0.0,0.0,0.0,0.0,0.0,0.0,0.0,0.0,0.0,0.0,0.0,0.0,,,0,0,unknown,,0.0,E_INVALID_OR_AUDIT_RISK,Repair taxonomy/templates — space is dominated by diagnostic-only relationships.,0.0,0,,0,0
2026_will_michael_bennet_win_the_2026_colorado_governor_democratic_primary_election_presidential_election_candidate_winner,2026_will_michael_bennet_win_the_2026_colorado_governor_democratic_primary_election_presidential_election_candidate_winner,,outcome_space,none,0,3,0,0,3,1.0,0,0,0,0,0,0,0,0,0,0.0,0.0,0.0,0.0,0.0,0.0,0.0,0.0,0.0,0.0,0.0,0.0,,,0,0,unknown,,0.0,E_INVALID_OR_AUDIT_RISK,Repair taxonomy/templates — space is dominated by diagnostic-only relationships.,0.0,0,,0,0
2026_will_michael_younger_win_the_california_governor_election_in_2026_presidential_election_candidate_winner,2026_will_michael_younger_win_the_california_governor_election_in_2026_presidential_election_candidate_winner,,outcome_space,none,0,7,0,0,7,1.0,0,0,0,0,0,0,0,0,0,0.0,0.0,0.0,0.0,0.0,0.0,0.0,0.0,0.0,0.0,0.0,0.0,,,0,0,unknown,,0.0,E_INVALID_OR_AUDIT_RISK,Repair taxonomy/templates — space is dominated by diagnostic-only relationships.,0.0,0,,0,0
2026_will_mike_mazzei_win_the_2026_oklahoma_governor_republican_primary_election_presidential_election_candidate_winner,2026_will_mike_mazzei_win_the_2026_oklahoma_governor_republican_primary_election_presidential_election_candidate_winner,,outcome_space,none,0,4,0,0,4,1.0,0,0,0,0,0,0,0,0,0,0.0,0.0,0.0,0.0,0.0,0.0,0.0,0.0,0.0,0.0,0.0,0.0,,,0,0,unknown,,0.0,E_INVALID_OR_AUDIT_RISK,Repair taxonomy/templates — space is dominated by diagnostic-only relationships.,0.0,0,,0,0
2026_will_monica_rodriguez_win_the_2026_los_angeles_mayoral_election_presidential_election_candidate_winner,2026_will_monica_rodriguez_win_the_2026_los_angeles_mayoral_election_presidential_election_candidate_winner,,outcome_space,none,0,38,0,0,38,1.0,0,0,0,0,0,0,0,0,0,0.0,0.0,0.0,0.0,0.0,0.0,0.0,0.0,0.0,0.0,0.0,0.0,,,0,0,unknown,,0.0,E_INVALID_OR_AUDIT_RISK,Repair taxonomy/templates — space is dominated by diagnostic-only relationships.,0.0,0,,0,0
2026_will_moon_jin_seok_win_the_2026_chungcheongnam_province_gubernatorial_election_presidential_election_candidate_winner,2026_will_moon_jin_seok_win_the_2026_chungcheongnam_province_gubernatorial_election_presidential_election_candidate_winner,,outcome_space,none,0,10,0,0,10,1.0,0,0,0,0,0,0,0,0,0,0.0,0.0,0.0,0.0,0.0,0.0,0.0,0.0,0.0,0.0,0.0,0.0,,,0,0,unknown,,0.0,E_INVALID_OR_AUDIT_RISK,Repair taxonomy/templates — space is dominated by diagnostic-only relationships.,0.0,0,,0,0
2026_will_na_kyung_won_win_the_2026_gyeonggi_province_gubernatorial_election_presidential_election_candidate_winner,2026_will_na_kyung_won_win_the_2026_gyeonggi_province_gubernatorial_election_presidential_election_candidate_winner,,outcome_space,none,0,19,0,0,19,1.0,0,0,0,0,0,0,0,0,0,0.0,0.0,0.0,0.0,0.0,0.0,0.0,0.0,0.0,0.0,0.0,0.0,,,0,0,unknown,,0.0,E_INVALID_OR_AUDIT_RISK,Repair taxonomy/templates — space is dominated by diagnostic-only relationships.,0.0,0,,0,0
2026_will_na_kyung_won_win_the_2026_seoul_mayoral_election_presidential_election_candidate_winner,2026_will_na_kyung_won_win_the_2026_seoul_mayoral_election_presidential_election_candidate_winner,,outcome_space,none,0,34,0,0,34,1.0,0,0,0,0,0,0,0,0,0,0.0,0.0,0.0,0.0,0.0,0.0,0.0,0.0,0.0,0.0,0.0,0.0,,,0,0,unknown,,0.0,E_INVALID_OR_AUDIT_RISK,Repair taxonomy/templates — space is dominated by diagnostic-only relationships.,0.0,0,,0,0
2026_will_nancy_dahlstrom_win_the_2026_alaska_governor_election_presidential_election_candidate_winner,2026_will_nancy_dahlstrom_win_the_2026_alaska_governor_election_presidential_election_candidate_winner,,outcome_space,none,0,47,0,0,47,1.0,0,0,0,0,0,0,0,0,0,0.0,0.0,0.0,0.0,0.0,0.0,0.0,0.0,0.0,0.0,0.0,0.0,,,0,0,unknown,,0.0,E_INVALID_OR_AUDIT_RISK,Repair taxonomy/templates — space is dominated by diagnostic-only relationships.,0.0,0,,0,0
2026_will_nicole_shanahan_win_the_california_governor_election_in_2026_presidential_election_candidate_winner,2026_will_nicole_shanahan_win_the_california_governor_election_in_2026_presidential_election_candidate_winner,,outcome_space,none,0,5,0,0,5,1.0,0,0,0,0,0,0,0,0,0,0.0,0.0,0.0,0.0,0.0,0.0,0.0,0.0,0.0,0.0,0.0,0.0,,,0,0,unknown,,0.0,E_INVALID_OR_AUDIT_RISK,Repair taxonomy/templates — space is dominated by diagnostic-only relationships.,0.0,0,,0,0
2026_will_nithya_raman_win_the_2026_los_angeles_mayoral_election_presidential_election_candidate_winner,2026_will_nithya_raman_win_the_2026_los_angeles_mayoral_election_presidential_election_candidate_winner,,outcome_space,none,0,36,0,0,36,1.0,0,0,0,0,0,0,0,0,0,0.0,0.0,0.0,0.0,0.0,0.0,0.0,0.0,0.0,0.0,0.0,0.0,,,0,0,unknown,,0.0,E_INVALID_OR_AUDIT_RISK,Repair taxonomy/templates — space is dominated by diagnostic-only relationships.,0.0,0,,0,0
2026_will_noh_yeong_min_win_the_2026_chungcheongbuk_province_gubernatorial_election_presidential_election_candidate_winner,2026_will_noh_yeong_min_win_the_2026_chungcheongbuk_province_gubernatorial_election_presidential_election_candidate_winner,,outcome_space,none,0,3,0,0,3,1.0,0,0,0,0,0,0,0,0,0,0.0,0.0,0.0,0.0,0.0,0.0,0.0,0.0,0.0,0.0,0.0,0.0,,,0,0,unknown,,0.0,E_INVALID_OR_AUDIT_RISK,Repair taxonomy/templates — space is dominated by diagnostic-only relationships.,0.0,0,,0,0
2026_will_oh_se_hoon_win_the_2026_seoul_mayoral_election_presidential_election_candidate_winner,2026_will_oh_se_hoon_win_the_2026_seoul_mayoral_election_presidential_election_candidate_winner,,outcome_space,none,0,34,0,0,34,1.0,0,0,0,0,0,0,0,0,0,0.0,0.0,0.0,0.0,0.0,0.0,0.0,0.0,0.0,0.0,0.0,0.0,,,0,0,unknown,,0.0,E_INVALID_OR_AUDIT_RISK,Repair taxonomy/templates — space is dominated by diagnostic-only relationships.,0.0,0,,0,0
2026_will_park_chan_dae_win_the_2026_incheon_mayoral_election_presidential_election_candidate_winner,2026_will_park_chan_dae_win_the_2026_incheon_mayoral_election_presidential_election_candidate_winner,,outcome_space,none,0,4,0,0,4,1.0,0,0,0,0,0,0,0,0,0,0.0,0.0,0.0,0.0,0.0,0.0,0.0,0.0,0.0,0.0,0.0,0.0,,,0,0,unknown,,0.0,E_INVALID_OR_AUDIT_RISK,Repair taxonomy/templates — space is dominated by diagnostic-only relationships.,0.0,0,,0,0
2026_will_park_heong_joon_win_the_2026_busan_mayoral_election_presidential_election_candidate_winner,2026_will_park_heong_joon_win_the_2026_busan_mayoral_election_presidential_election_candidate_winner,,outcome_space,none,0,20,0,0,20,1.0,0,0,0,0,0,0,0,0,0,0.0,0.0,0.0,0.0,0.0,0.0,0.0,0.0,0.0,0.0,0.0,0.0,,,0,0,unknown,,0.0,E_INVALID_OR_AUDIT_RISK,Repair taxonomy/templates — space is dominated by diagnostic-only relationships.,0.0,0,,0,0
2026_will_park_hong_keun_win_the_2026_seoul_mayoral_election_presidential_election_candidate_winner,2026_will_park_hong_keun_win_the_2026_seoul_mayoral_election_presidential_election_candidate_winner,,outcome_space,none,0,27,0,0,27,1.0,0,0,0,0,0,0,0,0,0,0.0,0.0,0.0,0.0,0.0,0.0,0.0,0.0,0.0,0.0,0.0,0.0,,,0,0,unknown,,0.0,E_INVALID_OR_AUDIT_RISK,Repair taxonomy/templates — space is dominated by diagnostic-only relationships.,0.0,0,,0,0
2026_will_park_jae_ho_win_the_2026_busan_mayoral_election_presidential_election_candidate_winner,2026_will_park_jae_ho_win_the_2026_busan_mayoral_election_presidential_election_candidate_winner,,outcome_space,none,0,15,0,0,15,1.0,0,0,0,0,0,0,0,0,0,0.0,0.0,0.0,0.0,0.0,0.0,0.0,0.0,0.0,0.0,0.0,0.0,,,0,0,unknown,,0.0,E_INVALID_OR_AUDIT_RISK,Repair taxonomy/templates — space is dominated by diagnostic-only relationships.,0.0,0,,0,0
2026_will_park_ju_min_win_the_2026_seoul_mayoral_election_presidential_election_candidate_winner,2026_will_park_ju_min_win_the_2026_seoul_mayoral_election_presidential_election_candidate_winner,,outcome_space,none,0,29,0,0,29,1.0,0,0,0,0,0,0,0,0,0,0.0,0.0,0.0,0.0,0.0,0.0,0.0,0.0,0.0,0.0,0.0,0.0,,,0,0,unknown,,0.0,E_INVALID_OR_AUDIT_RISK,Repair taxonomy/templates — space is dominated by diagnostic-only relationships.,0.0,0,,0,0
2026_will_park_nam_choon_win_the_2026_incheon_mayoral_election_presidential_election_candidate_winner,2026_will_park_nam_choon_win_the_2026_incheon_mayoral_election_presidential_election_candidate_winner,,outcome_space,none,0,3,0,0,3,1.0,0,0,0,0,0,0,0,0,0,0.0,0.0,0.0,0.0,0.0,0.0,0.0,0.0,0.0,0.0,0.0,0.0,,,0,0,unknown,,0.0,E_INVALID_OR_AUDIT_RISK,Repair taxonomy/templates — space is dominated by diagnostic-only relationships.,0.0,0,,0,0
2026_will_park_seong_hoon_win_the_2026_busan_mayoral_election_presidential_election_candidate_winner,2026_will_park_seong_hoon_win_the_2026_busan_mayoral_election_presidential_election_candidate_winner,,outcome_space,none,0,16,0,0,16,1.0,0,0,0,0,0,0,0,0,0,0.0,0.0,0.0,0.0,0.0,0.0,0.0,0.0,0.0,0.0,0.0,0.0,,,0,0,unknown,,0.0,E_INVALID_OR_AUDIT_RISK,Repair taxonomy/templates — space is dominated by diagnostic-only relationships.,0.0,0,,0,0
2026_will_park_soo_hyun_win_the_2026_chungcheongnam_province_gubernatorial_election_presidential_election_candidate_winner,2026_will_park_soo_hyun_win_the_2026_chungcheongnam_province_gubernatorial_election_presidential_election_candidate_winner,,outcome_space,none,0,9,0,0,9,1.0,0,0,0,0,0,0,0,0,0,0.0,0.0,0.0,0.0,0.0,0.0,0.0,0.0,0.0,0.0,0.0,0.0,,,0,0,unknown,,0.0,E_INVALID_OR_AUDIT_RISK,Repair taxonomy/templates — space is dominated by diagnostic-only relationships.,0.0,0,,0,0
2026_will_park_yong_jin_win_the_2026_seoul_mayoral_election_presidential_election_candidate_winner,2026_will_park_yong_jin_win_the_2026_seoul_mayoral_election_presidential_election_candidate_winner,,outcome_space,none,0,28,0,0,28,1.0,0,0,0,0,0,0,0,0,0,0.0,0.0,0.0,0.0,0.0,0.0,0.0,0.0,0.0,0.0,0.0,0.0,,,0,0,unknown,,0.0,E_INVALID_OR_AUDIT_RISK,Repair taxonomy/templates — space is dominated by diagnostic-only relationships.,0.0,0,,0,0
2026_will_parti_conservateur_du_qu_bec_win_the_most_seats_in_the_2026_quebec_general_election_presidential_election_candidate_winner,2026_will_parti_conservateur_du_qu_bec_win_the_most_seats_in_the_2026_quebec_general_election_presidential_election_candidate_winner,,outcome_space,none,0,1,0,0,1,1.0,0,0,0,0,0,0,0,0,0,0.0,0.0,0.0,0.0,0.0,0.0,0.0,0.0,0.0,0.0,0.0,0.0,,,0,0,unknown,,0.0,E_INVALID_OR_AUDIT_RISK,Repair taxonomy/templates — space is dominated by diagnostic-only relationships.,0.0,0,,0,0
2026_will_parti_lib_ral_du_qu_bec_win_the_most_seats_in_the_2026_quebec_general_election_presidential_election_candidate_winner,2026_will_parti_lib_ral_du_qu_bec_win_the_most_seats_in_the_2026_quebec_general_election_presidential_election_candidate_winner,,outcome_space,none,0,3,0,0,3,1.0,0,0,0,0,0,0,0,0,0,0.0,0.0,0.0,0.0,0.0,0.0,0.0,0.0,0.0,0.0,0.0,0.0,,,0,0,unknown,,0.0,E_INVALID_OR_AUDIT_RISK,Repair taxonomy/templates — space is dominated by diagnostic-only relationships.,0.0,0,,0,0
2026_will_parti_qu_b_cois_win_the_most_seats_in_the_2026_quebec_general_election_presidential_election_candidate_winner,2026_will_parti_qu_b_cois_win_the_most_seats_in_the_2026_quebec_general_election_presidential_election_candidate_winner,,outcome_space,none,0,4,0,0,4,1.0,0,0,0,0,0,0,0,0,0,0.0,0.0,0.0,0.0,0.0,0.0,0.0,0.0,0.0,0.0,0.0,0.0,,,0,0,unknown,,0.0,E_INVALID_OR_AUDIT_RISK,Repair taxonomy/templates — space is dominated by diagnostic-only relationships.,0.0,0,,0,0
2026_will_pat_hahn_win_the_2026_new_york_governor_republican_primary_election_presidential_election_candidate_winner,2026_will_pat_hahn_win_the_2026_new_york_governor_republican_primary_election_presidential_election_candidate_winner,,outcome_space,none,0,3,0,0,3,1.0,0,0,0,0,0,0,0,0,0,0.0,0.0,0.0,0.0,0.0,0.0,0.0,0.0,0.0,0.0,0.0,0.0,,,0,0,unknown,,0.0,E_INVALID_OR_AUDIT_RISK,Repair taxonomy/templates — space is dominated by diagnostic-only relationships.,0.0,0,,0,0
2026_will_patrick_kopke_hales_win_the_2026_oregon_governor_republican_primary_election_presidential_election_candidate_winner,2026_will_patrick_kopke_hales_win_the_2026_oregon_governor_republican_primary_election_presidential_election_candidate_winner,,outcome_space,none,0,1,0,0,1,1.0,0,0,0,0,0,0,0,0,0,0.0,0.0,0.0,0.0,0.0,0.0,0.0,0.0,0.0,0.0,0.0,0.0,,,0,0,unknown,,0.0,E_INVALID_OR_AUDIT_RISK,Repair taxonomy/templates — space is dominated by diagnostic-only relationships.,0.0,0,,0,0
2026_will_phil_weiser_win_the_2026_colorado_governor_democratic_primary_election_presidential_election_candidate_winner,2026_will_phil_weiser_win_the_2026_colorado_governor_democratic_primary_election_presidential_election_candidate_winner,,outcome_space,none,0,2,0,0,2,1.0,0,0,0,0,0,0,0,0,0,0.0,0.0,0.0,0.0,0.0,0.0,0.0,0.0,0.0,0.0,0.0,0.0,,,0,0,unknown,,0.0,E_INVALID_OR_AUDIT_RISK,Repair taxonomy/templates — space is dominated by diagnostic-only relationships.,0.0,0,,0,0
2026_will_qu_bec_solidaire_win_the_most_seats_in_the_2026_quebec_general_election_presidential_election_candidate_winner,2026_will_qu_bec_solidaire_win_the_most_seats_in_the_2026_quebec_general_election_presidential_election_candidate_winner,,outcome_space,none,0,2,0,0,2,1.0,0,0,0,0,0,0,0,0,0,0.0,0.0,0.0,0.0,0.0,0.0,0.0,0.0,0.0,0.0,0.0,0.0,,,0,0,unknown,,0.0,E_INVALID_OR_AUDIT_RISK,Repair taxonomy/templates — space is dominated by diagnostic-only relationships.,0.0,0,,0,0
2026_will_rae_huang_win_the_2026_los_angeles_mayoral_election_presidential_election_candidate_winner,2026_will_rae_huang_win_the_2026_los_angeles_mayoral_election_presidential_election_candidate_winner,,outcome_space,none,0,37,0,0,37,1.0,0,0,0,0,0,0,0,0,0,0.0,0.0,0.0,0.0,0.0,0.0,0.0,0.0,0.0,0.0,0.0,0.0,,,0,0,unknown,,0.0,E_INVALID_OR_AUDIT_RISK,Repair taxonomy/templates — space is dominated by diagnostic-only relationships.,0.0,0,,0,0
2026_will_rick_caruso_win_the_2026_los_angeles_mayoral_election_presidential_election_candidate_winner,2026_will_rick_caruso_win_the_2026_los_angeles_mayoral_election_presidential_election_candidate_winner,,outcome_space,none,0,44,0,0,44,1.0,0,0,0,0,0,0,0,0,0,0.0,0.0,0.0,0.0,0.0,0.0,0.0,0.0,0.0,0.0,0.0,0.0,,,0,0,unknown,,0.0,E_INVALID_OR_AUDIT_RISK,Repair taxonomy/templates — space is dominated by diagnostic-only relationships.,0.0,0,,0,0
2026_will_rick_caruso_win_the_california_governor_election_in_2026_presidential_election_candidate_winner,2026_will_rick_caruso_win_the_california_governor_election_in_2026_presidential_election_candidate_winner,,outcome_space,none,0,23,0,0,23,1.0,0,0,0,0,0,0,0,0,0,0.0,0.0,0.0,0.0,0.0,0.0,0.0,0.0,0.0,0.0,0.0,0.0,,,0,0,unknown,,0.0,E_INVALID_OR_AUDIT_RISK,Repair taxonomy/templates — space is dominated by diagnostic-only relationships.,0.0,0,,0,0
2026_will_robert_neuman_win_the_2026_oregon_governor_republican_primary_election_presidential_election_candidate_winner,2026_will_robert_neuman_win_the_2026_oregon_governor_republican_primary_election_presidential_election_candidate_winner,,outcome_space,none,0,7,0,0,7,1.0,0,0,0,0,0,0,0,0,0,0.0,0.0,0.0,0.0,0.0,0.0,0.0,0.0,0.0,0.0,0.0,0.0,,,0,0,unknown,,0.0,E_INVALID_OR_AUDIT_RISK,Repair taxonomy/templates — space is dominated by diagnostic-only relationships.,0.0,0,,0,0
2026_will_ryan_fazio_win_the_2026_connecticut_governor_republican_primary_election_presidential_election_candidate_winner,2026_will_ryan_fazio_win_the_2026_connecticut_governor_republican_primary_election_presidential_election_candidate_winner,,outcome_space,none,0,3,0,0,3,1.0,0,0,0,0,0,0,0,0,0,0.0,0.0,0.0,0.0,0.0,0.0,0.0,0.0,0.0,0.0,0.0,0.0,,,0,0,unknown,,0.0,E_INVALID_OR_AUDIT_RISK,Repair taxonomy/templates — space is dominated by diagnostic-only relationships.,0.0,0,,0,0
2026_will_ryan_walters_win_the_2026_oklahoma_governor_republican_primary_election_presidential_election_candidate_winner,2026_will_ryan_walters_win_the_2026_oklahoma_governor_republican_primary_election_presidential_election_candidate_winner,,outcome_space,none,0,1,0,0,1,1.0,0,0,0,0,0,0,0,0,0,0.0,0.0,0.0,0.0,0.0,0.0,0.0,0.0,0.0,0.0,0.0,0.0,,,0,0,unknown,,0.0,E_INVALID_OR_AUDIT_RISK,Repair taxonomy/templates — space is dominated by diagnostic-only relationships.,0.0,0,,0,0
2026_will_sam_bregman_win_the_2026_new_mexico_governor_democratic_primary_election_presidential_election_candidate_winner,2026_will_sam_bregman_win_the_2026_new_mexico_governor_democratic_primary_election_presidential_election_candidate_winner,,outcome_space,none,0,2,0,0,2,1.0,0,0,0,0,0,0,0,0,0,0.0,0.0,0.0,0.0,0.0,0.0,0.0,0.0,0.0,0.0,0.0,0.0,,,0,0,unknown,,0.0,E_INVALID_OR_AUDIT_RISK,Repair taxonomy/templates — space is dominated by diagnostic-only relationships.,0.0,0,,0,0
2026_will_scott_bottoms_win_the_2026_colorado_governor_republican_primary_election_presidential_election_candidate_winner,2026_will_scott_bottoms_win_the_2026_colorado_governor_republican_primary_election_presidential_election_candidate_winner,,outcome_space,none,0,13,0,0,13,1.0,0,0,0,0,0,0,0,0,0,0.0,0.0,0.0,0.0,0.0,0.0,0.0,0.0,0.0,0.0,0.0,0.0,,,0,0,unknown,,0.0,E_INVALID_OR_AUDIT_RISK,Repair taxonomy/templates — space is dominated by diagnostic-only relationships.,0.0,0,,0,0
2026_will_seo_young_kyo_win_the_2026_seoul_mayoral_election_presidential_election_candidate_winner,2026_will_seo_young_kyo_win_the_2026_seoul_mayoral_election_presidential_election_candidate_winner,,outcome_space,none,0,25,0,0,25,1.0,0,0,0,0,0,0,0,0,0,0.0,0.0,0.0,0.0,0.0,0.0,0.0,0.0,0.0,0.0,0.0,0.0,,,0,0,unknown,,0.0,E_INVALID_OR_AUDIT_RISK,Repair taxonomy/templates — space is dominated by diagnostic-only relationships.,0.0,0,,0,0
2026_will_shelley_hughes_win_the_2026_alaska_governor_election_presidential_election_candidate_winner,2026_will_shelley_hughes_win_the_2026_alaska_governor_election_presidential_election_candidate_winner,,outcome_space,none,0,44,0,0,44,1.0,0,0,0,0,0,0,0,0,0,0.0,0.0,0.0,0.0,0.0,0.0,0.0,0.0,0.0,0.0,0.0,0.0,,,0,0,unknown,,0.0,E_INVALID_OR_AUDIT_RISK,Repair taxonomy/templates — space is dominated by diagnostic-only relationships.,0.0,0,,0,0
2026_will_shin_yong_han_win_the_2026_chungcheongbuk_province_gubernatorial_election_presidential_election_candidate_winner,2026_will_shin_yong_han_win_the_2026_chungcheongbuk_province_gubernatorial_election_presidential_election_candidate_winner,,outcome_space,none,0,4,0,0,4,1.0,0,0,0,0,0,0,0,0,0,0.0,0.0,0.0,0.0,0.0,0.0,0.0,0.0,0.0,0.0,0.0,0.0,,,0,0,unknown,,0.0,E_INVALID_OR_AUDIT_RISK,Repair taxonomy/templates — space is dominated by diagnostic-only relationships.,0.0,0,,0,0
2026_will_song_gi_heon_win_the_2026_gangwon_province_gubernatorial_election_presidential_election_candidate_winner,2026_will_song_gi_heon_win_the_2026_gangwon_province_gubernatorial_election_presidential_election_candidate_winner,,outcome_space,none,0,34,0,0,34,0.05714285714285714,0,0,0,0,0,0,0,0,0,0.0,0.0,0.0,0.0,0.0,0.0,0.0,0.0,0.0,0.0,0.0,0.0,,,0,0,unknown,,0.0,E_INVALID_OR_AUDIT_RISK,Repair taxonomy/templates — space is dominated by diagnostic-only relationships.,0.0,0,,0,0
2026_will_song_ki_sub_win_the_2026_chungcheongbuk_province_gubernatorial_election_presidential_election_candidate_winner,2026_will_song_ki_sub_win_the_2026_chungcheongbuk_province_gubernatorial_election_presidential_election_candidate_winner,,outcome_space,none,0,2,0,0,2,1.0,0,0,0,0,0,0,0,0,0,0.0,0.0,0.0,0.0,0.0,0.0,0.0,0.0,0.0,0.0,0.0,0.0,,,0,0,unknown,,0.0,E_INVALID_OR_AUDIT_RISK,Repair taxonomy/templates — space is dominated by diagnostic-only relationships.,0.0,0,,0,0
2026_will_spd_win_the_most_seats_in_the_2026_berlin_state_elections_presidential_election_candidate_winner,2026_will_spd_win_the_most_seats_in_the_2026_berlin_state_elections_presidential_election_candidate_winner,,outcome_space,none,0,4,0,0,4,1.0,0,0,0,0,0,0,0,0,0,0.0,0.0,0.0,0.0,0.0,0.0,0.0,0.0,0.0,0.0,0.0,0.0,,,0,0,unknown,,0.0,E_INVALID_OR_AUDIT_RISK,Repair taxonomy/templates — space is dominated by diagnostic-only relationships.,0.0,0,,0,0
2026_will_spencer_pratt_win_the_2026_los_angeles_mayoral_election_presidential_election_candidate_winner,2026_will_spencer_pratt_win_the_2026_los_angeles_mayoral_election_presidential_election_candidate_winner,,outcome_space,none,0,41,0,0,41,1.0,0,0,0,0,0,0,0,0,0,0.0,0.0,0.0,0.0,0.0,0.0,0.0,0.0,0.0,0.0,0.0,0.0,,,0,0,unknown,,0.0,E_INVALID_OR_AUDIT_RISK,Repair taxonomy/templates — space is dominated by diagnostic-only relationships.,0.0,0,,0,0
2026_will_stephen_cloobeck_win_the_california_governor_election_in_2026_presidential_election_candidate_winner,2026_will_stephen_cloobeck_win_the_california_governor_election_in_2026_presidential_election_candidate_winner,,outcome_space,none,0,16,0,0,16,1.0,0,0,0,0,0,0,0,0,0,0.0,0.0,0.0,0.0,0.0,0.0,0.0,0.0,0.0,0.0,0.0,0.0,,,0,0,unknown,,0.0,E_INVALID_OR_AUDIT_RISK,Repair taxonomy/templates — space is dominated by diagnostic-only relationships.,0.0,0,,0,0
2026_will_stevan_gess_win_the_2026_colorado_governor_republican_primary_election_presidential_election_candidate_winner,2026_will_stevan_gess_win_the_2026_colorado_governor_republican_primary_election_presidential_election_candidate_winner,,outcome_space,none,0,5,0,0,5,1.0,0,0,0,0,0,0,0,0,0,0.0,0.0,0.0,0.0,0.0,0.0,0.0,0.0,0.0,0.0,0.0,0.0,,,0,0,unknown,,0.0,E_INVALID_OR_AUDIT_RISK,Repair taxonomy/templates — space is dominated by diagnostic-only relationships.,0.0,0,,0,0
2026_will_steve_hilton_win_the_california_governor_election_in_2026_presidential_election_candidate_winner,2026_will_steve_hilton_win_the_california_governor_election_in_2026_presidential_election_candidate_winner,,outcome_space,none,0,19,0,0,19,0.95,0,0,0,0,0,0,0,0,0,0.0,0.0,0.0,0.0,0.0,0.0,0.0,0.0,0.0,0.0,0.0,0.0,,,0,0,unknown,,0.0,E_INVALID_OR_AUDIT_RISK,Repair taxonomy/templates — space is dominated by diagnostic-only relationships.,0.0,0,,0,0
2026_will_steve_lanier_win_the_2026_new_mexico_governor_republican_primary_election_presidential_election_candidate_winner,2026_will_steve_lanier_win_the_2026_new_mexico_governor_republican_primary_election_presidential_election_candidate_winner,,outcome_space,none,0,8,0,0,8,1.0,0,0,0,0,0,0,0,0,0,0.0,0.0,0.0,0.0,0.0,0.0,0.0,0.0,0.0,0.0,0.0,0.0,,,0,0,unknown,,0.0,E_INVALID_OR_AUDIT_RISK,Repair taxonomy/templates — space is dominated by diagnostic-only relationships.,0.0,0,,0,0
2026_will_suh_byung_soo_win_the_2026_busan_mayoral_election_presidential_election_candidate_winner,2026_will_suh_byung_soo_win_the_2026_busan_mayoral_election_presidential_election_candidate_winner,,outcome_space,none,0,17,0,0,17,1.0,0,0,0,0,0,0,0,0,0,0.0,0.0,0.0,0.0,0.0,0.0,0.0,0.0,0.0,0.0,0.0,0.0,,,0,0,unknown,,0.0,E_INVALID_OR_AUDIT_RISK,Repair taxonomy/templates — space is dominated by diagnostic-only relationships.,0.0,0,,0,0
2026_will_sung_il_jong_win_the_2026_chungcheongnam_province_gubernatorial_election_presidential_election_candidate_winner,2026_will_sung_il_jong_win_the_2026_chungcheongnam_province_gubernatorial_election_presidential_election_candidate_winner,,outcome_space,none,0,13,0,0,13,1.0,0,0,0,0,0,0,0,0,0,0.0,0.0,0.0,0.0,0.0,0.0,0.0,0.0,0.0,0.0,0.0,0.0,,,0,0,unknown,,0.0,E_INVALID_OR_AUDIT_RISK,Repair taxonomy/templates — space is dominated by diagnostic-only relationships.,0.0,0,,0,0
2026_will_susana_martinez_win_the_2026_new_mexico_governor_republican_primary_election_presidential_election_candidate_winner,2026_will_susana_martinez_win_the_2026_new_mexico_governor_republican_primary_election_presidential_election_candidate_winner,,outcome_space,none,0,2,0,0,2,1.0,0,0,0,0,0,0,0,0,0,0.0,0.0,0.0,0.0,0.0,0.0,0.0,0.0,0.0,0.0,0.0,0.0,,,0,0,unknown,,0.0,E_INVALID_OR_AUDIT_RISK,Repair taxonomy/templates — space is dominated by diagnostic-only relationships.,0.0,0,,0,0
2026_will_the_centre_party_c_win_the_most_seats_in_the_2026_swedish_parliamentary_election_presidential_election_candidate_winner,2026_will_the_centre_party_c_win_the_most_seats_in_the_2026_swedish_parliamentary_election_presidential_election_candidate_winner,,outcome_space,none,0,5,0,0,5,1.0,0,0,0,0,0,0,0,0,0,0.0,0.0,0.0,0.0,0.0,0.0,0.0,0.0,0.0,0.0,0.0,0.0,,,0,0,unknown,,0.0,E_INVALID_OR_AUDIT_RISK,Repair taxonomy/templates — space is dominated by diagnostic-only relationships.,0.0,0,,0,0
2026_will_the_christian_democrats_kd_win_the_most_seats_in_the_2026_swedish_parliamentary_election_presidential_election_party_winner,2026_will_the_christian_democrats_kd_win_the_most_seats_in_the_2026_swedish_parliamentary_election_presidential_election_party_winner,,outcome_space,none,0,3,0,0,3,1.0,0,0,0,0,0,0,0,0,0,0.0,0.0,0.0,0.0,0.0,0.0,0.0,0.0,0.0,0.0,0.0,0.0,,,0,0,unknown,,0.0,E_INVALID_OR_AUDIT_RISK,Repair taxonomy/templates — space is dominated by diagnostic-only relationships.,0.0,0,,0,0
2026_will_the_green_party_mp_win_the_most_seats_in_the_2026_swedish_parliamentary_election_presidential_election_candidate_winner,2026_will_the_green_party_mp_win_the_most_seats_in_the_2026_swedish_parliamentary_election_presidential_election_candidate_winner,,outcome_space,none,0,2,0,0,2,1.0,0,0,0,0,0,0,0,0,0,0.0,0.0,0.0,0.0,0.0,0.0,0.0,0.0,0.0,0.0,0.0,0.0,,,0,0,unknown,,0.0,E_INVALID_OR_AUDIT_RISK,Repair taxonomy/templates — space is dominated by diagnostic-only relationships.,0.0,0,,0,0
2026_will_the_left_party_v_win_the_most_seats_in_the_2026_swedish_parliamentary_election_presidential_election_candidate_winner,2026_will_the_left_party_v_win_the_most_seats_in_the_2026_swedish_parliamentary_election_presidential_election_candidate_winner,,outcome_space,none,0,4,0,0,4,1.0,0,0,0,0,0,0,0,0,0,0.0,0.0,0.0,0.0,0.0,0.0,0.0,0.0,0.0,0.0,0.0,0.0,,,0,0,unknown,,0.0,E_INVALID_OR_AUDIT_RISK,Repair taxonomy/templates — space is dominated by diagnostic-only relationships.,0.0,0,,0,0
2026_will_the_liberals_l_win_the_most_seats_in_the_2026_swedish_parliamentary_election_presidential_election_candidate_winner,2026_will_the_liberals_l_win_the_most_seats_in_the_2026_swedish_parliamentary_election_presidential_election_candidate_winner,,outcome_space,none,0,1,0,0,1,1.0,0,0,0,0,0,0,0,0,0,0.0,0.0,0.0,0.0,0.0,0.0,0.0,0.0,0.0,0.0,0.0,0.0,,,0,0,unknown,,0.0,E_INVALID_OR_AUDIT_RISK,Repair taxonomy/templates — space is dominated by diagnostic-only relationships.,0.0,0,,0,0
2026_will_the_moderate_party_m_win_the_most_seats_in_the_2026_swedish_parliamentary_election_presidential_election_candidate_winner,2026_will_the_moderate_party_m_win_the_most_seats_in_the_2026_swedish_parliamentary_election_presidential_election_candidate_winner,,outcome_space,none,0,6,0,0,6,1.0,0,0,0,0,0,0,0,0,0,0.0,0.0,0.0,0.0,0.0,0.0,0.0,0.0,0.0,0.0,0.0,0.0,,,0,0,unknown,,0.0,E_INVALID_OR_AUDIT_RISK,Repair taxonomy/templates — space is dominated by diagnostic-only relationships.,0.0,0,,0,0
2026_will_the_people_power_party_ppp_win_the_2026_south_korean_local_elections_presidential_election_candidate_winner,2026_will_the_people_power_party_ppp_win_the_2026_south_korean_local_elections_presidential_election_candidate_winner,,outcome_space,none,0,4,0,0,4,1.0,0,0,0,0,0,0,0,0,0,0.0,0.0,0.0,0.0,0.0,0.0,0.0,0.0,0.0,0.0,0.0,0.0,,,0,0,unknown,,0.0,E_INVALID_OR_AUDIT_RISK,Repair taxonomy/templates — space is dominated by diagnostic-only relationships.,0.0,0,,0,0
2026_will_the_progressive_party_pp_win_the_2026_south_korean_local_elections_presidential_election_candidate_winner,2026_will_the_progressive_party_pp_win_the_2026_south_korean_local_elections_presidential_election_candidate_winner,,outcome_space,none,0,1,0,0,1,1.0,0,0,0,0,0,0,0,0,0,0.0,0.0,0.0,0.0,0.0,0.0,0.0,0.0,0.0,0.0,0.0,0.0,,,0,0,unknown,,0.0,E_INVALID_OR_AUDIT_RISK,Repair taxonomy/templates — space is dominated by diagnostic-only relationships.,0.0,0,,0,0
2026_will_the_rebuilding_korea_party_rkp_win_the_2026_south_korean_local_elections_presidential_election_candidate_winner,2026_will_the_rebuilding_korea_party_rkp_win_the_2026_south_korean_local_elections_presidential_election_candidate_winner,,outcome_space,none,0,2,0,0,2,1.0,0,0,0,0,0,0,0,0,0,0.0,0.0,0.0,0.0,0.0,0.0,0.0,0.0,0.0,0.0,0.0,0.0,,,0,0,unknown,,0.0,E_INVALID_OR_AUDIT_RISK,Repair taxonomy/templates — space is dominated by diagnostic-only relationships.,0.0,0,,0,0
2026_will_the_sweden_democrats_sd_win_the_most_seats_in_the_2026_swedish_parliamentary_election_presidential_election_party_winner,2026_will_the_sweden_democrats_sd_win_the_most_seats_in_the_2026_swedish_parliamentary_election_presidential_election_party_winner,,outcome_space,none,0,7,0,0,7,1.0,0,0,0,0,0,0,0,0,0,0.0,0.0,0.0,0.0,0.0,0.0,0.0,0.0,0.0,0.0,0.0,0.0,,,0,0,unknown,,0.0,E_INVALID_OR_AUDIT_RISK,Repair taxonomy/templates — space is dominated by diagnostic-only relationships.,0.0,0,,0,0
2026_will_the_swedish_social_democratic_party_s_win_the_most_seats_in_the_2026_swedish_parliamentary_election_presidential_election_party_winner,2026_will_the_swedish_social_democratic_party_s_win_the_most_seats_in_the_2026_swedish_parliamentary_election_presidential_election_party_winner,,outcome_space,none,0,8,0,0,8,1.0,0,0,0,0,0,0,0,0,0,0.0,0.0,0.0,0.0,0.0,0.0,0.0,0.0,0.0,0.0,0.0,0.0,,,0,0,unknown,,0.0,E_INVALID_OR_AUDIT_RISK,Repair taxonomy/templates — space is dominated by diagnostic-only relationships.,0.0,0,,0,0
2026_will_timothy_wilcox_win_the_2026_connecticut_governor_republican_primary_election_presidential_election_candidate_winner,2026_will_timothy_wilcox_win_the_2026_connecticut_governor_republican_primary_election_presidential_election_candidate_winner,,outcome_space,none,0,2,0,0,2,1.0,0,0,0,0,0,0,0,0,0,0.0,0.0,0.0,0.0,0.0,0.0,0.0,0.0,0.0,0.0,0.0,0.0,,,0,0,unknown,,0.0,E_INVALID_OR_AUDIT_RISK,Repair taxonomy/templates — space is dominated by diagnostic-only relationships.,0.0,0,,0,0
2026_will_tom_begich_win_the_2026_alaska_governor_election_presidential_election_candidate_winner,2026_will_tom_begich_win_the_2026_alaska_governor_election_presidential_election_candidate_winner,,outcome_space,none,0,39,0,0,39,1.0,0,0,0,0,0,0,0,0,0,0.0,0.0,0.0,0.0,0.0,0.0,0.0,0.0,0.0,0.0,0.0,0.0,,,0,0,unknown,,0.0,E_INVALID_OR_AUDIT_RISK,Repair taxonomy/templates — space is dominated by diagnostic-only relationships.,0.0,0,,0,0
2026_will_tom_sherman_win_the_2026_new_hampshire_governor_democratic_primary_election_presidential_election_candidate_winner,2026_will_tom_sherman_win_the_2026_new_hampshire_governor_democratic_primary_election_presidential_election_candidate_winner,,outcome_space,none,0,3,0,0,3,1.0,0,0,0,0,0,0,0,0,0,0.0,0.0,0.0,0.0,0.0,0.0,0.0,0.0,0.0,0.0,0.0,0.0,,,0,0,unknown,,0.0,E_INVALID_OR_AUDIT_RISK,Repair taxonomy/templates — space is dominated by diagnostic-only relationships.,0.0,0,,0,0
2026_will_tom_steyer_win_the_california_governor_election_in_2026_presidential_election_candidate_winner,2026_will_tom_steyer_win_the_california_governor_election_in_2026_presidential_election_candidate_winner,,outcome_space,none,0,4,0,0,4,0.8,0,0,0,0,0,0,0,0,0,0.0,0.0,0.0,0.0,0.0,0.0,0.0,0.0,0.0,0.0,0.0,0.0,,,0,0,unknown,,0.0,E_INVALID_OR_AUDIT_RISK,Repair taxonomy/templates — space is dominated by diagnostic-only relationships.,0.0,0,,0,0
2026_will_toni_atkins_win_the_california_governor_election_in_2026_presidential_election_candidate_winner,2026_will_toni_atkins_win_the_california_governor_election_in_2026_presidential_election_candidate_winner,,outcome_space,none,0,13,0,0,13,1.0,0,0,0,0,0,0,0,0,0,0.0,0.0,0.0,0.0,0.0,0.0,0.0,0.0,0.0,0.0,0.0,0.0,,,0,0,unknown,,0.0,E_INVALID_OR_AUDIT_RISK,Repair taxonomy/templates — space is dominated by diagnostic-only relationships.,0.0,0,,0,0
2026_will_tony_thurmond_win_the_california_governor_election_in_2026_presidential_election_candidate_winner,2026_will_tony_thurmond_win_the_california_governor_election_in_2026_presidential_election_candidate_winner,,outcome_space,none,0,9,0,0,9,0.9,0,0,0,0,0,0,0,0,0,0.0,0.0,0.0,0.0,0.0,0.0,0.0,0.0,0.0,0.0,0.0,0.0,,,0,0,unknown,,0.0,E_INVALID_OR_AUDIT_RISK,Repair taxonomy/templates — space is dominated by diagnostic-only relationships.,0.0,0,,0,0
2026_will_treg_taylor_win_the_2026_alaska_governor_election_presidential_election_candidate_winner,2026_will_treg_taylor_win_the_2026_alaska_governor_election_presidential_election_candidate_winner,,outcome_space,none,0,42,0,0,42,1.0,0,0,0,0,0,0,0,0,0,0.0,0.0,0.0,0.0,0.0,0.0,0.0,0.0,0.0,0.0,0.0,0.0,,,0,0,unknown,,0.0,E_INVALID_OR_AUDIT_RISK,Repair taxonomy/templates — space is dominated by diagnostic-only relationships.,0.0,0,,0,0
2026_will_victor_marx_win_the_2026_colorado_governor_republican_primary_election_presidential_election_candidate_winner,2026_will_victor_marx_win_the_2026_colorado_governor_republican_primary_election_presidential_election_candidate_winner,,outcome_space,none,0,8,0,0,8,1.0,0,0,0,0,0,0,0,0,0,0.0,0.0,0.0,0.0,0.0,0.0,0.0,0.0,0.0,0.0,0.0,0.0,,,0,0,unknown,,0.0,E_INVALID_OR_AUDIT_RISK,Repair taxonomy/templates — space is dominated by diagnostic-only relationships.,0.0,0,,0,0
2026_will_will_boyd_win_the_2026_alabama_governor_democratic_primary_election_presidential_election_candidate_winner,2026_will_will_boyd_win_the_2026_alabama_governor_democratic_primary_election_presidential_election_candidate_winner,,outcome_space,none,0,4,0,0,4,1.0,0,0,0,0,0,0,0,0,0,0.0,0.0,0.0,0.0,0.0,0.0,0.0,0.0,0.0,0.0,0.0,0.0,,,0,0,unknown,,0.0,E_INVALID_OR_AUDIT_RISK,Repair taxonomy/templates — space is dominated by diagnostic-only relationships.,0.0,0,,0,0
2026_will_will_mcbride_win_the_2026_colorado_governor_republican_primary_election_presidential_election_candidate_winner,2026_will_will_mcbride_win_the_2026_colorado_governor_republican_primary_election_presidential_election_candidate_winner,,outcome_space,none,0,7,0,0,7,1.0,0,0,0,0,0,0,0,0,0,0.0,0.0,0.0,0.0,0.0,0.0,0.0,0.0,0.0,0.0,0.0,0.0,,,0,0,unknown,,0.0,E_INVALID_OR_AUDIT_RISK,Repair taxonomy/templates — space is dominated by diagnostic-only relationships.,0.0,0,,0,0
2026_will_won_chang_muk_win_the_2026_gangwon_province_gubernatorial_election_presidential_election_candidate_winner,2026_will_won_chang_muk_win_the_2026_gangwon_province_gubernatorial_election_presidential_election_candidate_winner,,outcome_space,none,0,33,0,0,33,0.029411764705882353,0,0,0,0,0,0,0,0,0,0.0,0.0,0.0,0.0,0.0,0.0,0.0,0.0,0.0,0.0,0.0,0.0,,,0,0,unknown,,0.0,E_INVALID_OR_AUDIT_RISK,Repair taxonomy/templates — space is dominated by diagnostic-only relationships.,0.0,0,,0,0
2026_will_won_hee_ryong_win_the_2026_gyeonggi_province_gubernatorial_election_presidential_election_candidate_winner,2026_will_won_hee_ryong_win_the_2026_gyeonggi_province_gubernatorial_election_presidential_election_candidate_winner,,outcome_space,none,0,23,0,0,23,1.0,0,0,0,0,0,0,0,0,0,0.0,0.0,0.0,0.0,0.0,0.0,0.0,0.0,0.0,0.0,0.0,0.0,,,0,0,unknown,,0.0,E_INVALID_OR_AUDIT_RISK,Repair taxonomy/templates — space is dominated by diagnostic-only relationships.,0.0,0,,0,0
2026_will_woo_sang_ho_win_the_2026_gangwon_province_gubernatorial_election_presidential_election_candidate_winner,2026_will_woo_sang_ho_win_the_2026_gangwon_province_gubernatorial_election_presidential_election_candidate_winner,,outcome_space,none,0,37,0,0,37,0.13157894736842105,0,0,0,0,0,0,0,0,0,0.0,0.0,0.0,0.0,0.0,0.0,0.0,0.0,0.0,0.0,0.0,0.0,,,0,0,unknown,,0.0,E_INVALID_OR_AUDIT_RISK,Repair taxonomy/templates — space is dominated by diagnostic-only relationships.,0.0,0,,0,0
2026_will_xavier_becerra_win_the_california_governor_election_in_2026_presidential_election_candidate_winner,2026_will_xavier_becerra_win_the_california_governor_election_in_2026_presidential_election_candidate_winner,,outcome_space,none,0,18,0,0,18,0.9473684210526315,0,0,0,0,0,0,0,0,0,0.0,0.0,0.0,0.0,0.0,0.0,0.0,0.0,0.0,0.0,0.0,0.0,,,0,0,unknown,,0.0,E_INVALID_OR_AUDIT_RISK,Repair taxonomy/templates — space is dominated by diagnostic-only relationships.,0.0,0,,0,0
2026_will_yang_hyang_ja_win_the_2026_gyeonggi_province_gubernatorial_election_presidential_election_candidate_winner,2026_will_yang_hyang_ja_win_the_2026_gyeonggi_province_gubernatorial_election_presidential_election_candidate_winner,,outcome_space,none,0,18,0,0,18,1.0,0,0,0,0,0,0,0,0,0,0.0,0.0,0.0,0.0,0.0,0.0,0.0,0.0,0.0,0.0,0.0,0.0,,,0,0,unknown,,0.0,E_INVALID_OR_AUDIT_RISK,Repair taxonomy/templates — space is dominated by diagnostic-only relationships.,0.0,0,,0,0
2026_will_yang_seung_jo_win_the_2026_chungcheongnam_province_gubernatorial_election_presidential_election_candidate_winner,2026_will_yang_seung_jo_win_the_2026_chungcheongnam_province_gubernatorial_election_presidential_election_candidate_winner,,outcome_space,none,0,12,0,0,12,1.0,0,0,0,0,0,0,0,0,0,0.0,0.0,0.0,0.0,0.0,0.0,0.0,0.0,0.0,0.0,0.0,0.0,,,0,0,unknown,,0.0,E_INVALID_OR_AUDIT_RISK,Repair taxonomy/templates — space is dominated by diagnostic-only relationships.,0.0,0,,0,0
2026_will_yeom_tae_yeong_win_the_2026_gyeonggi_province_gubernatorial_election_presidential_election_candidate_winner,2026_will_yeom_tae_yeong_win_the_2026_gyeonggi_province_gubernatorial_election_presidential_election_candidate_winner,,outcome_space,none,0,30,0,0,30,1.0,0,0,0,0,0,0,0,0,0,0.0,0.0,0.0,0.0,0.0,0.0,0.0,0.0,0.0,0.0,0.0,0.0,,,0,0,unknown,,0.0,E_INVALID_OR_AUDIT_RISK,Repair taxonomy/templates — space is dominated by diagnostic-only relationships.,0.0,0,,0,0
2026_will_yolanda_flowers_win_the_2026_alabama_governor_democratic_primary_election_presidential_election_candidate_winner,2026_will_yolanda_flowers_win_the_2026_alabama_governor_democratic_primary_election_presidential_election_candidate_winner,,outcome_space,none,0,2,0,0,2,1.0,0,0,0,0,0,0,0,0,0,0.0,0.0,0.0,0.0,0.0,0.0,0.0,0.0,0.0,0.0,0.0,0.0,,,0,0,unknown,,0.0,E_INVALID_OR_AUDIT_RISK,Repair taxonomy/templates — space is dominated by diagnostic-only relationships.,0.0,0,,0,0
2026_will_yoo_dong_soo_win_the_2026_incheon_mayoral_election_presidential_election_candidate_winner,2026_will_yoo_dong_soo_win_the_2026_incheon_mayoral_election_presidential_election_candidate_winner,,outcome_space,none,0,1,0,0,1,1.0,0,0,0,0,0,0,0,0,0,0.0,0.0,0.0,0.0,0.0,0.0,0.0,0.0,0.0,0.0,0.0,0.0,,,0,0,unknown,,0.0,E_INVALID_OR_AUDIT_RISK,Repair taxonomy/templates — space is dominated by diagnostic-only relationships.,0.0,0,,0,0
2026_will_yoo_jeong_bok_win_the_2026_incheon_mayoral_election_presidential_election_candidate_winner,2026_will_yoo_jeong_bok_win_the_2026_incheon_mayoral_election_presidential_election_candidate_winner,,outcome_space,none,0,8,0,0,8,1.0,0,0,0,0,0,0,0,0,0,0.0,0.0,0.0,0.0,0.0,0.0,0.0,0.0,0.0,0.0,0.0,0.0,,,0,0,unknown,,0.0,E_INVALID_OR_AUDIT_RISK,Repair taxonomy/templates — space is dominated by diagnostic-only relationships.,0.0,0,,0,0
2026_will_yoo_seong_min_win_the_2026_gyeonggi_province_gubernatorial_election_presidential_election_candidate_winner,2026_will_yoo_seong_min_win_the_2026_gyeonggi_province_gubernatorial_election_presidential_election_candidate_winner,,outcome_space,none,0,27,0,0,27,1.0,0,0,0,0,0,0,0,0,0,0.0,0.0,0.0,0.0,0.0,0.0,0.0,0.0,0.0,0.0,0.0,0.0,,,0,0,unknown,,0.0,E_INVALID_OR_AUDIT_RISK,Repair taxonomy/templates — space is dominated by diagnostic-only relationships.,0.0,0,,0,0
2026_will_yoon_hee_geun_win_the_2026_chungcheongbuk_province_gubernatorial_election_presidential_election_candidate_winner,2026_will_yoon_hee_geun_win_the_2026_chungcheongbuk_province_gubernatorial_election_presidential_election_candidate_winner,,outcome_space,none,0,5,0,0,5,1.0,0,0,0,0,0,0,0,0,0,0.0,0.0,0.0,0.0,0.0,0.0,0.0,0.0,0.0,0.0,0.0,0.0,,,0,0,unknown,,0.0,E_INVALID_OR_AUDIT_RISK,Repair taxonomy/templates — space is dominated by diagnostic-only relationships.,0.0,0,,0,0
2026_will_yoon_sang_hyun_win_the_2026_chungcheongnam_province_gubernatorial_election_presidential_election_candidate_winner,2026_will_yoon_sang_hyun_win_the_2026_chungcheongnam_province_gubernatorial_election_presidential_election_candidate_winner,,outcome_space,none,0,14,0,0,14,1.0,0,0,0,0,0,0,0,0,0,0.0,0.0,0.0,0.0,0.0,0.0,0.0,0.0,0.0,0.0,0.0,0.0,,,0,0,unknown,,0.0,E_INVALID_OR_AUDIT_RISK,Repair taxonomy/templates — space is dominated by diagnostic-only relationships.,0.0,0,,0,0
2026_will_yoon_sang_hyun_win_the_2026_incheon_mayoral_election_presidential_election_candidate_winner,2026_will_yoon_sang_hyun_win_the_2026_incheon_mayoral_election_presidential_election_candidate_winner,,outcome_space,none,0,8,0,0,8,1.0,0,0,0,0,0,0,0,0,0,0.0,0.0,0.0,0.0,0.0,0.0,0.0,0.0,0.0,0.0,0.0,0.0,,,0,0,unknown,,0.0,E_INVALID_OR_AUDIT_RISK,Repair taxonomy/templates — space is dominated by diagnostic-only relationships.,0.0,0,,0,0
2027_kuqe_reference_clock,2027_kuqe_reference_clock,,outcome_space,none,0,1,0,0,1,0.5,0,0,0,0,0,0,0,0,0,0.0,0.0,0.0,0.0,0.0,0.0,0.0,0.0,0.0,0.0,0.0,0.0,,,0,0,unknown,,0.0,E_INVALID_OR_AUDIT_RISK,Repair taxonomy/templates — space is dominated by diagnostic-only relationships.,0.0,0,,0,0
2027_reference_clock,2027_reference_clock,,outcome_space,none,0,7929,0,0,7929,0.9855769230769231,0,0,0,0,0,0,0,0,0,0.0,0.0,0.0,0.0,0.0,0.0,0.0,0.0,0.0,0.0,0.0,0.0,,,0,0,unknown,,0.0,E_INVALID_OR_AUDIT_RISK,Repair taxonomy/templates — space is dominated by diagnostic-only relationships.,0.0,0,,0,0
2027_us_presidential_election_candidate_winner,2027_us_presidential_election_candidate_winner,,outcome_space,pairwise_mutual_exclusion,0,1260,0,1260,0,1.0,0,0,0,0,0,0,0,0,0,0.0,0.0,0.0,0.0,0.0,0.0,0.0,0.0,0.0,0.0,0.0,0.0,,,0,0,unknown,,0.0,D_VALID_BUT_STRATEGICALLY_WEAK,Low priority — relationships exist and have price coverage but no signal observed.,0.0,0,,0,0
2028_democrats_presidential_nomination,2028_democrats_presidential_nomination,,outcome_space,none;pairwise_mutual_exclusion,0,1230,0,99,284,1.0,0,0,0,0,0,0,0,0,0,0.0,0.0,0.0,0.0,0.0,0.0,0.0,0.0,0.0,0.0,0.0,0.0,,,0,0,unknown,,0.0,E_INVALID_OR_AUDIT_RISK,Repair taxonomy/templates — space is dominated by diagnostic-only relationships.,0.0,0,,0,0
2028_republicans_presidential_nomination,2028_republicans_presidential_nomination,,outcome_space,none;pairwise_mutual_exclusion,0,624,0,150,32,1.0,0,0,0,0,0,0,0,0,0,0.0,0.0,0.0,0.0,0.0,0.0,0.0,0.0,0.0,0.0,0.0,0.0,,,0,0,unknown,,0.0,E_INVALID_OR_AUDIT_RISK,Repair taxonomy/templates — space is dominated by diagnostic-only relationships.,0.0,0,,0,0
2028_us_presidential_election,2028_us_presidential_election,,outcome_space,none,0,72,0,0,0,1.0,0,0,0,0,0,0,0,0,0,0.0,0.0,0.0,0.0,0.0,0.0,0.0,0.0,0.0,0.0,0.0,0.0,,,0,0,unknown,,0.0,D_VALID_BUT_STRATEGICALLY_WEAK,Low priority — relationships exist and have price coverage but no signal observed.,0.0,0,,0,0
2028_us_presidential_election_candidate_winner,2028_us_presidential_election_candidate_winner,,outcome_space,none;pairwise_mutual_exclusion,0,692,0,3,62,1.0,0,0,0,0,0,0,0,0,0,0.0,0.0,0.0,0.0,0.0,0.0,0.0,0.0,0.0,0.0,0.0,0.0,,,0,0,unknown,,0.0,E_INVALID_OR_AUDIT_RISK,Repair taxonomy/templates — space is dominated by diagnostic-only relationships.,0.0,0,,0,0
2028_us_presidential_election_party_winner,2028_us_presidential_election_party_winner,,outcome_space,none;party_inverse,0,27,0,0,26,1.0,0,0,0,0,0,0,0,0,0,0.0,0.0,0.0,0.0,0.0,0.0,0.0,0.0,0.0,0.0,0.0,0.0,,,0,0,unknown,,0.0,E_INVALID_OR_AUDIT_RISK,Repair taxonomy/templates — space is dominated by diagnostic-only relationships.,0.0,0,,0,0
champions_league_champion,champions_league_champion,,outcome_space,none;pairwise_mutual_exclusion,0,6,0,0,3,1.0,0,0,0,0,0,0,0,0,0,0.0,0.0,0.0,0.0,0.0,0.0,0.0,0.0,0.0,0.0,0.0,0.0,,,0,0,unknown,,0.0,E_INVALID_OR_AUDIT_RISK,Repair taxonomy/templates — space is dominated by diagnostic-only relationships.,0.0,0,,0,0
finish_position,finish_position,,outcome_space,none;pairwise_mutual_exclusion,0,349,0,0,308,1.0,0,0,0,0,0,0,0,0,0,0.0,0.0,0.0,0.0,0.0,0.0,0.0,0.0,0.0,0.0,0.0,0.0,,,0,0,unknown,,0.0,E_INVALID_OR_AUDIT_RISK,Repair taxonomy/templates — space is dominated by diagnostic-only relationships.,0.0,0,,0,0
gta_vi_reference_clock,gta_vi_reference_clock,,outcome_space,none,0,90,0,0,82,1.0,0,0,0,0,0,0,0,0,0,0.0,0.0,0.0,0.0,0.0,0.0,0.0,0.0,0.0,0.0,0.0,0.0,,,0,0,unknown,,0.0,E_INVALID_OR_AUDIT_RISK,Repair taxonomy/templates — space is dominated by diagnostic-only relationships.,0.0,0,,0,0
june_2026_reference_clock,june_2026_reference_clock,,outcome_space,none,0,1,0,0,1,1.0,0,0,0,0,0,0,0,0,0,0.0,0.0,0.0,0.0,0.0,0.0,0.0,0.0,0.0,0.0,0.0,0.0,,,0,0,unknown,,0.0,E_INVALID_OR_AUDIT_RISK,Repair taxonomy/templates — space is dominated by diagnostic-only relationships.,0.0,0,,0,0
june_30_reference_clock,june_30_reference_clock,,outcome_space,none,0,1,0,0,1,0.5,0,0,0,0,0,0,0,0,0,0.0,0.0,0.0,0.0,0.0,0.0,0.0,0.0,0.0,0.0,0.0,0.0,,,0,0,unknown,,0.0,E_INVALID_OR_AUDIT_RISK,Repair taxonomy/templates — space is dominated by diagnostic-only relationships.,0.0,0,,0,0
ligue_1_champion,ligue_1_champion,,outcome_space,pairwise_mutual_exclusion,0,1,0,0,0,1.0,0,0,0,0,0,0,0,0,0,0.0,0.0,0.0,0.0,0.0,0.0,0.0,0.0,0.0,0.0,0.0,0.0,,,0,0,unknown,,0.0,D_VALID_BUT_STRATEGICALLY_WEAK,Low priority — relationships exist and have price coverage but no signal observed.,0.0,0,,0,0
llm_hyp_11987_694936_temporal_ordering_pair,llm_hyp_11987_694936_temporal_ordering_pair,,outcome_space,hypothesis_research,0,1,0,1,0,0.5,0,0,0,0,0,0,0,0,0,0.0,0.0,0.0,0.0,0.0,0.0,0.0,0.0,0.0,0.0,0.0,0.0,,,0,0,unknown,,0.0,D_VALID_BUT_STRATEGICALLY_WEAK,Low priority — relationships exist and have price coverage but no signal observed.,0.0,0,,0,0
llm_hyp_11987_694938_temporal_ordering_pair,llm_hyp_11987_694938_temporal_ordering_pair,,outcome_space,hypothesis_research,0,1,0,1,0,0.5,0,0,0,0,0,0,0,0,0,0.0,0.0,0.0,0.0,0.0,0.0,0.0,0.0,0.0,0.0,0.0,0.0,,,0,0,unknown,,0.0,D_VALID_BUT_STRATEGICALLY_WEAK,Low priority — relationships exist and have price coverage but no signal observed.,0.0,0,,0,0
llm_hyp_11987_700396_temporal_ordering_pair,llm_hyp_11987_700396_temporal_ordering_pair,,outcome_space,hypothesis_research,0,1,0,1,0,0.5,0,0,0,0,0,0,0,0,0,0.0,0.0,0.0,0.0,0.0,0.0,0.0,0.0,0.0,0.0,0.0,0.0,,,0,0,unknown,,0.0,D_VALID_BUT_STRATEGICALLY_WEAK,Low priority — relationships exist and have price coverage but no signal observed.,0.0,0,,0,0
llm_hyp_206797_215348_near_duplicate_or_overlap,llm_hyp_206797_215348_near_duplicate_or_overlap,,outcome_space,hypothesis_research,0,1,0,1,0,0.0,0,0,0,0,0,0,0,0,0,0.0,0.0,0.0,0.0,0.0,0.0,0.0,0.0,0.0,0.0,0.0,0.0,,,0,0,unknown,,0.0,C_INFRASTRUCTURE_BLOCKED,"Backfill price history for markets in this space, then run alignment and a backtest.",0.0,0,,0,0
llm_hyp_240615_562793_near_duplicate_or_overlap,llm_hyp_240615_562793_near_duplicate_or_overlap,,outcome_space,hypothesis_research,0,1,0,1,0,0.5,0,0,0,0,0,0,0,0,0,0.0,0.0,0.0,0.0,0.0,0.0,0.0,0.0,0.0,0.0,0.0,0.0,,,0,0,unknown,,0.0,D_VALID_BUT_STRATEGICALLY_WEAK,Low priority — relationships exist and have price coverage but no signal observed.,0.0,0,,0,0
llm_hyp_240615_562802_near_duplicate_or_overlap,llm_hyp_240615_562802_near_duplicate_or_overlap,,outcome_space,hypothesis_research,0,1,0,1,0,0.5,0,0,0,0,0,0,0,0,0,0.0,0.0,0.0,0.0,0.0,0.0,0.0,0.0,0.0,0.0,0.0,0.0,,,0,0,unknown,,0.0,D_VALID_BUT_STRATEGICALLY_WEAK,Low priority — relationships exist and have price coverage but no signal observed.,0.0,0,,0,0
llm_hyp_240615_562803_near_duplicate_or_overlap,llm_hyp_240615_562803_near_duplicate_or_overlap,,outcome_space,hypothesis_research,0,1,0,1,0,0.5,0,0,0,0,0,0,0,0,0,0.0,0.0,0.0,0.0,0.0,0.0,0.0,0.0,0.0,0.0,0.0,0.0,,,0,0,unknown,,0.0,D_VALID_BUT_STRATEGICALLY_WEAK,Low priority — relationships exist and have price coverage but no signal observed.,0.0,0,,0,0
llm_hyp_30941_98014_political_actor_pair,llm_hyp_30941_98014_political_actor_pair,,outcome_space,hypothesis_research,0,1,0,1,0,0.0,0,0,0,0,0,0,0,0,0,0.0,0.0,0.0,0.0,0.0,0.0,0.0,0.0,0.0,0.0,0.0,0.0,,,0,0,unknown,,0.0,C_INFRASTRUCTURE_BLOCKED,"Backfill price history for markets in this space, then run alignment and a backtest.",0.0,0,,0,0
llm_hyp_40_559652_near_duplicate_or_overlap,llm_hyp_40_559652_near_duplicate_or_overlap,,outcome_space,hypothesis_research,0,1,0,1,0,0.5,0,0,0,0,0,0,0,0,0,0.0,0.0,0.0,0.0,0.0,0.0,0.0,0.0,0.0,0.0,0.0,0.0,,,0,0,unknown,,0.0,D_VALID_BUT_STRATEGICALLY_WEAK,Low priority — relationships exist and have price coverage but no signal observed.,0.0,0,,0,0
llm_hyp_40_559653_near_duplicate_or_overlap,llm_hyp_40_559653_near_duplicate_or_overlap,,outcome_space,hypothesis_research,0,1,0,1,0,0.5,0,0,0,0,0,0,0,0,0,0.0,0.0,0.0,0.0,0.0,0.0,0.0,0.0,0.0,0.0,0.0,0.0,,,0,0,unknown,,0.0,D_VALID_BUT_STRATEGICALLY_WEAK,Low priority — relationships exist and have price coverage but no signal observed.,0.0,0,,0,0
llm_hyp_40_559654_near_duplicate_or_overlap,llm_hyp_40_559654_near_duplicate_or_overlap,,outcome_space,hypothesis_research,0,1,0,1,0,0.5,0,0,0,0,0,0,0,0,0,0.0,0.0,0.0,0.0,0.0,0.0,0.0,0.0,0.0,0.0,0.0,0.0,,,0,0,unknown,,0.0,D_VALID_BUT_STRATEGICALLY_WEAK,Low priority — relationships exist and have price coverage but no signal observed.,0.0,0,,0,0
llm_hyp_540843_665374_temporal_ordering_pair,llm_hyp_540843_665374_temporal_ordering_pair,,outcome_space,hypothesis_research,0,1,0,1,0,1.0,0,0,0,0,0,0,0,0,0,0.0,0.0,0.0,0.0,0.0,0.0,0.0,0.0,0.0,0.0,0.0,0.0,infrastructure,,0,0,unknown,,0.0,C_INFRASTRUCTURE_BLOCKED,"Fix data/metadata — backfill prices, run alignment, or set known_total_candidates.",0.0,0,,0,0
llm_hyp_540881_560317_near_duplicate_or_overlap,llm_hyp_540881_560317_near_duplicate_or_overlap,,outcome_space,hypothesis_research,0,1,0,1,0,1.0,0,0,0,0,0,0,0,0,0,0.0,0.0,0.0,0.0,0.0,0.0,0.0,0.0,0.0,0.0,0.0,0.0,,,0,0,unknown,,0.0,D_VALID_BUT_STRATEGICALLY_WEAK,Low priority — relationships exist and have price coverage but no signal observed.,0.0,0,,0,0
llm_hyp_540881_562828_near_duplicate_or_overlap,llm_hyp_540881_562828_near_duplicate_or_overlap,,outcome_space,hypothesis_research,0,1,0,1,0,1.0,0,0,0,0,0,0,0,0,0,0.0,0.0,0.0,0.0,0.0,0.0,0.0,0.0,0.0,0.0,0.0,0.0,,,0,0,unknown,,0.0,D_VALID_BUT_STRATEGICALLY_WEAK,Low priority — relationships exist and have price coverage but no signal observed.,0.0,0,,0,0
llm_hyp_540881_562830_near_duplicate_or_overlap,llm_hyp_540881_562830_near_duplicate_or_overlap,,outcome_space,hypothesis_research,0,1,0,1,0,1.0,0,0,0,0,0,0,0,0,0,0.0,0.0,0.0,0.0,0.0,0.0,0.0,0.0,0.0,0.0,0.0,0.0,,,0,0,unknown,,0.0,D_VALID_BUT_STRATEGICALLY_WEAK,Low priority — relationships exist and have price coverage but no signal observed.,0.0,0,,0,0
llm_hyp_553828_553856_likely_duplicate_market,llm_hyp_553828_553856_likely_duplicate_market,,outcome_space,hypothesis_research,0,1,0,1,0,1.0,0,83,24,0,0,0,0,0,0,0.0,0.0,0.0,0.0,0.0,0.0,0.0,0.0,0.0,0.0195,0.0,0.0,economic_or_replay,,0,0,unknown,,0.0,B_PROMISING_GATE_BLOCKED,Run looser economic/replay preset (exploratory_trade_surface) on this space.,0.0,83,,24,0
llm_hyp_553828_553857_likely_duplicate_market,llm_hyp_553828_553857_likely_duplicate_market,,outcome_space,hypothesis_research,0,1,0,1,0,1.0,0,0,0,0,0,0,0,0,0,0.0,0.0,0.0,0.0,0.0,0.0,0.0,0.0,0.0,0.0,0.0,0.0,,,0,0,unknown,,0.0,D_VALID_BUT_STRATEGICALLY_WEAK,Low priority — relationships exist and have price coverage but no signal observed.,0.0,0,,0,0
llm_hyp_553828_553858_likely_duplicate_market,llm_hyp_553828_553858_likely_duplicate_market,,outcome_space,hypothesis_research,0,1,0,1,0,1.0,0,0,0,0,0,0,0,0,0,0.0,0.0,0.0,0.0,0.0,0.0,0.0,0.0,0.0,0.0,0.0,0.0,,,0,0,unknown,,0.0,D_VALID_BUT_STRATEGICALLY_WEAK,Low priority — relationships exist and have price coverage but no signal observed.,0.0,0,,0,0
llm_hyp_553828_553859_likely_duplicate_market,llm_hyp_553828_553859_likely_duplicate_market,,outcome_space,hypothesis_research,0,1,0,1,0,1.0,0,0,0,0,0,0,0,0,0,0.0,0.0,0.0,0.0,0.0,0.0,0.0,0.0,0.0,0.0,0.0,0.0,,,0,0,unknown,,0.0,D_VALID_BUT_STRATEGICALLY_WEAK,Low priority — relationships exist and have price coverage but no signal observed.,0.0,0,,0,0
llm_hyp_553829_553856_likely_duplicate_market,llm_hyp_553829_553856_likely_duplicate_market,,outcome_space,hypothesis_research,0,1,0,1,0,1.0,0,0,0,0,0,0,0,0,0,0.0,0.0,0.0,0.0,0.0,0.0,0.0,0.0,0.0,0.0,0.0,0.0,,,0,0,unknown,,0.0,D_VALID_BUT_STRATEGICALLY_WEAK,Low priority — relationships exist and have price coverage but no signal observed.,0.0,0,,0,0
llm_hyp_553829_553857_likely_duplicate_market,llm_hyp_553829_553857_likely_duplicate_market,,outcome_space,hypothesis_research,0,1,0,1,0,1.0,0,0,0,0,0,0,0,0,0,0.0,0.0,0.0,0.0,0.0,0.0,0.0,0.0,0.0,0.0,0.0,0.0,,,0,0,unknown,,0.0,D_VALID_BUT_STRATEGICALLY_WEAK,Low priority — relationships exist and have price coverage but no signal observed.,0.0,0,,0,0
llm_hyp_553829_553858_likely_duplicate_market,llm_hyp_553829_553858_likely_duplicate_market,,outcome_space,hypothesis_research,0,1,0,1,0,1.0,0,0,0,0,0,0,0,0,0,0.0,0.0,0.0,0.0,0.0,0.0,0.0,0.0,0.0,0.0,0.0,0.0,,,0,0,unknown,,0.0,D_VALID_BUT_STRATEGICALLY_WEAK,Low priority — relationships exist and have price coverage but no signal observed.,0.0,0,,0,0
llm_hyp_553829_553859_likely_duplicate_market,llm_hyp_553829_553859_likely_duplicate_market,,outcome_space,hypothesis_research,0,1,0,1,0,1.0,0,0,0,0,0,0,0,0,0,0.0,0.0,0.0,0.0,0.0,0.0,0.0,0.0,0.0,0.0,0.0,0.0,,,0,0,unknown,,0.0,D_VALID_BUT_STRATEGICALLY_WEAK,Low priority — relationships exist and have price coverage but no signal observed.,0.0,0,,0,0
llm_hyp_553838_553856_likely_duplicate_market,llm_hyp_553838_553856_likely_duplicate_market,,outcome_space,hypothesis_research,0,1,0,1,0,1.0,0,0,0,0,0,0,0,0,0,0.0,0.0,0.0,0.0,0.0,0.0,0.0,0.0,0.0,0.0,0.0,0.0,,,0,0,unknown,,0.0,D_VALID_BUT_STRATEGICALLY_WEAK,Low priority — relationships exist and have price coverage but no signal observed.,0.0,0,,0,0
llm_hyp_553838_553857_likely_duplicate_market,llm_hyp_553838_553857_likely_duplicate_market,,outcome_space,hypothesis_research,0,1,0,1,0,1.0,0,0,0,0,0,0,0,0,0,0.0,0.0,0.0,0.0,0.0,0.0,0.0,0.0,0.0,0.0,0.0,0.0,,,0,0,unknown,,0.0,D_VALID_BUT_STRATEGICALLY_WEAK,Low priority — relationships exist and have price coverage but no signal observed.,0.0,0,,0,0
llm_hyp_553838_553858_likely_duplicate_market,llm_hyp_553838_553858_likely_duplicate_market,,outcome_space,hypothesis_research,0,1,0,1,0,1.0,0,0,0,0,0,0,0,0,0,0.0,0.0,0.0,0.0,0.0,0.0,0.0,0.0,0.0,0.0,0.0,0.0,,,0,0,unknown,,0.0,D_VALID_BUT_STRATEGICALLY_WEAK,Low priority — relationships exist and have price coverage but no signal observed.,0.0,0,,0,0
llm_hyp_553838_553859_likely_duplicate_market,llm_hyp_553838_553859_likely_duplicate_market,,outcome_space,hypothesis_research,0,1,0,1,0,1.0,0,0,0,0,0,0,0,0,0,0.0,0.0,0.0,0.0,0.0,0.0,0.0,0.0,0.0,0.0,0.0,0.0,,,0,0,unknown,,0.0,D_VALID_BUT_STRATEGICALLY_WEAK,Low priority — relationships exist and have price coverage but no signal observed.,0.0,0,,0,0
llm_hyp_553843_553856_likely_duplicate_market,llm_hyp_553843_553856_likely_duplicate_market,,outcome_space,hypothesis_research,0,1,0,1,0,1.0,0,0,0,0,0,0,0,0,0,0.0,0.0,0.0,0.0,0.0,0.0,0.0,0.0,0.0,0.0,0.0,0.0,,,0,0,unknown,,0.0,D_VALID_BUT_STRATEGICALLY_WEAK,Low priority — relationships exist and have price coverage but no signal observed.,0.0,0,,0,0
llm_hyp_553843_553857_likely_duplicate_market,llm_hyp_553843_553857_likely_duplicate_market,,outcome_space,hypothesis_research,0,1,0,1,0,1.0,0,0,0,0,0,0,0,0,0,0.0,0.0,0.0,0.0,0.0,0.0,0.0,0.0,0.0,0.0,0.0,0.0,,,0,0,unknown,,0.0,D_VALID_BUT_STRATEGICALLY_WEAK,Low priority — relationships exist and have price coverage but no signal observed.,0.0,0,,0,0
llm_hyp_553843_553858_likely_duplicate_market,llm_hyp_553843_553858_likely_duplicate_market,,outcome_space,hypothesis_research,0,1,0,1,0,1.0,0,0,0,0,0,0,0,0,0,0.0,0.0,0.0,0.0,0.0,0.0,0.0,0.0,0.0,0.0,0.0,0.0,,,0,0,unknown,,0.0,D_VALID_BUT_STRATEGICALLY_WEAK,Low priority — relationships exist and have price coverage but no signal observed.,0.0,0,,0,0
llm_hyp_553843_553859_likely_duplicate_market,llm_hyp_553843_553859_likely_duplicate_market,,outcome_space,hypothesis_research,0,1,0,1,0,1.0,0,0,0,0,0,0,0,0,0,0.0,0.0,0.0,0.0,0.0,0.0,0.0,0.0,0.0,0.0,0.0,0.0,,,0,0,unknown,,0.0,D_VALID_BUT_STRATEGICALLY_WEAK,Low priority — relationships exist and have price coverage but no signal observed.,0.0,0,,0,0
llm_hyp_553848_553856_likely_duplicate_market,llm_hyp_553848_553856_likely_duplicate_market,,outcome_space,hypothesis_research,0,1,0,1,0,1.0,0,0,0,0,0,0,0,0,0,0.0,0.0,0.0,0.0,0.0,0.0,0.0,0.0,0.0,0.0,0.0,0.0,,,0,0,unknown,,0.0,D_VALID_BUT_STRATEGICALLY_WEAK,Low priority — relationships exist and have price coverage but no signal observed.,0.0,0,,0,0
llm_hyp_553848_553857_likely_duplicate_market,llm_hyp_553848_553857_likely_duplicate_market,,outcome_space,hypothesis_research,0,1,0,1,0,1.0,0,0,0,0,0,0,0,0,0,0.0,0.0,0.0,0.0,0.0,0.0,0.0,0.0,0.0,0.0,0.0,0.0,,,0,0,unknown,,0.0,D_VALID_BUT_STRATEGICALLY_WEAK,Low priority — relationships exist and have price coverage but no signal observed.,0.0,0,,0,0
llm_hyp_553848_553858_likely_duplicate_market,llm_hyp_553848_553858_likely_duplicate_market,,outcome_space,hypothesis_research,0,1,0,1,0,1.0,0,0,0,0,0,0,0,0,0,0.0,0.0,0.0,0.0,0.0,0.0,0.0,0.0,0.0,0.0,0.0,0.0,,,0,0,unknown,,0.0,D_VALID_BUT_STRATEGICALLY_WEAK,Low priority — relationships exist and have price coverage but no signal observed.,0.0,0,,0,0
llm_hyp_553848_553859_likely_duplicate_market,llm_hyp_553848_553859_likely_duplicate_market,,outcome_space,hypothesis_research,0,1,0,1,0,1.0,0,0,0,0,0,0,0,0,0,0.0,0.0,0.0,0.0,0.0,0.0,0.0,0.0,0.0,0.0,0.0,0.0,,,0,0,unknown,,0.0,D_VALID_BUT_STRATEGICALLY_WEAK,Low priority — relationships exist and have price coverage but no signal observed.,0.0,0,,0,0
llm_hyp_553849_553856_likely_duplicate_market,llm_hyp_553849_553856_likely_duplicate_market,,outcome_space,hypothesis_research,0,1,0,1,0,1.0,0,0,0,0,0,0,0,0,0,0.0,0.0,0.0,0.0,0.0,0.0,0.0,0.0,0.0,0.0,0.0,0.0,,,0,0,unknown,,0.0,D_VALID_BUT_STRATEGICALLY_WEAK,Low priority — relationships exist and have price coverage but no signal observed.,0.0,0,,0,0
llm_hyp_553849_553857_likely_duplicate_market,llm_hyp_553849_553857_likely_duplicate_market,,outcome_space,hypothesis_research,0,1,0,1,0,1.0,0,0,0,0,0,0,0,0,0,0.0,0.0,0.0,0.0,0.0,0.0,0.0,0.0,0.0,0.0,0.0,0.0,,,0,0,unknown,,0.0,D_VALID_BUT_STRATEGICALLY_WEAK,Low priority — relationships exist and have price coverage but no signal observed.,0.0,0,,0,0
llm_hyp_553849_553858_likely_duplicate_market,llm_hyp_553849_553858_likely_duplicate_market,,outcome_space,hypothesis_research,0,1,0,1,0,1.0,0,0,0,0,0,0,0,0,0,0.0,0.0,0.0,0.0,0.0,0.0,0.0,0.0,0.0,0.0,0.0,0.0,,,0,0,unknown,,0.0,D_VALID_BUT_STRATEGICALLY_WEAK,Low priority — relationships exist and have price coverage but no signal observed.,0.0,0,,0,0
llm_hyp_553849_553859_likely_duplicate_market,llm_hyp_553849_553859_likely_duplicate_market,,outcome_space,hypothesis_research,0,1,0,1,0,1.0,0,0,0,0,0,0,0,0,0,0.0,0.0,0.0,0.0,0.0,0.0,0.0,0.0,0.0,0.0,0.0,0.0,,,0,0,unknown,,0.0,D_VALID_BUT_STRATEGICALLY_WEAK,Low priority — relationships exist and have price coverage but no signal observed.,0.0,0,,0,0
llm_hyp_553851_553856_likely_duplicate_market,llm_hyp_553851_553856_likely_duplicate_market,,outcome_space,hypothesis_research,0,1,0,1,0,1.0,0,0,0,0,0,0,0,0,0,0.0,0.0,0.0,0.0,0.0,0.0,0.0,0.0,0.0,0.0,0.0,0.0,,,0,0,unknown,,0.0,D_VALID_BUT_STRATEGICALLY_WEAK,Low priority — relationships exist and have price coverage but no signal observed.,0.0,0,,0,0
llm_hyp_553851_553857_likely_duplicate_market,llm_hyp_553851_553857_likely_duplicate_market,,outcome_space,hypothesis_research,0,1,0,1,0,1.0,0,0,0,0,0,0,0,0,0,0.0,0.0,0.0,0.0,0.0,0.0,0.0,0.0,0.0,0.0,0.0,0.0,,,0,0,unknown,,0.0,D_VALID_BUT_STRATEGICALLY_WEAK,Low priority — relationships exist and have price coverage but no signal observed.,0.0,0,,0,0
llm_hyp_553851_553858_likely_duplicate_market,llm_hyp_553851_553858_likely_duplicate_market,,outcome_space,hypothesis_research,0,1,0,1,0,1.0,0,0,0,0,0,0,0,0,0,0.0,0.0,0.0,0.0,0.0,0.0,0.0,0.0,0.0,0.0,0.0,0.0,,,0,0,unknown,,0.0,D_VALID_BUT_STRATEGICALLY_WEAK,Low priority — relationships exist and have price coverage but no signal observed.,0.0,0,,0,0
llm_hyp_553851_553859_likely_duplicate_market,llm_hyp_553851_553859_likely_duplicate_market,,outcome_space,hypothesis_research,0,1,0,1,0,1.0,0,0,0,0,0,0,0,0,0,0.0,0.0,0.0,0.0,0.0,0.0,0.0,0.0,0.0,0.0,0.0,0.0,,,0,0,unknown,,0.0,D_VALID_BUT_STRATEGICALLY_WEAK,Low priority — relationships exist and have price coverage but no signal observed.,0.0,0,,0,0
llm_hyp_553863_558934_likely_duplicate_market,llm_hyp_553863_558934_likely_duplicate_market,,outcome_space,hypothesis_research,0,1,0,1,0,1.0,0,0,0,0,0,0,0,0,0,0.0,0.0,0.0,0.0,0.0,0.0,0.0,0.0,0.0,0.0,0.0,0.0,,,0,0,unknown,,0.0,D_VALID_BUT_STRATEGICALLY_WEAK,Low priority — relationships exist and have price coverage but no signal observed.,0.0,0,,0,0
llm_hyp_553863_558935_likely_duplicate_market,llm_hyp_553863_558935_likely_duplicate_market,,outcome_space,hypothesis_research,0,1,0,1,0,1.0,0,0,0,0,0,0,0,0,0,0.0,0.0,0.0,0.0,0.0,0.0,0.0,0.0,0.0,0.0,0.0,0.0,,,0,0,unknown,,0.0,D_VALID_BUT_STRATEGICALLY_WEAK,Low priority — relationships exist and have price coverage but no signal observed.,0.0,0,,0,0
llm_hyp_553863_558936_likely_duplicate_market,llm_hyp_553863_558936_likely_duplicate_market,,outcome_space,hypothesis_research,0,1,0,1,0,1.0,0,0,0,0,0,0,0,0,0,0.0,0.0,0.0,0.0,0.0,0.0,0.0,0.0,0.0,0.0,0.0,0.0,,,0,0,unknown,,0.0,D_VALID_BUT_STRATEGICALLY_WEAK,Low priority — relationships exist and have price coverage but no signal observed.,0.0,0,,0,0
llm_hyp_553863_558937_likely_duplicate_market,llm_hyp_553863_558937_likely_duplicate_market,,outcome_space,hypothesis_research,0,1,0,1,0,1.0,0,0,0,0,0,0,0,0,0,0.0,0.0,0.0,0.0,0.0,0.0,0.0,0.0,0.0,0.0,0.0,0.0,,,0,0,unknown,,0.0,D_VALID_BUT_STRATEGICALLY_WEAK,Low priority — relationships exist and have price coverage but no signal observed.,0.0,0,,0,0
llm_hyp_553866_558934_likely_duplicate_market,llm_hyp_553866_558934_likely_duplicate_market,,outcome_space,hypothesis_research,0,1,0,1,0,1.0,0,0,0,0,0,0,0,0,0,0.0,0.0,0.0,0.0,0.0,0.0,0.0,0.0,0.0,0.0,0.0,0.0,,,0,0,unknown,,0.0,D_VALID_BUT_STRATEGICALLY_WEAK,Low priority — relationships exist and have price coverage but no signal observed.,0.0,0,,0,0
llm_hyp_553866_558935_likely_duplicate_market,llm_hyp_553866_558935_likely_duplicate_market,,outcome_space,hypothesis_research,0,1,0,1,0,1.0,0,0,0,0,0,0,0,0,0,0.0,0.0,0.0,0.0,0.0,0.0,0.0,0.0,0.0,0.0,0.0,0.0,,,0,0,unknown,,0.0,D_VALID_BUT_STRATEGICALLY_WEAK,Low priority — relationships exist and have price coverage but no signal observed.,0.0,0,,0,0
llm_hyp_553866_558936_likely_duplicate_market,llm_hyp_553866_558936_likely_duplicate_market,,outcome_space,hypothesis_research,0,1,0,1,0,1.0,0,0,0,0,0,0,0,0,0,0.0,0.0,0.0,0.0,0.0,0.0,0.0,0.0,0.0,0.0,0.0,0.0,,,0,0,unknown,,0.0,D_VALID_BUT_STRATEGICALLY_WEAK,Low priority — relationships exist and have price coverage but no signal observed.,0.0,0,,0,0
llm_hyp_553866_558937_likely_duplicate_market,llm_hyp_553866_558937_likely_duplicate_market,,outcome_space,hypothesis_research,0,1,0,1,0,1.0,0,0,0,0,0,0,0,0,0,0.0,0.0,0.0,0.0,0.0,0.0,0.0,0.0,0.0,0.0,0.0,0.0,,,0,0,unknown,,0.0,D_VALID_BUT_STRATEGICALLY_WEAK,Low priority — relationships exist and have price coverage but no signal observed.,0.0,0,,0,0
llm_hyp_553871_558934_likely_duplicate_market,llm_hyp_553871_558934_likely_duplicate_market,,outcome_space,hypothesis_research,0,1,0,1,0,1.0,0,0,0,0,0,0,0,0,0,0.0,0.0,0.0,0.0,0.0,0.0,0.0,0.0,0.0,0.0,0.0,0.0,,,0,0,unknown,,0.0,D_VALID_BUT_STRATEGICALLY_WEAK,Low priority — relationships exist and have price coverage but no signal observed.,0.0,0,,0,0
llm_hyp_553871_558935_likely_duplicate_market,llm_hyp_553871_558935_likely_duplicate_market,,outcome_space,hypothesis_research,0,1,0,1,0,1.0,0,0,0,0,0,0,0,0,0,0.0,0.0,0.0,0.0,0.0,0.0,0.0,0.0,0.0,0.0,0.0,0.0,,,0,0,unknown,,0.0,D_VALID_BUT_STRATEGICALLY_WEAK,Low priority — relationships exist and have price coverage but no signal observed.,0.0,0,,0,0
llm_hyp_553871_558936_likely_duplicate_market,llm_hyp_553871_558936_likely_duplicate_market,,outcome_space,hypothesis_research,0,1,0,1,0,1.0,0,0,0,0,0,0,0,0,0,0.0,0.0,0.0,0.0,0.0,0.0,0.0,0.0,0.0,0.0,0.0,0.0,,,0,0,unknown,,0.0,D_VALID_BUT_STRATEGICALLY_WEAK,Low priority — relationships exist and have price coverage but no signal observed.,0.0,0,,0,0
llm_hyp_553871_558937_likely_duplicate_market,llm_hyp_553871_558937_likely_duplicate_market,,outcome_space,hypothesis_research,0,1,0,1,0,1.0,0,0,0,0,0,0,0,0,0,0.0,0.0,0.0,0.0,0.0,0.0,0.0,0.0,0.0,0.0,0.0,0.0,,,0,0,unknown,,0.0,D_VALID_BUT_STRATEGICALLY_WEAK,Low priority — relationships exist and have price coverage but no signal observed.,0.0,0,,0,0
llm_hyp_559651_560317_near_duplicate_or_overlap,llm_hyp_559651_560317_near_duplicate_or_overlap,,outcome_space,hypothesis_research,0,1,0,1,0,1.0,0,0,0,0,0,0,0,0,0,0.0,0.0,0.0,0.0,0.0,0.0,0.0,0.0,0.0,0.0,0.0,0.0,,,0,0,unknown,,0.0,D_VALID_BUT_STRATEGICALLY_WEAK,Low priority — relationships exist and have price coverage but no signal observed.,0.0,0,,0,0
llm_hyp_559651_567689_near_duplicate_or_overlap,llm_hyp_559651_567689_near_duplicate_or_overlap,,outcome_space,hypothesis_research,0,1,0,1,0,1.0,0,0,0,0,0,0,0,0,0,0.0,0.0,0.0,0.0,0.0,0.0,0.0,0.0,0.0,0.0,0.0,0.0,,,0,0,unknown,,0.0,D_VALID_BUT_STRATEGICALLY_WEAK,Low priority — relationships exist and have price coverage but no signal observed.,0.0,0,,0,0
llm_hyp_559651_597967_near_duplicate_or_overlap,llm_hyp_559651_597967_near_duplicate_or_overlap,,outcome_space,hypothesis_research,0,1,0,1,0,1.0,0,0,0,0,0,0,0,0,0,0.0,0.0,0.0,0.0,0.0,0.0,0.0,0.0,0.0,0.0,0.0,0.0,,,0,0,unknown,,0.0,D_VALID_BUT_STRATEGICALLY_WEAK,Low priority — relationships exist and have price coverage but no signal observed.,0.0,0,,0,0
llm_hyp_559656_561229_near_duplicate_or_overlap,llm_hyp_559656_561229_near_duplicate_or_overlap,,outcome_space,hypothesis_research,0,1,0,1,0,1.0,0,0,0,0,0,0,0,0,0,0.0,0.0,0.0,0.0,0.0,0.0,0.0,0.0,0.0,0.0,0.0,0.0,,,0,0,unknown,,0.0,D_VALID_BUT_STRATEGICALLY_WEAK,Low priority — relationships exist and have price coverage but no signal observed.,0.0,0,,0,0
marriage_reference_clock,marriage_reference_clock,,outcome_space,none,0,1,0,0,1,1.0,0,0,0,0,0,0,0,0,0,0.0,0.0,0.0,0.0,0.0,0.0,0.0,0.0,0.0,0.0,0.0,0.0,,,0,0,unknown,,0.0,E_INVALID_OR_AUDIT_RISK,Repair taxonomy/templates — space is dominated by diagnostic-only relationships.,0.0,0,,0,0
nba_eastern_conference_winner,nba_eastern_conference_winner,,outcome_space,pairwise_mutual_exclusion,0,6,0,0,0,1.0,0,0,0,0,0,0,0,0,0,0.0,0.0,0.0,0.0,0.0,0.0,0.0,0.0,0.0,0.0,0.0,0.0,,,0,0,unknown,,0.0,D_VALID_BUT_STRATEGICALLY_WEAK,Low priority — relationships exist and have price coverage but no signal observed.,0.0,0,,0,0
nba_finals,nba_finals,,outcome_space,nesting;pairwise_mutual_exclusion,0,28,7,10,0,1.0,0,0,0,0,0,0,0,0,0,0.0,0.0,0.0,0.0,0.0,0.0,0.0,0.0,0.0,0.0,0.0,0.0,,,0,0,unknown,,0.0,D_VALID_BUT_STRATEGICALLY_WEAK,Low priority — relationships exist and have price coverage but no signal observed.,0.0,0,,0,0
nba_western_conference_winner,nba_western_conference_winner,,outcome_space,pairwise_mutual_exclusion,0,7,0,0,0,1.0,0,0,0,0,0,0,0,0,0,0.0,0.0,0.0,0.0,0.0,0.0,0.0,0.0,0.0,0.0,0.0,0.0,,,0,0,unknown,,0.0,D_VALID_BUT_STRATEGICALLY_WEAK,Low priority — relationships exist and have price coverage but no signal observed.,0.0,0,,0,0
next_actor_announced,next_actor_announced,,outcome_space,pairwise_mutual_exclusion,0,105,0,0,0,1.0,0,0,0,0,0,0,0,0,0,0.0,0.0,0.0,0.0,0.0,0.0,0.0,0.0,0.0,0.0,0.0,0.0,,,0,0,unknown,,0.0,D_VALID_BUT_STRATEGICALLY_WEAK,Low priority — relationships exist and have price coverage but no signal observed.,0.0,0,,0,0
premier_league_champion,premier_league_champion,,outcome_space,none;pairwise_mutual_exclusion,0,3,0,1,2,1.0,0,155,94,0,0,0,0,0,0,0.0,0.0,0.0,0.0,0.0,0.0,0.0,0.0,0.0,0.08,0.0,0.0,economic_or_replay,,0,0,unknown,,0.0,B_PROMISING_GATE_BLOCKED,Run looser economic/replay preset (exploratory_trade_surface) on this space.,0.0,155,,94,0
premier_league_finish_position,premier_league_finish_position,,outcome_space,nesting;none;pairwise_mutual_exclusion,0,140,3,0,125,1.0,0,0,0,0,0,0,0,0,0,0.0,0.0,0.0,0.0,0.0,0.0,0.0,0.0,0.0,0.0,0.0,0.0,,,0,0,unknown,,0.0,D_VALID_BUT_STRATEGICALLY_WEAK,Low priority — relationships exist and have price coverage but no signal observed.,0.0,0,,0,0
same_reference_clock_before_gta_vi,same_reference_clock_before_gta_vi,,context_space,,0,2,0,0,2,1.0,0,0,0,0,0,0,0,0,0,0.0,0.0,0.0,0.0,0.0,0.0,0.0,0.0,0.0,0.0,0.0,0.0,,,0,0,unknown,,0.0,E_INVALID_OR_AUDIT_RISK,Repair taxonomy/templates — space is dominated by diagnostic-only relationships.,0.0,0,,0,0
unattributed_no_space,unattributed_no_space,,synthetic_or_missing,none,0,17527,0,0,17518,0.9389632107023411,0,0,0,0,0,0,0,0,0,0.0,0.0,0.0,0.0,0.0,0.0,0.0,0.0,0.0,0.0,0.0,0.0,,,0,0,unknown,,0.0,E_INVALID_OR_AUDIT_RISK,Repair taxonomy/templates — space is dominated by diagnostic-only relationships.,0.0,0,,0,0
unknown_year_democrats_presidential_nomination,unknown_year_democrats_presidential_nomination,,outcome_space,pairwise_mutual_exclusion,0,1,0,1,0,0.0,0,0,0,0,0,0,0,0,0,0.0,0.0,0.0,0.0,0.0,0.0,0.0,0.0,0.0,0.0,0.0,0.0,,,0,0,unknown,,0.0,C_INFRASTRUCTURE_BLOCKED,"Backfill price history for markets in this space, then run alignment and a backtest.",0.0,0,,0,0
world_cup_champion,world_cup_champion,,outcome_space,none;pairwise_mutual_exclusion,0,1188,0,80,60,1.0,0,0,0,0,0,0,0,0,0,0.0,0.0,0.0,0.0,0.0,0.0,0.0,0.0,0.0,0.0,0.0,0.0,,,0,0,unknown,,0.0,E_INVALID_OR_AUDIT_RISK,Repair taxonomy/templates — space is dominated by diagnostic-only relationships.,0.0,0,,0,0
