fees_usdc,fill_price,fill_ts_ms,first_entry_or_reentry,gross_edge,label,leg,net_edge_after_cost,notional_usdc,preset_name,relationship_id,shares,slippage_cost_usdc,space_attribution_status,space_id,strategy_family,template_id,token_id,trade_id,violation_window_id
0.0,0.4824,1758243610000,first,0.07,RESEARCH-ONLY — exploratory_trade_surface,a,0.06,2.0,aggressive_learning_surface,76405aef13934b11bd2be96b93e36dc8,4.1459369817578775,0.01,context_space,2026_us_presidential_election_candidate_winner,mutual_exclusion,,106302272146511626715366732538958019243031587527887799373406690681902311718700,55cdf223becd4f949f8dfd3a44bc4aee,3fb2ebc3f88a516aa5c3fea6
0.0,0.59295,1758243610000,first,0.07,RESEARCH-ONLY — exploratory_trade_surface,b,0.06,2.0,aggressive_learning_surface,76405aef13934b11bd2be96b93e36dc8,3.372965680074205,0.01,context_space,2026_us_presidential_election_candidate_winner,mutual_exclusion,,79191939610100241429039499950443680906623179487184628479206155805558220344190,e6b35b6059554a5899d202ced65826d1,3fb2ebc3f88a516aa5c3fea6
0.0,0.4824,1758247210000,reentry,0.07,RESEARCH-ONLY — exploratory_trade_surface,a,0.06,2.0,aggressive_learning_surface,76405aef13934b11bd2be96b93e36dc8,4.1459369817578775,0.01,context_space,2026_us_presidential_election_candidate_winner,mutual_exclusion,,106302272146511626715366732538958019243031587527887799373406690681902311718700,590926802caa400daf82debbafc67a28,3fb2ebc3f88a516aa5c3fea6
0.0,0.59295,1758247210000,reentry,0.07,RESEARCH-ONLY — exploratory_trade_surface,b,0.06,2.0,aggressive_learning_surface,76405aef13934b11bd2be96b93e36dc8,3.372965680074205,0.01,context_space,2026_us_presidential_election_candidate_winner,mutual_exclusion,,79191939610100241429039499950443680906623179487184628479206155805558220344190,4e5210a8356f4a50ad3265c4643670e2,3fb2ebc3f88a516aa5c3fea6
0.0,0.4824,1758250810000,reentry,0.07,RESEARCH-ONLY — exploratory_trade_surface,a,0.06,2.0,aggressive_learning_surface,76405aef13934b11bd2be96b93e36dc8,4.1459369817578775,0.01,context_space,2026_us_presidential_election_candidate_winner,mutual_exclusion,,106302272146511626715366732538958019243031587527887799373406690681902311718700,9043311b198e4f5980bbfffb41f218b0,3fb2ebc3f88a516aa5c3fea6
0.0,0.59295,1758250810000,reentry,0.07,RESEARCH-ONLY — exploratory_trade_surface,b,0.06,2.0,aggressive_learning_surface,76405aef13934b11bd2be96b93e36dc8,3.372965680074205,0.01,context_space,2026_us_presidential_election_candidate_winner,mutual_exclusion,,79191939610100241429039499950443680906623179487184628479206155805558220344190,ae8e56bdfe264c65bf96c1c4f9a558af,3fb2ebc3f88a516aa5c3fea6
0.0,0.4824,1758254410000,reentry,0.07,RESEARCH-ONLY — exploratory_trade_surface,a,0.06,2.0,aggressive_learning_surface,76405aef13934b11bd2be96b93e36dc8,4.1459369817578775,0.01,context_space,2026_us_presidential_election_candidate_winner,mutual_exclusion,,106302272146511626715366732538958019243031587527887799373406690681902311718700,e76e0a57a1ef4d8ab1d41804c879d28a,3fb2ebc3f88a516aa5c3fea6
0.0,0.59295,1758254410000,reentry,0.07,RESEARCH-ONLY — exploratory_trade_surface,b,0.06,2.0,aggressive_learning_surface,76405aef13934b11bd2be96b93e36dc8,3.372965680074205,0.01,context_space,2026_us_presidential_election_candidate_winner,mutual_exclusion,,79191939610100241429039499950443680906623179487184628479206155805558220344190,c5f08ebe429e4c148a641bfad73af16c,3fb2ebc3f88a516aa5c3fea6
0.0,0.4824,1758258010000,reentry,0.07,RESEARCH-ONLY — exploratory_trade_surface,a,0.06,2.0,aggressive_learning_surface,76405aef13934b11bd2be96b93e36dc8,4.1459369817578775,0.01,context_space,2026_us_presidential_election_candidate_winner,mutual_exclusion,,106302272146511626715366732538958019243031587527887799373406690681902311718700,a081c3311b7c40a5862a3563b5ec956b,3fb2ebc3f88a516aa5c3fea6
0.0,0.59295,1758258010000,reentry,0.07,RESEARCH-ONLY — exploratory_trade_surface,b,0.06,2.0,aggressive_learning_surface,76405aef13934b11bd2be96b93e36dc8,3.372965680074205,0.01,context_space,2026_us_presidential_election_candidate_winner,mutual_exclusion,,79191939610100241429039499950443680906623179487184628479206155805558220344190,eeebe084ff494f84ae2864d49754cf9e,3fb2ebc3f88a516aa5c3fea6
0.0,0.4824,1758261610000,reentry,0.07,RESEARCH-ONLY — exploratory_trade_surface,a,0.06,2.0,aggressive_learning_surface,76405aef13934b11bd2be96b93e36dc8,4.1459369817578775,0.01,context_space,2026_us_presidential_election_candidate_winner,mutual_exclusion,,106302272146511626715366732538958019243031587527887799373406690681902311718700,b494c8d2a86949c7b97300c4bcafde76,3fb2ebc3f88a516aa5c3fea6
0.0,0.59295,1758261610000,reentry,0.07,RESEARCH-ONLY — exploratory_trade_surface,b,0.06,2.0,aggressive_learning_surface,76405aef13934b11bd2be96b93e36dc8,3.372965680074205,0.01,context_space,2026_us_presidential_election_candidate_winner,mutual_exclusion,,79191939610100241429039499950443680906623179487184628479206155805558220344190,583e2fab21e540ae87a497ed238fe3cf,3fb2ebc3f88a516aa5c3fea6
0.0,0.4824,1758265210000,reentry,0.07,RESEARCH-ONLY — exploratory_trade_surface,a,0.06,2.0,aggressive_learning_surface,76405aef13934b11bd2be96b93e36dc8,4.1459369817578775,0.01,context_space,2026_us_presidential_election_candidate_winner,mutual_exclusion,,106302272146511626715366732538958019243031587527887799373406690681902311718700,d1897be66ab84231a5ff44c79facff25,3fb2ebc3f88a516aa5c3fea6
0.0,0.59295,1758265210000,reentry,0.07,RESEARCH-ONLY — exploratory_trade_surface,b,0.06,2.0,aggressive_learning_surface,76405aef13934b11bd2be96b93e36dc8,3.372965680074205,0.01,context_space,2026_us_presidential_election_candidate_winner,mutual_exclusion,,79191939610100241429039499950443680906623179487184628479206155805558220344190,23c4e4d2e95146a7b29e3af7ebe5707a,3fb2ebc3f88a516aa5c3fea6
0.0,0.4824,1758268810000,reentry,0.07,RESEARCH-ONLY — exploratory_trade_surface,a,0.06,2.0,aggressive_learning_surface,76405aef13934b11bd2be96b93e36dc8,4.1459369817578775,0.01,context_space,2026_us_presidential_election_candidate_winner,mutual_exclusion,,106302272146511626715366732538958019243031587527887799373406690681902311718700,e29340633dc341a5ab1f51b39577a9f2,3fb2ebc3f88a516aa5c3fea6
0.0,0.59295,1758268810000,reentry,0.07,RESEARCH-ONLY — exploratory_trade_surface,b,0.06,2.0,aggressive_learning_surface,76405aef13934b11bd2be96b93e36dc8,3.372965680074205,0.01,context_space,2026_us_presidential_election_candidate_winner,mutual_exclusion,,79191939610100241429039499950443680906623179487184628479206155805558220344190,905a9f76810f4d1089cd32330a957c26,3fb2ebc3f88a516aa5c3fea6
0.0,0.4824,1758272410000,reentry,0.07,RESEARCH-ONLY — exploratory_trade_surface,a,0.06,2.0,aggressive_learning_surface,76405aef13934b11bd2be96b93e36dc8,4.1459369817578775,0.01,context_space,2026_us_presidential_election_candidate_winner,mutual_exclusion,,106302272146511626715366732538958019243031587527887799373406690681902311718700,e030608b1ce04ed2be57ec8e7086dfd5,3fb2ebc3f88a516aa5c3fea6
0.0,0.59295,1758272410000,reentry,0.07,RESEARCH-ONLY — exploratory_trade_surface,b,0.06,2.0,aggressive_learning_surface,76405aef13934b11bd2be96b93e36dc8,3.372965680074205,0.01,context_space,2026_us_presidential_election_candidate_winner,mutual_exclusion,,79191939610100241429039499950443680906623179487184628479206155805558220344190,a8465b42889a429fa706aae36356119b,3fb2ebc3f88a516aa5c3fea6
0.0,0.4824,1758276010000,reentry,0.07,RESEARCH-ONLY — exploratory_trade_surface,a,0.06,2.0,aggressive_learning_surface,76405aef13934b11bd2be96b93e36dc8,4.1459369817578775,0.01,context_space,2026_us_presidential_election_candidate_winner,mutual_exclusion,,106302272146511626715366732538958019243031587527887799373406690681902311718700,e5aeef082d334bb29dae72e16909a37d,3fb2ebc3f88a516aa5c3fea6
0.0,0.59295,1758276010000,reentry,0.07,RESEARCH-ONLY — exploratory_trade_surface,b,0.06,2.0,aggressive_learning_surface,76405aef13934b11bd2be96b93e36dc8,3.372965680074205,0.01,context_space,2026_us_presidential_election_candidate_winner,mutual_exclusion,,79191939610100241429039499950443680906623179487184628479206155805558220344190,040eb396bcb84b388380dbf762a42bc6,3fb2ebc3f88a516aa5c3fea6
0.0,0.4824,1758279610000,reentry,0.07,RESEARCH-ONLY — exploratory_trade_surface,a,0.06,2.0,aggressive_learning_surface,76405aef13934b11bd2be96b93e36dc8,4.1459369817578775,0.01,context_space,2026_us_presidential_election_candidate_winner,mutual_exclusion,,106302272146511626715366732538958019243031587527887799373406690681902311718700,fa5a9cf202674eb59bdef678b2d89224,3fb2ebc3f88a516aa5c3fea6
0.0,0.59295,1758279610000,reentry,0.07,RESEARCH-ONLY — exploratory_trade_surface,b,0.06,2.0,aggressive_learning_surface,76405aef13934b11bd2be96b93e36dc8,3.372965680074205,0.01,context_space,2026_us_presidential_election_candidate_winner,mutual_exclusion,,79191939610100241429039499950443680906623179487184628479206155805558220344190,6dd57c6e752843d2a01c3635b51b83b2,3fb2ebc3f88a516aa5c3fea6
0.0,0.768825,1777723210000,first,0.02,RESEARCH-ONLY — exploratory_trade_surface,a,0.01,2.0,aggressive_learning_surface,089caf0e270e445bb06e54a63b74917d,2.6013722238480796,0.01,context_space,unknown_year_us_presidential_election_candidate_winner,mutual_exclusion,,5154529759143354321965408580500124466061411864975031283027488892061050073342,895d69e9b6964237ac62be0c32765109,0b19934e79adca2ac36b0874
0.0,0.256275,1777723210000,first,0.02,RESEARCH-ONLY — exploratory_trade_surface,b,0.01,2.0,aggressive_learning_surface,089caf0e270e445bb06e54a63b74917d,7.804116671544239,0.01,context_space,unknown_year_us_presidential_election_candidate_winner,mutual_exclusion,,29839239030455345331935107628562858693253410752781588028421925645563808428122,bdf4b74a1e024fc1b3aeb4b066b4b5ba,0b19934e79adca2ac36b0874
0.0,0.768825,1777726810000,reentry,0.02,RESEARCH-ONLY — exploratory_trade_surface,a,0.01,2.0,aggressive_learning_surface,089caf0e270e445bb06e54a63b74917d,2.6013722238480796,0.01,context_space,unknown_year_us_presidential_election_candidate_winner,mutual_exclusion,,5154529759143354321965408580500124466061411864975031283027488892061050073342,e281730bd995460baf67eeb523316ca1,0b19934e79adca2ac36b0874
0.0,0.256275,1777726810000,reentry,0.02,RESEARCH-ONLY — exploratory_trade_surface,b,0.01,2.0,aggressive_learning_surface,089caf0e270e445bb06e54a63b74917d,7.804116671544239,0.01,context_space,unknown_year_us_presidential_election_candidate_winner,mutual_exclusion,,29839239030455345331935107628562858693253410752781588028421925645563808428122,06ff0486bdd046f8ad780f94c5ef3359,0b19934e79adca2ac36b0874
0.0,0.768825,1777730410000,reentry,0.02,RESEARCH-ONLY — exploratory_trade_surface,a,0.01,2.0,aggressive_learning_surface,089caf0e270e445bb06e54a63b74917d,2.6013722238480796,0.01,context_space,unknown_year_us_presidential_election_candidate_winner,mutual_exclusion,,5154529759143354321965408580500124466061411864975031283027488892061050073342,5e551af9226a463c91915a3fdbdaae21,0b19934e79adca2ac36b0874
0.0,0.256275,1777730410000,reentry,0.02,RESEARCH-ONLY — exploratory_trade_surface,b,0.01,2.0,aggressive_learning_surface,089caf0e270e445bb06e54a63b74917d,7.804116671544239,0.01,context_space,unknown_year_us_presidential_election_candidate_winner,mutual_exclusion,,29839239030455345331935107628562858693253410752781588028421925645563808428122,a36e5ce2d3d94e8b9d017fb010cccbea,0b19934e79adca2ac36b0874
0.0,0.768825,1777734010000,reentry,0.02,RESEARCH-ONLY — exploratory_trade_surface,a,0.01,2.0,aggressive_learning_surface,089caf0e270e445bb06e54a63b74917d,2.6013722238480796,0.01,context_space,unknown_year_us_presidential_election_candidate_winner,mutual_exclusion,,5154529759143354321965408580500124466061411864975031283027488892061050073342,0b417675efd24ddba4da963bd5668065,0b19934e79adca2ac36b0874
0.0,0.256275,1777734010000,reentry,0.02,RESEARCH-ONLY — exploratory_trade_surface,b,0.01,2.0,aggressive_learning_surface,089caf0e270e445bb06e54a63b74917d,7.804116671544239,0.01,context_space,unknown_year_us_presidential_election_candidate_winner,mutual_exclusion,,29839239030455345331935107628562858693253410752781588028421925645563808428122,a55625175a5e4f4b868b87f6f4bf3792,0b19934e79adca2ac36b0874
0.0,0.768825,1777737610000,reentry,0.02,RESEARCH-ONLY — exploratory_trade_surface,a,0.01,2.0,aggressive_learning_surface,089caf0e270e445bb06e54a63b74917d,2.6013722238480796,0.01,context_space,unknown_year_us_presidential_election_candidate_winner,mutual_exclusion,,5154529759143354321965408580500124466061411864975031283027488892061050073342,e3abbf2e9bec479da880c39bfae568ff,0b19934e79adca2ac36b0874
0.0,0.256275,1777737610000,reentry,0.02,RESEARCH-ONLY — exploratory_trade_surface,b,0.01,2.0,aggressive_learning_surface,089caf0e270e445bb06e54a63b74917d,7.804116671544239,0.01,context_space,unknown_year_us_presidential_election_candidate_winner,mutual_exclusion,,29839239030455345331935107628562858693253410752781588028421925645563808428122,e2267229811348978d1089acae4866b3,0b19934e79adca2ac36b0874
0.0,0.768825,1777741210000,reentry,0.02,RESEARCH-ONLY — exploratory_trade_surface,a,0.01,2.0,aggressive_learning_surface,089caf0e270e445bb06e54a63b74917d,2.6013722238480796,0.01,context_space,unknown_year_us_presidential_election_candidate_winner,mutual_exclusion,,5154529759143354321965408580500124466061411864975031283027488892061050073342,79127171a1e94b85bd31b166c20aed23,0b19934e79adca2ac36b0874
0.0,0.256275,1777741210000,reentry,0.02,RESEARCH-ONLY — exploratory_trade_surface,b,0.01,2.0,aggressive_learning_surface,089caf0e270e445bb06e54a63b74917d,7.804116671544239,0.01,context_space,unknown_year_us_presidential_election_candidate_winner,mutual_exclusion,,29839239030455345331935107628562858693253410752781588028421925645563808428122,94861c2696c5457a9e0d29dc73438d72,0b19934e79adca2ac36b0874
0.0,0.768825,1777744810000,reentry,0.02,RESEARCH-ONLY — exploratory_trade_surface,a,0.01,2.0,aggressive_learning_surface,089caf0e270e445bb06e54a63b74917d,2.6013722238480796,0.01,context_space,unknown_year_us_presidential_election_candidate_winner,mutual_exclusion,,5154529759143354321965408580500124466061411864975031283027488892061050073342,deffabc04a764913b24aac7241931e7c,0b19934e79adca2ac36b0874
0.0,0.256275,1777744810000,reentry,0.02,RESEARCH-ONLY — exploratory_trade_surface,b,0.01,2.0,aggressive_learning_surface,089caf0e270e445bb06e54a63b74917d,7.804116671544239,0.01,context_space,unknown_year_us_presidential_election_candidate_winner,mutual_exclusion,,29839239030455345331935107628562858693253410752781588028421925645563808428122,04ce8407838b4a438d42711308167d73,0b19934e79adca2ac36b0874
0.0,0.768825,1777748410000,reentry,0.02,RESEARCH-ONLY — exploratory_trade_surface,a,0.01,2.0,aggressive_learning_surface,089caf0e270e445bb06e54a63b74917d,2.6013722238480796,0.01,context_space,unknown_year_us_presidential_election_candidate_winner,mutual_exclusion,,5154529759143354321965408580500124466061411864975031283027488892061050073342,284fcb35e9a9443ebe6708fc083d3d81,0b19934e79adca2ac36b0874
0.0,0.256275,1777748410000,reentry,0.02,RESEARCH-ONLY — exploratory_trade_surface,b,0.01,2.0,aggressive_learning_surface,089caf0e270e445bb06e54a63b74917d,7.804116671544239,0.01,context_space,unknown_year_us_presidential_election_candidate_winner,mutual_exclusion,,29839239030455345331935107628562858693253410752781588028421925645563808428122,a954f745d1eb4b0db865e29a27ef5f78,0b19934e79adca2ac36b0874
0.0,0.768825,1777752010000,reentry,0.02,RESEARCH-ONLY — exploratory_trade_surface,a,0.01,2.0,aggressive_learning_surface,089caf0e270e445bb06e54a63b74917d,2.6013722238480796,0.01,context_space,unknown_year_us_presidential_election_candidate_winner,mutual_exclusion,,5154529759143354321965408580500124466061411864975031283027488892061050073342,392e5b959263494b8efeb96a4a2a53c4,0b19934e79adca2ac36b0874
0.0,0.256275,1777752010000,reentry,0.02,RESEARCH-ONLY — exploratory_trade_surface,b,0.01,2.0,aggressive_learning_surface,089caf0e270e445bb06e54a63b74917d,7.804116671544239,0.01,context_space,unknown_year_us_presidential_election_candidate_winner,mutual_exclusion,,29839239030455345331935107628562858693253410752781588028421925645563808428122,7a6ce104918c47d5aa2522f63e7c9ae3,0b19934e79adca2ac36b0874
0.0,0.768825,1777755610000,reentry,0.02,RESEARCH-ONLY — exploratory_trade_surface,a,0.01,2.0,aggressive_learning_surface,089caf0e270e445bb06e54a63b74917d,2.6013722238480796,0.01,context_space,unknown_year_us_presidential_election_candidate_winner,mutual_exclusion,,5154529759143354321965408580500124466061411864975031283027488892061050073342,ac411df4105a4f7685500ca10f9cf3a5,0b19934e79adca2ac36b0874
0.0,0.256275,1777755610000,reentry,0.02,RESEARCH-ONLY — exploratory_trade_surface,b,0.01,2.0,aggressive_learning_surface,089caf0e270e445bb06e54a63b74917d,7.804116671544239,0.01,context_space,unknown_year_us_presidential_election_candidate_winner,mutual_exclusion,,29839239030455345331935107628562858693253410752781588028421925645563808428122,4856f78bf09c4fc88e45c64585ced610,0b19934e79adca2ac36b0874
0.0,0.768825,1777759210000,reentry,0.02,RESEARCH-ONLY — exploratory_trade_surface,a,0.01,2.0,aggressive_learning_surface,089caf0e270e445bb06e54a63b74917d,2.6013722238480796,0.01,context_space,unknown_year_us_presidential_election_candidate_winner,mutual_exclusion,,5154529759143354321965408580500124466061411864975031283027488892061050073342,d82bc358542748d8a9ab42cc5da989c0,0b19934e79adca2ac36b0874
0.0,0.256275,1777759210000,reentry,0.02,RESEARCH-ONLY — exploratory_trade_surface,b,0.01,2.0,aggressive_learning_surface,089caf0e270e445bb06e54a63b74917d,7.804116671544239,0.01,context_space,unknown_year_us_presidential_election_candidate_winner,mutual_exclusion,,29839239030455345331935107628562858693253410752781588028421925645563808428122,8c42de19e65d4772ad04c6d55bb1ffde,0b19934e79adca2ac36b0874
0.0,0.768825,1777762810000,reentry,0.02,RESEARCH-ONLY — exploratory_trade_surface,a,0.01,2.0,aggressive_learning_surface,089caf0e270e445bb06e54a63b74917d,2.6013722238480796,0.01,context_space,unknown_year_us_presidential_election_candidate_winner,mutual_exclusion,,5154529759143354321965408580500124466061411864975031283027488892061050073342,8f2e6c3359964de69d8513a7625f426b,0b19934e79adca2ac36b0874
0.0,0.256275,1777762810000,reentry,0.02,RESEARCH-ONLY — exploratory_trade_surface,b,0.01,2.0,aggressive_learning_surface,089caf0e270e445bb06e54a63b74917d,7.804116671544239,0.01,context_space,unknown_year_us_presidential_election_candidate_winner,mutual_exclusion,,29839239030455345331935107628562858693253410752781588028421925645563808428122,804d6defc38c4908bdd2fe78a03bae19,0b19934e79adca2ac36b0874
0.0,0.5427,1778025610000,reentry,0.02,RESEARCH-ONLY — exploratory_trade_surface,a,0.01,2.0,aggressive_learning_surface,089caf0e270e445bb06e54a63b74917d,3.6852773171181132,0.01,context_space,unknown_year_us_presidential_election_candidate_winner,mutual_exclusion,,5154529759143354321965408580500124466061411864975031283027488892061050073342,42b4f6ec4c8e4fbd9d3358b28f52034a,a9468a58f820cfef4cd99b02
0.0,0.4824,1778025610000,reentry,0.02,RESEARCH-ONLY — exploratory_trade_surface,b,0.01,2.0,aggressive_learning_surface,089caf0e270e445bb06e54a63b74917d,4.1459369817578775,0.01,context_space,unknown_year_us_presidential_election_candidate_winner,mutual_exclusion,,29839239030455345331935107628562858693253410752781588028421925645563808428122,202e9f46ce344173a4ad877c6edcde05,a9468a58f820cfef4cd99b02
0.0,0.5427,1778029210000,reentry,0.02,RESEARCH-ONLY — exploratory_trade_surface,a,0.01,2.0,aggressive_learning_surface,089caf0e270e445bb06e54a63b74917d,3.6852773171181132,0.01,context_space,unknown_year_us_presidential_election_candidate_winner,mutual_exclusion,,5154529759143354321965408580500124466061411864975031283027488892061050073342,306cff21fc2d447eb321a309aa0c8a68,a9468a58f820cfef4cd99b02
0.0,0.4824,1778029210000,reentry,0.02,RESEARCH-ONLY — exploratory_trade_surface,b,0.01,2.0,aggressive_learning_surface,089caf0e270e445bb06e54a63b74917d,4.1459369817578775,0.01,context_space,unknown_year_us_presidential_election_candidate_winner,mutual_exclusion,,29839239030455345331935107628562858693253410752781588028421925645563808428122,fefd45d5f7be49bb88762d8fa8b5a714,a9468a58f820cfef4cd99b02
0.0,0.5427,1778032810000,reentry,0.02,RESEARCH-ONLY — exploratory_trade_surface,a,0.01,2.0,aggressive_learning_surface,089caf0e270e445bb06e54a63b74917d,3.6852773171181132,0.01,context_space,unknown_year_us_presidential_election_candidate_winner,mutual_exclusion,,5154529759143354321965408580500124466061411864975031283027488892061050073342,cd02335947724f59a5160b87736fc7fa,a9468a58f820cfef4cd99b02
0.0,0.4824,1778032810000,reentry,0.02,RESEARCH-ONLY — exploratory_trade_surface,b,0.01,2.0,aggressive_learning_surface,089caf0e270e445bb06e54a63b74917d,4.1459369817578775,0.01,context_space,unknown_year_us_presidential_election_candidate_winner,mutual_exclusion,,29839239030455345331935107628562858693253410752781588028421925645563808428122,06712f22938f4b80a43cd790ded7fddd,a9468a58f820cfef4cd99b02
0.0,0.5427,1778036410000,reentry,0.02,RESEARCH-ONLY — exploratory_trade_surface,a,0.01,2.0,aggressive_learning_surface,089caf0e270e445bb06e54a63b74917d,3.6852773171181132,0.01,context_space,unknown_year_us_presidential_election_candidate_winner,mutual_exclusion,,5154529759143354321965408580500124466061411864975031283027488892061050073342,3ef318a60e8e44bd9f395266685efdef,a9468a58f820cfef4cd99b02
0.0,0.4824,1778036410000,reentry,0.02,RESEARCH-ONLY — exploratory_trade_surface,b,0.01,2.0,aggressive_learning_surface,089caf0e270e445bb06e54a63b74917d,4.1459369817578775,0.01,context_space,unknown_year_us_presidential_election_candidate_winner,mutual_exclusion,,29839239030455345331935107628562858693253410752781588028421925645563808428122,b01a2ceca8f44483b97642f2b8c08b1b,a9468a58f820cfef4cd99b02
0.0,0.5427,1778040010000,reentry,0.02,RESEARCH-ONLY — exploratory_trade_surface,a,0.01,2.0,aggressive_learning_surface,089caf0e270e445bb06e54a63b74917d,3.6852773171181132,0.01,context_space,unknown_year_us_presidential_election_candidate_winner,mutual_exclusion,,5154529759143354321965408580500124466061411864975031283027488892061050073342,cd1bc1583caf4fbfa5c30f9ce7a4f711,a9468a58f820cfef4cd99b02
0.0,0.4824,1778040010000,reentry,0.02,RESEARCH-ONLY — exploratory_trade_surface,b,0.01,2.0,aggressive_learning_surface,089caf0e270e445bb06e54a63b74917d,4.1459369817578775,0.01,context_space,unknown_year_us_presidential_election_candidate_winner,mutual_exclusion,,29839239030455345331935107628562858693253410752781588028421925645563808428122,6330120924de46eeaadeaf0dab8783a3,a9468a58f820cfef4cd99b02
0.0,0.5427,1778043610000,reentry,0.02,RESEARCH-ONLY — exploratory_trade_surface,a,0.01,2.0,aggressive_learning_surface,089caf0e270e445bb06e54a63b74917d,3.6852773171181132,0.01,context_space,unknown_year_us_presidential_election_candidate_winner,mutual_exclusion,,5154529759143354321965408580500124466061411864975031283027488892061050073342,2b0d45090dda4e1f90cec689e8f08e97,a9468a58f820cfef4cd99b02
0.0,0.4824,1778043610000,reentry,0.02,RESEARCH-ONLY — exploratory_trade_surface,b,0.01,2.0,aggressive_learning_surface,089caf0e270e445bb06e54a63b74917d,4.1459369817578775,0.01,context_space,unknown_year_us_presidential_election_candidate_winner,mutual_exclusion,,29839239030455345331935107628562858693253410752781588028421925645563808428122,4497792999914d47af8c9ec3e34978ab,a9468a58f820cfef4cd99b02
0.0,0.5427,1778047210000,reentry,0.02,RESEARCH-ONLY — exploratory_trade_surface,a,0.01,2.0,aggressive_learning_surface,089caf0e270e445bb06e54a63b74917d,3.6852773171181132,0.01,context_space,unknown_year_us_presidential_election_candidate_winner,mutual_exclusion,,5154529759143354321965408580500124466061411864975031283027488892061050073342,e4aa9176f116463689bee4e39460fcf5,a9468a58f820cfef4cd99b02
0.0,0.4824,1778047210000,reentry,0.02,RESEARCH-ONLY — exploratory_trade_surface,b,0.01,2.0,aggressive_learning_surface,089caf0e270e445bb06e54a63b74917d,4.1459369817578775,0.01,context_space,unknown_year_us_presidential_election_candidate_winner,mutual_exclusion,,29839239030455345331935107628562858693253410752781588028421925645563808428122,949c0db7b9844455b3657143510e0308,a9468a58f820cfef4cd99b02
0.0,0.5427,1778050810000,reentry,0.02,RESEARCH-ONLY — exploratory_trade_surface,a,0.01,2.0,aggressive_learning_surface,089caf0e270e445bb06e54a63b74917d,3.6852773171181132,0.01,context_space,unknown_year_us_presidential_election_candidate_winner,mutual_exclusion,,5154529759143354321965408580500124466061411864975031283027488892061050073342,5599d187bc2c455789a844ecc3656ab5,a9468a58f820cfef4cd99b02
0.0,0.4824,1778050810000,reentry,0.02,RESEARCH-ONLY — exploratory_trade_surface,b,0.01,2.0,aggressive_learning_surface,089caf0e270e445bb06e54a63b74917d,4.1459369817578775,0.01,context_space,unknown_year_us_presidential_election_candidate_winner,mutual_exclusion,,29839239030455345331935107628562858693253410752781588028421925645563808428122,4bc95a64534c4d5fb9f4e5ad5dcec5ca,a9468a58f820cfef4cd99b02
0.0,0.5427,1778054410000,reentry,0.02,RESEARCH-ONLY — exploratory_trade_surface,a,0.01,2.0,aggressive_learning_surface,089caf0e270e445bb06e54a63b74917d,3.6852773171181132,0.01,context_space,unknown_year_us_presidential_election_candidate_winner,mutual_exclusion,,5154529759143354321965408580500124466061411864975031283027488892061050073342,03eb94d0e42e4c3cb9daade7815e49fa,a9468a58f820cfef4cd99b02
0.0,0.4824,1778054410000,reentry,0.02,RESEARCH-ONLY — exploratory_trade_surface,b,0.01,2.0,aggressive_learning_surface,089caf0e270e445bb06e54a63b74917d,4.1459369817578775,0.01,context_space,unknown_year_us_presidential_election_candidate_winner,mutual_exclusion,,29839239030455345331935107628562858693253410752781588028421925645563808428122,65b9d42cfa7047ab91434ea12fdaf72d,a9468a58f820cfef4cd99b02
0.0,0.5427,1778058010000,reentry,0.02,RESEARCH-ONLY — exploratory_trade_surface,a,0.01,2.0,aggressive_learning_surface,089caf0e270e445bb06e54a63b74917d,3.6852773171181132,0.01,context_space,unknown_year_us_presidential_election_candidate_winner,mutual_exclusion,,5154529759143354321965408580500124466061411864975031283027488892061050073342,06ad292a17f64bf0a2d37ee87abba3db,a9468a58f820cfef4cd99b02
0.0,0.4824,1778058010000,reentry,0.02,RESEARCH-ONLY — exploratory_trade_surface,b,0.01,2.0,aggressive_learning_surface,089caf0e270e445bb06e54a63b74917d,4.1459369817578775,0.01,context_space,unknown_year_us_presidential_election_candidate_winner,mutual_exclusion,,29839239030455345331935107628562858693253410752781588028421925645563808428122,e016746cf4a54a1f9207470ac98a568c,a9468a58f820cfef4cd99b02
0.0,0.5427,1778061610000,reentry,0.02,RESEARCH-ONLY — exploratory_trade_surface,a,0.01,2.0,aggressive_learning_surface,089caf0e270e445bb06e54a63b74917d,3.6852773171181132,0.01,context_space,unknown_year_us_presidential_election_candidate_winner,mutual_exclusion,,5154529759143354321965408580500124466061411864975031283027488892061050073342,bc0dac5afd184b0b9689c691260aecd5,a9468a58f820cfef4cd99b02
0.0,0.4824,1778061610000,reentry,0.02,RESEARCH-ONLY — exploratory_trade_surface,b,0.01,2.0,aggressive_learning_surface,089caf0e270e445bb06e54a63b74917d,4.1459369817578775,0.01,context_space,unknown_year_us_presidential_election_candidate_winner,mutual_exclusion,,29839239030455345331935107628562858693253410752781588028421925645563808428122,9b8bc45eafb1494aa353c187e41c89a5,a9468a58f820cfef4cd99b02
0.0,0.5427,1778065210000,reentry,0.02,RESEARCH-ONLY — exploratory_trade_surface,a,0.01,2.0,aggressive_learning_surface,089caf0e270e445bb06e54a63b74917d,3.6852773171181132,0.01,context_space,unknown_year_us_presidential_election_candidate_winner,mutual_exclusion,,5154529759143354321965408580500124466061411864975031283027488892061050073342,5e6cb18471aa458883e672ac191cc9a4,a9468a58f820cfef4cd99b02
0.0,0.4824,1778065210000,reentry,0.02,RESEARCH-ONLY — exploratory_trade_surface,b,0.01,2.0,aggressive_learning_surface,089caf0e270e445bb06e54a63b74917d,4.1459369817578775,0.01,context_space,unknown_year_us_presidential_election_candidate_winner,mutual_exclusion,,29839239030455345331935107628562858693253410752781588028421925645563808428122,07963064f8af4dbeb1528374c5ad16f4,a9468a58f820cfef4cd99b02
0.0,0.67335,1778371210000,reentry,0.025,RESEARCH-ONLY — exploratory_trade_surface,a,0.015,2.0,aggressive_learning_surface,089caf0e270e445bb06e54a63b74917d,2.970223509319076,0.01,context_space,unknown_year_us_presidential_election_candidate_winner,mutual_exclusion,,5154529759143354321965408580500124466061411864975031283027488892061050073342,d6d21d9ad4ff4c998821a381a54f260a,8974d5d0b6fa3a73a0341fd3
0.0,0.356775,1778371210000,reentry,0.025,RESEARCH-ONLY — exploratory_trade_surface,b,0.015,2.0,aggressive_learning_surface,089caf0e270e445bb06e54a63b74917d,5.605773947165581,0.01,context_space,unknown_year_us_presidential_election_candidate_winner,mutual_exclusion,,29839239030455345331935107628562858693253410752781588028421925645563808428122,a03d3279254344c29ae1599a48a27e0e,8974d5d0b6fa3a73a0341fd3
0.0,0.67335,1778374810000,reentry,0.025,RESEARCH-ONLY — exploratory_trade_surface,a,0.015,2.0,aggressive_learning_surface,089caf0e270e445bb06e54a63b74917d,2.970223509319076,0.01,context_space,unknown_year_us_presidential_election_candidate_winner,mutual_exclusion,,5154529759143354321965408580500124466061411864975031283027488892061050073342,abac0d6014a745a6900baacf619a7cec,8974d5d0b6fa3a73a0341fd3
0.0,0.356775,1778374810000,reentry,0.025,RESEARCH-ONLY — exploratory_trade_surface,b,0.015,2.0,aggressive_learning_surface,089caf0e270e445bb06e54a63b74917d,5.605773947165581,0.01,context_space,unknown_year_us_presidential_election_candidate_winner,mutual_exclusion,,29839239030455345331935107628562858693253410752781588028421925645563808428122,6a23c0441e7a4ba8a15e2788c4f5711a,8974d5d0b6fa3a73a0341fd3
0.0,0.67335,1778378410000,reentry,0.025,RESEARCH-ONLY — exploratory_trade_surface,a,0.015,2.0,aggressive_learning_surface,089caf0e270e445bb06e54a63b74917d,2.970223509319076,0.01,context_space,unknown_year_us_presidential_election_candidate_winner,mutual_exclusion,,5154529759143354321965408580500124466061411864975031283027488892061050073342,9c5f618bdae74a65a8934a0e032ef781,8974d5d0b6fa3a73a0341fd3
0.0,0.356775,1778378410000,reentry,0.025,RESEARCH-ONLY — exploratory_trade_surface,b,0.015,2.0,aggressive_learning_surface,089caf0e270e445bb06e54a63b74917d,5.605773947165581,0.01,context_space,unknown_year_us_presidential_election_candidate_winner,mutual_exclusion,,29839239030455345331935107628562858693253410752781588028421925645563808428122,5b097d9c9f3f4280940afb2758abd55d,8974d5d0b6fa3a73a0341fd3
0.0,0.67335,1778382010000,reentry,0.025,RESEARCH-ONLY — exploratory_trade_surface,a,0.015,2.0,aggressive_learning_surface,089caf0e270e445bb06e54a63b74917d,2.970223509319076,0.01,context_space,unknown_year_us_presidential_election_candidate_winner,mutual_exclusion,,5154529759143354321965408580500124466061411864975031283027488892061050073342,8ae1fff1501143098591481cef8e44bc,8974d5d0b6fa3a73a0341fd3
0.0,0.356775,1778382010000,reentry,0.025,RESEARCH-ONLY — exploratory_trade_surface,b,0.015,2.0,aggressive_learning_surface,089caf0e270e445bb06e54a63b74917d,5.605773947165581,0.01,context_space,unknown_year_us_presidential_election_candidate_winner,mutual_exclusion,,29839239030455345331935107628562858693253410752781588028421925645563808428122,89c791c7385542cea0e8f5ff67d8d8d1,8974d5d0b6fa3a73a0341fd3
0.0,0.67335,1778385610000,reentry,0.025,RESEARCH-ONLY — exploratory_trade_surface,a,0.015,2.0,aggressive_learning_surface,089caf0e270e445bb06e54a63b74917d,2.970223509319076,0.01,context_space,unknown_year_us_presidential_election_candidate_winner,mutual_exclusion,,5154529759143354321965408580500124466061411864975031283027488892061050073342,1dcd14901e1f42199ac628e5c27e14ec,8974d5d0b6fa3a73a0341fd3
0.0,0.356775,1778385610000,reentry,0.025,RESEARCH-ONLY — exploratory_trade_surface,b,0.015,2.0,aggressive_learning_surface,089caf0e270e445bb06e54a63b74917d,5.605773947165581,0.01,context_space,unknown_year_us_presidential_election_candidate_winner,mutual_exclusion,,29839239030455345331935107628562858693253410752781588028421925645563808428122,6ec4a600028644c5803fa4184b101855,8974d5d0b6fa3a73a0341fd3
0.0,0.67335,1778389210000,reentry,0.025,RESEARCH-ONLY — exploratory_trade_surface,a,0.015,2.0,aggressive_learning_surface,089caf0e270e445bb06e54a63b74917d,2.970223509319076,0.01,context_space,unknown_year_us_presidential_election_candidate_winner,mutual_exclusion,,5154529759143354321965408580500124466061411864975031283027488892061050073342,dd84d89948ee4925b10381ff85485b7e,8974d5d0b6fa3a73a0341fd3
0.0,0.356775,1778389210000,reentry,0.025,RESEARCH-ONLY — exploratory_trade_surface,b,0.015,2.0,aggressive_learning_surface,089caf0e270e445bb06e54a63b74917d,5.605773947165581,0.01,context_space,unknown_year_us_presidential_election_candidate_winner,mutual_exclusion,,29839239030455345331935107628562858693253410752781588028421925645563808428122,3a47cbabe27a40f6aa2c199faacc8d85,8974d5d0b6fa3a73a0341fd3
0.0,0.67335,1778392810000,reentry,0.025,RESEARCH-ONLY — exploratory_trade_surface,a,0.015,2.0,aggressive_learning_surface,089caf0e270e445bb06e54a63b74917d,2.970223509319076,0.01,context_space,unknown_year_us_presidential_election_candidate_winner,mutual_exclusion,,5154529759143354321965408580500124466061411864975031283027488892061050073342,33603ea381fa465ebfb74f24c0550381,8974d5d0b6fa3a73a0341fd3
0.0,0.356775,1778392810000,reentry,0.025,RESEARCH-ONLY — exploratory_trade_surface,b,0.015,2.0,aggressive_learning_surface,089caf0e270e445bb06e54a63b74917d,5.605773947165581,0.01,context_space,unknown_year_us_presidential_election_candidate_winner,mutual_exclusion,,29839239030455345331935107628562858693253410752781588028421925645563808428122,d9aa9a43010f4f6cae12ed8fc853c201,8974d5d0b6fa3a73a0341fd3
0.0,0.67335,1778396410000,reentry,0.025,RESEARCH-ONLY — exploratory_trade_surface,a,0.015,2.0,aggressive_learning_surface,089caf0e270e445bb06e54a63b74917d,2.970223509319076,0.01,context_space,unknown_year_us_presidential_election_candidate_winner,mutual_exclusion,,5154529759143354321965408580500124466061411864975031283027488892061050073342,9d98d14d19e74fc892fa34b2f8d8fdd7,8974d5d0b6fa3a73a0341fd3
0.0,0.356775,1778396410000,reentry,0.025,RESEARCH-ONLY — exploratory_trade_surface,b,0.015,2.0,aggressive_learning_surface,089caf0e270e445bb06e54a63b74917d,5.605773947165581,0.01,context_space,unknown_year_us_presidential_election_candidate_winner,mutual_exclusion,,29839239030455345331935107628562858693253410752781588028421925645563808428122,a00f304ba55d40b8b2f5df8c848b5a49,8974d5d0b6fa3a73a0341fd3
0.0,0.67335,1778400010000,reentry,0.025,RESEARCH-ONLY — exploratory_trade_surface,a,0.015,2.0,aggressive_learning_surface,089caf0e270e445bb06e54a63b74917d,2.970223509319076,0.01,context_space,unknown_year_us_presidential_election_candidate_winner,mutual_exclusion,,5154529759143354321965408580500124466061411864975031283027488892061050073342,d6b24915e5e242499b64fa6acdfea462,8974d5d0b6fa3a73a0341fd3
0.0,0.356775,1778400010000,reentry,0.025,RESEARCH-ONLY — exploratory_trade_surface,b,0.015,2.0,aggressive_learning_surface,089caf0e270e445bb06e54a63b74917d,5.605773947165581,0.01,context_space,unknown_year_us_presidential_election_candidate_winner,mutual_exclusion,,29839239030455345331935107628562858693253410752781588028421925645563808428122,44e3d35898884403bd7a3a18cc37b00d,8974d5d0b6fa3a73a0341fd3
0.0,0.67335,1778403610000,reentry,0.025,RESEARCH-ONLY — exploratory_trade_surface,a,0.015,2.0,aggressive_learning_surface,089caf0e270e445bb06e54a63b74917d,2.970223509319076,0.01,context_space,unknown_year_us_presidential_election_candidate_winner,mutual_exclusion,,5154529759143354321965408580500124466061411864975031283027488892061050073342,c247dcc3418240b094d5064cdd2a9617,8974d5d0b6fa3a73a0341fd3
0.0,0.356775,1778403610000,reentry,0.025,RESEARCH-ONLY — exploratory_trade_surface,b,0.015,2.0,aggressive_learning_surface,089caf0e270e445bb06e54a63b74917d,5.605773947165581,0.01,context_space,unknown_year_us_presidential_election_candidate_winner,mutual_exclusion,,29839239030455345331935107628562858693253410752781588028421925645563808428122,a1000821db624044a722994f9cac7993,8974d5d0b6fa3a73a0341fd3
0.0,0.67335,1778407210000,reentry,0.025,RESEARCH-ONLY — exploratory_trade_surface,a,0.015,2.0,aggressive_learning_surface,089caf0e270e445bb06e54a63b74917d,2.970223509319076,0.01,context_space,unknown_year_us_presidential_election_candidate_winner,mutual_exclusion,,5154529759143354321965408580500124466061411864975031283027488892061050073342,ba068a397e194e0facd728761fd91524,8974d5d0b6fa3a73a0341fd3
0.0,0.356775,1778407210000,reentry,0.025,RESEARCH-ONLY — exploratory_trade_surface,b,0.015,2.0,aggressive_learning_surface,089caf0e270e445bb06e54a63b74917d,5.605773947165581,0.01,context_space,unknown_year_us_presidential_election_candidate_winner,mutual_exclusion,,29839239030455345331935107628562858693253410752781588028421925645563808428122,e5076bcd4c304ccfb96aacfcce50028d,8974d5d0b6fa3a73a0341fd3
0.0,0.67335,1778410810000,reentry,0.025,RESEARCH-ONLY — exploratory_trade_surface,a,0.015,2.0,aggressive_learning_surface,089caf0e270e445bb06e54a63b74917d,2.970223509319076,0.01,context_space,unknown_year_us_presidential_election_candidate_winner,mutual_exclusion,,5154529759143354321965408580500124466061411864975031283027488892061050073342,f3902ab9e8ad413aa1f8a75c312558f1,8974d5d0b6fa3a73a0341fd3
0.0,0.356775,1778410810000,reentry,0.025,RESEARCH-ONLY — exploratory_trade_surface,b,0.015,2.0,aggressive_learning_surface,089caf0e270e445bb06e54a63b74917d,5.605773947165581,0.01,context_space,unknown_year_us_presidential_election_candidate_winner,mutual_exclusion,,29839239030455345331935107628562858693253410752781588028421925645563808428122,09a75bd099eb44978f07aaa98075c886,8974d5d0b6fa3a73a0341fd3
0.0,0.809025,1778677210000,reentry,0.01,RESEARCH-ONLY — exploratory_trade_surface,a,0.0,2.0,aggressive_learning_surface,089caf0e270e445bb06e54a63b74917d,2.4721114922282994,0.01,context_space,unknown_year_us_presidential_election_candidate_winner,mutual_exclusion,,5154529759143354321965408580500124466061411864975031283027488892061050073342,f0921f4bc1a448088afb8bdf9b6bd681,a1a9cee718553a0ec1a80315
0.0,0.206025,1778677210000,reentry,0.01,RESEARCH-ONLY — exploratory_trade_surface,b,0.0,2.0,aggressive_learning_surface,089caf0e270e445bb06e54a63b74917d,9.707559762164786,0.01,context_space,unknown_year_us_presidential_election_candidate_winner,mutual_exclusion,,29839239030455345331935107628562858693253410752781588028421925645563808428122,741cd7b4634e43e69cc41696544b47eb,a1a9cee718553a0ec1a80315
0.0,0.809025,1778680810000,reentry,0.01,RESEARCH-ONLY — exploratory_trade_surface,a,0.0,2.0,aggressive_learning_surface,089caf0e270e445bb06e54a63b74917d,2.4721114922282994,0.01,context_space,unknown_year_us_presidential_election_candidate_winner,mutual_exclusion,,5154529759143354321965408580500124466061411864975031283027488892061050073342,af2e77fc679f407fb70bbb6edf955a29,a1a9cee718553a0ec1a80315
0.0,0.206025,1778680810000,reentry,0.01,RESEARCH-ONLY — exploratory_trade_surface,b,0.0,2.0,aggressive_learning_surface,089caf0e270e445bb06e54a63b74917d,9.707559762164786,0.01,context_space,unknown_year_us_presidential_election_candidate_winner,mutual_exclusion,,29839239030455345331935107628562858693253410752781588028421925645563808428122,3b8345f08e7b4cd09f6bd8010c84998a,a1a9cee718553a0ec1a80315
0.0,0.809025,1778684410000,reentry,0.01,RESEARCH-ONLY — exploratory_trade_surface,a,0.0,2.0,aggressive_learning_surface,089caf0e270e445bb06e54a63b74917d,2.4721114922282994,0.01,context_space,unknown_year_us_presidential_election_candidate_winner,mutual_exclusion,,5154529759143354321965408580500124466061411864975031283027488892061050073342,38f69f8fd58045b4b30ab197d8a18563,a1a9cee718553a0ec1a80315
0.0,0.206025,1778684410000,reentry,0.01,RESEARCH-ONLY — exploratory_trade_surface,b,0.0,2.0,aggressive_learning_surface,089caf0e270e445bb06e54a63b74917d,9.707559762164786,0.01,context_space,unknown_year_us_presidential_election_candidate_winner,mutual_exclusion,,29839239030455345331935107628562858693253410752781588028421925645563808428122,d39907691afa40e69c664755e22bbbf9,a1a9cee718553a0ec1a80315
0.0,0.809025,1778688010000,reentry,0.01,RESEARCH-ONLY — exploratory_trade_surface,a,0.0,2.0,aggressive_learning_surface,089caf0e270e445bb06e54a63b74917d,2.4721114922282994,0.01,context_space,unknown_year_us_presidential_election_candidate_winner,mutual_exclusion,,5154529759143354321965408580500124466061411864975031283027488892061050073342,1c31431249ed48e39671a32f12b053a7,a1a9cee718553a0ec1a80315
0.0,0.206025,1778688010000,reentry,0.01,RESEARCH-ONLY — exploratory_trade_surface,b,0.0,2.0,aggressive_learning_surface,089caf0e270e445bb06e54a63b74917d,9.707559762164786,0.01,context_space,unknown_year_us_presidential_election_candidate_winner,mutual_exclusion,,29839239030455345331935107628562858693253410752781588028421925645563808428122,8d8148f29c9c4476b62ba5c48e70e097,a1a9cee718553a0ec1a80315
0.0,0.809025,1778691610000,reentry,0.01,RESEARCH-ONLY — exploratory_trade_surface,a,0.0,2.0,aggressive_learning_surface,089caf0e270e445bb06e54a63b74917d,2.4721114922282994,0.01,context_space,unknown_year_us_presidential_election_candidate_winner,mutual_exclusion,,5154529759143354321965408580500124466061411864975031283027488892061050073342,bf67163b5e1c4343ba19c7956a6f4d6b,a1a9cee718553a0ec1a80315
0.0,0.206025,1778691610000,reentry,0.01,RESEARCH-ONLY — exploratory_trade_surface,b,0.0,2.0,aggressive_learning_surface,089caf0e270e445bb06e54a63b74917d,9.707559762164786,0.01,context_space,unknown_year_us_presidential_election_candidate_winner,mutual_exclusion,,29839239030455345331935107628562858693253410752781588028421925645563808428122,8f0fc771315e451ca0520e8da56e0b1e,a1a9cee718553a0ec1a80315
0.0,0.809025,1778695210000,reentry,0.01,RESEARCH-ONLY — exploratory_trade_surface,a,0.0,2.0,aggressive_learning_surface,089caf0e270e445bb06e54a63b74917d,2.4721114922282994,0.01,context_space,unknown_year_us_presidential_election_candidate_winner,mutual_exclusion,,5154529759143354321965408580500124466061411864975031283027488892061050073342,01f34d2361fe45a3876a2a4ca7118079,a1a9cee718553a0ec1a80315
0.0,0.206025,1778695210000,reentry,0.01,RESEARCH-ONLY — exploratory_trade_surface,b,0.0,2.0,aggressive_learning_surface,089caf0e270e445bb06e54a63b74917d,9.707559762164786,0.01,context_space,unknown_year_us_presidential_election_candidate_winner,mutual_exclusion,,29839239030455345331935107628562858693253410752781588028421925645563808428122,dcc57656e5924e1a9612fe111b6445f2,a1a9cee718553a0ec1a80315
0.0,0.809025,1778698810000,reentry,0.01,RESEARCH-ONLY — exploratory_trade_surface,a,0.0,2.0,aggressive_learning_surface,089caf0e270e445bb06e54a63b74917d,2.4721114922282994,0.01,context_space,unknown_year_us_presidential_election_candidate_winner,mutual_exclusion,,5154529759143354321965408580500124466061411864975031283027488892061050073342,9a63ad9bd18a4368a40ebf29502fcea5,a1a9cee718553a0ec1a80315
0.0,0.206025,1778698810000,reentry,0.01,RESEARCH-ONLY — exploratory_trade_surface,b,0.0,2.0,aggressive_learning_surface,089caf0e270e445bb06e54a63b74917d,9.707559762164786,0.01,context_space,unknown_year_us_presidential_election_candidate_winner,mutual_exclusion,,29839239030455345331935107628562858693253410752781588028421925645563808428122,5570a6af46eb468da7f2a1ae563206e6,a1a9cee718553a0ec1a80315
0.0,0.809025,1778702410000,reentry,0.01,RESEARCH-ONLY — exploratory_trade_surface,a,0.0,2.0,aggressive_learning_surface,089caf0e270e445bb06e54a63b74917d,2.4721114922282994,0.01,context_space,unknown_year_us_presidential_election_candidate_winner,mutual_exclusion,,5154529759143354321965408580500124466061411864975031283027488892061050073342,b2f4231d34f64a8c9d190e2a41356368,a1a9cee718553a0ec1a80315
0.0,0.206025,1778702410000,reentry,0.01,RESEARCH-ONLY — exploratory_trade_surface,b,0.0,2.0,aggressive_learning_surface,089caf0e270e445bb06e54a63b74917d,9.707559762164786,0.01,context_space,unknown_year_us_presidential_election_candidate_winner,mutual_exclusion,,29839239030455345331935107628562858693253410752781588028421925645563808428122,64846aa065f34e859f1f885397d2d9d6,a1a9cee718553a0ec1a80315
0.0,0.809025,1778706010000,reentry,0.01,RESEARCH-ONLY — exploratory_trade_surface,a,0.0,2.0,aggressive_learning_surface,089caf0e270e445bb06e54a63b74917d,2.4721114922282994,0.01,context_space,unknown_year_us_presidential_election_candidate_winner,mutual_exclusion,,5154529759143354321965408580500124466061411864975031283027488892061050073342,87dccf2090a44b40b336bfc4462158a9,a1a9cee718553a0ec1a80315
0.0,0.206025,1778706010000,reentry,0.01,RESEARCH-ONLY — exploratory_trade_surface,b,0.0,2.0,aggressive_learning_surface,089caf0e270e445bb06e54a63b74917d,9.707559762164786,0.01,context_space,unknown_year_us_presidential_election_candidate_winner,mutual_exclusion,,29839239030455345331935107628562858693253410752781588028421925645563808428122,ab6dac5ae1fd4789913e0fad89e67339,a1a9cee718553a0ec1a80315
0.0,0.809025,1778709610000,reentry,0.01,RESEARCH-ONLY — exploratory_trade_surface,a,0.0,2.0,aggressive_learning_surface,089caf0e270e445bb06e54a63b74917d,2.4721114922282994,0.01,context_space,unknown_year_us_presidential_election_candidate_winner,mutual_exclusion,,5154529759143354321965408580500124466061411864975031283027488892061050073342,4feb8f772bcc456387793d7439233a79,a1a9cee718553a0ec1a80315
0.0,0.206025,1778709610000,reentry,0.01,RESEARCH-ONLY — exploratory_trade_surface,b,0.0,2.0,aggressive_learning_surface,089caf0e270e445bb06e54a63b74917d,9.707559762164786,0.01,context_space,unknown_year_us_presidential_election_candidate_winner,mutual_exclusion,,29839239030455345331935107628562858693253410752781588028421925645563808428122,b6789583cf7b442684a6792471bdfe97,a1a9cee718553a0ec1a80315
0.0,0.809025,1778713210000,reentry,0.01,RESEARCH-ONLY — exploratory_trade_surface,a,0.0,2.0,aggressive_learning_surface,089caf0e270e445bb06e54a63b74917d,2.4721114922282994,0.01,context_space,unknown_year_us_presidential_election_candidate_winner,mutual_exclusion,,5154529759143354321965408580500124466061411864975031283027488892061050073342,e616dc344c864e65985a1428d1b0b32a,a1a9cee718553a0ec1a80315
0.0,0.206025,1778713210000,reentry,0.01,RESEARCH-ONLY — exploratory_trade_surface,b,0.0,2.0,aggressive_learning_surface,089caf0e270e445bb06e54a63b74917d,9.707559762164786,0.01,context_space,unknown_year_us_presidential_election_candidate_winner,mutual_exclusion,,29839239030455345331935107628562858693253410752781588028421925645563808428122,a3be58c1fd14442e92e90dfbd36f1694,a1a9cee718553a0ec1a80315
0.0,0.809025,1778716810000,reentry,0.01,RESEARCH-ONLY — exploratory_trade_surface,a,0.0,2.0,aggressive_learning_surface,089caf0e270e445bb06e54a63b74917d,2.4721114922282994,0.01,context_space,unknown_year_us_presidential_election_candidate_winner,mutual_exclusion,,5154529759143354321965408580500124466061411864975031283027488892061050073342,7e9eeb82672d4a15bfc58b3f687d55e6,a1a9cee718553a0ec1a80315
0.0,0.206025,1778716810000,reentry,0.01,RESEARCH-ONLY — exploratory_trade_surface,b,0.0,2.0,aggressive_learning_surface,089caf0e270e445bb06e54a63b74917d,9.707559762164786,0.01,context_space,unknown_year_us_presidential_election_candidate_winner,mutual_exclusion,,29839239030455345331935107628562858693253410752781588028421925645563808428122,85007a4de6ab4d3992ed018855b63453,a1a9cee718553a0ec1a80315
0.0,0.778875,1779012010000,reentry,0.01,RESEARCH-ONLY — exploratory_trade_surface,a,0.0,2.0,aggressive_learning_surface,089caf0e270e445bb06e54a63b74917d,2.5678061306371367,0.01,context_space,unknown_year_us_presidential_election_candidate_winner,mutual_exclusion,,5154529759143354321965408580500124466061411864975031283027488892061050073342,88718e21aa454e7cb70ee4a7e5d02441,5a21a758a06bcf575b6283b9
0.0,0.236175,1779012010000,reentry,0.01,RESEARCH-ONLY — exploratory_trade_surface,b,0.0,2.0,aggressive_learning_surface,089caf0e270e445bb06e54a63b74917d,8.468296813803324,0.01,context_space,unknown_year_us_presidential_election_candidate_winner,mutual_exclusion,,29839239030455345331935107628562858693253410752781588028421925645563808428122,3425589d97d143e58cb3a704eeb8a7c5,5a21a758a06bcf575b6283b9
0.0,0.778875,1779015610000,reentry,0.01,RESEARCH-ONLY — exploratory_trade_surface,a,0.0,2.0,aggressive_learning_surface,089caf0e270e445bb06e54a63b74917d,2.5678061306371367,0.01,context_space,unknown_year_us_presidential_election_candidate_winner,mutual_exclusion,,5154529759143354321965408580500124466061411864975031283027488892061050073342,bd224b639d94452b96232513b56d2b3a,5a21a758a06bcf575b6283b9
0.0,0.236175,1779015610000,reentry,0.01,RESEARCH-ONLY — exploratory_trade_surface,b,0.0,2.0,aggressive_learning_surface,089caf0e270e445bb06e54a63b74917d,8.468296813803324,0.01,context_space,unknown_year_us_presidential_election_candidate_winner,mutual_exclusion,,29839239030455345331935107628562858693253410752781588028421925645563808428122,3639b22a567442b9a0c11019540c3652,5a21a758a06bcf575b6283b9
0.0,0.7035,1753405206000,first,0.015,RESEARCH-ONLY — exploratory_trade_surface,a,0.005,2.0,aggressive_learning_surface,0b14f32acefb31b6de8901ae,2.8429282160625444,0.01,context_space,llm_hyp_540881_559651_temporal_ordering_pair,temporal,,109289569086508934142323222102974769075074494425163878721602922903101062859033,0220ddd9639c4ed89a4b9b1067098c8e,acd49abdd469c2038d4a24f7
0.0,0.316575,1753405206000,first,0.015,RESEARCH-ONLY — exploratory_trade_surface,b,0.005,2.0,aggressive_learning_surface,0b14f32acefb31b6de8901ae,6.317618257916766,0.01,context_space,llm_hyp_540881_559651_temporal_ordering_pair,temporal,,25659310674993675562345759665114759892400026242514633218387667107987341231962,4d93acf7b27242ce815d67ae005c41ac,acd49abdd469c2038d4a24f7
0.0,0.7035,1753408806000,reentry,0.015,RESEARCH-ONLY — exploratory_trade_surface,a,0.005,2.0,aggressive_learning_surface,0b14f32acefb31b6de8901ae,2.8429282160625444,0.01,context_space,llm_hyp_540881_559651_temporal_ordering_pair,temporal,,109289569086508934142323222102974769075074494425163878721602922903101062859033,a11a6d1d3979497cb9fb47092d722f3c,acd49abdd469c2038d4a24f7
0.0,0.316575,1753408806000,reentry,0.015,RESEARCH-ONLY — exploratory_trade_surface,b,0.005,2.0,aggressive_learning_surface,0b14f32acefb31b6de8901ae,6.317618257916766,0.01,context_space,llm_hyp_540881_559651_temporal_ordering_pair,temporal,,25659310674993675562345759665114759892400026242514633218387667107987341231962,5715c8ab5d21462287c28628ad5d05a2,acd49abdd469c2038d4a24f7
0.0,0.7035,1753412406000,reentry,0.015,RESEARCH-ONLY — exploratory_trade_surface,a,0.005,2.0,aggressive_learning_surface,0b14f32acefb31b6de8901ae,2.8429282160625444,0.01,context_space,llm_hyp_540881_559651_temporal_ordering_pair,temporal,,109289569086508934142323222102974769075074494425163878721602922903101062859033,ede12d43b5ad425cbb8d72cdc13282d4,acd49abdd469c2038d4a24f7
0.0,0.316575,1753412406000,reentry,0.015,RESEARCH-ONLY — exploratory_trade_surface,b,0.005,2.0,aggressive_learning_surface,0b14f32acefb31b6de8901ae,6.317618257916766,0.01,context_space,llm_hyp_540881_559651_temporal_ordering_pair,temporal,,25659310674993675562345759665114759892400026242514633218387667107987341231962,b6b9132dbf5f4f1badaf9eeeaa5a782e,acd49abdd469c2038d4a24f7
0.0,0.7035,1753416006000,reentry,0.015,RESEARCH-ONLY — exploratory_trade_surface,a,0.005,2.0,aggressive_learning_surface,0b14f32acefb31b6de8901ae,2.8429282160625444,0.01,context_space,llm_hyp_540881_559651_temporal_ordering_pair,temporal,,109289569086508934142323222102974769075074494425163878721602922903101062859033,8c6efe5959204210aacc705357606256,acd49abdd469c2038d4a24f7
0.0,0.316575,1753416006000,reentry,0.015,RESEARCH-ONLY — exploratory_trade_surface,b,0.005,2.0,aggressive_learning_surface,0b14f32acefb31b6de8901ae,6.317618257916766,0.01,context_space,llm_hyp_540881_559651_temporal_ordering_pair,temporal,,25659310674993675562345759665114759892400026242514633218387667107987341231962,81f93b7f8dc540828c2df23c7fbc0d71,acd49abdd469c2038d4a24f7
0.0,0.7035,1753419606000,reentry,0.015,RESEARCH-ONLY — exploratory_trade_surface,a,0.005,2.0,aggressive_learning_surface,0b14f32acefb31b6de8901ae,2.8429282160625444,0.01,context_space,llm_hyp_540881_559651_temporal_ordering_pair,temporal,,109289569086508934142323222102974769075074494425163878721602922903101062859033,052fdf9d5ca9412f8d4abe16dc2db8c2,acd49abdd469c2038d4a24f7
0.0,0.316575,1753419606000,reentry,0.015,RESEARCH-ONLY — exploratory_trade_surface,b,0.005,2.0,aggressive_learning_surface,0b14f32acefb31b6de8901ae,6.317618257916766,0.01,context_space,llm_hyp_540881_559651_temporal_ordering_pair,temporal,,25659310674993675562345759665114759892400026242514633218387667107987341231962,b77845ec06064b2fb56d7401c673b04b,acd49abdd469c2038d4a24f7
0.0,0.7035,1753423206000,reentry,0.015,RESEARCH-ONLY — exploratory_trade_surface,a,0.005,2.0,aggressive_learning_surface,0b14f32acefb31b6de8901ae,2.8429282160625444,0.01,context_space,llm_hyp_540881_559651_temporal_ordering_pair,temporal,,109289569086508934142323222102974769075074494425163878721602922903101062859033,67237775a22e469e98e7d8495d5d95a9,acd49abdd469c2038d4a24f7
0.0,0.316575,1753423206000,reentry,0.015,RESEARCH-ONLY — exploratory_trade_surface,b,0.005,2.0,aggressive_learning_surface,0b14f32acefb31b6de8901ae,6.317618257916766,0.01,context_space,llm_hyp_540881_559651_temporal_ordering_pair,temporal,,25659310674993675562345759665114759892400026242514633218387667107987341231962,731f226d058746f297597fac7a49ad94,acd49abdd469c2038d4a24f7
0.0,0.7035,1753426806000,reentry,0.015,RESEARCH-ONLY — exploratory_trade_surface,a,0.005,2.0,aggressive_learning_surface,0b14f32acefb31b6de8901ae,2.8429282160625444,0.01,context_space,llm_hyp_540881_559651_temporal_ordering_pair,temporal,,109289569086508934142323222102974769075074494425163878721602922903101062859033,b65b8c00b16c42988591efd0e902e0af,acd49abdd469c2038d4a24f7
0.0,0.316575,1753426806000,reentry,0.015,RESEARCH-ONLY — exploratory_trade_surface,b,0.005,2.0,aggressive_learning_surface,0b14f32acefb31b6de8901ae,6.317618257916766,0.01,context_space,llm_hyp_540881_559651_temporal_ordering_pair,temporal,,25659310674993675562345759665114759892400026242514633218387667107987341231962,2215d38cb5f845689f736c6368110767,acd49abdd469c2038d4a24f7
0.0,0.7035,1753430406000,reentry,0.015,RESEARCH-ONLY — exploratory_trade_surface,a,0.005,2.0,aggressive_learning_surface,0b14f32acefb31b6de8901ae,2.8429282160625444,0.01,context_space,llm_hyp_540881_559651_temporal_ordering_pair,temporal,,109289569086508934142323222102974769075074494425163878721602922903101062859033,543f1074ca3e459985380dd89e3334f7,acd49abdd469c2038d4a24f7
0.0,0.316575,1753430406000,reentry,0.015,RESEARCH-ONLY — exploratory_trade_surface,b,0.005,2.0,aggressive_learning_surface,0b14f32acefb31b6de8901ae,6.317618257916766,0.01,context_space,llm_hyp_540881_559651_temporal_ordering_pair,temporal,,25659310674993675562345759665114759892400026242514633218387667107987341231962,c713184c716147beac5275d6f18c244a,acd49abdd469c2038d4a24f7
0.0,0.7035,1753434006000,reentry,0.015,RESEARCH-ONLY — exploratory_trade_surface,a,0.005,2.0,aggressive_learning_surface,0b14f32acefb31b6de8901ae,2.8429282160625444,0.01,context_space,llm_hyp_540881_559651_temporal_ordering_pair,temporal,,109289569086508934142323222102974769075074494425163878721602922903101062859033,8e7807fea88143b7b12f0913189df3bc,acd49abdd469c2038d4a24f7
0.0,0.316575,1753434006000,reentry,0.015,RESEARCH-ONLY — exploratory_trade_surface,b,0.005,2.0,aggressive_learning_surface,0b14f32acefb31b6de8901ae,6.317618257916766,0.01,context_space,llm_hyp_540881_559651_temporal_ordering_pair,temporal,,25659310674993675562345759665114759892400026242514633218387667107987341231962,9497559106654cb2af8b4614f2b38827,acd49abdd469c2038d4a24f7
0.0,0.7035,1753437606000,reentry,0.015,RESEARCH-ONLY — exploratory_trade_surface,a,0.005,2.0,aggressive_learning_surface,0b14f32acefb31b6de8901ae,2.8429282160625444,0.01,context_space,llm_hyp_540881_559651_temporal_ordering_pair,temporal,,109289569086508934142323222102974769075074494425163878721602922903101062859033,d4d422ef0be24408894f8755e06b66b7,acd49abdd469c2038d4a24f7
0.0,0.316575,1753437606000,reentry,0.015,RESEARCH-ONLY — exploratory_trade_surface,b,0.005,2.0,aggressive_learning_surface,0b14f32acefb31b6de8901ae,6.317618257916766,0.01,context_space,llm_hyp_540881_559651_temporal_ordering_pair,temporal,,25659310674993675562345759665114759892400026242514633218387667107987341231962,77fc3f63fb1d46b99528291d4770f56b,acd49abdd469c2038d4a24f7
0.0,0.7035,1753441206000,reentry,0.015,RESEARCH-ONLY — exploratory_trade_surface,a,0.005,2.0,aggressive_learning_surface,0b14f32acefb31b6de8901ae,2.8429282160625444,0.01,context_space,llm_hyp_540881_559651_temporal_ordering_pair,temporal,,109289569086508934142323222102974769075074494425163878721602922903101062859033,d127eb139c9f406da785d6c305b61f7a,acd49abdd469c2038d4a24f7
0.0,0.316575,1753441206000,reentry,0.015,RESEARCH-ONLY — exploratory_trade_surface,b,0.005,2.0,aggressive_learning_surface,0b14f32acefb31b6de8901ae,6.317618257916766,0.01,context_space,llm_hyp_540881_559651_temporal_ordering_pair,temporal,,25659310674993675562345759665114759892400026242514633218387667107987341231962,7ffdf93569a547c1b303e3677b662a27,acd49abdd469c2038d4a24f7
0.0,0.7035,1753444806000,reentry,0.015,RESEARCH-ONLY — exploratory_trade_surface,a,0.005,2.0,aggressive_learning_surface,0b14f32acefb31b6de8901ae,2.8429282160625444,0.01,context_space,llm_hyp_540881_559651_temporal_ordering_pair,temporal,,109289569086508934142323222102974769075074494425163878721602922903101062859033,e613036d4a7a44e0b77e91d2d5cf009d,acd49abdd469c2038d4a24f7
0.0,0.316575,1753444806000,reentry,0.015,RESEARCH-ONLY — exploratory_trade_surface,b,0.005,2.0,aggressive_learning_surface,0b14f32acefb31b6de8901ae,6.317618257916766,0.01,context_space,llm_hyp_540881_559651_temporal_ordering_pair,temporal,,25659310674993675562345759665114759892400026242514633218387667107987341231962,a262681e27864d3483af4c0361e04f60,acd49abdd469c2038d4a24f7
0.0,0.7035,1753448406000,reentry,0.035,RESEARCH-ONLY — exploratory_trade_surface,a,0.025,2.0,aggressive_learning_surface,0b14f32acefb31b6de8901ae,2.8429282160625444,0.01,context_space,llm_hyp_540881_559651_temporal_ordering_pair,temporal,,109289569086508934142323222102974769075074494425163878721602922903101062859033,8e74261f141a43c4a22848aaa19e7d31,acd49abdd469c2038d4a24f7
0.0,0.336675,1753448406000,reentry,0.035,RESEARCH-ONLY — exploratory_trade_surface,b,0.025,2.0,aggressive_learning_surface,0b14f32acefb31b6de8901ae,5.940447018638152,0.01,context_space,llm_hyp_540881_559651_temporal_ordering_pair,temporal,,25659310674993675562345759665114759892400026242514633218387667107987341231962,fafcbb5ce7d1441a9ac81bd4b18c66bd,acd49abdd469c2038d4a24f7
0.0,0.7035,1753452006000,reentry,0.035,RESEARCH-ONLY — exploratory_trade_surface,a,0.025,2.0,aggressive_learning_surface,0b14f32acefb31b6de8901ae,2.8429282160625444,0.01,context_space,llm_hyp_540881_559651_temporal_ordering_pair,temporal,,109289569086508934142323222102974769075074494425163878721602922903101062859033,0ede0d28edc74075852c0898e3f4e689,acd49abdd469c2038d4a24f7
0.0,0.336675,1753452006000,reentry,0.035,RESEARCH-ONLY — exploratory_trade_surface,b,0.025,2.0,aggressive_learning_surface,0b14f32acefb31b6de8901ae,5.940447018638152,0.01,context_space,llm_hyp_540881_559651_temporal_ordering_pair,temporal,,25659310674993675562345759665114759892400026242514633218387667107987341231962,ee1ac75c7ab3467ab5612cb5ade737c4,acd49abdd469c2038d4a24f7
0.0,0.7035,1753455606000,reentry,0.035,RESEARCH-ONLY — exploratory_trade_surface,a,0.025,2.0,aggressive_learning_surface,0b14f32acefb31b6de8901ae,2.8429282160625444,0.01,context_space,llm_hyp_540881_559651_temporal_ordering_pair,temporal,,109289569086508934142323222102974769075074494425163878721602922903101062859033,07b504f2c58242d8b6faddb735ce7690,acd49abdd469c2038d4a24f7
0.0,0.336675,1753455606000,reentry,0.035,RESEARCH-ONLY — exploratory_trade_surface,b,0.025,2.0,aggressive_learning_surface,0b14f32acefb31b6de8901ae,5.940447018638152,0.01,context_space,llm_hyp_540881_559651_temporal_ordering_pair,temporal,,25659310674993675562345759665114759892400026242514633218387667107987341231962,37b67a0e4bae40538f2de6de47280559,acd49abdd469c2038d4a24f7
0.0,0.7035,1753459206000,reentry,0.035,RESEARCH-ONLY — exploratory_trade_surface,a,0.025,2.0,aggressive_learning_surface,0b14f32acefb31b6de8901ae,2.8429282160625444,0.01,context_space,llm_hyp_540881_559651_temporal_ordering_pair,temporal,,109289569086508934142323222102974769075074494425163878721602922903101062859033,b54d847054b74566ae8efd794bc96713,acd49abdd469c2038d4a24f7
0.0,0.336675,1753459206000,reentry,0.035,RESEARCH-ONLY — exploratory_trade_surface,b,0.025,2.0,aggressive_learning_surface,0b14f32acefb31b6de8901ae,5.940447018638152,0.01,context_space,llm_hyp_540881_559651_temporal_ordering_pair,temporal,,25659310674993675562345759665114759892400026242514633218387667107987341231962,76c61b17d2f646cdb3134ae5736e6553,acd49abdd469c2038d4a24f7
0.0,0.7035,1753462806000,reentry,0.035,RESEARCH-ONLY — exploratory_trade_surface,a,0.025,2.0,aggressive_learning_surface,0b14f32acefb31b6de8901ae,2.8429282160625444,0.01,context_space,llm_hyp_540881_559651_temporal_ordering_pair,temporal,,109289569086508934142323222102974769075074494425163878721602922903101062859033,7b6a1401aacd449bbaa713da72c6d7df,acd49abdd469c2038d4a24f7
0.0,0.336675,1753462806000,reentry,0.035,RESEARCH-ONLY — exploratory_trade_surface,b,0.025,2.0,aggressive_learning_surface,0b14f32acefb31b6de8901ae,5.940447018638152,0.01,context_space,llm_hyp_540881_559651_temporal_ordering_pair,temporal,,25659310674993675562345759665114759892400026242514633218387667107987341231962,eb4c0f1352494c2798237fd0ba6e3fd4,acd49abdd469c2038d4a24f7
0.0,0.7035,1753466406000,reentry,0.035,RESEARCH-ONLY — exploratory_trade_surface,a,0.025,2.0,aggressive_learning_surface,0b14f32acefb31b6de8901ae,2.8429282160625444,0.01,context_space,llm_hyp_540881_559651_temporal_ordering_pair,temporal,,109289569086508934142323222102974769075074494425163878721602922903101062859033,a497d68172ef493489af482996cb5171,acd49abdd469c2038d4a24f7
0.0,0.336675,1753466406000,reentry,0.035,RESEARCH-ONLY — exploratory_trade_surface,b,0.025,2.0,aggressive_learning_surface,0b14f32acefb31b6de8901ae,5.940447018638152,0.01,context_space,llm_hyp_540881_559651_temporal_ordering_pair,temporal,,25659310674993675562345759665114759892400026242514633218387667107987341231962,0c72a550b0cb4de38f042b5e7af3811c,acd49abdd469c2038d4a24f7
0.0,0.7035,1753470006000,reentry,0.035,RESEARCH-ONLY — exploratory_trade_surface,a,0.025,2.0,aggressive_learning_surface,0b14f32acefb31b6de8901ae,2.8429282160625444,0.01,context_space,llm_hyp_540881_559651_temporal_ordering_pair,temporal,,109289569086508934142323222102974769075074494425163878721602922903101062859033,e65217f8226a42b68d9a45f3030e900f,acd49abdd469c2038d4a24f7
0.0,0.336675,1753470006000,reentry,0.035,RESEARCH-ONLY — exploratory_trade_surface,b,0.025,2.0,aggressive_learning_surface,0b14f32acefb31b6de8901ae,5.940447018638152,0.01,context_space,llm_hyp_540881_559651_temporal_ordering_pair,temporal,,25659310674993675562345759665114759892400026242514633218387667107987341231962,6aea0274e55f4e82acbbee3956f3d4a0,acd49abdd469c2038d4a24f7
0.0,0.7035,1753473606000,reentry,0.035,RESEARCH-ONLY — exploratory_trade_surface,a,0.025,2.0,aggressive_learning_surface,0b14f32acefb31b6de8901ae,2.8429282160625444,0.01,context_space,llm_hyp_540881_559651_temporal_ordering_pair,temporal,,109289569086508934142323222102974769075074494425163878721602922903101062859033,76e9bbbf94de48b98fd2ee3528fbbd6f,acd49abdd469c2038d4a24f7
0.0,0.336675,1753473606000,reentry,0.035,RESEARCH-ONLY — exploratory_trade_surface,b,0.025,2.0,aggressive_learning_surface,0b14f32acefb31b6de8901ae,5.940447018638152,0.01,context_space,llm_hyp_540881_559651_temporal_ordering_pair,temporal,,25659310674993675562345759665114759892400026242514633218387667107987341231962,a310bbd08d15498ebc387d7a29ee33d6,acd49abdd469c2038d4a24f7
0.0,0.7035,1753477206000,reentry,0.035,RESEARCH-ONLY — exploratory_trade_surface,a,0.025,2.0,aggressive_learning_surface,0b14f32acefb31b6de8901ae,2.8429282160625444,0.01,context_space,llm_hyp_540881_559651_temporal_ordering_pair,temporal,,109289569086508934142323222102974769075074494425163878721602922903101062859033,765c52b618344400b0dc86bc6c37ce94,acd49abdd469c2038d4a24f7
0.0,0.336675,1753477206000,reentry,0.035,RESEARCH-ONLY — exploratory_trade_surface,b,0.025,2.0,aggressive_learning_surface,0b14f32acefb31b6de8901ae,5.940447018638152,0.01,context_space,llm_hyp_540881_559651_temporal_ordering_pair,temporal,,25659310674993675562345759665114759892400026242514633218387667107987341231962,4943a2bfea6543cfb05d3b0359d48433,acd49abdd469c2038d4a24f7
0.0,0.7035,1753480806000,reentry,0.035,RESEARCH-ONLY — exploratory_trade_surface,a,0.025,2.0,aggressive_learning_surface,0b14f32acefb31b6de8901ae,2.8429282160625444,0.01,context_space,llm_hyp_540881_559651_temporal_ordering_pair,temporal,,109289569086508934142323222102974769075074494425163878721602922903101062859033,f50ac5bdcbd94e2d981842d374ef3dac,acd49abdd469c2038d4a24f7
0.0,0.336675,1753480806000,reentry,0.035,RESEARCH-ONLY — exploratory_trade_surface,b,0.025,2.0,aggressive_learning_surface,0b14f32acefb31b6de8901ae,5.940447018638152,0.01,context_space,llm_hyp_540881_559651_temporal_ordering_pair,temporal,,25659310674993675562345759665114759892400026242514633218387667107987341231962,27cf75a25b984b0b85ce6edfdfabbc7d,acd49abdd469c2038d4a24f7
0.0,0.7035,1753484406000,reentry,0.035,RESEARCH-ONLY — exploratory_trade_surface,a,0.025,2.0,aggressive_learning_surface,0b14f32acefb31b6de8901ae,2.8429282160625444,0.01,context_space,llm_hyp_540881_559651_temporal_ordering_pair,temporal,,109289569086508934142323222102974769075074494425163878721602922903101062859033,69440059600b420d8333df357de35bb0,acd49abdd469c2038d4a24f7
0.0,0.336675,1753484406000,reentry,0.035,RESEARCH-ONLY — exploratory_trade_surface,b,0.025,2.0,aggressive_learning_surface,0b14f32acefb31b6de8901ae,5.940447018638152,0.01,context_space,llm_hyp_540881_559651_temporal_ordering_pair,temporal,,25659310674993675562345759665114759892400026242514633218387667107987341231962,5e60fa7046504a4ca9d406287ce27846,acd49abdd469c2038d4a24f7
0.0,0.7035,1753488006000,reentry,0.035,RESEARCH-ONLY — exploratory_trade_surface,a,0.025,2.0,aggressive_learning_surface,0b14f32acefb31b6de8901ae,2.8429282160625444,0.01,context_space,llm_hyp_540881_559651_temporal_ordering_pair,temporal,,109289569086508934142323222102974769075074494425163878721602922903101062859033,eb5646cfeafe489481fb7554e165d995,acd49abdd469c2038d4a24f7
0.0,0.336675,1753488006000,reentry,0.035,RESEARCH-ONLY — exploratory_trade_surface,b,0.025,2.0,aggressive_learning_surface,0b14f32acefb31b6de8901ae,5.940447018638152,0.01,context_space,llm_hyp_540881_559651_temporal_ordering_pair,temporal,,25659310674993675562345759665114759892400026242514633218387667107987341231962,097c6e4f9efc47deb502ab1b93a323cf,acd49abdd469c2038d4a24f7
0.0,0.7035,1753491606000,reentry,0.025,RESEARCH-ONLY — exploratory_trade_surface,a,0.015,2.0,aggressive_learning_surface,0b14f32acefb31b6de8901ae,2.8429282160625444,0.01,context_space,llm_hyp_540881_559651_temporal_ordering_pair,temporal,,109289569086508934142323222102974769075074494425163878721602922903101062859033,e3b1e568382d4ec9ae12e6620740021a,acd49abdd469c2038d4a24f7
0.0,0.326625,1753491606000,reentry,0.025,RESEARCH-ONLY — exploratory_trade_surface,b,0.015,2.0,aggressive_learning_surface,0b14f32acefb31b6de8901ae,6.123230003827019,0.01,context_space,llm_hyp_540881_559651_temporal_ordering_pair,temporal,,25659310674993675562345759665114759892400026242514633218387667107987341231962,acb2a6aa63a745d9be62268227efa610,acd49abdd469c2038d4a24f7
0.0,0.7035,1753495206000,reentry,0.025,RESEARCH-ONLY — exploratory_trade_surface,a,0.015,2.0,aggressive_learning_surface,0b14f32acefb31b6de8901ae,2.8429282160625444,0.01,context_space,llm_hyp_540881_559651_temporal_ordering_pair,temporal,,109289569086508934142323222102974769075074494425163878721602922903101062859033,cdfda9456cbf41cfa24f837a42ec5e57,acd49abdd469c2038d4a24f7
0.0,0.326625,1753495206000,reentry,0.025,RESEARCH-ONLY — exploratory_trade_surface,b,0.015,2.0,aggressive_learning_surface,0b14f32acefb31b6de8901ae,6.123230003827019,0.01,context_space,llm_hyp_540881_559651_temporal_ordering_pair,temporal,,25659310674993675562345759665114759892400026242514633218387667107987341231962,263d0949480442978f5013827dbf73c6,acd49abdd469c2038d4a24f7
0.0,0.7035,1753498806000,reentry,0.025,RESEARCH-ONLY — exploratory_trade_surface,a,0.015,2.0,aggressive_learning_surface,0b14f32acefb31b6de8901ae,2.8429282160625444,0.01,context_space,llm_hyp_540881_559651_temporal_ordering_pair,temporal,,109289569086508934142323222102974769075074494425163878721602922903101062859033,07e5e71e140d4f6090184bf491dd2455,acd49abdd469c2038d4a24f7
0.0,0.326625,1753498806000,reentry,0.025,RESEARCH-ONLY — exploratory_trade_surface,b,0.015,2.0,aggressive_learning_surface,0b14f32acefb31b6de8901ae,6.123230003827019,0.01,context_space,llm_hyp_540881_559651_temporal_ordering_pair,temporal,,25659310674993675562345759665114759892400026242514633218387667107987341231962,82e831b445034f4982feefbd9ff65c19,acd49abdd469c2038d4a24f7
0.0,0.7035,1753502406000,reentry,0.025,RESEARCH-ONLY — exploratory_trade_surface,a,0.015,2.0,aggressive_learning_surface,0b14f32acefb31b6de8901ae,2.8429282160625444,0.01,context_space,llm_hyp_540881_559651_temporal_ordering_pair,temporal,,109289569086508934142323222102974769075074494425163878721602922903101062859033,195f0925936d4334a66361b738193336,acd49abdd469c2038d4a24f7
0.0,0.326625,1753502406000,reentry,0.025,RESEARCH-ONLY — exploratory_trade_surface,b,0.015,2.0,aggressive_learning_surface,0b14f32acefb31b6de8901ae,6.123230003827019,0.01,context_space,llm_hyp_540881_559651_temporal_ordering_pair,temporal,,25659310674993675562345759665114759892400026242514633218387667107987341231962,4b7f8bdc7b0c438fa902733e6ff6636e,acd49abdd469c2038d4a24f7
0.0,0.7035,1753506006000,reentry,0.025,RESEARCH-ONLY — exploratory_trade_surface,a,0.015,2.0,aggressive_learning_surface,0b14f32acefb31b6de8901ae,2.8429282160625444,0.01,context_space,llm_hyp_540881_559651_temporal_ordering_pair,temporal,,109289569086508934142323222102974769075074494425163878721602922903101062859033,dfc1594284d84ecabc451c375ba9eefd,acd49abdd469c2038d4a24f7
0.0,0.326625,1753506006000,reentry,0.025,RESEARCH-ONLY — exploratory_trade_surface,b,0.015,2.0,aggressive_learning_surface,0b14f32acefb31b6de8901ae,6.123230003827019,0.01,context_space,llm_hyp_540881_559651_temporal_ordering_pair,temporal,,25659310674993675562345759665114759892400026242514633218387667107987341231962,1d3ef3ba51ef40ea8fe2ec10267bf1c0,acd49abdd469c2038d4a24f7
0.0,0.7035,1753509606000,reentry,0.025,RESEARCH-ONLY — exploratory_trade_surface,a,0.015,2.0,aggressive_learning_surface,0b14f32acefb31b6de8901ae,2.8429282160625444,0.01,context_space,llm_hyp_540881_559651_temporal_ordering_pair,temporal,,109289569086508934142323222102974769075074494425163878721602922903101062859033,94d8f1ef2a4844ddbbc0cf14efb3a783,acd49abdd469c2038d4a24f7
0.0,0.326625,1753509606000,reentry,0.025,RESEARCH-ONLY — exploratory_trade_surface,b,0.015,2.0,aggressive_learning_surface,0b14f32acefb31b6de8901ae,6.123230003827019,0.01,context_space,llm_hyp_540881_559651_temporal_ordering_pair,temporal,,25659310674993675562345759665114759892400026242514633218387667107987341231962,55f45baabb19450a818a49588f9cf90b,acd49abdd469c2038d4a24f7
0.0,0.7035,1753513206000,reentry,0.025,RESEARCH-ONLY — exploratory_trade_surface,a,0.015,2.0,aggressive_learning_surface,0b14f32acefb31b6de8901ae,2.8429282160625444,0.01,context_space,llm_hyp_540881_559651_temporal_ordering_pair,temporal,,109289569086508934142323222102974769075074494425163878721602922903101062859033,2ca1009ad20f463aaefcfdae8c8d847d,acd49abdd469c2038d4a24f7
0.0,0.326625,1753513206000,reentry,0.025,RESEARCH-ONLY — exploratory_trade_surface,b,0.015,2.0,aggressive_learning_surface,0b14f32acefb31b6de8901ae,6.123230003827019,0.01,context_space,llm_hyp_540881_559651_temporal_ordering_pair,temporal,,25659310674993675562345759665114759892400026242514633218387667107987341231962,8c99c6eda02e4c1bb1a0683d64544980,acd49abdd469c2038d4a24f7
0.0,0.7035,1753516806000,reentry,0.025,RESEARCH-ONLY — exploratory_trade_surface,a,0.015,2.0,aggressive_learning_surface,0b14f32acefb31b6de8901ae,2.8429282160625444,0.01,context_space,llm_hyp_540881_559651_temporal_ordering_pair,temporal,,109289569086508934142323222102974769075074494425163878721602922903101062859033,8f6ff30de82b4c6e902e635387a89d70,acd49abdd469c2038d4a24f7
0.0,0.326625,1753516806000,reentry,0.025,RESEARCH-ONLY — exploratory_trade_surface,b,0.015,2.0,aggressive_learning_surface,0b14f32acefb31b6de8901ae,6.123230003827019,0.01,context_space,llm_hyp_540881_559651_temporal_ordering_pair,temporal,,25659310674993675562345759665114759892400026242514633218387667107987341231962,25f5267aaf82469db2a1cddce1b5a221,acd49abdd469c2038d4a24f7
0.0,0.7035,1753520406000,reentry,0.025,RESEARCH-ONLY — exploratory_trade_surface,a,0.015,2.0,aggressive_learning_surface,0b14f32acefb31b6de8901ae,2.8429282160625444,0.01,context_space,llm_hyp_540881_559651_temporal_ordering_pair,temporal,,109289569086508934142323222102974769075074494425163878721602922903101062859033,c33e8801ce784913b0e65ef483c16465,acd49abdd469c2038d4a24f7
0.0,0.326625,1753520406000,reentry,0.025,RESEARCH-ONLY — exploratory_trade_surface,b,0.015,2.0,aggressive_learning_surface,0b14f32acefb31b6de8901ae,6.123230003827019,0.01,context_space,llm_hyp_540881_559651_temporal_ordering_pair,temporal,,25659310674993675562345759665114759892400026242514633218387667107987341231962,240ac06fc40e4da7930c16b895c75816,acd49abdd469c2038d4a24f7
0.0,0.7035,1753524006000,reentry,0.025,RESEARCH-ONLY — exploratory_trade_surface,a,0.015,2.0,aggressive_learning_surface,0b14f32acefb31b6de8901ae,2.8429282160625444,0.01,context_space,llm_hyp_540881_559651_temporal_ordering_pair,temporal,,109289569086508934142323222102974769075074494425163878721602922903101062859033,517a294ee18d472cb8193aa105209e5e,acd49abdd469c2038d4a24f7
0.0,0.326625,1753524006000,reentry,0.025,RESEARCH-ONLY — exploratory_trade_surface,b,0.015,2.0,aggressive_learning_surface,0b14f32acefb31b6de8901ae,6.123230003827019,0.01,context_space,llm_hyp_540881_559651_temporal_ordering_pair,temporal,,25659310674993675562345759665114759892400026242514633218387667107987341231962,e14dc10712f94df391a83f2baaf9ec8b,acd49abdd469c2038d4a24f7
0.0,0.7035,1753527606000,reentry,0.025,RESEARCH-ONLY — exploratory_trade_surface,a,0.015,2.0,aggressive_learning_surface,0b14f32acefb31b6de8901ae,2.8429282160625444,0.01,context_space,llm_hyp_540881_559651_temporal_ordering_pair,temporal,,109289569086508934142323222102974769075074494425163878721602922903101062859033,d947cc2cf63f47c69ddd06684f3f3b4b,acd49abdd469c2038d4a24f7
0.0,0.326625,1753527606000,reentry,0.025,RESEARCH-ONLY — exploratory_trade_surface,b,0.015,2.0,aggressive_learning_surface,0b14f32acefb31b6de8901ae,6.123230003827019,0.01,context_space,llm_hyp_540881_559651_temporal_ordering_pair,temporal,,25659310674993675562345759665114759892400026242514633218387667107987341231962,32fea21e60bc4ae7945b99228e4d6616,acd49abdd469c2038d4a24f7
0.0,0.7035,1753531206000,reentry,0.025,RESEARCH-ONLY — exploratory_trade_surface,a,0.015,2.0,aggressive_learning_surface,0b14f32acefb31b6de8901ae,2.8429282160625444,0.01,context_space,llm_hyp_540881_559651_temporal_ordering_pair,temporal,,109289569086508934142323222102974769075074494425163878721602922903101062859033,6c5f0f63822c42a38b3d2ce6bd10f725,acd49abdd469c2038d4a24f7
0.0,0.326625,1753531206000,reentry,0.025,RESEARCH-ONLY — exploratory_trade_surface,b,0.015,2.0,aggressive_learning_surface,0b14f32acefb31b6de8901ae,6.123230003827019,0.01,context_space,llm_hyp_540881_559651_temporal_ordering_pair,temporal,,25659310674993675562345759665114759892400026242514633218387667107987341231962,2c4d96a427d244a5ba604c4bfb76bf9b,acd49abdd469c2038d4a24f7
0.0,0.7035,1753534806000,reentry,0.02,RESEARCH-ONLY — exploratory_trade_surface,a,0.01,2.0,aggressive_learning_surface,0b14f32acefb31b6de8901ae,2.8429282160625444,0.01,context_space,llm_hyp_540881_559651_temporal_ordering_pair,temporal,,109289569086508934142323222102974769075074494425163878721602922903101062859033,e847dff8441d4f498dbd329d48aacb5f,acd49abdd469c2038d4a24f7
0.0,0.3216,1753534806000,reentry,0.02,RESEARCH-ONLY — exploratory_trade_surface,b,0.01,2.0,aggressive_learning_surface,0b14f32acefb31b6de8901ae,6.218905472636816,0.01,context_space,llm_hyp_540881_559651_temporal_ordering_pair,temporal,,25659310674993675562345759665114759892400026242514633218387667107987341231962,b114b316418f42c8a2ccf6c50c6084d4,acd49abdd469c2038d4a24f7
0.0,0.7035,1753538406000,reentry,0.02,RESEARCH-ONLY — exploratory_trade_surface,a,0.01,2.0,aggressive_learning_surface,0b14f32acefb31b6de8901ae,2.8429282160625444,0.01,context_space,llm_hyp_540881_559651_temporal_ordering_pair,temporal,,109289569086508934142323222102974769075074494425163878721602922903101062859033,d77e10ddd60b4f17bcf89abdf9ad6236,acd49abdd469c2038d4a24f7
0.0,0.3216,1753538406000,reentry,0.02,RESEARCH-ONLY — exploratory_trade_surface,b,0.01,2.0,aggressive_learning_surface,0b14f32acefb31b6de8901ae,6.218905472636816,0.01,context_space,llm_hyp_540881_559651_temporal_ordering_pair,temporal,,25659310674993675562345759665114759892400026242514633218387667107987341231962,3bd07b7f78a9443b9444b35b3a2c767d,acd49abdd469c2038d4a24f7
0.0,0.7035,1753542006000,reentry,0.02,RESEARCH-ONLY — exploratory_trade_surface,a,0.01,2.0,aggressive_learning_surface,0b14f32acefb31b6de8901ae,2.8429282160625444,0.01,context_space,llm_hyp_540881_559651_temporal_ordering_pair,temporal,,109289569086508934142323222102974769075074494425163878721602922903101062859033,8ca00e45d3ef41c3a1d2218ee6415617,acd49abdd469c2038d4a24f7
0.0,0.3216,1753542006000,reentry,0.02,RESEARCH-ONLY — exploratory_trade_surface,b,0.01,2.0,aggressive_learning_surface,0b14f32acefb31b6de8901ae,6.218905472636816,0.01,context_space,llm_hyp_540881_559651_temporal_ordering_pair,temporal,,25659310674993675562345759665114759892400026242514633218387667107987341231962,01ea15c97fdc40b4a68b44c3cb9ad8d5,acd49abdd469c2038d4a24f7
0.0,0.7035,1753545606000,reentry,0.02,RESEARCH-ONLY — exploratory_trade_surface,a,0.01,2.0,aggressive_learning_surface,0b14f32acefb31b6de8901ae,2.8429282160625444,0.01,context_space,llm_hyp_540881_559651_temporal_ordering_pair,temporal,,109289569086508934142323222102974769075074494425163878721602922903101062859033,2afafc5b76e04a368e56f0bb219c3814,acd49abdd469c2038d4a24f7
0.0,0.3216,1753545606000,reentry,0.02,RESEARCH-ONLY — exploratory_trade_surface,b,0.01,2.0,aggressive_learning_surface,0b14f32acefb31b6de8901ae,6.218905472636816,0.01,context_space,llm_hyp_540881_559651_temporal_ordering_pair,temporal,,25659310674993675562345759665114759892400026242514633218387667107987341231962,137d42fd31fc45b69e573459d0e733a3,acd49abdd469c2038d4a24f7
0.0,0.7035,1753549206000,reentry,0.02,RESEARCH-ONLY — exploratory_trade_surface,a,0.01,2.0,aggressive_learning_surface,0b14f32acefb31b6de8901ae,2.8429282160625444,0.01,context_space,llm_hyp_540881_559651_temporal_ordering_pair,temporal,,109289569086508934142323222102974769075074494425163878721602922903101062859033,fd2b99cec23149abbe9d045630ba6d57,acd49abdd469c2038d4a24f7
0.0,0.3216,1753549206000,reentry,0.02,RESEARCH-ONLY — exploratory_trade_surface,b,0.01,2.0,aggressive_learning_surface,0b14f32acefb31b6de8901ae,6.218905472636816,0.01,context_space,llm_hyp_540881_559651_temporal_ordering_pair,temporal,,25659310674993675562345759665114759892400026242514633218387667107987341231962,01aa42607dad4710a192c412760c9c36,acd49abdd469c2038d4a24f7
0.0,0.7035,1753552806000,reentry,0.02,RESEARCH-ONLY — exploratory_trade_surface,a,0.01,2.0,aggressive_learning_surface,0b14f32acefb31b6de8901ae,2.8429282160625444,0.01,context_space,llm_hyp_540881_559651_temporal_ordering_pair,temporal,,109289569086508934142323222102974769075074494425163878721602922903101062859033,2369c3afdc5b48a4b3b5cf87b2720159,acd49abdd469c2038d4a24f7
0.0,0.3216,1753552806000,reentry,0.02,RESEARCH-ONLY — exploratory_trade_surface,b,0.01,2.0,aggressive_learning_surface,0b14f32acefb31b6de8901ae,6.218905472636816,0.01,context_space,llm_hyp_540881_559651_temporal_ordering_pair,temporal,,25659310674993675562345759665114759892400026242514633218387667107987341231962,4a702d9793e74ca2b755136863448d52,acd49abdd469c2038d4a24f7
0.0,0.7035,1753556406000,reentry,0.02,RESEARCH-ONLY — exploratory_trade_surface,a,0.01,2.0,aggressive_learning_surface,0b14f32acefb31b6de8901ae,2.8429282160625444,0.01,context_space,llm_hyp_540881_559651_temporal_ordering_pair,temporal,,109289569086508934142323222102974769075074494425163878721602922903101062859033,4430d980587a4a17912fe52d17be78e4,acd49abdd469c2038d4a24f7
0.0,0.3216,1753556406000,reentry,0.02,RESEARCH-ONLY — exploratory_trade_surface,b,0.01,2.0,aggressive_learning_surface,0b14f32acefb31b6de8901ae,6.218905472636816,0.01,context_space,llm_hyp_540881_559651_temporal_ordering_pair,temporal,,25659310674993675562345759665114759892400026242514633218387667107987341231962,17db747daf0a4059b123af69d036ed1e,acd49abdd469c2038d4a24f7
0.0,0.7035,1753560006000,reentry,0.02,RESEARCH-ONLY — exploratory_trade_surface,a,0.01,2.0,aggressive_learning_surface,0b14f32acefb31b6de8901ae,2.8429282160625444,0.01,context_space,llm_hyp_540881_559651_temporal_ordering_pair,temporal,,109289569086508934142323222102974769075074494425163878721602922903101062859033,ef4ac338c0414fbc88d2670e190677ec,acd49abdd469c2038d4a24f7
0.0,0.3216,1753560006000,reentry,0.02,RESEARCH-ONLY — exploratory_trade_surface,b,0.01,2.0,aggressive_learning_surface,0b14f32acefb31b6de8901ae,6.218905472636816,0.01,context_space,llm_hyp_540881_559651_temporal_ordering_pair,temporal,,25659310674993675562345759665114759892400026242514633218387667107987341231962,fd6ee4c0cc0a409488167d13f8d70d58,acd49abdd469c2038d4a24f7
0.0,0.7035,1753563606000,reentry,0.02,RESEARCH-ONLY — exploratory_trade_surface,a,0.01,2.0,aggressive_learning_surface,0b14f32acefb31b6de8901ae,2.8429282160625444,0.01,context_space,llm_hyp_540881_559651_temporal_ordering_pair,temporal,,109289569086508934142323222102974769075074494425163878721602922903101062859033,850f18bff47b4e0882af365e8252b2ce,acd49abdd469c2038d4a24f7
0.0,0.3216,1753563606000,reentry,0.02,RESEARCH-ONLY — exploratory_trade_surface,b,0.01,2.0,aggressive_learning_surface,0b14f32acefb31b6de8901ae,6.218905472636816,0.01,context_space,llm_hyp_540881_559651_temporal_ordering_pair,temporal,,25659310674993675562345759665114759892400026242514633218387667107987341231962,dc67b359617e4bba88096b459661fb5f,acd49abdd469c2038d4a24f7
0.0,0.7035,1753567206000,reentry,0.02,RESEARCH-ONLY — exploratory_trade_surface,a,0.01,2.0,aggressive_learning_surface,0b14f32acefb31b6de8901ae,2.8429282160625444,0.01,context_space,llm_hyp_540881_559651_temporal_ordering_pair,temporal,,109289569086508934142323222102974769075074494425163878721602922903101062859033,f5f45e85496b4f99be9fcce856d2a1c9,acd49abdd469c2038d4a24f7
0.0,0.3216,1753567206000,reentry,0.02,RESEARCH-ONLY — exploratory_trade_surface,b,0.01,2.0,aggressive_learning_surface,0b14f32acefb31b6de8901ae,6.218905472636816,0.01,context_space,llm_hyp_540881_559651_temporal_ordering_pair,temporal,,25659310674993675562345759665114759892400026242514633218387667107987341231962,2dc91527547e4f2eb04cc8649399cb62,acd49abdd469c2038d4a24f7
0.0,0.7035,1753570806000,reentry,0.02,RESEARCH-ONLY — exploratory_trade_surface,a,0.01,2.0,aggressive_learning_surface,0b14f32acefb31b6de8901ae,2.8429282160625444,0.01,context_space,llm_hyp_540881_559651_temporal_ordering_pair,temporal,,109289569086508934142323222102974769075074494425163878721602922903101062859033,9d489f2c20e64419ba8975529a2916d6,acd49abdd469c2038d4a24f7
0.0,0.3216,1753570806000,reentry,0.02,RESEARCH-ONLY — exploratory_trade_surface,b,0.01,2.0,aggressive_learning_surface,0b14f32acefb31b6de8901ae,6.218905472636816,0.01,context_space,llm_hyp_540881_559651_temporal_ordering_pair,temporal,,25659310674993675562345759665114759892400026242514633218387667107987341231962,adebbfceec3d4002ae5ae759b4ebdbf8,acd49abdd469c2038d4a24f7
0.0,0.7035,1753574406000,reentry,0.02,RESEARCH-ONLY — exploratory_trade_surface,a,0.01,2.0,aggressive_learning_surface,0b14f32acefb31b6de8901ae,2.8429282160625444,0.01,context_space,llm_hyp_540881_559651_temporal_ordering_pair,temporal,,109289569086508934142323222102974769075074494425163878721602922903101062859033,c12f29f754f24ec99271603428fafeb5,acd49abdd469c2038d4a24f7
0.0,0.3216,1753574406000,reentry,0.02,RESEARCH-ONLY — exploratory_trade_surface,b,0.01,2.0,aggressive_learning_surface,0b14f32acefb31b6de8901ae,6.218905472636816,0.01,context_space,llm_hyp_540881_559651_temporal_ordering_pair,temporal,,25659310674993675562345759665114759892400026242514633218387667107987341231962,18c8f24cb50244d98ac161a4b2d97850,acd49abdd469c2038d4a24f7
0.0,0.7035,1753578006000,reentry,0.01,RESEARCH-ONLY — exploratory_trade_surface,a,0.0,2.0,aggressive_learning_surface,0b14f32acefb31b6de8901ae,2.8429282160625444,0.01,context_space,llm_hyp_540881_559651_temporal_ordering_pair,temporal,,109289569086508934142323222102974769075074494425163878721602922903101062859033,ab0f03f5eff348feb6cd507376dc2ef7,acd49abdd469c2038d4a24f7
0.0,0.31155,1753578006000,reentry,0.01,RESEARCH-ONLY — exploratory_trade_surface,b,0.0,2.0,aggressive_learning_surface,0b14f32acefb31b6de8901ae,6.419515326592842,0.01,context_space,llm_hyp_540881_559651_temporal_ordering_pair,temporal,,25659310674993675562345759665114759892400026242514633218387667107987341231962,bb7f9437bac440b28e9649a6948e5f0b,acd49abdd469c2038d4a24f7
0.0,0.7035,1753581606000,reentry,0.01,RESEARCH-ONLY — exploratory_trade_surface,a,0.0,2.0,aggressive_learning_surface,0b14f32acefb31b6de8901ae,2.8429282160625444,0.01,context_space,llm_hyp_540881_559651_temporal_ordering_pair,temporal,,109289569086508934142323222102974769075074494425163878721602922903101062859033,8a126915f1d14034a9ccfaaf9cd48e11,acd49abdd469c2038d4a24f7
0.0,0.31155,1753581606000,reentry,0.01,RESEARCH-ONLY — exploratory_trade_surface,b,0.0,2.0,aggressive_learning_surface,0b14f32acefb31b6de8901ae,6.419515326592842,0.01,context_space,llm_hyp_540881_559651_temporal_ordering_pair,temporal,,25659310674993675562345759665114759892400026242514633218387667107987341231962,03b0dc4cd46442ef8f94e160fe65bc28,acd49abdd469c2038d4a24f7
0.0,0.256275,1755216007000,first,0.04,RESEARCH-ONLY — exploratory_trade_surface,a,0.03,2.0,aggressive_learning_surface,a6edab19118abe85173fa9a8b0f4cbe4,7.804116671544239,0.01,context_space,sports_championship_conference_progression,nesting,,44914465637297319816681463234953032477919413063019359633128421605039733545953,1419cc53702843ba9a5254d2bd52beb8,2ef42c5114504a1f7287c7be
0.0,0.216075,1755216007000,first,0.04,RESEARCH-ONLY — exploratory_trade_surface,b,0.03,2.0,aggressive_learning_surface,a6edab19118abe85173fa9a8b0f4cbe4,9.256045354622238,0.01,context_space,sports_championship_conference_progression,nesting,,105874436620923713168019020245858616944322383958692280683224180064376992665538,e9d8d907256e4019b7698b4570169ee6,2ef42c5114504a1f7287c7be
0.0,0.256275,1755219607000,reentry,0.04,RESEARCH-ONLY — exploratory_trade_surface,a,0.03,2.0,aggressive_learning_surface,a6edab19118abe85173fa9a8b0f4cbe4,7.804116671544239,0.01,context_space,sports_championship_conference_progression,nesting,,44914465637297319816681463234953032477919413063019359633128421605039733545953,0c235a5f003b47c6846b8b43cb0a4753,2ef42c5114504a1f7287c7be
0.0,0.216075,1755219607000,reentry,0.04,RESEARCH-ONLY — exploratory_trade_surface,b,0.03,2.0,aggressive_learning_surface,a6edab19118abe85173fa9a8b0f4cbe4,9.256045354622238,0.01,context_space,sports_championship_conference_progression,nesting,,105874436620923713168019020245858616944322383958692280683224180064376992665538,18449268a8c94328b2ff8072ee352e3a,2ef42c5114504a1f7287c7be
0.0,0.256275,1755223207000,reentry,0.04,RESEARCH-ONLY — exploratory_trade_surface,a,0.03,2.0,aggressive_learning_surface,a6edab19118abe85173fa9a8b0f4cbe4,7.804116671544239,0.01,context_space,sports_championship_conference_progression,nesting,,44914465637297319816681463234953032477919413063019359633128421605039733545953,d84c857ed9664d5f82f882e4126ededc,2ef42c5114504a1f7287c7be
0.0,0.216075,1755223207000,reentry,0.04,RESEARCH-ONLY — exploratory_trade_surface,b,0.03,2.0,aggressive_learning_surface,a6edab19118abe85173fa9a8b0f4cbe4,9.256045354622238,0.01,context_space,sports_championship_conference_progression,nesting,,105874436620923713168019020245858616944322383958692280683224180064376992665538,56f8415109f943e782e8ebc2a28785c6,2ef42c5114504a1f7287c7be
0.0,0.256275,1755226807000,reentry,0.04,RESEARCH-ONLY — exploratory_trade_surface,a,0.03,2.0,aggressive_learning_surface,a6edab19118abe85173fa9a8b0f4cbe4,7.804116671544239,0.01,context_space,sports_championship_conference_progression,nesting,,44914465637297319816681463234953032477919413063019359633128421605039733545953,9ff7694a5efd4cb1a4d421327e629eb2,2ef42c5114504a1f7287c7be
0.0,0.216075,1755226807000,reentry,0.04,RESEARCH-ONLY — exploratory_trade_surface,b,0.03,2.0,aggressive_learning_surface,a6edab19118abe85173fa9a8b0f4cbe4,9.256045354622238,0.01,context_space,sports_championship_conference_progression,nesting,,105874436620923713168019020245858616944322383958692280683224180064376992665538,de788cd3ccf140a3974c4ef6b24cd9ca,2ef42c5114504a1f7287c7be
0.0,0.256275,1755230407000,reentry,0.04,RESEARCH-ONLY — exploratory_trade_surface,a,0.03,2.0,aggressive_learning_surface,a6edab19118abe85173fa9a8b0f4cbe4,7.804116671544239,0.01,context_space,sports_championship_conference_progression,nesting,,44914465637297319816681463234953032477919413063019359633128421605039733545953,54c1f2c1d9314c9ebf94c975bb893627,2ef42c5114504a1f7287c7be
0.0,0.216075,1755230407000,reentry,0.04,RESEARCH-ONLY — exploratory_trade_surface,b,0.03,2.0,aggressive_learning_surface,a6edab19118abe85173fa9a8b0f4cbe4,9.256045354622238,0.01,context_space,sports_championship_conference_progression,nesting,,105874436620923713168019020245858616944322383958692280683224180064376992665538,be0a422c99a14da8a71f44973c964892,2ef42c5114504a1f7287c7be
0.0,0.256275,1755234007000,reentry,0.04,RESEARCH-ONLY — exploratory_trade_surface,a,0.03,2.0,aggressive_learning_surface,a6edab19118abe85173fa9a8b0f4cbe4,7.804116671544239,0.01,context_space,sports_championship_conference_progression,nesting,,44914465637297319816681463234953032477919413063019359633128421605039733545953,1204a1b06fb4489196d3b4dc8f9b63e9,2ef42c5114504a1f7287c7be
0.0,0.216075,1755234007000,reentry,0.04,RESEARCH-ONLY — exploratory_trade_surface,b,0.03,2.0,aggressive_learning_surface,a6edab19118abe85173fa9a8b0f4cbe4,9.256045354622238,0.01,context_space,sports_championship_conference_progression,nesting,,105874436620923713168019020245858616944322383958692280683224180064376992665538,7f521406e77b4015b21cd0b98330c1c4,2ef42c5114504a1f7287c7be
0.0,0.256275,1755237607000,reentry,0.04,RESEARCH-ONLY — exploratory_trade_surface,a,0.03,2.0,aggressive_learning_surface,a6edab19118abe85173fa9a8b0f4cbe4,7.804116671544239,0.01,context_space,sports_championship_conference_progression,nesting,,44914465637297319816681463234953032477919413063019359633128421605039733545953,8e90158f33b64ad3b5e94ed45bcbe388,2ef42c5114504a1f7287c7be
0.0,0.216075,1755237607000,reentry,0.04,RESEARCH-ONLY — exploratory_trade_surface,b,0.03,2.0,aggressive_learning_surface,a6edab19118abe85173fa9a8b0f4cbe4,9.256045354622238,0.01,context_space,sports_championship_conference_progression,nesting,,105874436620923713168019020245858616944322383958692280683224180064376992665538,4417ec9ecded4361b41cc0944d756153,2ef42c5114504a1f7287c7be
0.0,0.256275,1755241207000,reentry,0.04,RESEARCH-ONLY — exploratory_trade_surface,a,0.03,2.0,aggressive_learning_surface,a6edab19118abe85173fa9a8b0f4cbe4,7.804116671544239,0.01,context_space,sports_championship_conference_progression,nesting,,44914465637297319816681463234953032477919413063019359633128421605039733545953,1f592c1ba5ee411fa69edca664525732,2ef42c5114504a1f7287c7be
0.0,0.216075,1755241207000,reentry,0.04,RESEARCH-ONLY — exploratory_trade_surface,b,0.03,2.0,aggressive_learning_surface,a6edab19118abe85173fa9a8b0f4cbe4,9.256045354622238,0.01,context_space,sports_championship_conference_progression,nesting,,105874436620923713168019020245858616944322383958692280683224180064376992665538,686d36a05e3f47209d06067f83219315,2ef42c5114504a1f7287c7be
0.0,0.256275,1755244807000,reentry,0.04,RESEARCH-ONLY — exploratory_trade_surface,a,0.03,2.0,aggressive_learning_surface,a6edab19118abe85173fa9a8b0f4cbe4,7.804116671544239,0.01,context_space,sports_championship_conference_progression,nesting,,44914465637297319816681463234953032477919413063019359633128421605039733545953,4bf5c4a779914e4b8989b3fecbe4d81b,2ef42c5114504a1f7287c7be
0.0,0.216075,1755244807000,reentry,0.04,RESEARCH-ONLY — exploratory_trade_surface,b,0.03,2.0,aggressive_learning_surface,a6edab19118abe85173fa9a8b0f4cbe4,9.256045354622238,0.01,context_space,sports_championship_conference_progression,nesting,,105874436620923713168019020245858616944322383958692280683224180064376992665538,6a9271b91f624f7fbffb0593a43d55a3,2ef42c5114504a1f7287c7be
0.0,0.256275,1755248407000,reentry,0.04,RESEARCH-ONLY — exploratory_trade_surface,a,0.03,2.0,aggressive_learning_surface,a6edab19118abe85173fa9a8b0f4cbe4,7.804116671544239,0.01,context_space,sports_championship_conference_progression,nesting,,44914465637297319816681463234953032477919413063019359633128421605039733545953,c2f0645c858d49a1ae566d2ac6d983be,2ef42c5114504a1f7287c7be
0.0,0.216075,1755248407000,reentry,0.04,RESEARCH-ONLY — exploratory_trade_surface,b,0.03,2.0,aggressive_learning_surface,a6edab19118abe85173fa9a8b0f4cbe4,9.256045354622238,0.01,context_space,sports_championship_conference_progression,nesting,,105874436620923713168019020245858616944322383958692280683224180064376992665538,25bec59e7fe145249311c3170f58a682,2ef42c5114504a1f7287c7be
0.0,0.256275,1755252007000,reentry,0.04,RESEARCH-ONLY — exploratory_trade_surface,a,0.03,2.0,aggressive_learning_surface,a6edab19118abe85173fa9a8b0f4cbe4,7.804116671544239,0.01,context_space,sports_championship_conference_progression,nesting,,44914465637297319816681463234953032477919413063019359633128421605039733545953,c8e10664f6cb407d85832dfd96362324,2ef42c5114504a1f7287c7be
0.0,0.216075,1755252007000,reentry,0.04,RESEARCH-ONLY — exploratory_trade_surface,b,0.03,2.0,aggressive_learning_surface,a6edab19118abe85173fa9a8b0f4cbe4,9.256045354622238,0.01,context_space,sports_championship_conference_progression,nesting,,105874436620923713168019020245858616944322383958692280683224180064376992665538,272307e5305c4e0ab5a36b1d01c22ee6,2ef42c5114504a1f7287c7be
0.0,0.256275,1755255607000,reentry,0.04,RESEARCH-ONLY — exploratory_trade_surface,a,0.03,2.0,aggressive_learning_surface,a6edab19118abe85173fa9a8b0f4cbe4,7.804116671544239,0.01,context_space,sports_championship_conference_progression,nesting,,44914465637297319816681463234953032477919413063019359633128421605039733545953,6d080612df3046d58beae868d9a922e8,2ef42c5114504a1f7287c7be
0.0,0.216075,1755255607000,reentry,0.04,RESEARCH-ONLY — exploratory_trade_surface,b,0.03,2.0,aggressive_learning_surface,a6edab19118abe85173fa9a8b0f4cbe4,9.256045354622238,0.01,context_space,sports_championship_conference_progression,nesting,,105874436620923713168019020245858616944322383958692280683224180064376992665538,4df139aa1fa5490694f960d3529a4e37,2ef42c5114504a1f7287c7be
0.0,0.256275,1755259207000,reentry,0.04,RESEARCH-ONLY — exploratory_trade_surface,a,0.03,2.0,aggressive_learning_surface,a6edab19118abe85173fa9a8b0f4cbe4,7.804116671544239,0.01,context_space,sports_championship_conference_progression,nesting,,44914465637297319816681463234953032477919413063019359633128421605039733545953,c022bd7a340f407783bb69dff858f78b,2ef42c5114504a1f7287c7be
0.0,0.216075,1755259207000,reentry,0.04,RESEARCH-ONLY — exploratory_trade_surface,b,0.03,2.0,aggressive_learning_surface,a6edab19118abe85173fa9a8b0f4cbe4,9.256045354622238,0.01,context_space,sports_championship_conference_progression,nesting,,105874436620923713168019020245858616944322383958692280683224180064376992665538,d5eb51ddb9494a0c9526d0a309fedb7f,2ef42c5114504a1f7287c7be
0.0,0.256275,1755432007000,reentry,0.035,RESEARCH-ONLY — exploratory_trade_surface,a,0.025,2.0,aggressive_learning_surface,a6edab19118abe85173fa9a8b0f4cbe4,7.804116671544239,0.01,context_space,sports_championship_conference_progression,nesting,,44914465637297319816681463234953032477919413063019359633128421605039733545953,d72efd4e81dc456bb5fddb2e3efcaea3,c7ac1826174ee9a23d55bdb4
0.0,0.2211,1755432007000,reentry,0.035,RESEARCH-ONLY — exploratory_trade_surface,b,0.025,2.0,aggressive_learning_surface,a6edab19118abe85173fa9a8b0f4cbe4,9.045680687471732,0.01,context_space,sports_championship_conference_progression,nesting,,105874436620923713168019020245858616944322383958692280683224180064376992665538,eb38ffa226a54c20b8b345a4c52d3c53,c7ac1826174ee9a23d55bdb4
0.0,0.256275,1755435607000,reentry,0.035,RESEARCH-ONLY — exploratory_trade_surface,a,0.025,2.0,aggressive_learning_surface,a6edab19118abe85173fa9a8b0f4cbe4,7.804116671544239,0.01,context_space,sports_championship_conference_progression,nesting,,44914465637297319816681463234953032477919413063019359633128421605039733545953,40d7d83c28d14e6d80a83d9b60e68bf4,c7ac1826174ee9a23d55bdb4
0.0,0.2211,1755435607000,reentry,0.035,RESEARCH-ONLY — exploratory_trade_surface,b,0.025,2.0,aggressive_learning_surface,a6edab19118abe85173fa9a8b0f4cbe4,9.045680687471732,0.01,context_space,sports_championship_conference_progression,nesting,,105874436620923713168019020245858616944322383958692280683224180064376992665538,763d16503d1c4029a742a3b9863b7ae4,c7ac1826174ee9a23d55bdb4
0.0,0.256275,1755439207000,reentry,0.035,RESEARCH-ONLY — exploratory_trade_surface,a,0.025,2.0,aggressive_learning_surface,a6edab19118abe85173fa9a8b0f4cbe4,7.804116671544239,0.01,context_space,sports_championship_conference_progression,nesting,,44914465637297319816681463234953032477919413063019359633128421605039733545953,29489c3c87b44ffd963eb93959c6b2cc,c7ac1826174ee9a23d55bdb4
0.0,0.2211,1755439207000,reentry,0.035,RESEARCH-ONLY — exploratory_trade_surface,b,0.025,2.0,aggressive_learning_surface,a6edab19118abe85173fa9a8b0f4cbe4,9.045680687471732,0.01,context_space,sports_championship_conference_progression,nesting,,105874436620923713168019020245858616944322383958692280683224180064376992665538,add01b9a1ae945fa8fe9ca58bb8761dd,c7ac1826174ee9a23d55bdb4
0.0,0.256275,1755442807000,reentry,0.035,RESEARCH-ONLY — exploratory_trade_surface,a,0.025,2.0,aggressive_learning_surface,a6edab19118abe85173fa9a8b0f4cbe4,7.804116671544239,0.01,context_space,sports_championship_conference_progression,nesting,,44914465637297319816681463234953032477919413063019359633128421605039733545953,a0f0110e8d9443818ccc877c7b5733cb,c7ac1826174ee9a23d55bdb4
0.0,0.2211,1755442807000,reentry,0.035,RESEARCH-ONLY — exploratory_trade_surface,b,0.025,2.0,aggressive_learning_surface,a6edab19118abe85173fa9a8b0f4cbe4,9.045680687471732,0.01,context_space,sports_championship_conference_progression,nesting,,105874436620923713168019020245858616944322383958692280683224180064376992665538,b970e8e011ee425d9545080586b37f26,c7ac1826174ee9a23d55bdb4
0.0,0.256275,1755446407000,reentry,0.035,RESEARCH-ONLY — exploratory_trade_surface,a,0.025,2.0,aggressive_learning_surface,a6edab19118abe85173fa9a8b0f4cbe4,7.804116671544239,0.01,context_space,sports_championship_conference_progression,nesting,,44914465637297319816681463234953032477919413063019359633128421605039733545953,16dde7d8865e45089b8788118b06ca3e,c7ac1826174ee9a23d55bdb4
0.0,0.2211,1755446407000,reentry,0.035,RESEARCH-ONLY — exploratory_trade_surface,b,0.025,2.0,aggressive_learning_surface,a6edab19118abe85173fa9a8b0f4cbe4,9.045680687471732,0.01,context_space,sports_championship_conference_progression,nesting,,105874436620923713168019020245858616944322383958692280683224180064376992665538,7f6491b1d5a74cccb3b0a9531a7095a9,c7ac1826174ee9a23d55bdb4
0.0,0.256275,1755450007000,reentry,0.035,RESEARCH-ONLY — exploratory_trade_surface,a,0.025,2.0,aggressive_learning_surface,a6edab19118abe85173fa9a8b0f4cbe4,7.804116671544239,0.01,context_space,sports_championship_conference_progression,nesting,,44914465637297319816681463234953032477919413063019359633128421605039733545953,97a2966de0e645b7a199b884f86b0e6b,c7ac1826174ee9a23d55bdb4
0.0,0.2211,1755450007000,reentry,0.035,RESEARCH-ONLY — exploratory_trade_surface,b,0.025,2.0,aggressive_learning_surface,a6edab19118abe85173fa9a8b0f4cbe4,9.045680687471732,0.01,context_space,sports_championship_conference_progression,nesting,,105874436620923713168019020245858616944322383958692280683224180064376992665538,ee53754c8a914ffc807ed31b52bd6aa4,c7ac1826174ee9a23d55bdb4
0.0,0.256275,1755453607000,reentry,0.035,RESEARCH-ONLY — exploratory_trade_surface,a,0.025,2.0,aggressive_learning_surface,a6edab19118abe85173fa9a8b0f4cbe4,7.804116671544239,0.01,context_space,sports_championship_conference_progression,nesting,,44914465637297319816681463234953032477919413063019359633128421605039733545953,6c060aec10194466a6c3d303a823c259,c7ac1826174ee9a23d55bdb4
0.0,0.2211,1755453607000,reentry,0.035,RESEARCH-ONLY — exploratory_trade_surface,b,0.025,2.0,aggressive_learning_surface,a6edab19118abe85173fa9a8b0f4cbe4,9.045680687471732,0.01,context_space,sports_championship_conference_progression,nesting,,105874436620923713168019020245858616944322383958692280683224180064376992665538,9ceebad9c6de447c9fa798f7f841c3a5,c7ac1826174ee9a23d55bdb4
0.0,0.256275,1755457207000,reentry,0.035,RESEARCH-ONLY — exploratory_trade_surface,a,0.025,2.0,aggressive_learning_surface,a6edab19118abe85173fa9a8b0f4cbe4,7.804116671544239,0.01,context_space,sports_championship_conference_progression,nesting,,44914465637297319816681463234953032477919413063019359633128421605039733545953,acdf28024cf947cabcadd08c4dd9e7a0,c7ac1826174ee9a23d55bdb4
0.0,0.2211,1755457207000,reentry,0.035,RESEARCH-ONLY — exploratory_trade_surface,b,0.025,2.0,aggressive_learning_surface,a6edab19118abe85173fa9a8b0f4cbe4,9.045680687471732,0.01,context_space,sports_championship_conference_progression,nesting,,105874436620923713168019020245858616944322383958692280683224180064376992665538,51bb6ae2e529449193e87a73e0140296,c7ac1826174ee9a23d55bdb4
0.0,0.256275,1755460807000,reentry,0.035,RESEARCH-ONLY — exploratory_trade_surface,a,0.025,2.0,aggressive_learning_surface,a6edab19118abe85173fa9a8b0f4cbe4,7.804116671544239,0.01,context_space,sports_championship_conference_progression,nesting,,44914465637297319816681463234953032477919413063019359633128421605039733545953,a895755be6de4d3dbdae20320a4799b7,c7ac1826174ee9a23d55bdb4
0.0,0.2211,1755460807000,reentry,0.035,RESEARCH-ONLY — exploratory_trade_surface,b,0.025,2.0,aggressive_learning_surface,a6edab19118abe85173fa9a8b0f4cbe4,9.045680687471732,0.01,context_space,sports_championship_conference_progression,nesting,,105874436620923713168019020245858616944322383958692280683224180064376992665538,c73eb2e41b2245e1b65c1b7867dc2009,c7ac1826174ee9a23d55bdb4
0.0,0.256275,1755464407000,reentry,0.035,RESEARCH-ONLY — exploratory_trade_surface,a,0.025,2.0,aggressive_learning_surface,a6edab19118abe85173fa9a8b0f4cbe4,7.804116671544239,0.01,context_space,sports_championship_conference_progression,nesting,,44914465637297319816681463234953032477919413063019359633128421605039733545953,3e6e71a6d637486bb2600590ba3c8ead,c7ac1826174ee9a23d55bdb4
0.0,0.2211,1755464407000,reentry,0.035,RESEARCH-ONLY — exploratory_trade_surface,b,0.025,2.0,aggressive_learning_surface,a6edab19118abe85173fa9a8b0f4cbe4,9.045680687471732,0.01,context_space,sports_championship_conference_progression,nesting,,105874436620923713168019020245858616944322383958692280683224180064376992665538,7229473058cf40ed90ca1b812a34fb77,c7ac1826174ee9a23d55bdb4
0.0,0.256275,1755468007000,reentry,0.035,RESEARCH-ONLY — exploratory_trade_surface,a,0.025,2.0,aggressive_learning_surface,a6edab19118abe85173fa9a8b0f4cbe4,7.804116671544239,0.01,context_space,sports_championship_conference_progression,nesting,,44914465637297319816681463234953032477919413063019359633128421605039733545953,21da79d8ef0742928db519d9597e3060,c7ac1826174ee9a23d55bdb4
0.0,0.2211,1755468007000,reentry,0.035,RESEARCH-ONLY — exploratory_trade_surface,b,0.025,2.0,aggressive_learning_surface,a6edab19118abe85173fa9a8b0f4cbe4,9.045680687471732,0.01,context_space,sports_championship_conference_progression,nesting,,105874436620923713168019020245858616944322383958692280683224180064376992665538,36987a29d995459795ac889537c93feb,c7ac1826174ee9a23d55bdb4
0.0,0.256275,1755471607000,reentry,0.035,RESEARCH-ONLY — exploratory_trade_surface,a,0.025,2.0,aggressive_learning_surface,a6edab19118abe85173fa9a8b0f4cbe4,7.804116671544239,0.01,context_space,sports_championship_conference_progression,nesting,,44914465637297319816681463234953032477919413063019359633128421605039733545953,8bbaea30768e4bc3a25a0455b8b278a7,c7ac1826174ee9a23d55bdb4
0.0,0.2211,1755471607000,reentry,0.035,RESEARCH-ONLY — exploratory_trade_surface,b,0.025,2.0,aggressive_learning_surface,a6edab19118abe85173fa9a8b0f4cbe4,9.045680687471732,0.01,context_space,sports_championship_conference_progression,nesting,,105874436620923713168019020245858616944322383958692280683224180064376992665538,235ef929ab914338a883fc5f9c3c4ddf,c7ac1826174ee9a23d55bdb4
0.0,0.039195,1765458007000,first,0.011,RESEARCH-ONLY — exploratory_trade_surface,a,0.001,2.0,aggressive_learning_surface,5910a43939d7ba6fe59cf6b80718e5c3,51.02691669855849,0.01,context_space,sports_championship_conference_progression,nesting,,12636035070565821048178968461063687179393834041535317885287743395873720755118,f60d467b55de432bab783241058ee20e,daba84efdff911b3ab9f8d31
0.0,0.02814,1765458007000,first,0.011,RESEARCH-ONLY — exploratory_trade_surface,b,0.001,2.0,aggressive_learning_surface,5910a43939d7ba6fe59cf6b80718e5c3,71.07320540156361,0.01,context_space,sports_championship_conference_progression,nesting,,6842047670820419171425914468337077680927367717837404858652329372722501774629,e6ae423a2c17466886291bb593e72548,daba84efdff911b3ab9f8d31
0.0,0.039195,1765461607000,reentry,0.011,RESEARCH-ONLY — exploratory_trade_surface,a,0.001,2.0,aggressive_learning_surface,5910a43939d7ba6fe59cf6b80718e5c3,51.02691669855849,0.01,context_space,sports_championship_conference_progression,nesting,,12636035070565821048178968461063687179393834041535317885287743395873720755118,45442c758a704d5f9a4ad32134f0d8bd,c20dc8304382fc0dd383afdc
0.0,0.02814,1765461607000,reentry,0.011,RESEARCH-ONLY — exploratory_trade_surface,b,0.001,2.0,aggressive_learning_surface,5910a43939d7ba6fe59cf6b80718e5c3,71.07320540156361,0.01,context_space,sports_championship_conference_progression,nesting,,6842047670820419171425914468337077680927367717837404858652329372722501774629,bd0b35466edd4bd0b594db49b3e3cb07,c20dc8304382fc0dd383afdc
0.0,0.039195,1765465207000,reentry,0.011,RESEARCH-ONLY — exploratory_trade_surface,a,0.001,2.0,aggressive_learning_surface,5910a43939d7ba6fe59cf6b80718e5c3,51.02691669855849,0.01,context_space,sports_championship_conference_progression,nesting,,12636035070565821048178968461063687179393834041535317885287743395873720755118,5ab6e55a7dd04016befc64283d3ca7c4,f1fd8efa2df92114c6d87794
0.0,0.02814,1765465207000,reentry,0.011,RESEARCH-ONLY — exploratory_trade_surface,b,0.001,2.0,aggressive_learning_surface,5910a43939d7ba6fe59cf6b80718e5c3,71.07320540156361,0.01,context_space,sports_championship_conference_progression,nesting,,6842047670820419171425914468337077680927367717837404858652329372722501774629,168254294c074fd58868f9a0534e57a9,f1fd8efa2df92114c6d87794
0.0,0.039195,1765468807000,reentry,0.011,RESEARCH-ONLY — exploratory_trade_surface,a,0.001,2.0,aggressive_learning_surface,5910a43939d7ba6fe59cf6b80718e5c3,51.02691669855849,0.01,context_space,sports_championship_conference_progression,nesting,,12636035070565821048178968461063687179393834041535317885287743395873720755118,23181cefb05f4b049f1c64e2e822ab17,c108ee3a0882c566143c7083
0.0,0.02814,1765468807000,reentry,0.011,RESEARCH-ONLY — exploratory_trade_surface,b,0.001,2.0,aggressive_learning_surface,5910a43939d7ba6fe59cf6b80718e5c3,71.07320540156361,0.01,context_space,sports_championship_conference_progression,nesting,,6842047670820419171425914468337077680927367717837404858652329372722501774629,39e335d2132142ca9a8f0b1760bd3e7f,c108ee3a0882c566143c7083
0.0,0.039195,1765472407000,reentry,0.011,RESEARCH-ONLY — exploratory_trade_surface,a,0.001,2.0,aggressive_learning_surface,5910a43939d7ba6fe59cf6b80718e5c3,51.02691669855849,0.01,context_space,sports_championship_conference_progression,nesting,,12636035070565821048178968461063687179393834041535317885287743395873720755118,b2bd68dd81854fa0b0f01816814a78a1,419ad19b06e7d94e130d0d6a
0.0,0.02814,1765472407000,reentry,0.011,RESEARCH-ONLY — exploratory_trade_surface,b,0.001,2.0,aggressive_learning_surface,5910a43939d7ba6fe59cf6b80718e5c3,71.07320540156361,0.01,context_space,sports_championship_conference_progression,nesting,,6842047670820419171425914468337077680927367717837404858652329372722501774629,cf6c1ae590e94b3bb776e113ec634cc7,419ad19b06e7d94e130d0d6a
0.0,0.039195,1765476007000,reentry,0.011,RESEARCH-ONLY — exploratory_trade_surface,a,0.001,2.0,aggressive_learning_surface,5910a43939d7ba6fe59cf6b80718e5c3,51.02691669855849,0.01,context_space,sports_championship_conference_progression,nesting,,12636035070565821048178968461063687179393834041535317885287743395873720755118,0b4a773fc7dc4db1bde9d98047b94daf,e624ca7cb1ac218d5c932460
0.0,0.02814,1765476007000,reentry,0.011,RESEARCH-ONLY — exploratory_trade_surface,b,0.001,2.0,aggressive_learning_surface,5910a43939d7ba6fe59cf6b80718e5c3,71.07320540156361,0.01,context_space,sports_championship_conference_progression,nesting,,6842047670820419171425914468337077680927367717837404858652329372722501774629,693acaac722d449593858ad350a1d578,e624ca7cb1ac218d5c932460
0.0,0.039195,1765479607000,reentry,0.011,RESEARCH-ONLY — exploratory_trade_surface,a,0.001,2.0,aggressive_learning_surface,5910a43939d7ba6fe59cf6b80718e5c3,51.02691669855849,0.01,context_space,sports_championship_conference_progression,nesting,,12636035070565821048178968461063687179393834041535317885287743395873720755118,3f0b5b2cdd1f4a7b8dc19251c338f78a,672c7620f57fa448f4277f64
0.0,0.02814,1765479607000,reentry,0.011,RESEARCH-ONLY — exploratory_trade_surface,b,0.001,2.0,aggressive_learning_surface,5910a43939d7ba6fe59cf6b80718e5c3,71.07320540156361,0.01,context_space,sports_championship_conference_progression,nesting,,6842047670820419171425914468337077680927367717837404858652329372722501774629,e407df8e8c5e49609a9c846b7ac99d17,672c7620f57fa448f4277f64
0.0,0.039195,1765483207000,reentry,0.011,RESEARCH-ONLY — exploratory_trade_surface,a,0.001,2.0,aggressive_learning_surface,5910a43939d7ba6fe59cf6b80718e5c3,51.02691669855849,0.01,context_space,sports_championship_conference_progression,nesting,,12636035070565821048178968461063687179393834041535317885287743395873720755118,b85aef4394a249b39a7c510113ec0bba,b6982f6eb4a1ee033a8b3b02
0.0,0.02814,1765483207000,reentry,0.011,RESEARCH-ONLY — exploratory_trade_surface,b,0.001,2.0,aggressive_learning_surface,5910a43939d7ba6fe59cf6b80718e5c3,71.07320540156361,0.01,context_space,sports_championship_conference_progression,nesting,,6842047670820419171425914468337077680927367717837404858652329372722501774629,bdfeaa1850314f72927d7ce41ef003c3,b6982f6eb4a1ee033a8b3b02
0.0,0.039195,1765486807000,reentry,0.011,RESEARCH-ONLY — exploratory_trade_surface,a,0.001,2.0,aggressive_learning_surface,5910a43939d7ba6fe59cf6b80718e5c3,51.02691669855849,0.01,context_space,sports_championship_conference_progression,nesting,,12636035070565821048178968461063687179393834041535317885287743395873720755118,50b5e8b662784114b4b1fb685771a0dc,495e765605ac722ab5915b6f
0.0,0.02814,1765486807000,reentry,0.011,RESEARCH-ONLY — exploratory_trade_surface,b,0.001,2.0,aggressive_learning_surface,5910a43939d7ba6fe59cf6b80718e5c3,71.07320540156361,0.01,context_space,sports_championship_conference_progression,nesting,,6842047670820419171425914468337077680927367717837404858652329372722501774629,a40b0913bbb14060ac84a8e2711dfce6,495e765605ac722ab5915b6f
0.0,0.039195,1765490407000,reentry,0.011,RESEARCH-ONLY — exploratory_trade_surface,a,0.001,2.0,aggressive_learning_surface,5910a43939d7ba6fe59cf6b80718e5c3,51.02691669855849,0.01,context_space,sports_championship_conference_progression,nesting,,12636035070565821048178968461063687179393834041535317885287743395873720755118,b348d2b8f1ca48c48b521d4809c67a2d,596799296fcc5438557c415c
0.0,0.02814,1765490407000,reentry,0.011,RESEARCH-ONLY — exploratory_trade_surface,b,0.001,2.0,aggressive_learning_surface,5910a43939d7ba6fe59cf6b80718e5c3,71.07320540156361,0.01,context_space,sports_championship_conference_progression,nesting,,6842047670820419171425914468337077680927367717837404858652329372722501774629,e30d8c08b2ac48749495cfc2700f8e2e,596799296fcc5438557c415c
0.0,0.039195,1765494007000,reentry,0.011,RESEARCH-ONLY — exploratory_trade_surface,a,0.001,2.0,aggressive_learning_surface,5910a43939d7ba6fe59cf6b80718e5c3,51.02691669855849,0.01,context_space,sports_championship_conference_progression,nesting,,12636035070565821048178968461063687179393834041535317885287743395873720755118,742724fe47e54b62a5948cd24bc0b26a,643a9ccf59884e2fd303293a
0.0,0.02814,1765494007000,reentry,0.011,RESEARCH-ONLY — exploratory_trade_surface,b,0.001,2.0,aggressive_learning_surface,5910a43939d7ba6fe59cf6b80718e5c3,71.07320540156361,0.01,context_space,sports_championship_conference_progression,nesting,,6842047670820419171425914468337077680927367717837404858652329372722501774629,b2ad1c2f301046aab5d4069de02c007d,643a9ccf59884e2fd303293a
0.0,0.039195,1765497607000,reentry,0.011,RESEARCH-ONLY — exploratory_trade_surface,a,0.001,2.0,aggressive_learning_surface,5910a43939d7ba6fe59cf6b80718e5c3,51.02691669855849,0.01,context_space,sports_championship_conference_progression,nesting,,12636035070565821048178968461063687179393834041535317885287743395873720755118,a1c5ab38c3e044b0992879b019900e52,65418d8c7a87ad49b995fc6e
0.0,0.02814,1765497607000,reentry,0.011,RESEARCH-ONLY — exploratory_trade_surface,b,0.001,2.0,aggressive_learning_surface,5910a43939d7ba6fe59cf6b80718e5c3,71.07320540156361,0.01,context_space,sports_championship_conference_progression,nesting,,6842047670820419171425914468337077680927367717837404858652329372722501774629,d3f1cba684214d59b9703cac32d27568,65418d8c7a87ad49b995fc6e
0.0,0.03819,1765544407000,reentry,0.0105,RESEARCH-ONLY — exploratory_trade_surface,a,0.0005,2.0,aggressive_learning_surface,5910a43939d7ba6fe59cf6b80718e5c3,52.36973029588898,0.01,context_space,sports_championship_conference_progression,nesting,,12636035070565821048178968461063687179393834041535317885287743395873720755118,212dbf18f6b6497eb3fabd04ce216f1c,257abb69d43f4f315bb6ef5a
0.0,0.0276375,1765544407000,reentry,0.0105,RESEARCH-ONLY — exploratory_trade_surface,b,0.0005,2.0,aggressive_learning_surface,5910a43939d7ba6fe59cf6b80718e5c3,72.36544549977386,0.01,context_space,sports_championship_conference_progression,nesting,,6842047670820419171425914468337077680927367717837404858652329372722501774629,145c328cc4c74111aa342bc7300e9559,257abb69d43f4f315bb6ef5a
0.0,0.03819,1765548007000,reentry,0.0105,RESEARCH-ONLY — exploratory_trade_surface,a,0.0005,2.0,aggressive_learning_surface,5910a43939d7ba6fe59cf6b80718e5c3,52.36973029588898,0.01,context_space,sports_championship_conference_progression,nesting,,12636035070565821048178968461063687179393834041535317885287743395873720755118,7c1bfdced8c7412aa26b79617ec769e2,d41ae5a68d4c6b5a5a2f77bb
0.0,0.0276375,1765548007000,reentry,0.0105,RESEARCH-ONLY — exploratory_trade_surface,b,0.0005,2.0,aggressive_learning_surface,5910a43939d7ba6fe59cf6b80718e5c3,72.36544549977386,0.01,context_space,sports_championship_conference_progression,nesting,,6842047670820419171425914468337077680927367717837404858652329372722501774629,ebfc7bfc56694d2d82b46774a3131a86,d41ae5a68d4c6b5a5a2f77bb
0.0,0.03819,1765551607000,reentry,0.0105,RESEARCH-ONLY — exploratory_trade_surface,a,0.0005,2.0,aggressive_learning_surface,5910a43939d7ba6fe59cf6b80718e5c3,52.36973029588898,0.01,context_space,sports_championship_conference_progression,nesting,,12636035070565821048178968461063687179393834041535317885287743395873720755118,64d498ff10584c339895da201bf8ad81,df9f0d0f5f9e6a3e359a8ffa
0.0,0.0276375,1765551607000,reentry,0.0105,RESEARCH-ONLY — exploratory_trade_surface,b,0.0005,2.0,aggressive_learning_surface,5910a43939d7ba6fe59cf6b80718e5c3,72.36544549977386,0.01,context_space,sports_championship_conference_progression,nesting,,6842047670820419171425914468337077680927367717837404858652329372722501774629,80e691fd72fd4018892e1ba882148397,df9f0d0f5f9e6a3e359a8ffa
0.0,0.03819,1765555207000,reentry,0.0105,RESEARCH-ONLY — exploratory_trade_surface,a,0.0005,2.0,aggressive_learning_surface,5910a43939d7ba6fe59cf6b80718e5c3,52.36973029588898,0.01,context_space,sports_championship_conference_progression,nesting,,12636035070565821048178968461063687179393834041535317885287743395873720755118,5f8eda8b70564b8bbcb866a47e653f15,e65ca70c598fb9834aa2920c
0.0,0.0276375,1765555207000,reentry,0.0105,RESEARCH-ONLY — exploratory_trade_surface,b,0.0005,2.0,aggressive_learning_surface,5910a43939d7ba6fe59cf6b80718e5c3,72.36544549977386,0.01,context_space,sports_championship_conference_progression,nesting,,6842047670820419171425914468337077680927367717837404858652329372722501774629,2012c9ec86bb41c5ac5c336327c65d48,e65ca70c598fb9834aa2920c
0.0,0.03819,1765558807000,reentry,0.0105,RESEARCH-ONLY — exploratory_trade_surface,a,0.0005,2.0,aggressive_learning_surface,5910a43939d7ba6fe59cf6b80718e5c3,52.36973029588898,0.01,context_space,sports_championship_conference_progression,nesting,,12636035070565821048178968461063687179393834041535317885287743395873720755118,b07c894044be4a26aac0758da73b72b3,23eb9b402044de31a9e39494
0.0,0.0276375,1765558807000,reentry,0.0105,RESEARCH-ONLY — exploratory_trade_surface,b,0.0005,2.0,aggressive_learning_surface,5910a43939d7ba6fe59cf6b80718e5c3,72.36544549977386,0.01,context_space,sports_championship_conference_progression,nesting,,6842047670820419171425914468337077680927367717837404858652329372722501774629,6ff463ea0ea942d5bb01d19ebcb5a368,23eb9b402044de31a9e39494
0.0,0.03819,1765562407000,reentry,0.0105,RESEARCH-ONLY — exploratory_trade_surface,a,0.0005,2.0,aggressive_learning_surface,5910a43939d7ba6fe59cf6b80718e5c3,52.36973029588898,0.01,context_space,sports_championship_conference_progression,nesting,,12636035070565821048178968461063687179393834041535317885287743395873720755118,c9099d29693049f7a8357bcfc2f4ed1b,c1b134d56c16d38e5f73e088
0.0,0.0276375,1765562407000,reentry,0.0105,RESEARCH-ONLY — exploratory_trade_surface,b,0.0005,2.0,aggressive_learning_surface,5910a43939d7ba6fe59cf6b80718e5c3,72.36544549977386,0.01,context_space,sports_championship_conference_progression,nesting,,6842047670820419171425914468337077680927367717837404858652329372722501774629,c24c8d5e8e3b4c7c95dacd2c1e4a987b,c1b134d56c16d38e5f73e088
0.0,0.03819,1765566007000,reentry,0.0105,RESEARCH-ONLY — exploratory_trade_surface,a,0.0005,2.0,aggressive_learning_surface,5910a43939d7ba6fe59cf6b80718e5c3,52.36973029588898,0.01,context_space,sports_championship_conference_progression,nesting,,12636035070565821048178968461063687179393834041535317885287743395873720755118,c4ca8c7a44934c0e9957d26232e2c28a,1733d862f8891889a48c913a
0.0,0.0276375,1765566007000,reentry,0.0105,RESEARCH-ONLY — exploratory_trade_surface,b,0.0005,2.0,aggressive_learning_surface,5910a43939d7ba6fe59cf6b80718e5c3,72.36544549977386,0.01,context_space,sports_championship_conference_progression,nesting,,6842047670820419171425914468337077680927367717837404858652329372722501774629,ae60773314dc44759cb57605c7fcc229,1733d862f8891889a48c913a
0.0,0.03819,1765569607000,reentry,0.0105,RESEARCH-ONLY — exploratory_trade_surface,a,0.0005,2.0,aggressive_learning_surface,5910a43939d7ba6fe59cf6b80718e5c3,52.36973029588898,0.01,context_space,sports_championship_conference_progression,nesting,,12636035070565821048178968461063687179393834041535317885287743395873720755118,91960d19ac77462095aeab0b93b31c21,5d283cd10c0cb8686d9c3f08
0.0,0.0276375,1765569607000,reentry,0.0105,RESEARCH-ONLY — exploratory_trade_surface,b,0.0005,2.0,aggressive_learning_surface,5910a43939d7ba6fe59cf6b80718e5c3,72.36544549977386,0.01,context_space,sports_championship_conference_progression,nesting,,6842047670820419171425914468337077680927367717837404858652329372722501774629,f2b58e641c4e4d39905c3d1db885b094,5d283cd10c0cb8686d9c3f08
0.0,0.03819,1765573207000,reentry,0.0105,RESEARCH-ONLY — exploratory_trade_surface,a,0.0005,2.0,aggressive_learning_surface,5910a43939d7ba6fe59cf6b80718e5c3,52.36973029588898,0.01,context_space,sports_championship_conference_progression,nesting,,12636035070565821048178968461063687179393834041535317885287743395873720755118,81b1dc7c0a744c43ae8dcd4b5e0b4091,95b291432cab69b992e13ce4
0.0,0.0276375,1765573207000,reentry,0.0105,RESEARCH-ONLY — exploratory_trade_surface,b,0.0005,2.0,aggressive_learning_surface,5910a43939d7ba6fe59cf6b80718e5c3,72.36544549977386,0.01,context_space,sports_championship_conference_progression,nesting,,6842047670820419171425914468337077680927367717837404858652329372722501774629,f31fe5149cb34f1392769f3992d9fffb,95b291432cab69b992e13ce4
0.0,0.03819,1765576807000,reentry,0.0105,RESEARCH-ONLY — exploratory_trade_surface,a,0.0005,2.0,aggressive_learning_surface,5910a43939d7ba6fe59cf6b80718e5c3,52.36973029588898,0.01,context_space,sports_championship_conference_progression,nesting,,12636035070565821048178968461063687179393834041535317885287743395873720755118,f4a6419ebf1f4fe78a542d646e79215e,18674bf8c8c131fb0b1d694e
0.0,0.0276375,1765576807000,reentry,0.0105,RESEARCH-ONLY — exploratory_trade_surface,b,0.0005,2.0,aggressive_learning_surface,5910a43939d7ba6fe59cf6b80718e5c3,72.36544549977386,0.01,context_space,sports_championship_conference_progression,nesting,,6842047670820419171425914468337077680927367717837404858652329372722501774629,7a8c43434282422eaa4b455f1e32580a,18674bf8c8c131fb0b1d694e
0.0,0.03819,1765580407000,reentry,0.0105,RESEARCH-ONLY — exploratory_trade_surface,a,0.0005,2.0,aggressive_learning_surface,5910a43939d7ba6fe59cf6b80718e5c3,52.36973029588898,0.01,context_space,sports_championship_conference_progression,nesting,,12636035070565821048178968461063687179393834041535317885287743395873720755118,4fb7c1f1896a4e0dbf9af3211d8e5bd2,4ee4b70030cc2fafbce1daa2
0.0,0.0276375,1765580407000,reentry,0.0105,RESEARCH-ONLY — exploratory_trade_surface,b,0.0005,2.0,aggressive_learning_surface,5910a43939d7ba6fe59cf6b80718e5c3,72.36544549977386,0.01,context_space,sports_championship_conference_progression,nesting,,6842047670820419171425914468337077680927367717837404858652329372722501774629,ba1da03d24054838a3e06ccea9976a03,4ee4b70030cc2fafbce1daa2
0.0,0.03819,1765584007000,reentry,0.0105,RESEARCH-ONLY — exploratory_trade_surface,a,0.0005,2.0,aggressive_learning_surface,5910a43939d7ba6fe59cf6b80718e5c3,52.36973029588898,0.01,context_space,sports_championship_conference_progression,nesting,,12636035070565821048178968461063687179393834041535317885287743395873720755118,22fe85f6d49d47e8b7fb2cd60495581c,0fe11235433cac3c33ccdd65
0.0,0.0276375,1765584007000,reentry,0.0105,RESEARCH-ONLY — exploratory_trade_surface,b,0.0005,2.0,aggressive_learning_surface,5910a43939d7ba6fe59cf6b80718e5c3,72.36544549977386,0.01,context_space,sports_championship_conference_progression,nesting,,6842047670820419171425914468337077680927367717837404858652329372722501774629,33f04d7199954e119c30c8e7374927ef,0fe11235433cac3c33ccdd65
0.0,0.039195,1765587607000,reentry,0.0125,RESEARCH-ONLY — exploratory_trade_surface,a,0.0025,2.0,aggressive_learning_surface,5910a43939d7ba6fe59cf6b80718e5c3,51.02691669855849,0.01,context_space,sports_championship_conference_progression,nesting,,12636035070565821048178968461063687179393834041535317885287743395873720755118,f1b20c03bf9c419588c9dde2a67d19d7,0e4ffc409b01b0ff7a1d6ac0
0.0,0.0266325,1765587607000,reentry,0.0125,RESEARCH-ONLY — exploratory_trade_surface,b,0.0025,2.0,aggressive_learning_surface,5910a43939d7ba6fe59cf6b80718e5c3,75.09621702806722,0.01,context_space,sports_championship_conference_progression,nesting,,6842047670820419171425914468337077680927367717837404858652329372722501774629,3f57abe098094a568656a129ec1650e0,0e4ffc409b01b0ff7a1d6ac0
0.0,0.039195,1765591207000,reentry,0.0125,RESEARCH-ONLY — exploratory_trade_surface,a,0.0025,2.0,aggressive_learning_surface,5910a43939d7ba6fe59cf6b80718e5c3,51.02691669855849,0.01,context_space,sports_championship_conference_progression,nesting,,12636035070565821048178968461063687179393834041535317885287743395873720755118,aa08faadf0ef422a8c4bf9641ab3df95,c04e97192523670d448dd1ab
0.0,0.0266325,1765591207000,reentry,0.0125,RESEARCH-ONLY — exploratory_trade_surface,b,0.0025,2.0,aggressive_learning_surface,5910a43939d7ba6fe59cf6b80718e5c3,75.09621702806722,0.01,context_space,sports_championship_conference_progression,nesting,,6842047670820419171425914468337077680927367717837404858652329372722501774629,a2806d4643e74f2b8af990c9e620d54e,c04e97192523670d448dd1ab
0.0,0.039195,1765594807000,reentry,0.0125,RESEARCH-ONLY — exploratory_trade_surface,a,0.0025,2.0,aggressive_learning_surface,5910a43939d7ba6fe59cf6b80718e5c3,51.02691669855849,0.01,context_space,sports_championship_conference_progression,nesting,,12636035070565821048178968461063687179393834041535317885287743395873720755118,fc865434471d40dd990bec5d0127e31d,21b3366d2558cee5319c6a64
0.0,0.0266325,1765594807000,reentry,0.0125,RESEARCH-ONLY — exploratory_trade_surface,b,0.0025,2.0,aggressive_learning_surface,5910a43939d7ba6fe59cf6b80718e5c3,75.09621702806722,0.01,context_space,sports_championship_conference_progression,nesting,,6842047670820419171425914468337077680927367717837404858652329372722501774629,928b9e88b37b455a981db5d53357bb9f,21b3366d2558cee5319c6a64
0.0,0.039195,1765598407000,reentry,0.0125,RESEARCH-ONLY — exploratory_trade_surface,a,0.0025,2.0,aggressive_learning_surface,5910a43939d7ba6fe59cf6b80718e5c3,51.02691669855849,0.01,context_space,sports_championship_conference_progression,nesting,,12636035070565821048178968461063687179393834041535317885287743395873720755118,53ed3dcbf34e4ca4af5b60d4bcf08ed4,12035fb7a49b7eaa075a31a7
0.0,0.0266325,1765598407000,reentry,0.0125,RESEARCH-ONLY — exploratory_trade_surface,b,0.0025,2.0,aggressive_learning_surface,5910a43939d7ba6fe59cf6b80718e5c3,75.09621702806722,0.01,context_space,sports_championship_conference_progression,nesting,,6842047670820419171425914468337077680927367717837404858652329372722501774629,44fc415cedb5423db72e0dc049b686dc,12035fb7a49b7eaa075a31a7
0.0,0.039195,1765602007000,reentry,0.0125,RESEARCH-ONLY — exploratory_trade_surface,a,0.0025,2.0,aggressive_learning_surface,5910a43939d7ba6fe59cf6b80718e5c3,51.02691669855849,0.01,context_space,sports_championship_conference_progression,nesting,,12636035070565821048178968461063687179393834041535317885287743395873720755118,070ecaa2e2b44a938a1c2226dc9cd8b6,cb222f9d2e419d1307306869
0.0,0.0266325,1765602007000,reentry,0.0125,RESEARCH-ONLY — exploratory_trade_surface,b,0.0025,2.0,aggressive_learning_surface,5910a43939d7ba6fe59cf6b80718e5c3,75.09621702806722,0.01,context_space,sports_championship_conference_progression,nesting,,6842047670820419171425914468337077680927367717837404858652329372722501774629,c6bd4092ff0744038bdd7f2c97679004,cb222f9d2e419d1307306869
0.0,0.039195,1765605607000,reentry,0.0125,RESEARCH-ONLY — exploratory_trade_surface,a,0.0025,2.0,aggressive_learning_surface,5910a43939d7ba6fe59cf6b80718e5c3,51.02691669855849,0.01,context_space,sports_championship_conference_progression,nesting,,12636035070565821048178968461063687179393834041535317885287743395873720755118,987661ff9d6e4c71ba042ecc8e591c5a,9b4a8a42bd88eb2325d33876
0.0,0.0266325,1765605607000,reentry,0.0125,RESEARCH-ONLY — exploratory_trade_surface,b,0.0025,2.0,aggressive_learning_surface,5910a43939d7ba6fe59cf6b80718e5c3,75.09621702806722,0.01,context_space,sports_championship_conference_progression,nesting,,6842047670820419171425914468337077680927367717837404858652329372722501774629,077c12ff50954b68a638f466515df9c7,9b4a8a42bd88eb2325d33876
0.0,0.039195,1765609207000,reentry,0.0125,RESEARCH-ONLY — exploratory_trade_surface,a,0.0025,2.0,aggressive_learning_surface,5910a43939d7ba6fe59cf6b80718e5c3,51.02691669855849,0.01,context_space,sports_championship_conference_progression,nesting,,12636035070565821048178968461063687179393834041535317885287743395873720755118,69378c9c60f2443699dabcdab1cdcd34,567974160e4a3953536d4338
0.0,0.0266325,1765609207000,reentry,0.0125,RESEARCH-ONLY — exploratory_trade_surface,b,0.0025,2.0,aggressive_learning_surface,5910a43939d7ba6fe59cf6b80718e5c3,75.09621702806722,0.01,context_space,sports_championship_conference_progression,nesting,,6842047670820419171425914468337077680927367717837404858652329372722501774629,d4191dbe452443c3aa25d45a58bcedbc,567974160e4a3953536d4338
0.0,0.039195,1765612807000,reentry,0.0125,RESEARCH-ONLY — exploratory_trade_surface,a,0.0025,2.0,aggressive_learning_surface,5910a43939d7ba6fe59cf6b80718e5c3,51.02691669855849,0.01,context_space,sports_championship_conference_progression,nesting,,12636035070565821048178968461063687179393834041535317885287743395873720755118,5019abda1ce2430d90c9211b10e21fb0,e01ed8df37e7b20e9b1f7328
0.0,0.0266325,1765612807000,reentry,0.0125,RESEARCH-ONLY — exploratory_trade_surface,b,0.0025,2.0,aggressive_learning_surface,5910a43939d7ba6fe59cf6b80718e5c3,75.09621702806722,0.01,context_space,sports_championship_conference_progression,nesting,,6842047670820419171425914468337077680927367717837404858652329372722501774629,3d9f599b0a604df7bcc071aee8ed22cf,e01ed8df37e7b20e9b1f7328
0.0,0.039195,1765616407000,reentry,0.0125,RESEARCH-ONLY — exploratory_trade_surface,a,0.0025,2.0,aggressive_learning_surface,5910a43939d7ba6fe59cf6b80718e5c3,51.02691669855849,0.01,context_space,sports_championship_conference_progression,nesting,,12636035070565821048178968461063687179393834041535317885287743395873720755118,96064b208f4b422b9a1d3bf11e8dee86,479ae23179a1d0f44242e8bc
0.0,0.0266325,1765616407000,reentry,0.0125,RESEARCH-ONLY — exploratory_trade_surface,b,0.0025,2.0,aggressive_learning_surface,5910a43939d7ba6fe59cf6b80718e5c3,75.09621702806722,0.01,context_space,sports_championship_conference_progression,nesting,,6842047670820419171425914468337077680927367717837404858652329372722501774629,4f7680af1eb34fc9ab03a3d2fc0eadaf,479ae23179a1d0f44242e8bc
0.0,0.039195,1765620007000,reentry,0.0125,RESEARCH-ONLY — exploratory_trade_surface,a,0.0025,2.0,aggressive_learning_surface,5910a43939d7ba6fe59cf6b80718e5c3,51.02691669855849,0.01,context_space,sports_championship_conference_progression,nesting,,12636035070565821048178968461063687179393834041535317885287743395873720755118,b348d185424840aaaefba7a297e9f501,a26251d510d4a6253bc449c6
0.0,0.0266325,1765620007000,reentry,0.0125,RESEARCH-ONLY — exploratory_trade_surface,b,0.0025,2.0,aggressive_learning_surface,5910a43939d7ba6fe59cf6b80718e5c3,75.09621702806722,0.01,context_space,sports_championship_conference_progression,nesting,,6842047670820419171425914468337077680927367717837404858652329372722501774629,8f7f1f9f32b74353b0da46962fb853a9,a26251d510d4a6253bc449c6
0.0,0.039195,1765623607000,reentry,0.0125,RESEARCH-ONLY — exploratory_trade_surface,a,0.0025,2.0,aggressive_learning_surface,5910a43939d7ba6fe59cf6b80718e5c3,51.02691669855849,0.01,context_space,sports_championship_conference_progression,nesting,,12636035070565821048178968461063687179393834041535317885287743395873720755118,f027d4ace69f41188c67d873c4e9945e,d7e8f508ffd763c4d206a7ad
0.0,0.0266325,1765623607000,reentry,0.0125,RESEARCH-ONLY — exploratory_trade_surface,b,0.0025,2.0,aggressive_learning_surface,5910a43939d7ba6fe59cf6b80718e5c3,75.09621702806722,0.01,context_space,sports_championship_conference_progression,nesting,,6842047670820419171425914468337077680927367717837404858652329372722501774629,7bc01a841dd1405b9a152f970dff07ec,d7e8f508ffd763c4d206a7ad
0.0,0.039195,1765627207000,reentry,0.0125,RESEARCH-ONLY — exploratory_trade_surface,a,0.0025,2.0,aggressive_learning_surface,5910a43939d7ba6fe59cf6b80718e5c3,51.02691669855849,0.01,context_space,sports_championship_conference_progression,nesting,,12636035070565821048178968461063687179393834041535317885287743395873720755118,6374ddaf7ea546d2a7b5a1031886ea29,5d5bf7957c58d4b46947b39d
0.0,0.0266325,1765627207000,reentry,0.0125,RESEARCH-ONLY — exploratory_trade_surface,b,0.0025,2.0,aggressive_learning_surface,5910a43939d7ba6fe59cf6b80718e5c3,75.09621702806722,0.01,context_space,sports_championship_conference_progression,nesting,,6842047670820419171425914468337077680927367717837404858652329372722501774629,6cd0f5edf420478e9c60dd6f4426e408,5d5bf7957c58d4b46947b39d
0.0,0.0396975,1765630807000,reentry,0.013,RESEARCH-ONLY — exploratory_trade_surface,a,0.003,2.0,aggressive_learning_surface,5910a43939d7ba6fe59cf6b80718e5c3,50.38100636060205,0.01,context_space,sports_championship_conference_progression,nesting,,12636035070565821048178968461063687179393834041535317885287743395873720755118,cb9e64c2940d42adb74b6ef45658fec2,cb703cdbc8d4641e7469bfdf
0.0,0.0266325,1765630807000,reentry,0.013,RESEARCH-ONLY — exploratory_trade_surface,b,0.003,2.0,aggressive_learning_surface,5910a43939d7ba6fe59cf6b80718e5c3,75.09621702806722,0.01,context_space,sports_championship_conference_progression,nesting,,6842047670820419171425914468337077680927367717837404858652329372722501774629,b609015924f14044a9c723529341f970,cb703cdbc8d4641e7469bfdf
0.0,0.0396975,1765634407000,reentry,0.013,RESEARCH-ONLY — exploratory_trade_surface,a,0.003,2.0,aggressive_learning_surface,5910a43939d7ba6fe59cf6b80718e5c3,50.38100636060205,0.01,context_space,sports_championship_conference_progression,nesting,,12636035070565821048178968461063687179393834041535317885287743395873720755118,e88b10285fbd433eb848bd3b5731337a,c1ca555e0bbbd3fb422b4708
0.0,0.0266325,1765634407000,reentry,0.013,RESEARCH-ONLY — exploratory_trade_surface,b,0.003,2.0,aggressive_learning_surface,5910a43939d7ba6fe59cf6b80718e5c3,75.09621702806722,0.01,context_space,sports_championship_conference_progression,nesting,,6842047670820419171425914468337077680927367717837404858652329372722501774629,c834d8cb733c41f79003e348797d820f,c1ca555e0bbbd3fb422b4708
0.0,0.0396975,1765638007000,reentry,0.013,RESEARCH-ONLY — exploratory_trade_surface,a,0.003,2.0,aggressive_learning_surface,5910a43939d7ba6fe59cf6b80718e5c3,50.38100636060205,0.01,context_space,sports_championship_conference_progression,nesting,,12636035070565821048178968461063687179393834041535317885287743395873720755118,4a9495f9150840458382b01fae9d46d0,5cc81f53c71c17b79c15bd3f
0.0,0.0266325,1765638007000,reentry,0.013,RESEARCH-ONLY — exploratory_trade_surface,b,0.003,2.0,aggressive_learning_surface,5910a43939d7ba6fe59cf6b80718e5c3,75.09621702806722,0.01,context_space,sports_championship_conference_progression,nesting,,6842047670820419171425914468337077680927367717837404858652329372722501774629,1f3cdbac23614776a686d1021d6b38f1,5cc81f53c71c17b79c15bd3f
0.0,0.0396975,1765641607000,reentry,0.013,RESEARCH-ONLY — exploratory_trade_surface,a,0.003,2.0,aggressive_learning_surface,5910a43939d7ba6fe59cf6b80718e5c3,50.38100636060205,0.01,context_space,sports_championship_conference_progression,nesting,,12636035070565821048178968461063687179393834041535317885287743395873720755118,25ac2d3746c94a86836bb59d3e5ae77c,a43d97bd2e226e80df147771
0.0,0.0266325,1765641607000,reentry,0.013,RESEARCH-ONLY — exploratory_trade_surface,b,0.003,2.0,aggressive_learning_surface,5910a43939d7ba6fe59cf6b80718e5c3,75.09621702806722,0.01,context_space,sports_championship_conference_progression,nesting,,6842047670820419171425914468337077680927367717837404858652329372722501774629,855c67e63ebf4f5d85799751f1c13c06,a43d97bd2e226e80df147771
0.0,0.0396975,1765645207000,reentry,0.013,RESEARCH-ONLY — exploratory_trade_surface,a,0.003,2.0,aggressive_learning_surface,5910a43939d7ba6fe59cf6b80718e5c3,50.38100636060205,0.01,context_space,sports_championship_conference_progression,nesting,,12636035070565821048178968461063687179393834041535317885287743395873720755118,77eeab99b4b24fb88ed882359767a69d,2acd27a0d1ec8535845ced19
0.0,0.0266325,1765645207000,reentry,0.013,RESEARCH-ONLY — exploratory_trade_surface,b,0.003,2.0,aggressive_learning_surface,5910a43939d7ba6fe59cf6b80718e5c3,75.09621702806722,0.01,context_space,sports_championship_conference_progression,nesting,,6842047670820419171425914468337077680927367717837404858652329372722501774629,679ee62ed7c54d67a3d054dfb5e31498,2acd27a0d1ec8535845ced19
0.0,0.0396975,1765648807000,reentry,0.013,RESEARCH-ONLY — exploratory_trade_surface,a,0.003,2.0,aggressive_learning_surface,5910a43939d7ba6fe59cf6b80718e5c3,50.38100636060205,0.01,context_space,sports_championship_conference_progression,nesting,,12636035070565821048178968461063687179393834041535317885287743395873720755118,fb7eaf5725b44ea992d0e59d83e544b6,8329195c71ebfca74fd438da
0.0,0.0266325,1765648807000,reentry,0.013,RESEARCH-ONLY — exploratory_trade_surface,b,0.003,2.0,aggressive_learning_surface,5910a43939d7ba6fe59cf6b80718e5c3,75.09621702806722,0.01,context_space,sports_championship_conference_progression,nesting,,6842047670820419171425914468337077680927367717837404858652329372722501774629,e67ca79b1c374fd2b4e3bb535c7289fd,8329195c71ebfca74fd438da
0.0,0.0396975,1765652407000,reentry,0.013,RESEARCH-ONLY — exploratory_trade_surface,a,0.003,2.0,aggressive_learning_surface,5910a43939d7ba6fe59cf6b80718e5c3,50.38100636060205,0.01,context_space,sports_championship_conference_progression,nesting,,12636035070565821048178968461063687179393834041535317885287743395873720755118,4a63f16959934b529d191c431588023a,1d88722c461e387e9ba4e28f
0.0,0.0266325,1765652407000,reentry,0.013,RESEARCH-ONLY — exploratory_trade_surface,b,0.003,2.0,aggressive_learning_surface,5910a43939d7ba6fe59cf6b80718e5c3,75.09621702806722,0.01,context_space,sports_championship_conference_progression,nesting,,6842047670820419171425914468337077680927367717837404858652329372722501774629,1ffc287fc6814c91bab74be5477650f6,1d88722c461e387e9ba4e28f
0.0,0.0396975,1765656007000,reentry,0.013,RESEARCH-ONLY — exploratory_trade_surface,a,0.003,2.0,aggressive_learning_surface,5910a43939d7ba6fe59cf6b80718e5c3,50.38100636060205,0.01,context_space,sports_championship_conference_progression,nesting,,12636035070565821048178968461063687179393834041535317885287743395873720755118,a97b130e04b24132badde2f22e8c91fa,d17bcc7146b76ca42a979afc
0.0,0.0266325,1765656007000,reentry,0.013,RESEARCH-ONLY — exploratory_trade_surface,b,0.003,2.0,aggressive_learning_surface,5910a43939d7ba6fe59cf6b80718e5c3,75.09621702806722,0.01,context_space,sports_championship_conference_progression,nesting,,6842047670820419171425914468337077680927367717837404858652329372722501774629,6620df8083bb4f258ab82017a800a01d,d17bcc7146b76ca42a979afc
0.0,0.0396975,1765659607000,reentry,0.013,RESEARCH-ONLY — exploratory_trade_surface,a,0.003,2.0,aggressive_learning_surface,5910a43939d7ba6fe59cf6b80718e5c3,50.38100636060205,0.01,context_space,sports_championship_conference_progression,nesting,,12636035070565821048178968461063687179393834041535317885287743395873720755118,878eb7b47584420bae4a44d14ae4df37,389f64b1e903763fceeda11f
0.0,0.0266325,1765659607000,reentry,0.013,RESEARCH-ONLY — exploratory_trade_surface,b,0.003,2.0,aggressive_learning_surface,5910a43939d7ba6fe59cf6b80718e5c3,75.09621702806722,0.01,context_space,sports_championship_conference_progression,nesting,,6842047670820419171425914468337077680927367717837404858652329372722501774629,c09bb80681104df094f6d0c1c407a0a1,389f64b1e903763fceeda11f
0.0,0.0396975,1765663207000,reentry,0.013,RESEARCH-ONLY — exploratory_trade_surface,a,0.003,2.0,aggressive_learning_surface,5910a43939d7ba6fe59cf6b80718e5c3,50.38100636060205,0.01,context_space,sports_championship_conference_progression,nesting,,12636035070565821048178968461063687179393834041535317885287743395873720755118,c7861d3e75d247f99c0c575c6167ad88,def940006643ba0d514cce7a
0.0,0.0266325,1765663207000,reentry,0.013,RESEARCH-ONLY — exploratory_trade_surface,b,0.003,2.0,aggressive_learning_surface,5910a43939d7ba6fe59cf6b80718e5c3,75.09621702806722,0.01,context_space,sports_championship_conference_progression,nesting,,6842047670820419171425914468337077680927367717837404858652329372722501774629,7f49e8d9e623496ab1f317a2fc267321,def940006643ba0d514cce7a
0.0,0.0396975,1765666807000,reentry,0.013,RESEARCH-ONLY — exploratory_trade_surface,a,0.003,2.0,aggressive_learning_surface,5910a43939d7ba6fe59cf6b80718e5c3,50.38100636060205,0.01,context_space,sports_championship_conference_progression,nesting,,12636035070565821048178968461063687179393834041535317885287743395873720755118,6d039d8d07bd4edda1c32eccbf311753,3b0499c33c636ec04e8d85fd
0.0,0.0266325,1765666807000,reentry,0.013,RESEARCH-ONLY — exploratory_trade_surface,b,0.003,2.0,aggressive_learning_surface,5910a43939d7ba6fe59cf6b80718e5c3,75.09621702806722,0.01,context_space,sports_championship_conference_progression,nesting,,6842047670820419171425914468337077680927367717837404858652329372722501774629,b30d07bf76254efab8aed503779bfc27,3b0499c33c636ec04e8d85fd
0.0,0.0396975,1765670407000,reentry,0.013,RESEARCH-ONLY — exploratory_trade_surface,a,0.003,2.0,aggressive_learning_surface,5910a43939d7ba6fe59cf6b80718e5c3,50.38100636060205,0.01,context_space,sports_championship_conference_progression,nesting,,12636035070565821048178968461063687179393834041535317885287743395873720755118,b77bf7bce7b141cb81a79038577d19ab,344d411011686a8a3908e2b7
0.0,0.0266325,1765670407000,reentry,0.013,RESEARCH-ONLY — exploratory_trade_surface,b,0.003,2.0,aggressive_learning_surface,5910a43939d7ba6fe59cf6b80718e5c3,75.09621702806722,0.01,context_space,sports_championship_conference_progression,nesting,,6842047670820419171425914468337077680927367717837404858652329372722501774629,de09cdf83a364980bbd64f85321c826c,344d411011686a8a3908e2b7
0.0,0.03819,1765674007000,reentry,0.0115,RESEARCH-ONLY — exploratory_trade_surface,a,0.0015,2.0,aggressive_learning_surface,5910a43939d7ba6fe59cf6b80718e5c3,52.36973029588898,0.01,context_space,sports_championship_conference_progression,nesting,,12636035070565821048178968461063687179393834041535317885287743395873720755118,e1acda9487324b9d8d80c66da325ac90,512d2a17c01874a2b01c23bf
0.0,0.0266325,1765674007000,reentry,0.0115,RESEARCH-ONLY — exploratory_trade_surface,b,0.0015,2.0,aggressive_learning_surface,5910a43939d7ba6fe59cf6b80718e5c3,75.09621702806722,0.01,context_space,sports_championship_conference_progression,nesting,,6842047670820419171425914468337077680927367717837404858652329372722501774629,7d476875c07b4afca0737d6dc4208089,512d2a17c01874a2b01c23bf
0.0,0.03819,1765677607000,reentry,0.0115,RESEARCH-ONLY — exploratory_trade_surface,a,0.0015,2.0,aggressive_learning_surface,5910a43939d7ba6fe59cf6b80718e5c3,52.36973029588898,0.01,context_space,sports_championship_conference_progression,nesting,,12636035070565821048178968461063687179393834041535317885287743395873720755118,901cb9048b884c4bbfa1e685ee03a343,5861de981dac8f0d878226b5
0.0,0.0266325,1765677607000,reentry,0.0115,RESEARCH-ONLY — exploratory_trade_surface,b,0.0015,2.0,aggressive_learning_surface,5910a43939d7ba6fe59cf6b80718e5c3,75.09621702806722,0.01,context_space,sports_championship_conference_progression,nesting,,6842047670820419171425914468337077680927367717837404858652329372722501774629,e8855cd93ae24bc38bdc82411b0d9ec0,5861de981dac8f0d878226b5
0.0,0.0417075,1777510807000,first,0.0115,RESEARCH-ONLY — exploratory_trade_surface,a,0.0015,2.0,aggressive_learning_surface,5cbaac0833c565c415abb666711492a7,47.95300605406702,0.01,context_space,sports_championship_conference_progression,nesting,,70799758189725267592147252808427831117090382599571633897338944002834894241449,cd6c520ee743471daa91292262b5c40a,e50d2b1f5631ecf357b1657e
0.0,0.03015,1777510807000,first,0.0115,RESEARCH-ONLY — exploratory_trade_surface,b,0.0015,2.0,aggressive_learning_surface,5cbaac0833c565c415abb666711492a7,66.33499170812604,0.01,context_space,sports_championship_conference_progression,nesting,,92156510891798873020497715268024772851858076229893943637545856397683791106647,514cec02818e4744a26e51590f86f5d2,e50d2b1f5631ecf357b1657e
0.0,0.0417075,1777514407000,reentry,0.0115,RESEARCH-ONLY — exploratory_trade_surface,a,0.0015,2.0,aggressive_learning_surface,5cbaac0833c565c415abb666711492a7,47.95300605406702,0.01,context_space,sports_championship_conference_progression,nesting,,70799758189725267592147252808427831117090382599571633897338944002834894241449,663829269308406495168dfd0647d88b,1e99007e664fc7db514ea195
0.0,0.03015,1777514407000,reentry,0.0115,RESEARCH-ONLY — exploratory_trade_surface,b,0.0015,2.0,aggressive_learning_surface,5cbaac0833c565c415abb666711492a7,66.33499170812604,0.01,context_space,sports_championship_conference_progression,nesting,,92156510891798873020497715268024772851858076229893943637545856397683791106647,6146e09fce3f4e808d078727734c4cc2,1e99007e664fc7db514ea195
0.0,0.0417075,1777518007000,reentry,0.0115,RESEARCH-ONLY — exploratory_trade_surface,a,0.0015,2.0,aggressive_learning_surface,5cbaac0833c565c415abb666711492a7,47.95300605406702,0.01,context_space,sports_championship_conference_progression,nesting,,70799758189725267592147252808427831117090382599571633897338944002834894241449,8e7b07dfe6a94f4eb8a8e1a1b94f30c5,4720e83618b58d5a32717b4f
0.0,0.03015,1777518007000,reentry,0.0115,RESEARCH-ONLY — exploratory_trade_surface,b,0.0015,2.0,aggressive_learning_surface,5cbaac0833c565c415abb666711492a7,66.33499170812604,0.01,context_space,sports_championship_conference_progression,nesting,,92156510891798873020497715268024772851858076229893943637545856397683791106647,7c2519c8790f42168a971b094c0f9416,4720e83618b58d5a32717b4f
0.0,0.0417075,1777521607000,reentry,0.0115,RESEARCH-ONLY — exploratory_trade_surface,a,0.0015,2.0,aggressive_learning_surface,5cbaac0833c565c415abb666711492a7,47.95300605406702,0.01,context_space,sports_championship_conference_progression,nesting,,70799758189725267592147252808427831117090382599571633897338944002834894241449,a98321af32654b31b1e54e8ed4c6a385,aa01f8ef28949ba9d99ab414
0.0,0.03015,1777521607000,reentry,0.0115,RESEARCH-ONLY — exploratory_trade_surface,b,0.0015,2.0,aggressive_learning_surface,5cbaac0833c565c415abb666711492a7,66.33499170812604,0.01,context_space,sports_championship_conference_progression,nesting,,92156510891798873020497715268024772851858076229893943637545856397683791106647,4c3ccb4b7fac4f42ac9593e1a21bfe7a,aa01f8ef28949ba9d99ab414
0.0,0.0417075,1777525207000,reentry,0.0115,RESEARCH-ONLY — exploratory_trade_surface,a,0.0015,2.0,aggressive_learning_surface,5cbaac0833c565c415abb666711492a7,47.95300605406702,0.01,context_space,sports_championship_conference_progression,nesting,,70799758189725267592147252808427831117090382599571633897338944002834894241449,ca70f1e112cd44938e6625e4175d5ffb,2ea09ac52a7282c26b19b992
0.0,0.03015,1777525207000,reentry,0.0115,RESEARCH-ONLY — exploratory_trade_surface,b,0.0015,2.0,aggressive_learning_surface,5cbaac0833c565c415abb666711492a7,66.33499170812604,0.01,context_space,sports_championship_conference_progression,nesting,,92156510891798873020497715268024772851858076229893943637545856397683791106647,b342a781dd8549c69e6d66a4d00fa847,2ea09ac52a7282c26b19b992
0.0,0.0417075,1777528807000,reentry,0.0115,RESEARCH-ONLY — exploratory_trade_surface,a,0.0015,2.0,aggressive_learning_surface,5cbaac0833c565c415abb666711492a7,47.95300605406702,0.01,context_space,sports_championship_conference_progression,nesting,,70799758189725267592147252808427831117090382599571633897338944002834894241449,ed2428b6f4214afdb881d4f3d804b037,2c27177ab5e8b3a7e6301b78
0.0,0.03015,1777528807000,reentry,0.0115,RESEARCH-ONLY — exploratory_trade_surface,b,0.0015,2.0,aggressive_learning_surface,5cbaac0833c565c415abb666711492a7,66.33499170812604,0.01,context_space,sports_championship_conference_progression,nesting,,92156510891798873020497715268024772851858076229893943637545856397683791106647,64b652fe452d499b946a4021a16f0697,2c27177ab5e8b3a7e6301b78
0.0,0.0417075,1777532407000,reentry,0.0115,RESEARCH-ONLY — exploratory_trade_surface,a,0.0015,2.0,aggressive_learning_surface,5cbaac0833c565c415abb666711492a7,47.95300605406702,0.01,context_space,sports_championship_conference_progression,nesting,,70799758189725267592147252808427831117090382599571633897338944002834894241449,e4ddf94aae6b45dab9ec973ab712527a,600d696dbdd2c9539616a8ce
0.0,0.03015,1777532407000,reentry,0.0115,RESEARCH-ONLY — exploratory_trade_surface,b,0.0015,2.0,aggressive_learning_surface,5cbaac0833c565c415abb666711492a7,66.33499170812604,0.01,context_space,sports_championship_conference_progression,nesting,,92156510891798873020497715268024772851858076229893943637545856397683791106647,642844dddabf49798262fd9cde551868,600d696dbdd2c9539616a8ce
0.0,0.0417075,1777536007000,reentry,0.0115,RESEARCH-ONLY — exploratory_trade_surface,a,0.0015,2.0,aggressive_learning_surface,5cbaac0833c565c415abb666711492a7,47.95300605406702,0.01,context_space,sports_championship_conference_progression,nesting,,70799758189725267592147252808427831117090382599571633897338944002834894241449,b45249e8bf6f411385f5cefc92d3bd90,43661a22f4a15f37c2cbeaab
0.0,0.03015,1777536007000,reentry,0.0115,RESEARCH-ONLY — exploratory_trade_surface,b,0.0015,2.0,aggressive_learning_surface,5cbaac0833c565c415abb666711492a7,66.33499170812604,0.01,context_space,sports_championship_conference_progression,nesting,,92156510891798873020497715268024772851858076229893943637545856397683791106647,7f7c731fa96845f9a8fab484de927e4d,43661a22f4a15f37c2cbeaab
0.0,0.0417075,1777539607000,reentry,0.0115,RESEARCH-ONLY — exploratory_trade_surface,a,0.0015,2.0,aggressive_learning_surface,5cbaac0833c565c415abb666711492a7,47.95300605406702,0.01,context_space,sports_championship_conference_progression,nesting,,70799758189725267592147252808427831117090382599571633897338944002834894241449,853e0f0038d549f9a6bbb38b54847fd3,98da7c63ae5550f86a71bf87
0.0,0.03015,1777539607000,reentry,0.0115,RESEARCH-ONLY — exploratory_trade_surface,b,0.0015,2.0,aggressive_learning_surface,5cbaac0833c565c415abb666711492a7,66.33499170812604,0.01,context_space,sports_championship_conference_progression,nesting,,92156510891798873020497715268024772851858076229893943637545856397683791106647,3f29f07767204383897fa30e92456a43,98da7c63ae5550f86a71bf87
0.0,0.0417075,1777543207000,reentry,0.0115,RESEARCH-ONLY — exploratory_trade_surface,a,0.0015,2.0,aggressive_learning_surface,5cbaac0833c565c415abb666711492a7,47.95300605406702,0.01,context_space,sports_championship_conference_progression,nesting,,70799758189725267592147252808427831117090382599571633897338944002834894241449,5bae5b4ee3914a7d9f547982e9dbd4e4,56f5f784703f76c0d8b56ce7
0.0,0.03015,1777543207000,reentry,0.0115,RESEARCH-ONLY — exploratory_trade_surface,b,0.0015,2.0,aggressive_learning_surface,5cbaac0833c565c415abb666711492a7,66.33499170812604,0.01,context_space,sports_championship_conference_progression,nesting,,92156510891798873020497715268024772851858076229893943637545856397683791106647,372eeb466c9b431b97ca601b857b75e2,56f5f784703f76c0d8b56ce7
0.0,0.0417075,1777546807000,reentry,0.0115,RESEARCH-ONLY — exploratory_trade_surface,a,0.0015,2.0,aggressive_learning_surface,5cbaac0833c565c415abb666711492a7,47.95300605406702,0.01,context_space,sports_championship_conference_progression,nesting,,70799758189725267592147252808427831117090382599571633897338944002834894241449,0c62f52db8bd45b0bec6f45f05cddeb6,8527082738dc14acc309e86f
0.0,0.03015,1777546807000,reentry,0.0115,RESEARCH-ONLY — exploratory_trade_surface,b,0.0015,2.0,aggressive_learning_surface,5cbaac0833c565c415abb666711492a7,66.33499170812604,0.01,context_space,sports_championship_conference_progression,nesting,,92156510891798873020497715268024772851858076229893943637545856397683791106647,fc07675268ce4ae0bfc54ff241bc914d,8527082738dc14acc309e86f
0.0,0.0417075,1777550407000,reentry,0.0105,RESEARCH-ONLY — exploratory_trade_surface,a,0.0005,2.0,aggressive_learning_surface,5cbaac0833c565c415abb666711492a7,47.95300605406702,0.01,context_space,sports_championship_conference_progression,nesting,,70799758189725267592147252808427831117090382599571633897338944002834894241449,fbc9ae8c69ef4aaa8f570480b0144137,0eca322b48010d240f7f3daa
0.0,0.031155,1777550407000,reentry,0.0105,RESEARCH-ONLY — exploratory_trade_surface,b,0.0005,2.0,aggressive_learning_surface,5cbaac0833c565c415abb666711492a7,64.19515326592843,0.01,context_space,sports_championship_conference_progression,nesting,,92156510891798873020497715268024772851858076229893943637545856397683791106647,65a98057fe9b44ef9aac39d8a430341f,0eca322b48010d240f7f3daa
0.0,0.105525,1760144410000,first,0.01,RESEARCH-ONLY — exploratory_trade_surface,a,0.0,2.0,aggressive_learning_surface,4d8e3f1dfa6859ea0a922dd6e3d3c163,18.952854773750296,0.01,context_space,sports_ranking_finish_position,nesting,,29725743828384026112095079361082994940901930932912573284486248321525587766137,f8790596cb054b35898b904fb82c48c8,6d3b3c938b6ba0d9642c9f44
0.0,0.095475,1760144410000,first,0.01,RESEARCH-ONLY — exploratory_trade_surface,b,0.0,2.0,aggressive_learning_surface,4d8e3f1dfa6859ea0a922dd6e3d3c163,20.94789211835559,0.01,context_space,sports_ranking_finish_position,nesting,,51695045148799175684172272379992088967817952288318390606428003376915476428349,858a4882ffec4864a554aa7e3cf53721,6d3b3c938b6ba0d9642c9f44
0.0,0.105525,1760148010000,reentry,0.01,RESEARCH-ONLY — exploratory_trade_surface,a,0.0,2.0,aggressive_learning_surface,4d8e3f1dfa6859ea0a922dd6e3d3c163,18.952854773750296,0.01,context_space,sports_ranking_finish_position,nesting,,29725743828384026112095079361082994940901930932912573284486248321525587766137,b7e41fc7bd9a451290ccb63daf5fb028,6d3b3c938b6ba0d9642c9f44
0.0,0.095475,1760148010000,reentry,0.01,RESEARCH-ONLY — exploratory_trade_surface,b,0.0,2.0,aggressive_learning_surface,4d8e3f1dfa6859ea0a922dd6e3d3c163,20.94789211835559,0.01,context_space,sports_ranking_finish_position,nesting,,51695045148799175684172272379992088967817952288318390606428003376915476428349,c523e1b99cd24d38acdce1264d21843d,6d3b3c938b6ba0d9642c9f44
0.0,0.105525,1760151610000,reentry,0.01,RESEARCH-ONLY — exploratory_trade_surface,a,0.0,2.0,aggressive_learning_surface,4d8e3f1dfa6859ea0a922dd6e3d3c163,18.952854773750296,0.01,context_space,sports_ranking_finish_position,nesting,,29725743828384026112095079361082994940901930932912573284486248321525587766137,84052786c68c4a00b61d926ac4484a3e,6d3b3c938b6ba0d9642c9f44
0.0,0.095475,1760151610000,reentry,0.01,RESEARCH-ONLY — exploratory_trade_surface,b,0.0,2.0,aggressive_learning_surface,4d8e3f1dfa6859ea0a922dd6e3d3c163,20.94789211835559,0.01,context_space,sports_ranking_finish_position,nesting,,51695045148799175684172272379992088967817952288318390606428003376915476428349,9e861c0a23df43f49ae073ac4ed988d8,6d3b3c938b6ba0d9642c9f44
0.0,0.105525,1760155210000,reentry,0.01,RESEARCH-ONLY — exploratory_trade_surface,a,0.0,2.0,aggressive_learning_surface,4d8e3f1dfa6859ea0a922dd6e3d3c163,18.952854773750296,0.01,context_space,sports_ranking_finish_position,nesting,,29725743828384026112095079361082994940901930932912573284486248321525587766137,5df5755ce40043778f671a2dc385574b,6d3b3c938b6ba0d9642c9f44
0.0,0.095475,1760155210000,reentry,0.01,RESEARCH-ONLY — exploratory_trade_surface,b,0.0,2.0,aggressive_learning_surface,4d8e3f1dfa6859ea0a922dd6e3d3c163,20.94789211835559,0.01,context_space,sports_ranking_finish_position,nesting,,51695045148799175684172272379992088967817952288318390606428003376915476428349,8743c313511b42708ef49ec85b4701d2,6d3b3c938b6ba0d9642c9f44
0.0,0.105525,1760158810000,reentry,0.01,RESEARCH-ONLY — exploratory_trade_surface,a,0.0,2.0,aggressive_learning_surface,4d8e3f1dfa6859ea0a922dd6e3d3c163,18.952854773750296,0.01,context_space,sports_ranking_finish_position,nesting,,29725743828384026112095079361082994940901930932912573284486248321525587766137,04b3c9ce8d4844b4ad043b1e87e4890f,6d3b3c938b6ba0d9642c9f44
0.0,0.095475,1760158810000,reentry,0.01,RESEARCH-ONLY — exploratory_trade_surface,b,0.0,2.0,aggressive_learning_surface,4d8e3f1dfa6859ea0a922dd6e3d3c163,20.94789211835559,0.01,context_space,sports_ranking_finish_position,nesting,,51695045148799175684172272379992088967817952288318390606428003376915476428349,da2d6f387a79436ea40251ad29afacbc,6d3b3c938b6ba0d9642c9f44
0.0,0.105525,1760162410000,reentry,0.01,RESEARCH-ONLY — exploratory_trade_surface,a,0.0,2.0,aggressive_learning_surface,4d8e3f1dfa6859ea0a922dd6e3d3c163,18.952854773750296,0.01,context_space,sports_ranking_finish_position,nesting,,29725743828384026112095079361082994940901930932912573284486248321525587766137,b56b1cd9d55249209489d4ff5597d689,6d3b3c938b6ba0d9642c9f44
0.0,0.095475,1760162410000,reentry,0.01,RESEARCH-ONLY — exploratory_trade_surface,b,0.0,2.0,aggressive_learning_surface,4d8e3f1dfa6859ea0a922dd6e3d3c163,20.94789211835559,0.01,context_space,sports_ranking_finish_position,nesting,,51695045148799175684172272379992088967817952288318390606428003376915476428349,3f72abdef7bd4821baedaca4f4c63dce,6d3b3c938b6ba0d9642c9f44
0.0,0.105525,1760166010000,reentry,0.01,RESEARCH-ONLY — exploratory_trade_surface,a,0.0,2.0,aggressive_learning_surface,4d8e3f1dfa6859ea0a922dd6e3d3c163,18.952854773750296,0.01,context_space,sports_ranking_finish_position,nesting,,29725743828384026112095079361082994940901930932912573284486248321525587766137,a3b08c8375c84fad822cd420294382ea,6d3b3c938b6ba0d9642c9f44
0.0,0.095475,1760166010000,reentry,0.01,RESEARCH-ONLY — exploratory_trade_surface,b,0.0,2.0,aggressive_learning_surface,4d8e3f1dfa6859ea0a922dd6e3d3c163,20.94789211835559,0.01,context_space,sports_ranking_finish_position,nesting,,51695045148799175684172272379992088967817952288318390606428003376915476428349,e06695530698423da176731c3a52955f,6d3b3c938b6ba0d9642c9f44
0.0,0.105525,1760169610000,reentry,0.01,RESEARCH-ONLY — exploratory_trade_surface,a,0.0,2.0,aggressive_learning_surface,4d8e3f1dfa6859ea0a922dd6e3d3c163,18.952854773750296,0.01,context_space,sports_ranking_finish_position,nesting,,29725743828384026112095079361082994940901930932912573284486248321525587766137,79ca80cc93294e3da953460d0a200654,6d3b3c938b6ba0d9642c9f44
0.0,0.095475,1760169610000,reentry,0.01,RESEARCH-ONLY — exploratory_trade_surface,b,0.0,2.0,aggressive_learning_surface,4d8e3f1dfa6859ea0a922dd6e3d3c163,20.94789211835559,0.01,context_space,sports_ranking_finish_position,nesting,,51695045148799175684172272379992088967817952288318390606428003376915476428349,31237a830c194dc0b6bc60895c16a8b1,6d3b3c938b6ba0d9642c9f44
0.0,0.105525,1760173210000,reentry,0.01,RESEARCH-ONLY — exploratory_trade_surface,a,0.0,2.0,aggressive_learning_surface,4d8e3f1dfa6859ea0a922dd6e3d3c163,18.952854773750296,0.01,context_space,sports_ranking_finish_position,nesting,,29725743828384026112095079361082994940901930932912573284486248321525587766137,c1fb65dbab604450a8ce42826cb0a54b,6d3b3c938b6ba0d9642c9f44
0.0,0.095475,1760173210000,reentry,0.01,RESEARCH-ONLY — exploratory_trade_surface,b,0.0,2.0,aggressive_learning_surface,4d8e3f1dfa6859ea0a922dd6e3d3c163,20.94789211835559,0.01,context_space,sports_ranking_finish_position,nesting,,51695045148799175684172272379992088967817952288318390606428003376915476428349,0335dded8c4043d49f2e4e7ef8209f09,6d3b3c938b6ba0d9642c9f44
0.0,0.105525,1760176810000,reentry,0.01,RESEARCH-ONLY — exploratory_trade_surface,a,0.0,2.0,aggressive_learning_surface,4d8e3f1dfa6859ea0a922dd6e3d3c163,18.952854773750296,0.01,context_space,sports_ranking_finish_position,nesting,,29725743828384026112095079361082994940901930932912573284486248321525587766137,3871306fab004a6788c1a3f1832a44ff,6d3b3c938b6ba0d9642c9f44
0.0,0.095475,1760176810000,reentry,0.01,RESEARCH-ONLY — exploratory_trade_surface,b,0.0,2.0,aggressive_learning_surface,4d8e3f1dfa6859ea0a922dd6e3d3c163,20.94789211835559,0.01,context_space,sports_ranking_finish_position,nesting,,51695045148799175684172272379992088967817952288318390606428003376915476428349,0b68fe198f664f7490cf23ee6650f247,6d3b3c938b6ba0d9642c9f44
0.0,0.105525,1760180410000,reentry,0.01,RESEARCH-ONLY — exploratory_trade_surface,a,0.0,2.0,aggressive_learning_surface,4d8e3f1dfa6859ea0a922dd6e3d3c163,18.952854773750296,0.01,context_space,sports_ranking_finish_position,nesting,,29725743828384026112095079361082994940901930932912573284486248321525587766137,c97f9957692d4b8787e5fc12055686f1,6d3b3c938b6ba0d9642c9f44
0.0,0.095475,1760180410000,reentry,0.01,RESEARCH-ONLY — exploratory_trade_surface,b,0.0,2.0,aggressive_learning_surface,4d8e3f1dfa6859ea0a922dd6e3d3c163,20.94789211835559,0.01,context_space,sports_ranking_finish_position,nesting,,51695045148799175684172272379992088967817952288318390606428003376915476428349,e8e12a46023b4244b94820cab88f95a7,6d3b3c938b6ba0d9642c9f44
0.0,0.105525,1760184010000,reentry,0.01,RESEARCH-ONLY — exploratory_trade_surface,a,0.0,2.0,aggressive_learning_surface,4d8e3f1dfa6859ea0a922dd6e3d3c163,18.952854773750296,0.01,context_space,sports_ranking_finish_position,nesting,,29725743828384026112095079361082994940901930932912573284486248321525587766137,4a22f0772f584d9491301cd2f7390c3c,6d3b3c938b6ba0d9642c9f44
0.0,0.095475,1760184010000,reentry,0.01,RESEARCH-ONLY — exploratory_trade_surface,b,0.0,2.0,aggressive_learning_surface,4d8e3f1dfa6859ea0a922dd6e3d3c163,20.94789211835559,0.01,context_space,sports_ranking_finish_position,nesting,,51695045148799175684172272379992088967817952288318390606428003376915476428349,7910d92b30b642fab2a83503f87ea7d5,6d3b3c938b6ba0d9642c9f44
0.0,0.105525,1760187610000,reentry,0.01,RESEARCH-ONLY — exploratory_trade_surface,a,0.0,2.0,aggressive_learning_surface,4d8e3f1dfa6859ea0a922dd6e3d3c163,18.952854773750296,0.01,context_space,sports_ranking_finish_position,nesting,,29725743828384026112095079361082994940901930932912573284486248321525587766137,65dd346c46b341a9a838182f3e9a3638,6d3b3c938b6ba0d9642c9f44
0.0,0.095475,1760187610000,reentry,0.01,RESEARCH-ONLY — exploratory_trade_surface,b,0.0,2.0,aggressive_learning_surface,4d8e3f1dfa6859ea0a922dd6e3d3c163,20.94789211835559,0.01,context_space,sports_ranking_finish_position,nesting,,51695045148799175684172272379992088967817952288318390606428003376915476428349,aac94d183d154d58b0b968847b63ae76,6d3b3c938b6ba0d9642c9f44
0.0,0.105525,1760191210000,reentry,0.01,RESEARCH-ONLY — exploratory_trade_surface,a,0.0,2.0,aggressive_learning_surface,4d8e3f1dfa6859ea0a922dd6e3d3c163,18.952854773750296,0.01,context_space,sports_ranking_finish_position,nesting,,29725743828384026112095079361082994940901930932912573284486248321525587766137,e3d7125700334fc5acee69fa9eab661d,6d3b3c938b6ba0d9642c9f44
0.0,0.095475,1760191210000,reentry,0.01,RESEARCH-ONLY — exploratory_trade_surface,b,0.0,2.0,aggressive_learning_surface,4d8e3f1dfa6859ea0a922dd6e3d3c163,20.94789211835559,0.01,context_space,sports_ranking_finish_position,nesting,,51695045148799175684172272379992088967817952288318390606428003376915476428349,476ddda76cf944b7bf2b460934eea056,6d3b3c938b6ba0d9642c9f44
0.0,0.105525,1760194810000,reentry,0.01,RESEARCH-ONLY — exploratory_trade_surface,a,0.0,2.0,aggressive_learning_surface,4d8e3f1dfa6859ea0a922dd6e3d3c163,18.952854773750296,0.01,context_space,sports_ranking_finish_position,nesting,,29725743828384026112095079361082994940901930932912573284486248321525587766137,869e149b332542d0a8bffea69e6f03b9,6d3b3c938b6ba0d9642c9f44
0.0,0.095475,1760194810000,reentry,0.01,RESEARCH-ONLY — exploratory_trade_surface,b,0.0,2.0,aggressive_learning_surface,4d8e3f1dfa6859ea0a922dd6e3d3c163,20.94789211835559,0.01,context_space,sports_ranking_finish_position,nesting,,51695045148799175684172272379992088967817952288318390606428003376915476428349,2d8ba11a7deb4577bc966c9059758fac,6d3b3c938b6ba0d9642c9f44
0.0,0.105525,1760198410000,reentry,0.01,RESEARCH-ONLY — exploratory_trade_surface,a,0.0,2.0,aggressive_learning_surface,4d8e3f1dfa6859ea0a922dd6e3d3c163,18.952854773750296,0.01,context_space,sports_ranking_finish_position,nesting,,29725743828384026112095079361082994940901930932912573284486248321525587766137,3c5356b908b446a2b3f121a8d25cfae8,6d3b3c938b6ba0d9642c9f44
0.0,0.095475,1760198410000,reentry,0.01,RESEARCH-ONLY — exploratory_trade_surface,b,0.0,2.0,aggressive_learning_surface,4d8e3f1dfa6859ea0a922dd6e3d3c163,20.94789211835559,0.01,context_space,sports_ranking_finish_position,nesting,,51695045148799175684172272379992088967817952288318390606428003376915476428349,a7abce02c6a148ad9f03f4b56ed91b34,6d3b3c938b6ba0d9642c9f44
0.0,0.105525,1760202010000,reentry,0.01,RESEARCH-ONLY — exploratory_trade_surface,a,0.0,2.0,aggressive_learning_surface,4d8e3f1dfa6859ea0a922dd6e3d3c163,18.952854773750296,0.01,context_space,sports_ranking_finish_position,nesting,,29725743828384026112095079361082994940901930932912573284486248321525587766137,138018a1e04a4e28bff5ad8e3641a323,6d3b3c938b6ba0d9642c9f44
0.0,0.095475,1760202010000,reentry,0.01,RESEARCH-ONLY — exploratory_trade_surface,b,0.0,2.0,aggressive_learning_surface,4d8e3f1dfa6859ea0a922dd6e3d3c163,20.94789211835559,0.01,context_space,sports_ranking_finish_position,nesting,,51695045148799175684172272379992088967817952288318390606428003376915476428349,a48dbcea141845aca247a97a322bf647,6d3b3c938b6ba0d9642c9f44
0.0,0.105525,1760205610000,reentry,0.01,RESEARCH-ONLY — exploratory_trade_surface,a,0.0,2.0,aggressive_learning_surface,4d8e3f1dfa6859ea0a922dd6e3d3c163,18.952854773750296,0.01,context_space,sports_ranking_finish_position,nesting,,29725743828384026112095079361082994940901930932912573284486248321525587766137,1d4a7accb006419dbcb5344499cc5267,6d3b3c938b6ba0d9642c9f44
0.0,0.095475,1760205610000,reentry,0.01,RESEARCH-ONLY — exploratory_trade_surface,b,0.0,2.0,aggressive_learning_surface,4d8e3f1dfa6859ea0a922dd6e3d3c163,20.94789211835559,0.01,context_space,sports_ranking_finish_position,nesting,,51695045148799175684172272379992088967817952288318390606428003376915476428349,9880953950394b14aa8a3d1f00cc62a5,6d3b3c938b6ba0d9642c9f44
0.0,0.105525,1760209210000,reentry,0.01,RESEARCH-ONLY — exploratory_trade_surface,a,0.0,2.0,aggressive_learning_surface,4d8e3f1dfa6859ea0a922dd6e3d3c163,18.952854773750296,0.01,context_space,sports_ranking_finish_position,nesting,,29725743828384026112095079361082994940901930932912573284486248321525587766137,4087c79f949241d8bc09cc282760dfa5,6d3b3c938b6ba0d9642c9f44
0.0,0.095475,1760209210000,reentry,0.01,RESEARCH-ONLY — exploratory_trade_surface,b,0.0,2.0,aggressive_learning_surface,4d8e3f1dfa6859ea0a922dd6e3d3c163,20.94789211835559,0.01,context_space,sports_ranking_finish_position,nesting,,51695045148799175684172272379992088967817952288318390606428003376915476428349,ca585eb1c1fb4c71bca77484c55dc607,6d3b3c938b6ba0d9642c9f44
0.0,0.105525,1760212810000,reentry,0.01,RESEARCH-ONLY — exploratory_trade_surface,a,0.0,2.0,aggressive_learning_surface,4d8e3f1dfa6859ea0a922dd6e3d3c163,18.952854773750296,0.01,context_space,sports_ranking_finish_position,nesting,,29725743828384026112095079361082994940901930932912573284486248321525587766137,0226946c1f1041b590947ab3039a1899,6d3b3c938b6ba0d9642c9f44
0.0,0.095475,1760212810000,reentry,0.01,RESEARCH-ONLY — exploratory_trade_surface,b,0.0,2.0,aggressive_learning_surface,4d8e3f1dfa6859ea0a922dd6e3d3c163,20.94789211835559,0.01,context_space,sports_ranking_finish_position,nesting,,51695045148799175684172272379992088967817952288318390606428003376915476428349,8741ee84249f4652bef41b94b824a4b4,6d3b3c938b6ba0d9642c9f44
0.0,0.105525,1760216410000,reentry,0.01,RESEARCH-ONLY — exploratory_trade_surface,a,0.0,2.0,aggressive_learning_surface,4d8e3f1dfa6859ea0a922dd6e3d3c163,18.952854773750296,0.01,context_space,sports_ranking_finish_position,nesting,,29725743828384026112095079361082994940901930932912573284486248321525587766137,fa003ba16bb74fa1811d53653de8ba37,6d3b3c938b6ba0d9642c9f44
0.0,0.095475,1760216410000,reentry,0.01,RESEARCH-ONLY — exploratory_trade_surface,b,0.0,2.0,aggressive_learning_surface,4d8e3f1dfa6859ea0a922dd6e3d3c163,20.94789211835559,0.01,context_space,sports_ranking_finish_position,nesting,,51695045148799175684172272379992088967817952288318390606428003376915476428349,f4ab981b728e4b308ddc23eedb46b72b,6d3b3c938b6ba0d9642c9f44
0.0,0.105525,1760220010000,reentry,0.01,RESEARCH-ONLY — exploratory_trade_surface,a,0.0,2.0,aggressive_learning_surface,4d8e3f1dfa6859ea0a922dd6e3d3c163,18.952854773750296,0.01,context_space,sports_ranking_finish_position,nesting,,29725743828384026112095079361082994940901930932912573284486248321525587766137,8bfde54e006543029bff6dd4c7bd3b5d,6d3b3c938b6ba0d9642c9f44
0.0,0.095475,1760220010000,reentry,0.01,RESEARCH-ONLY — exploratory_trade_surface,b,0.0,2.0,aggressive_learning_surface,4d8e3f1dfa6859ea0a922dd6e3d3c163,20.94789211835559,0.01,context_space,sports_ranking_finish_position,nesting,,51695045148799175684172272379992088967817952288318390606428003376915476428349,1dac66de55e34b168cf0e59c608f9efd,6d3b3c938b6ba0d9642c9f44
0.0,0.105525,1760223610000,reentry,0.01,RESEARCH-ONLY — exploratory_trade_surface,a,0.0,2.0,aggressive_learning_surface,4d8e3f1dfa6859ea0a922dd6e3d3c163,18.952854773750296,0.01,context_space,sports_ranking_finish_position,nesting,,29725743828384026112095079361082994940901930932912573284486248321525587766137,0efaaf6c48304ffd90975fd49a6d2a38,6d3b3c938b6ba0d9642c9f44
0.0,0.095475,1760223610000,reentry,0.01,RESEARCH-ONLY — exploratory_trade_surface,b,0.0,2.0,aggressive_learning_surface,4d8e3f1dfa6859ea0a922dd6e3d3c163,20.94789211835559,0.01,context_space,sports_ranking_finish_position,nesting,,51695045148799175684172272379992088967817952288318390606428003376915476428349,9996f75487ae479f9daa16d2407e1735,6d3b3c938b6ba0d9642c9f44
0.0,0.1005,1760313610000,reentry,0.01,RESEARCH-ONLY — exploratory_trade_surface,a,0.0,2.0,aggressive_learning_surface,4d8e3f1dfa6859ea0a922dd6e3d3c163,19.90049751243781,0.01,context_space,sports_ranking_finish_position,nesting,,29725743828384026112095079361082994940901930932912573284486248321525587766137,4514fbd5fd1d4991b9d0c8e896e1dec9,eae4c758c92b73a3504120d4
0.0,0.09045,1760313610000,reentry,0.01,RESEARCH-ONLY — exploratory_trade_surface,b,0.0,2.0,aggressive_learning_surface,4d8e3f1dfa6859ea0a922dd6e3d3c163,22.111663902708678,0.01,context_space,sports_ranking_finish_position,nesting,,51695045148799175684172272379992088967817952288318390606428003376915476428349,14b8a75e8ab1402f9920f59a35a293af,eae4c758c92b73a3504120d4
0.0,0.1005,1760317210000,reentry,0.01,RESEARCH-ONLY — exploratory_trade_surface,a,0.0,2.0,aggressive_learning_surface,4d8e3f1dfa6859ea0a922dd6e3d3c163,19.90049751243781,0.01,context_space,sports_ranking_finish_position,nesting,,29725743828384026112095079361082994940901930932912573284486248321525587766137,462131f14709462dbc7bbc768973ce7c,eae4c758c92b73a3504120d4
0.0,0.09045,1760317210000,reentry,0.01,RESEARCH-ONLY — exploratory_trade_surface,b,0.0,2.0,aggressive_learning_surface,4d8e3f1dfa6859ea0a922dd6e3d3c163,22.111663902708678,0.01,context_space,sports_ranking_finish_position,nesting,,51695045148799175684172272379992088967817952288318390606428003376915476428349,a3ecfd7979cd4266b29cb742fafe4847,eae4c758c92b73a3504120d4
0.0,0.1005,1760320810000,reentry,0.01,RESEARCH-ONLY — exploratory_trade_surface,a,0.0,2.0,aggressive_learning_surface,4d8e3f1dfa6859ea0a922dd6e3d3c163,19.90049751243781,0.01,context_space,sports_ranking_finish_position,nesting,,29725743828384026112095079361082994940901930932912573284486248321525587766137,be5e1af261924c819dfa46526b2fe9a9,eae4c758c92b73a3504120d4
0.0,0.09045,1760320810000,reentry,0.01,RESEARCH-ONLY — exploratory_trade_surface,b,0.0,2.0,aggressive_learning_surface,4d8e3f1dfa6859ea0a922dd6e3d3c163,22.111663902708678,0.01,context_space,sports_ranking_finish_position,nesting,,51695045148799175684172272379992088967817952288318390606428003376915476428349,76d8c08be18c416f9801225590ddc22a,eae4c758c92b73a3504120d4
0.0,0.1005,1760324410000,reentry,0.01,RESEARCH-ONLY — exploratory_trade_surface,a,0.0,2.0,aggressive_learning_surface,4d8e3f1dfa6859ea0a922dd6e3d3c163,19.90049751243781,0.01,context_space,sports_ranking_finish_position,nesting,,29725743828384026112095079361082994940901930932912573284486248321525587766137,55f2a954a1834d5fb394d77d6f698d78,eae4c758c92b73a3504120d4
0.0,0.09045,1760324410000,reentry,0.01,RESEARCH-ONLY — exploratory_trade_surface,b,0.0,2.0,aggressive_learning_surface,4d8e3f1dfa6859ea0a922dd6e3d3c163,22.111663902708678,0.01,context_space,sports_ranking_finish_position,nesting,,51695045148799175684172272379992088967817952288318390606428003376915476428349,76d4c5d92ccb44c4805e8d001e685699,eae4c758c92b73a3504120d4
0.0,0.1005,1760328010000,reentry,0.01,RESEARCH-ONLY — exploratory_trade_surface,a,0.0,2.0,aggressive_learning_surface,4d8e3f1dfa6859ea0a922dd6e3d3c163,19.90049751243781,0.01,context_space,sports_ranking_finish_position,nesting,,29725743828384026112095079361082994940901930932912573284486248321525587766137,9478134e386d4922a3a56bde69fe2207,eae4c758c92b73a3504120d4
0.0,0.09045,1760328010000,reentry,0.01,RESEARCH-ONLY — exploratory_trade_surface,b,0.0,2.0,aggressive_learning_surface,4d8e3f1dfa6859ea0a922dd6e3d3c163,22.111663902708678,0.01,context_space,sports_ranking_finish_position,nesting,,51695045148799175684172272379992088967817952288318390606428003376915476428349,cb7c216fd75d45f9bb2e9a72c4411c13,eae4c758c92b73a3504120d4
0.0,0.1005,1760331610000,reentry,0.01,RESEARCH-ONLY — exploratory_trade_surface,a,0.0,2.0,aggressive_learning_surface,4d8e3f1dfa6859ea0a922dd6e3d3c163,19.90049751243781,0.01,context_space,sports_ranking_finish_position,nesting,,29725743828384026112095079361082994940901930932912573284486248321525587766137,5ffdecc2af7646feb5ca3f5ea5f1e035,eae4c758c92b73a3504120d4
0.0,0.09045,1760331610000,reentry,0.01,RESEARCH-ONLY — exploratory_trade_surface,b,0.0,2.0,aggressive_learning_surface,4d8e3f1dfa6859ea0a922dd6e3d3c163,22.111663902708678,0.01,context_space,sports_ranking_finish_position,nesting,,51695045148799175684172272379992088967817952288318390606428003376915476428349,d1812e9975ca4bcaa23b56dacd410a1d,eae4c758c92b73a3504120d4
0.0,0.1005,1760335210000,reentry,0.01,RESEARCH-ONLY — exploratory_trade_surface,a,0.0,2.0,aggressive_learning_surface,4d8e3f1dfa6859ea0a922dd6e3d3c163,19.90049751243781,0.01,context_space,sports_ranking_finish_position,nesting,,29725743828384026112095079361082994940901930932912573284486248321525587766137,0d149d7f597e406ab6734508e575d6ad,eae4c758c92b73a3504120d4
0.0,0.09045,1760335210000,reentry,0.01,RESEARCH-ONLY — exploratory_trade_surface,b,0.0,2.0,aggressive_learning_surface,4d8e3f1dfa6859ea0a922dd6e3d3c163,22.111663902708678,0.01,context_space,sports_ranking_finish_position,nesting,,51695045148799175684172272379992088967817952288318390606428003376915476428349,cdef6141fba34390a21880bbbeaa9511,eae4c758c92b73a3504120d4
0.0,0.1005,1760338810000,reentry,0.01,RESEARCH-ONLY — exploratory_trade_surface,a,0.0,2.0,aggressive_learning_surface,4d8e3f1dfa6859ea0a922dd6e3d3c163,19.90049751243781,0.01,context_space,sports_ranking_finish_position,nesting,,29725743828384026112095079361082994940901930932912573284486248321525587766137,dcf5476670734feeac170c7cbd8caa2c,eae4c758c92b73a3504120d4
0.0,0.09045,1760338810000,reentry,0.01,RESEARCH-ONLY — exploratory_trade_surface,b,0.0,2.0,aggressive_learning_surface,4d8e3f1dfa6859ea0a922dd6e3d3c163,22.111663902708678,0.01,context_space,sports_ranking_finish_position,nesting,,51695045148799175684172272379992088967817952288318390606428003376915476428349,c4dd39a702b94b40b0b6658d391c04c9,eae4c758c92b73a3504120d4
0.0,0.1005,1760342410000,reentry,0.01,RESEARCH-ONLY — exploratory_trade_surface,a,0.0,2.0,aggressive_learning_surface,4d8e3f1dfa6859ea0a922dd6e3d3c163,19.90049751243781,0.01,context_space,sports_ranking_finish_position,nesting,,29725743828384026112095079361082994940901930932912573284486248321525587766137,653e3961d13b4cfb92a86d429020507a,eae4c758c92b73a3504120d4
0.0,0.09045,1760342410000,reentry,0.01,RESEARCH-ONLY — exploratory_trade_surface,b,0.0,2.0,aggressive_learning_surface,4d8e3f1dfa6859ea0a922dd6e3d3c163,22.111663902708678,0.01,context_space,sports_ranking_finish_position,nesting,,51695045148799175684172272379992088967817952288318390606428003376915476428349,a1f994237125490aa17cde54078f445e,eae4c758c92b73a3504120d4
0.0,0.1005,1760346010000,reentry,0.01,RESEARCH-ONLY — exploratory_trade_surface,a,0.0,2.0,aggressive_learning_surface,4d8e3f1dfa6859ea0a922dd6e3d3c163,19.90049751243781,0.01,context_space,sports_ranking_finish_position,nesting,,29725743828384026112095079361082994940901930932912573284486248321525587766137,7b0e3503be94481b9fdf8d4ba70e8c14,eae4c758c92b73a3504120d4
0.0,0.09045,1760346010000,reentry,0.01,RESEARCH-ONLY — exploratory_trade_surface,b,0.0,2.0,aggressive_learning_surface,4d8e3f1dfa6859ea0a922dd6e3d3c163,22.111663902708678,0.01,context_space,sports_ranking_finish_position,nesting,,51695045148799175684172272379992088967817952288318390606428003376915476428349,d6c7e37d774143f4a501da6f650abad2,eae4c758c92b73a3504120d4
0.0,0.1005,1760349610000,reentry,0.01,RESEARCH-ONLY — exploratory_trade_surface,a,0.0,2.0,aggressive_learning_surface,4d8e3f1dfa6859ea0a922dd6e3d3c163,19.90049751243781,0.01,context_space,sports_ranking_finish_position,nesting,,29725743828384026112095079361082994940901930932912573284486248321525587766137,cdd104330e8d497fb762025623df1ab5,eae4c758c92b73a3504120d4
0.0,0.09045,1760349610000,reentry,0.01,RESEARCH-ONLY — exploratory_trade_surface,b,0.0,2.0,aggressive_learning_surface,4d8e3f1dfa6859ea0a922dd6e3d3c163,22.111663902708678,0.01,context_space,sports_ranking_finish_position,nesting,,51695045148799175684172272379992088967817952288318390606428003376915476428349,fba1fe6b6bfc43478ab7fbcc188e3213,eae4c758c92b73a3504120d4
0.0,0.1005,1760353210000,reentry,0.01,RESEARCH-ONLY — exploratory_trade_surface,a,0.0,2.0,aggressive_learning_surface,4d8e3f1dfa6859ea0a922dd6e3d3c163,19.90049751243781,0.01,context_space,sports_ranking_finish_position,nesting,,29725743828384026112095079361082994940901930932912573284486248321525587766137,140ed3365f7c4baf9a53f1ddc229fa16,eae4c758c92b73a3504120d4
0.0,0.09045,1760353210000,reentry,0.01,RESEARCH-ONLY — exploratory_trade_surface,b,0.0,2.0,aggressive_learning_surface,4d8e3f1dfa6859ea0a922dd6e3d3c163,22.111663902708678,0.01,context_space,sports_ranking_finish_position,nesting,,51695045148799175684172272379992088967817952288318390606428003376915476428349,7140e8fcdf2d4eba82bfdcf2621e8b31,eae4c758c92b73a3504120d4
0.0,0.1005,1760356810000,reentry,0.01,RESEARCH-ONLY — exploratory_trade_surface,a,0.0,2.0,aggressive_learning_surface,4d8e3f1dfa6859ea0a922dd6e3d3c163,19.90049751243781,0.01,context_space,sports_ranking_finish_position,nesting,,29725743828384026112095079361082994940901930932912573284486248321525587766137,4e35f66fc4124fc9b2b9bf8dc016e06f,eae4c758c92b73a3504120d4
0.0,0.09045,1760356810000,reentry,0.01,RESEARCH-ONLY — exploratory_trade_surface,b,0.0,2.0,aggressive_learning_surface,4d8e3f1dfa6859ea0a922dd6e3d3c163,22.111663902708678,0.01,context_space,sports_ranking_finish_position,nesting,,51695045148799175684172272379992088967817952288318390606428003376915476428349,6d447afafddb401aad373808f1249582,eae4c758c92b73a3504120d4
0.0,0.1005,1760360410000,reentry,0.01,RESEARCH-ONLY — exploratory_trade_surface,a,0.0,2.0,aggressive_learning_surface,4d8e3f1dfa6859ea0a922dd6e3d3c163,19.90049751243781,0.01,context_space,sports_ranking_finish_position,nesting,,29725743828384026112095079361082994940901930932912573284486248321525587766137,cef578d05b404beb9447c0aa0044ae79,eae4c758c92b73a3504120d4
0.0,0.09045,1760360410000,reentry,0.01,RESEARCH-ONLY — exploratory_trade_surface,b,0.0,2.0,aggressive_learning_surface,4d8e3f1dfa6859ea0a922dd6e3d3c163,22.111663902708678,0.01,context_space,sports_ranking_finish_position,nesting,,51695045148799175684172272379992088967817952288318390606428003376915476428349,204282976af140b18b55f8e6b82e06f9,eae4c758c92b73a3504120d4
0.0,0.1005,1760364010000,reentry,0.01,RESEARCH-ONLY — exploratory_trade_surface,a,0.0,2.0,aggressive_learning_surface,4d8e3f1dfa6859ea0a922dd6e3d3c163,19.90049751243781,0.01,context_space,sports_ranking_finish_position,nesting,,29725743828384026112095079361082994940901930932912573284486248321525587766137,387e3049acae4a78bbced2f249ec44d1,eae4c758c92b73a3504120d4
0.0,0.09045,1760364010000,reentry,0.01,RESEARCH-ONLY — exploratory_trade_surface,b,0.0,2.0,aggressive_learning_surface,4d8e3f1dfa6859ea0a922dd6e3d3c163,22.111663902708678,0.01,context_space,sports_ranking_finish_position,nesting,,51695045148799175684172272379992088967817952288318390606428003376915476428349,a98253e59d21494e835a7e2e2b237d2a,eae4c758c92b73a3504120d4
0.0,0.1005,1760367610000,reentry,0.01,RESEARCH-ONLY — exploratory_trade_surface,a,0.0,2.0,aggressive_learning_surface,4d8e3f1dfa6859ea0a922dd6e3d3c163,19.90049751243781,0.01,context_space,sports_ranking_finish_position,nesting,,29725743828384026112095079361082994940901930932912573284486248321525587766137,8c556b3b34c74ee8a1156e00bb5b3d94,eae4c758c92b73a3504120d4
0.0,0.09045,1760367610000,reentry,0.01,RESEARCH-ONLY — exploratory_trade_surface,b,0.0,2.0,aggressive_learning_surface,4d8e3f1dfa6859ea0a922dd6e3d3c163,22.111663902708678,0.01,context_space,sports_ranking_finish_position,nesting,,51695045148799175684172272379992088967817952288318390606428003376915476428349,495a824a292d4fa4908fbb81c358710a,eae4c758c92b73a3504120d4
0.0,0.1005,1760371210000,reentry,0.01,RESEARCH-ONLY — exploratory_trade_surface,a,0.0,2.0,aggressive_learning_surface,4d8e3f1dfa6859ea0a922dd6e3d3c163,19.90049751243781,0.01,context_space,sports_ranking_finish_position,nesting,,29725743828384026112095079361082994940901930932912573284486248321525587766137,af3bbb9e9900456986f06a359695ef5a,eae4c758c92b73a3504120d4
0.0,0.09045,1760371210000,reentry,0.01,RESEARCH-ONLY — exploratory_trade_surface,b,0.0,2.0,aggressive_learning_surface,4d8e3f1dfa6859ea0a922dd6e3d3c163,22.111663902708678,0.01,context_space,sports_ranking_finish_position,nesting,,51695045148799175684172272379992088967817952288318390606428003376915476428349,b64c17016ec84e058082f291d2b2f182,eae4c758c92b73a3504120d4
0.0,0.1005,1760374810000,reentry,0.01,RESEARCH-ONLY — exploratory_trade_surface,a,0.0,2.0,aggressive_learning_surface,4d8e3f1dfa6859ea0a922dd6e3d3c163,19.90049751243781,0.01,context_space,sports_ranking_finish_position,nesting,,29725743828384026112095079361082994940901930932912573284486248321525587766137,f472fcfa1c774c099512b61c6cbf94f2,eae4c758c92b73a3504120d4
0.0,0.09045,1760374810000,reentry,0.01,RESEARCH-ONLY — exploratory_trade_surface,b,0.0,2.0,aggressive_learning_surface,4d8e3f1dfa6859ea0a922dd6e3d3c163,22.111663902708678,0.01,context_space,sports_ranking_finish_position,nesting,,51695045148799175684172272379992088967817952288318390606428003376915476428349,e0f300d431ac4fa1b6ccfbe603627e23,eae4c758c92b73a3504120d4
0.0,0.1005,1760378410000,reentry,0.01,RESEARCH-ONLY — exploratory_trade_surface,a,0.0,2.0,aggressive_learning_surface,4d8e3f1dfa6859ea0a922dd6e3d3c163,19.90049751243781,0.01,context_space,sports_ranking_finish_position,nesting,,29725743828384026112095079361082994940901930932912573284486248321525587766137,dd8738c94b0641288c24d4599c9155e4,eae4c758c92b73a3504120d4
0.0,0.09045,1760378410000,reentry,0.01,RESEARCH-ONLY — exploratory_trade_surface,b,0.0,2.0,aggressive_learning_surface,4d8e3f1dfa6859ea0a922dd6e3d3c163,22.111663902708678,0.01,context_space,sports_ranking_finish_position,nesting,,51695045148799175684172272379992088967817952288318390606428003376915476428349,6f043f0bcb4241e2a162bc6cb979e958,eae4c758c92b73a3504120d4
0.0,0.1005,1760382010000,reentry,0.01,RESEARCH-ONLY — exploratory_trade_surface,a,0.0,2.0,aggressive_learning_surface,4d8e3f1dfa6859ea0a922dd6e3d3c163,19.90049751243781,0.01,context_space,sports_ranking_finish_position,nesting,,29725743828384026112095079361082994940901930932912573284486248321525587766137,5449c07997e24c1a9d99cff1a89d41ab,eae4c758c92b73a3504120d4
0.0,0.09045,1760382010000,reentry,0.01,RESEARCH-ONLY — exploratory_trade_surface,b,0.0,2.0,aggressive_learning_surface,4d8e3f1dfa6859ea0a922dd6e3d3c163,22.111663902708678,0.01,context_space,sports_ranking_finish_position,nesting,,51695045148799175684172272379992088967817952288318390606428003376915476428349,14d0644c5b514255a526abd622a160c8,eae4c758c92b73a3504120d4
0.0,0.1005,1760385610000,reentry,0.01,RESEARCH-ONLY — exploratory_trade_surface,a,0.0,2.0,aggressive_learning_surface,4d8e3f1dfa6859ea0a922dd6e3d3c163,19.90049751243781,0.01,context_space,sports_ranking_finish_position,nesting,,29725743828384026112095079361082994940901930932912573284486248321525587766137,8a08cfa6cb984b80bab37ebedc49b396,eae4c758c92b73a3504120d4
0.0,0.09045,1760385610000,reentry,0.01,RESEARCH-ONLY — exploratory_trade_surface,b,0.0,2.0,aggressive_learning_surface,4d8e3f1dfa6859ea0a922dd6e3d3c163,22.111663902708678,0.01,context_space,sports_ranking_finish_position,nesting,,51695045148799175684172272379992088967817952288318390606428003376915476428349,ede9e5f3b1fc44fcb91dd9a46bfd28c9,eae4c758c92b73a3504120d4
0.0,0.1005,1760389210000,reentry,0.01,RESEARCH-ONLY — exploratory_trade_surface,a,0.0,2.0,aggressive_learning_surface,4d8e3f1dfa6859ea0a922dd6e3d3c163,19.90049751243781,0.01,context_space,sports_ranking_finish_position,nesting,,29725743828384026112095079361082994940901930932912573284486248321525587766137,2433a71463f44203b2727fb0f83eed41,eae4c758c92b73a3504120d4
0.0,0.09045,1760389210000,reentry,0.01,RESEARCH-ONLY — exploratory_trade_surface,b,0.0,2.0,aggressive_learning_surface,4d8e3f1dfa6859ea0a922dd6e3d3c163,22.111663902708678,0.01,context_space,sports_ranking_finish_position,nesting,,51695045148799175684172272379992088967817952288318390606428003376915476428349,88a1d6c24d3440c08f11eeeb7e7a8e8c,eae4c758c92b73a3504120d4
0.0,0.1005,1760392810000,reentry,0.01,RESEARCH-ONLY — exploratory_trade_surface,a,0.0,2.0,aggressive_learning_surface,4d8e3f1dfa6859ea0a922dd6e3d3c163,19.90049751243781,0.01,context_space,sports_ranking_finish_position,nesting,,29725743828384026112095079361082994940901930932912573284486248321525587766137,db7ea6a228894185943177749ca12587,eae4c758c92b73a3504120d4
0.0,0.09045,1760392810000,reentry,0.01,RESEARCH-ONLY — exploratory_trade_surface,b,0.0,2.0,aggressive_learning_surface,4d8e3f1dfa6859ea0a922dd6e3d3c163,22.111663902708678,0.01,context_space,sports_ranking_finish_position,nesting,,51695045148799175684172272379992088967817952288318390606428003376915476428349,15ee2cc7260e4a15849a78ee1d6b912e,eae4c758c92b73a3504120d4
0.0,0.1005,1760396410000,reentry,0.01,RESEARCH-ONLY — exploratory_trade_surface,a,0.0,2.0,aggressive_learning_surface,4d8e3f1dfa6859ea0a922dd6e3d3c163,19.90049751243781,0.01,context_space,sports_ranking_finish_position,nesting,,29725743828384026112095079361082994940901930932912573284486248321525587766137,684589144fbe4ed9a7aa3251d551fa20,eae4c758c92b73a3504120d4
0.0,0.09045,1760396410000,reentry,0.01,RESEARCH-ONLY — exploratory_trade_surface,b,0.0,2.0,aggressive_learning_surface,4d8e3f1dfa6859ea0a922dd6e3d3c163,22.111663902708678,0.01,context_space,sports_ranking_finish_position,nesting,,51695045148799175684172272379992088967817952288318390606428003376915476428349,d0d7819985f84598944ff44168f92545,eae4c758c92b73a3504120d4
0.0,0.1005,1760400010000,reentry,0.01,RESEARCH-ONLY — exploratory_trade_surface,a,0.0,2.0,aggressive_learning_surface,4d8e3f1dfa6859ea0a922dd6e3d3c163,19.90049751243781,0.01,context_space,sports_ranking_finish_position,nesting,,29725743828384026112095079361082994940901930932912573284486248321525587766137,fb5646adf0bb4f2fa69cd2ccbacbe0f8,eae4c758c92b73a3504120d4
0.0,0.09045,1760400010000,reentry,0.01,RESEARCH-ONLY — exploratory_trade_surface,b,0.0,2.0,aggressive_learning_surface,4d8e3f1dfa6859ea0a922dd6e3d3c163,22.111663902708678,0.01,context_space,sports_ranking_finish_position,nesting,,51695045148799175684172272379992088967817952288318390606428003376915476428349,1d361f19110c457396deedb330f5b23f,eae4c758c92b73a3504120d4
0.0,0.1005,1760403610000,reentry,0.01,RESEARCH-ONLY — exploratory_trade_surface,a,0.0,2.0,aggressive_learning_surface,4d8e3f1dfa6859ea0a922dd6e3d3c163,19.90049751243781,0.01,context_space,sports_ranking_finish_position,nesting,,29725743828384026112095079361082994940901930932912573284486248321525587766137,6d37cbef1880487f98a464e9ee38e9af,eae4c758c92b73a3504120d4
0.0,0.09045,1760403610000,reentry,0.01,RESEARCH-ONLY — exploratory_trade_surface,b,0.0,2.0,aggressive_learning_surface,4d8e3f1dfa6859ea0a922dd6e3d3c163,22.111663902708678,0.01,context_space,sports_ranking_finish_position,nesting,,51695045148799175684172272379992088967817952288318390606428003376915476428349,9168aae995f8495c889a2e78fa43bdd2,eae4c758c92b73a3504120d4
0.0,0.1005,1760407210000,reentry,0.01,RESEARCH-ONLY — exploratory_trade_surface,a,0.0,2.0,aggressive_learning_surface,4d8e3f1dfa6859ea0a922dd6e3d3c163,19.90049751243781,0.01,context_space,sports_ranking_finish_position,nesting,,29725743828384026112095079361082994940901930932912573284486248321525587766137,c1dc594e39f04fc688d28f3083369866,eae4c758c92b73a3504120d4
0.0,0.09045,1760407210000,reentry,0.01,RESEARCH-ONLY — exploratory_trade_surface,b,0.0,2.0,aggressive_learning_surface,4d8e3f1dfa6859ea0a922dd6e3d3c163,22.111663902708678,0.01,context_space,sports_ranking_finish_position,nesting,,51695045148799175684172272379992088967817952288318390606428003376915476428349,9ca23208b5a04b559f2a680b7aba9435,eae4c758c92b73a3504120d4
